Anio,Pagina,Tipo,SS/SN,Proyecto,codigo UCAP,Descripcion UCAP,Colocar,Quitar,Descripcion Normalizada,Fuente,Clave Consolidacion
2025,1,SN,193679,SMAP 299 CL 52 CR 17 Y CR 13,5200272,LUM LED (SEPIALED II) 128W,16,,LUM LED SEPIALED II 128W,"Tablas 1 al 392_2025.pdf, pagina 1",5200272
2025,1,SN,193679,SMAP 299 CL 52 CR 17 Y CR 13,5200235,"BR 1 1/2"" - 1.5M - 52°/0°",16,,BR 1 1/2 - 1.5M - 52°/0°,"Tablas 1 al 392_2025.pdf, pagina 1",5200235
2025,1,SN,193679,SMAP 299 CL 52 CR 17 Y CR 13,5200464,CABL CU 3X14 (ENCAU),8,,CABL CU 3X14 ENCAU,"Tablas 1 al 392_2025.pdf, pagina 1",5200464
2025,1,SN,193679,SMAP 299 CL 52 CR 17 Y CR 13,R5200219,RET - LUM 250W,,16,RET - LUM 250W,"Tablas 1 al 392_2025.pdf, pagina 1",R5200219
2025,1,SN,193679,SMAP 299 CL 52 CR 17 Y CR 13,R5200203,RET - BOMB 250W,,16,RET - BOMB 250W,"Tablas 1 al 392_2025.pdf, pagina 1",R5200203
2025,1,SN,193679,SMAP 299 CL 52 CR 17 Y CR 13,R5200410,RET - DUPLEX CU 14 AWG,,8,RET - DUPLEX CU 14 AWG,"Tablas 1 al 392_2025.pdf, pagina 1",R5200410
2025,1,SN,193679,SMAP 299 CL 52 CR 17 Y CR 13,R5200236,"RET - BR 1 1/2"" - 1.5M - 52°/20°",,16,RET - BR 1 1/2 - 1.5M - 52°/20°,"Tablas 1 al 392_2025.pdf, pagina 1",R5200236
2025,2,SN,1041668,Plazoleta y Anden Cr 62 Cl 80 C - 102 Int 116,5200270,LUM LED (KORELED) 44W,6,5,LUM LED KORELED 44W,"Tablas 1 al 392_2025.pdf, pagina 2",5200270
2025,2,SN,1041668,Plazoleta y Anden Cr 62 Cl 80 C - 102 Int 116,5200302,POST CONC 5M 350KGF CAR,6,5,POST CONC 5M 350KGF CAR,"Tablas 1 al 392_2025.pdf, pagina 2",5200302
2025,2,SN,1041668,Plazoleta y Anden Cr 62 Cl 80 C - 102 Int 116,5200421,UCAP CABLE AL 3X6 EN CANAL EXISTENTE,133,,CABLE AL 3X6 EN CANAL EXISTENTE,"Tablas 1 al 392_2025.pdf, pagina 2",5200421
2025,2,SN,1041668,Plazoleta y Anden Cr 62 Cl 80 C - 102 Int 116,5200464,CABL CU 3X14 (ENCAU),36,,CABL CU 3X14 ENCAU,"Tablas 1 al 392_2025.pdf, pagina 2",5200464
2025,2,SN,1041668,Plazoleta y Anden Cr 62 Cl 80 C - 102 Int 116,5200502,CAJ CONC 50X50 CM (DIR ENTERR),7,,CAJ CONC 50X50 CM DIR ENTERR,"Tablas 1 al 392_2025.pdf, pagina 2",5200502
2025,2,SN,1041668,Plazoleta y Anden Cr 62 Cl 80 C - 102 Int 116,5200503,"CANAL TUBERIA PVC 2"" + CABL CU 3X8",66,,CANAL TUBERIA PVC 2 + CABL CU 3X8,"Tablas 1 al 392_2025.pdf, pagina 2",5200503
2025,2,SN,1041668,Plazoleta y Anden Cr 62 Cl 80 C - 102 Int 116,5200238-3,BR CAR EXTRACORT-06M/0°,2,,BR CAR EXTRACORT-06M/0°,"Tablas 1 al 392_2025.pdf, pagina 2",5200238-3
2025,2,SN,1041668,Plazoleta y Anden Cr 62 Cl 80 C - 102 Int 116,5200238-4,BR CAR SEMI-LAR 0.75M/0°,,2,BR CAR SEMI-LAR 0.75M/0°,"Tablas 1 al 392_2025.pdf, pagina 2",5200238-4
2025,2,SN,1041668,Plazoleta y Anden Cr 62 Cl 80 C - 102 Int 116,5200238-1,BR CAR LAR-166M/20°,1,,BR CAR LAR-166M/20°,"Tablas 1 al 392_2025.pdf, pagina 2",5200238-1
2025,3,SN,1043024,Sendero Peatonal Cl 123 Cr 52 - 106,5200270,LUM LED (KORELED) 44W,11,,LUM LED KORELED 44W,"Tablas 1 al 392_2025.pdf, pagina 3",5200270
2025,3,SN,1043024,Sendero Peatonal Cl 123 Cr 52 - 106,5000320,POST PRFV 6M 250KGF CINTURON VER,11,,POST PRFV 6M 250KGF CINTURON VER,"Tablas 1 al 392_2025.pdf, pagina 3",5000320
2025,3,SN,1043024,Sendero Peatonal Cl 123 Cr 52 - 106,5200422,CABLE AL 3X6 ENTERRADO ZONA VERDE,165,,CABLE AL 3X6 ENTERRADO ZONA VERDE,"Tablas 1 al 392_2025.pdf, pagina 3",5200422
2025,3,SN,1043024,Sendero Peatonal Cl 123 Cr 52 - 106,5200464,CABL CU 3X14 (ENCAU),66,,CABL CU 3X14 ENCAU,"Tablas 1 al 392_2025.pdf, pagina 3",5200464
2025,3,SN,1043024,Sendero Peatonal Cl 123 Cr 52 - 106,5200502,CAJ CONC 50X50 CM (DIR ENTERR),12,,CAJ CONC 50X50 CM DIR ENTERR,"Tablas 1 al 392_2025.pdf, pagina 3",5200502
2025,3,SN,1043024,Sendero Peatonal Cl 123 Cr 52 - 106,5200231,"BR 1"" - 0.4M - 0°",11,,BR 1 - 0.4M - 0°,"Tablas 1 al 392_2025.pdf, pagina 3",5200231
2025,4,SN,1079015,CR 50 CL 91,5200270,LUM LED (KORELED) 44W,1,,LUM LED KORELED 44W,"Tablas 1 al 392_2025.pdf, pagina 4",5200270
2025,4,SN,1079015,CR 50 CL 91,5200231,"BR 1"" - 0.4M - 0°",1,,BR 1 - 0.4M - 0°,"Tablas 1 al 392_2025.pdf, pagina 4",5200231
2025,5,SN,1080956,CANCHA FÚTBOL 7 COLSEGUROS CL 42 CR 63 A,5200270,LUM LED (KORELED) 44W,1,,LUM LED KORELED 44W,"Tablas 1 al 392_2025.pdf, pagina 5",5200270
2025,5,SN,1080956,CANCHA FÚTBOL 7 COLSEGUROS CL 42 CR 63 A,5200232,"BR 1"" - 1.5M - 52°/0°",1,,BR 1 - 1.5M - 52°/0°,"Tablas 1 al 392_2025.pdf, pagina 5",5200232
2025,5,SN,1080956,CANCHA FÚTBOL 7 COLSEGUROS CL 42 CR 63 A,5020117,POST PRFV 9M 350KGF AP,1,,POST PRFV 9M 350KGF AP,"Tablas 1 al 392_2025.pdf, pagina 5",5020117
2025,5,SN,1080956,CANCHA FÚTBOL 7 COLSEGUROS CL 42 CR 63 A,5200502,CAJ CONC 50X50 CM (DIR ENTERR),1,,CAJ CONC 50X50 CM DIR ENTERR,"Tablas 1 al 392_2025.pdf, pagina 5",5200502
2025,5,SN,1080956,CANCHA FÚTBOL 7 COLSEGUROS CL 42 CR 63 A,5200422,CABLE AL 3X6 ENTERRADO ZONA VERDE,9,,CABLE AL 3X6 ENTERRADO ZONA VERDE,"Tablas 1 al 392_2025.pdf, pagina 5",5200422
2025,5,SN,1080956,CANCHA FÚTBOL 7 COLSEGUROS CL 42 CR 63 A,5200799,TABL CONT AP 240VCA 25A EXTERIOR,1,,TABL CONT AP 240VCA 25A EXTERIOR,"Tablas 1 al 392_2025.pdf, pagina 5",5200799
2025,6,SN,1081355,VÍA-SECUNDARIA CL 59 CL 51 -64,5200272,LUM LED (SEPIALED II) 128W,2,,LUM LED SEPIALED II 128W,"Tablas 1 al 392_2025.pdf, pagina 6",5200272
2025,6,SN,1081355,VÍA-SECUNDARIA CL 59 CL 51 -64,5200235,"BR 1 1/2"" - 1.5M - 52°/0°",2,,BR 1 1/2 - 1.5M - 52°/0°,"Tablas 1 al 392_2025.pdf, pagina 6",5200235
2025,6,SN,1081355,VÍA-SECUNDARIA CL 59 CL 51 -64,R5200203,RET - BOMB 250W,,2,RET - BOMB 250W,"Tablas 1 al 392_2025.pdf, pagina 6",R5200203
2025,6,SN,1081355,VÍA-SECUNDARIA CL 59 CL 51 -64,R5200219,RET - LUM 250W,,2,RET - LUM 250W,"Tablas 1 al 392_2025.pdf, pagina 6",R5200219
2025,6,SN,1081355,VÍA-SECUNDARIA CL 59 CL 51 -64,R5200232,"RET - BR 1"" - 1.5M - 52°/0°",,2,RET - BR 1 - 1.5M - 52°/0°,"Tablas 1 al 392_2025.pdf, pagina 6",R5200232
2025,7,SN,1083636,SAN CRISTOBAL CR 131 CL 59A-42 INT 164,5200270,LUM LED (KORELED) 44W,11,,LUM LED KORELED 44W,"Tablas 1 al 392_2025.pdf, pagina 7",5200270
2025,7,SN,1083636,SAN CRISTOBAL CR 131 CL 59A-42 INT 164,5200231,"BR 1"" - 0.4M - 0°",11,,BR 1 - 0.4M - 0°,"Tablas 1 al 392_2025.pdf, pagina 7",5200231
2025,7,SN,1083636,SAN CRISTOBAL CR 131 CL 59A-42 INT 164,5200464,CABL CU 3X14 (ENCAU),30,,CABL CU 3X14 ENCAU,"Tablas 1 al 392_2025.pdf, pagina 7",5200464
2025,7,SN,1083636,SAN CRISTOBAL CR 131 CL 59A-42 INT 164,R5200217,RET - LUM 70W,,11,RET - LUM 70W,"Tablas 1 al 392_2025.pdf, pagina 7",R5200217
2025,7,SN,1083636,SAN CRISTOBAL CR 131 CL 59A-42 INT 164,R5200201,RET - BOMB 70W,,11,RET - BOMB 70W,"Tablas 1 al 392_2025.pdf, pagina 7",R5200201
2025,7,SN,1083636,SAN CRISTOBAL CR 131 CL 59A-42 INT 164,R5200231,"RET - BR 1"" - 0.4M - 0",,11,RET - BR 1 - 0.4M - 0,"Tablas 1 al 392_2025.pdf, pagina 7",R5200231
2025,8,SN,1085767,VIA PRINCIPAL CL 47 CR 1C-81 VIA CORREG. SANTA ELENA,5200272,LUM LED (SEPIALED II) 128W,1,,LUM LED SEPIALED II 128W,"Tablas 1 al 392_2025.pdf, pagina 8",5200272
2025,8,SN,1085767,VIA PRINCIPAL CL 47 CR 1C-81 VIA CORREG. SANTA ELENA,5200464,CABL CU 3X14 (ENCAU),17,,CABL CU 3X14 ENCAU,"Tablas 1 al 392_2025.pdf, pagina 8",5200464
2025,8,SN,1085767,VIA PRINCIPAL CL 47 CR 1C-81 VIA CORREG. SANTA ELENA,5200419,POST PRFV 8M 510KGF,1,,POST PRFV 8M 510KGF,"Tablas 1 al 392_2025.pdf, pagina 8",5200419
2025,8,SN,1085767,VIA PRINCIPAL CL 47 CR 1C-81 VIA CORREG. SANTA ELENA,5200241,BR CURVO 3000M,1,,BR CURVO 3000M,"Tablas 1 al 392_2025.pdf, pagina 8",5200241
2025,9,SN,1086333,CL 52 CR 14 - 102 INT 103,5200270,LUM LED (KORELED) 44W,2,,LUM LED KORELED 44W,"Tablas 1 al 392_2025.pdf, pagina 9",5200270
2025,9,SN,1086333,CL 52 CR 14 - 102 INT 103,5200231,"BR 1"" - 0.4M - 0°",2,,BR 1 - 0.4M - 0°,"Tablas 1 al 392_2025.pdf, pagina 9",5200231
2025,10,SN,1086717,CL 56 CR 17 - 30,5200270,LUM LED (KORELED) 44W,1,,LUM LED KORELED 44W,"Tablas 1 al 392_2025.pdf, pagina 10",5200270
2025,10,SN,1086717,CL 56 CR 17 - 30,5200231,"BR 1"" - 0.4M - 0°",1,,BR 1 - 0.4M - 0°,"Tablas 1 al 392_2025.pdf, pagina 10",5200231
2025,11,SN,1097271,Cr 22 Cl 106 - 5,5200270,LUM LED (KORELED) 44W,2,,LUM LED KORELED 44W,"Tablas 1 al 392_2025.pdf, pagina 11",5200270
2025,11,SN,1097271,Cr 22 Cl 106 - 5,5200231,"BR 1"" - 0.4M - 0°",2,,BR 1 - 0.4M - 0°,"Tablas 1 al 392_2025.pdf, pagina 11",5200231
2025,11,SN,1097271,Cr 22 Cl 106 - 5,5200464,CABL CU 3X14 (ENCAU),68,,CABL CU 3X14 ENCAU,"Tablas 1 al 392_2025.pdf, pagina 11",5200464
2025,12,SN,1097740,CR 24 BD CL 71 - 112,5200232,"UCAP BRAZO 1"" - 1.5M - 52°/0°",2,,BRAZO 1 - 1.5M - 52°/0°,"Tablas 1 al 392_2025.pdf, pagina 12",5200232
2025,12,SN,1097740,CR 24 BD CL 71 - 112,5200270,LUM LED (KORELED) 44W,2,,LUM LED KORELED 44W,"Tablas 1 al 392_2025.pdf, pagina 12",5200270
2025,12,SN,1097740,CR 24 BD CL 71 - 112,5200464,UCAP CABLE CU ENCAUCHETADO 3X14 CU,18,,CABLE CU ENCAUCHETADO 3X14 CU,"Tablas 1 al 392_2025.pdf, pagina 12",5200464
2025,13,SN,1100036,CL 55 CR 129 - 115 INT 122,5200231,"UCAP BRAZO 1"" - 0.4M - 0°",2,,BRAZO 1 - 0.4M - 0°,"Tablas 1 al 392_2025.pdf, pagina 13",5200231
2025,13,SN,1100036,CL 55 CR 129 - 115 INT 122,5200270,LUM LED (KORELED) 44W,2,,LUM LED KORELED 44W,"Tablas 1 al 392_2025.pdf, pagina 13",5200270
2025,14,SN,1105835,SMAP-CIL-0028-25 CL 47 D CR 75 - 240,5000269,"PROYECTOR LED 110W TIPO V LARGA (LONG ""L"") 5000K",1,,PROYECTOR LED 110W TIPO V LARGA LONG L 5000K,"Tablas 1 al 392_2025.pdf, pagina 14",5000269
2025,14,SN,1105835,SMAP-CIL-0028-25 CL 47 D CR 75 - 240,5020117,POST PRFV 9M 350KGF AP,1,,POST PRFV 9M 350KGF AP,"Tablas 1 al 392_2025.pdf, pagina 14",5020117
2025,14,SN,1105835,SMAP-CIL-0028-25 CL 47 D CR 75 - 240,5200501,CAJ CONC 50X50 CM (CON TAPA),1,,CAJ CONC 50X50 CM CON TAPA,"Tablas 1 al 392_2025.pdf, pagina 14",5200501
2025,14,SN,1105835,SMAP-CIL-0028-25 CL 47 D CR 75 - 240,5200422,CABLE AL 3X6 ENTERRADO ZONA VERDE,12,,CABLE AL 3X6 ENTERRADO ZONA VERDE,"Tablas 1 al 392_2025.pdf, pagina 14",5200422
2025,15,SN,1111377,Sendero Peatonal CL 34 B CR 133-270,5200270,LUM LED (KORELED) 44W,2,,LUM LED KORELED 44W,"Tablas 1 al 392_2025.pdf, pagina 15",5200270
2025,15,SN,1111377,Sendero Peatonal CL 34 B CR 133-270,5200231,"BRAZO 1"" - 0.4m - 0°",2,,BRAZO 1 - 0.4M - 0°,"Tablas 1 al 392_2025.pdf, pagina 15",5200231
2025,15,SN,1111377,Sendero Peatonal CL 34 B CR 133-270,5200464,Cable Cu encauchetado 3X14 AWG,3,,CABLE CU ENCAUCHETADO 3X14 AWG,"Tablas 1 al 392_2025.pdf, pagina 15",5200464
2025,16,SN,1111377,Sendero Peatonal CL 34 B CR 133-270,5200270,LUM LED (KORELED) 44W,2,,LUM LED KORELED 44W,"Tablas 1 al 392_2025.pdf, pagina 16",5200270
2025,16,SN,1111377,Sendero Peatonal CL 34 B CR 133-270,5200231,"BRAZO 1"" - 0.4m - 0°",2,,BRAZO 1 - 0.4M - 0°,"Tablas 1 al 392_2025.pdf, pagina 16",5200231
2025,16,SN,1111377,Sendero Peatonal CL 34 B CR 133-270,5200464,Cable Cu encauchetado 3X14 AWG,3,,CABLE CU ENCAUCHETADO 3X14 AWG,"Tablas 1 al 392_2025.pdf, pagina 16",5200464
2025,17,SN,1111468,Sendero Peatonal CL 43 BB CR 120 B -93 (INTERIOR 1186 ),5200270,LUM LED (KORELED) 44W,1,,LUM LED KORELED 44W,"Tablas 1 al 392_2025.pdf, pagina 17",5200270
2025,17,SN,1111468,Sendero Peatonal CL 43 BB CR 120 B -93 (INTERIOR 1186 ),5200231,"BRAZO 1"" - 0.4m - 0°",1,,BRAZO 1 - 0.4M - 0°,"Tablas 1 al 392_2025.pdf, pagina 17",5200231
2025,18,SN,1112138,Sendero Peatonal CL 34 C CR 118 -409,5200270,LUM LED (KORELED) 44W,1,,LUM LED KORELED 44W,"Tablas 1 al 392_2025.pdf, pagina 18",5200270
2025,18,SN,1112138,Sendero Peatonal CL 34 C CR 118 -409,5200231,"BRAZO 1"" - 0.4m - 0°",1,,BRAZO 1 - 0.4M - 0°,"Tablas 1 al 392_2025.pdf, pagina 18",5200231
2025,19,SN,1114397,Sendero Cl 47 B Cr 92 A - 1,5200231,"UCAP BRAZO 1"" - 0.4M - 0°",2,,BRAZO 1 - 0.4M - 0°,"Tablas 1 al 392_2025.pdf, pagina 19",5200231
2025,19,SN,1114397,Sendero Cl 47 B Cr 92 A - 1,5200270,LUM LED (KORELED) 44W,2,,LUM LED KORELED 44W,"Tablas 1 al 392_2025.pdf, pagina 19",5200270
2025,20,SN,1114465,SMAP-0059-25 Cr 89 B Cl 47 A - 15,5200217,UCAP LUMINARIA 70W,,1,LUMINARIA 70W,"Tablas 1 al 392_2025.pdf, pagina 20",5200217
2025,20,SN,1114465,SMAP-0059-25 Cr 89 B Cl 47 A - 15,5200201,UCAP BOMBILLO 70W,,1,BOMBILLO 70W,"Tablas 1 al 392_2025.pdf, pagina 20",5200201
2025,20,SN,1114465,SMAP-0059-25 Cr 89 B Cl 47 A - 15,5200233,"UCAP BRAZO 1"" - 1.5M - 52°/20°",,1,BRAZO 1 - 1.5M - 52°/20°,"Tablas 1 al 392_2025.pdf, pagina 20",5200233
2025,21,SN,1114482,Sendero Cl 42 C Cr 90 A,5200231,"UCAP BRAZO 1"" - 0.4M - 0°",4,,BRAZO 1 - 0.4M - 0°,"Tablas 1 al 392_2025.pdf, pagina 21",5200231
2025,21,SN,1114482,Sendero Cl 42 C Cr 90 A,5200270,LUM LED (KORELED) 44W,4,,LUM LED KORELED 44W,"Tablas 1 al 392_2025.pdf, pagina 21",5200270
2025,21,SN,1114482,Sendero Cl 42 C Cr 90 A,5200308,UCAP POSTE CONCRETO OCTOG 8M,1,,POSTE CONCRETO OCTOG 8M,"Tablas 1 al 392_2025.pdf, pagina 21",5200308
2025,21,SN,1114482,Sendero Cl 42 C Cr 90 A,5200464,UCAP CABLE CU ENCAUCHETADO 3X14 CU,15,,CABLE CU ENCAUCHETADO 3X14 CU,"Tablas 1 al 392_2025.pdf, pagina 21",5200464
2025,22,SN,1122233,Sendero CR 24 BD CL 71 - 109,5200232,"UCAP BRAZO 1"" - 1.5M - 52°/0°",1,,BRAZO 1 - 1.5M - 52°/0°,"Tablas 1 al 392_2025.pdf, pagina 22",5200232
2025,22,SN,1122233,Sendero CR 24 BD CL 71 - 109,5200270,LUM LED (KORELED) 44W,1,,LUM LED KORELED 44W,"Tablas 1 al 392_2025.pdf, pagina 22",5200270
2025,23,SN,967366,SMAP-0076-24 DG 66 ENTRE CL 33 Y CR 65,5200231,"UCAP BRAZO 1"" - 0.4M - 0°",15,,BRAZO 1 - 0.4M - 0°,"Tablas 1 al 392_2025.pdf, pagina 23",5200231
2025,23,SN,967366,SMAP-0076-24 DG 66 ENTRE CL 33 Y CR 65,5200232,"UCAP BRAZO 1"" - 1.5M - 52°/0°",1,,BRAZO 1 - 1.5M - 52°/0°,"Tablas 1 al 392_2025.pdf, pagina 23",5200232
2025,23,SN,967366,SMAP-0076-24 DG 66 ENTRE CL 33 Y CR 65,5200270,LUM LED (KORELED) 44W,16,,LUM LED KORELED 44W,"Tablas 1 al 392_2025.pdf, pagina 23",5200270
2025,23,SN,967366,SMAP-0076-24 DG 66 ENTRE CL 33 Y CR 65,5200308,UCAP POSTE CONCRETO OCTOG 8M,10,,POSTE CONCRETO OCTOG 8M,"Tablas 1 al 392_2025.pdf, pagina 23",5200308
2025,23,SN,967366,SMAP-0076-24 DG 66 ENTRE CL 33 Y CR 65,5200464,UCAP CABLE CU ENCAUCHETADO 3X14 CU,247,,CABLE CU ENCAUCHETADO 3X14 CU,"Tablas 1 al 392_2025.pdf, pagina 23",5200464
2025,24,SN,1004533,SMAP-DEPI-0105-25 Cr 57 - Cl 44,5200905,(cid:9)PROY LED 25W SIMETRICO 5000K (ACROLED),32,,CID 9 PROY LED 25W SIMETRICO 5000K ACROLED,"Tablas 1 al 392_2025.pdf, pagina 24",5200905
2025,24,SN,1004533,SMAP-DEPI-0105-25 Cr 57 - Cl 44,5090208,CAJA DE PASO METÁLICA,34,,CAJA DE PASO METALICA,"Tablas 1 al 392_2025.pdf, pagina 24",5090208
2025,24,SN,1004533,SMAP-DEPI-0105-25 Cr 57 - Cl 44,5200241,UCAP BRAZO CURVO 3000M,2,2,BRAZO CURVO 3000M,"Tablas 1 al 392_2025.pdf, pagina 24",5200241
2025,24,SN,1004533,SMAP-DEPI-0105-25 Cr 57 - Cl 44,5000266,LUM LED 176W ASIMÉTRICA 4000K HORIZONTAL,2,,LUM LED 176W ASIMETRICA 4000K HORIZONTAL,"Tablas 1 al 392_2025.pdf, pagina 24",5000266
2025,24,SN,1004533,SMAP-DEPI-0105-25 Cr 57 - Cl 44,5200464,UCAP CABLE CU ENCAUCHETADO 3X14 CU,284,,CABLE CU ENCAUCHETADO 3X14 CU,"Tablas 1 al 392_2025.pdf, pagina 24",5200464
2025,24,SN,1004533,SMAP-DEPI-0105-25 Cr 57 - Cl 44,5200529,Tuberia IMC 1 1/2,216,,TUBERIA IMC 1 1/2,"Tablas 1 al 392_2025.pdf, pagina 24",5200529
2025,24,SN,1004533,SMAP-DEPI-0105-25 Cr 57 - Cl 44,5010132,LUM. LED 40W SUPERFICIES (ACROLED ASIM. 5K),,20,LUM LED 40W SUPERFICIES ACROLED ASIM 5K,"Tablas 1 al 392_2025.pdf, pagina 24",5010132
2025,24,SN,1004533,SMAP-DEPI-0105-25 Cr 57 - Cl 44,5200219,UCAP LUMINARIA 250W,,10,LUMINARIA 250W,"Tablas 1 al 392_2025.pdf, pagina 24",5200219
2025,24,SN,1004533,SMAP-DEPI-0105-25 Cr 57 - Cl 44,5200203,UCAP BOMBILLO 250W,,10,BOMBILLO 250W,"Tablas 1 al 392_2025.pdf, pagina 24",5200203
2025,24,SN,1004533,SMAP-DEPI-0105-25 Cr 57 - Cl 44,5200220,UCAP LUMINARIA 400W,,2,LUMINARIA 400W,"Tablas 1 al 392_2025.pdf, pagina 24",5200220
2025,24,SN,1004533,SMAP-DEPI-0105-25 Cr 57 - Cl 44,5200204,UCAP BOMBILLO 400W,,2,BOMBILLO 400W,"Tablas 1 al 392_2025.pdf, pagina 24",5200204
2025,25,SS,1121165,SMAP-0068-25 AV LA PLAYA CL 52 entre CR 40 y CR 50.,5200231,"UCAP BRAZO 1"" - 0.4M - 0°",3,,BRAZO 1 - 0.4M - 0°,"Tablas 1 al 392_2025.pdf, pagina 25",5200231
2025,25,SS,1121165,SMAP-0068-25 AV LA PLAYA CL 52 entre CR 40 y CR 50.,5200232,"UCAP BRAZO 1"" - 1.5M - 52°/0°",3,3,BRAZO 1 - 1.5M - 52°/0°,"Tablas 1 al 392_2025.pdf, pagina 25",5200232
2025,25,SS,1121165,SMAP-0068-25 AV LA PLAYA CL 52 entre CR 40 y CR 50.,5200241,UCAP BRAZO CURVO 3000M,4,,BRAZO CURVO 3000M,"Tablas 1 al 392_2025.pdf, pagina 25",5200241
2025,25,SS,1121165,SMAP-0068-25 AV LA PLAYA CL 52 entre CR 40 y CR 50.,5200269,LUM LED 110-1 (RALED II),1,,LUM LED 110-1 RALED II,"Tablas 1 al 392_2025.pdf, pagina 25",5200269
2025,25,SS,1121165,SMAP-0068-25 AV LA PLAYA CL 52 entre CR 40 y CR 50.,5200270,LUM LED (KORELED) 44W,6,,LUM LED KORELED 44W,"Tablas 1 al 392_2025.pdf, pagina 25",5200270
2025,25,SS,1121165,SMAP-0068-25 AV LA PLAYA CL 52 entre CR 40 y CR 50.,5200301,UCAP POSTE CONCRETO REDONDO 9M.,1,,POSTE CONCRETO REDONDO 9M,"Tablas 1 al 392_2025.pdf, pagina 25",5200301
2025,25,SS,1121165,SMAP-0068-25 AV LA PLAYA CL 52 entre CR 40 y CR 50.,5200421,CABLE FZA AL 3X6 AWG XLPE 600V 90°C,12,,CABLE FZA AL 3X6 AWG XLPE 600V 90°C,"Tablas 1 al 392_2025.pdf, pagina 25",5200421
2025,25,SS,1121165,SMAP-0068-25 AV LA PLAYA CL 52 entre CR 40 y CR 50.,5200501,UCAP CAJA CONCRETO 50X50 CM,1,,CAJA CONCRETO 50X50 CM,"Tablas 1 al 392_2025.pdf, pagina 25",5200501
2025,25,SS,1121165,SMAP-0068-25 AV LA PLAYA CL 52 entre CR 40 y CR 50.,5200503,"UCAP CANAL ANDEN TUBERIA PVC 2""",10,,CANAL ANDEN TUBERIA PVC 2,"Tablas 1 al 392_2025.pdf, pagina 25",5200503
2025,25,SS,1121165,SMAP-0068-25 AV LA PLAYA CL 52 entre CR 40 y CR 50.,5200207,UCAP LUMINARIA LED 110W HORIZONTAL,,1,LUMINARIA LED 110W HORIZONTAL,"Tablas 1 al 392_2025.pdf, pagina 25",5200207
2025,25,SS,1121165,SMAP-0068-25 AV LA PLAYA CL 52 entre CR 40 y CR 50.,,PROYECTOR LED 110W TIPO V LARGA 5000K,2,,PROYECTOR LED 110W TIPO V LARGA 5000K,"Tablas 1 al 392_2025.pdf, pagina 25",SIN CODIGO|PROYECTOR LED 110W TIPO V LARGA 5000K
2025,26,SN,1121299,VÍA - SMAP-CIL-0073-25 CL 60A CR 132,5200232,"UCAP BRAZO 1"" - 1.5M - 52°/0°",2,,BRAZO 1 - 1.5M - 52°/0°,"Tablas 1 al 392_2025.pdf, pagina 26",5200232
2025,26,SN,1121299,VÍA - SMAP-CIL-0073-25 CL 60A CR 132,5200270,LUM LED (KORELED) 44W,2,,LUM LED KORELED 44W,"Tablas 1 al 392_2025.pdf, pagina 26",5200270
2025,26,SN,1121299,VÍA - SMAP-CIL-0073-25 CL 60A CR 132,5200217,UCAP LUMINARIA 70W,,2,LUMINARIA 70W,"Tablas 1 al 392_2025.pdf, pagina 26",5200217
2025,26,SN,1121299,VÍA - SMAP-CIL-0073-25 CL 60A CR 132,5200201,UCAP BOMBILLO 70W,,2,BOMBILLO 70W,"Tablas 1 al 392_2025.pdf, pagina 26",5200201
2025,26,SN,1121299,VÍA - SMAP-CIL-0073-25 CL 60A CR 132,5200233,"UCAP BRAZO 1"" - 1.5M - 52°/20°",,2,BRAZO 1 - 1.5M - 52°/20°,"Tablas 1 al 392_2025.pdf, pagina 26",5200233
2025,27,SN,1133059,SMAP-0092-25 Cl 7 Cr 15,5200231,"UCAP BRAZO 1"" - 0.4M - 0°",5,,BRAZO 1 - 0.4M - 0°,"Tablas 1 al 392_2025.pdf, pagina 27",5200231
2025,27,SN,1133059,SMAP-0092-25 Cl 7 Cr 15,5200232,"UCAP BRAZO 1"" - 1.5M - 52°/0°",8,8,BRAZO 1 - 1.5M - 52°/0°,"Tablas 1 al 392_2025.pdf, pagina 27",5200232
2025,27,SN,1133059,SMAP-0092-25 Cl 7 Cr 15,5200241,UCAP BRAZO CURVO 3000M,3,,BRAZO CURVO 3000M,"Tablas 1 al 392_2025.pdf, pagina 27",5200241
2025,27,SN,1133059,SMAP-0092-25 Cl 7 Cr 15,5200270,LUM LED (KORELED) 44W,15,,LUM LED KORELED 44W,"Tablas 1 al 392_2025.pdf, pagina 27",5200270
2025,27,SN,1133059,SMAP-0092-25 Cl 7 Cr 15,5200293,LUM LED (OMEGA II) 64.5W,1,,LUM LED OMEGA II 64.5W,"Tablas 1 al 392_2025.pdf, pagina 27",5200293
2025,27,SN,1133059,SMAP-0092-25 Cl 7 Cr 15,5200301,UCAP POSTE CONCRETO REDONDO 9M.,3,,POSTE CONCRETO REDONDO 9M,"Tablas 1 al 392_2025.pdf, pagina 27",5200301
2025,27,SN,1133059,SMAP-0092-25 Cl 7 Cr 15,5200464,UCAP CABLE CU ENCAUCHETADO 3X14 CU,13,,CABLE CU ENCAUCHETADO 3X14 CU,"Tablas 1 al 392_2025.pdf, pagina 27",5200464
2025,27,SN,1133059,SMAP-0092-25 Cl 7 Cr 15,5200501,UCAP CAJA CONCRETO 50X50 CM,2,,CAJA CONCRETO 50X50 CM,"Tablas 1 al 392_2025.pdf, pagina 27",5200501
2025,27,SN,1133059,SMAP-0092-25 Cl 7 Cr 15,5200503,"UCAP CANAL ANDEN TUBERIA PVC 2""",49,,CANAL ANDEN TUBERIA PVC 2,"Tablas 1 al 392_2025.pdf, pagina 27",5200503
2025,27,SN,1133059,SMAP-0092-25 Cl 7 Cr 15,5200217,UCAP LUMINARIA 70W,,8,LUMINARIA 70W,"Tablas 1 al 392_2025.pdf, pagina 27",5200217
2025,27,SN,1133059,SMAP-0092-25 Cl 7 Cr 15,5200201,UCAP BOMBILLO 70W,,8,BOMBILLO 70W,"Tablas 1 al 392_2025.pdf, pagina 27",5200201
2025,28,SN,1133901,CANCHA SMAP-CIL-0108-25 CL 18 A CR 88 - 15,5020117,UCAP POSTE PRFV 9M (ENTERRAR),2,,POSTE PRFV 9M ENTERRAR,"Tablas 1 al 392_2025.pdf, pagina 28",5020117
2025,28,SN,1133901,CANCHA SMAP-CIL-0108-25 CL 18 A CR 88 - 15,5200231,"UCAP BRAZO 1"" - 0.4M - 0°",1,,BRAZO 1 - 0.4M - 0°,"Tablas 1 al 392_2025.pdf, pagina 28",5200231
2025,28,SN,1133901,CANCHA SMAP-CIL-0108-25 CL 18 A CR 88 - 15,5200270,LUM LED (KORELED) 44W,1,,LUM LED KORELED 44W,"Tablas 1 al 392_2025.pdf, pagina 28",5200270
2025,28,SN,1133901,CANCHA SMAP-CIL-0108-25 CL 18 A CR 88 - 15,5200407,"UCAP TRIPLEX AL 2X4+1X4 XLP,AEREO",53,29,TRIPLEX AL 2X4+1X4 XLP AEREO,"Tablas 1 al 392_2025.pdf, pagina 28",5200407
2025,28,SN,1133901,CANCHA SMAP-CIL-0108-25 CL 18 A CR 88 - 15,5200419,UCAP POSTE PRFV 8M (ENTERRAR),1,,POSTE PRFV 8M ENTERRAR,"Tablas 1 al 392_2025.pdf, pagina 28",5200419
2025,28,SN,1133901,CANCHA SMAP-CIL-0108-25 CL 18 A CR 88 - 15,5200272,LUM LED (SEPIALED II) 128W,2,2,LUM LED SEPIALED II 128W,"Tablas 1 al 392_2025.pdf, pagina 28",5200272
2025,29,SN,1141148,Sendero Cl 16 A Cr 65 G,5200270,LUM LED (KORELED) 44W,8,,LUM LED KORELED 44W,"Tablas 1 al 392_2025.pdf, pagina 29",5200270
2025,29,SN,1141148,Sendero Cl 16 A Cr 65 G,5200302,UCAP POSTE CONCRETO CARABOBO 5M,1,,POSTE CONCRETO CARABOBO 5M,"Tablas 1 al 392_2025.pdf, pagina 29",5200302
2025,29,SN,1141148,Sendero Cl 16 A Cr 65 G,5200421,CABLE FZA AL 3X6 AWG XLPE 600V 90°C,24,,CABLE FZA AL 3X6 AWG XLPE 600V 90°C,"Tablas 1 al 392_2025.pdf, pagina 29",5200421
2025,29,SN,1141148,Sendero Cl 16 A Cr 65 G,5200501,UCAP CAJA CONCRETO 50X50 CM,1,,CAJA CONCRETO 50X50 CM,"Tablas 1 al 392_2025.pdf, pagina 29",5200501
2025,29,SN,1141148,Sendero Cl 16 A Cr 65 G,5200503,"UCAP CANAL ANDEN TUBERIA PVC 2""",24,,CANAL ANDEN TUBERIA PVC 2,"Tablas 1 al 392_2025.pdf, pagina 29",5200503
2025,29,SN,1141148,Sendero Cl 16 A Cr 65 G,5200238,UCAP BRAZO SENCILLO CARABOBO,8,7,BRAZO SENCILLO CARABOBO,"Tablas 1 al 392_2025.pdf, pagina 29",5200238
2025,29,SN,1141148,Sendero Cl 16 A Cr 65 G,5200217,UCAP LUMINARIA 70W,,7,LUMINARIA 70W,"Tablas 1 al 392_2025.pdf, pagina 29",5200217
2025,29,SN,1141148,Sendero Cl 16 A Cr 65 G,5200201,UCAP BOMBILLO 70W,,7,BOMBILLO 70W,"Tablas 1 al 392_2025.pdf, pagina 29",5200201
2025,30,SN,1145730,Sendero CL 5 A SUR CR 89 - 345,5200231,"UCAP BRAZO 1"" - 0.4M - 0°",1,,BRAZO 1 - 0.4M - 0°,"Tablas 1 al 392_2025.pdf, pagina 30",5200231
2025,30,SN,1145730,Sendero CL 5 A SUR CR 89 - 345,5200270,LUM LED (KORELED) 44W,1,,LUM LED KORELED 44W,"Tablas 1 al 392_2025.pdf, pagina 30",5200270
2025,31,SN,1147064,Anden Cl 70 A Cr 45 - 7,5200231,"UCAP BRAZO 1"" - 0.4M - 0°",1,,BRAZO 1 - 0.4M - 0°,"Tablas 1 al 392_2025.pdf, pagina 31",5200231
2025,31,SN,1147064,Anden Cl 70 A Cr 45 - 7,5200270,LUM LED (KORELED) 44W,1,,LUM LED KORELED 44W,"Tablas 1 al 392_2025.pdf, pagina 31",5200270
2025,32,SN,1150193,Vía y Sendero Cl 63 B Cr 46,5200241,UCAP BRAZO CURVO 3000M,1,,BRAZO CURVO 3000M,"Tablas 1 al 392_2025.pdf, pagina 32",5200241
2025,32,SN,1150193,Vía y Sendero Cl 63 B Cr 46,5200271,LUM LED (MAXIMO M) 59.16W,1,,LUM LED MAXIMO M 59.16W,"Tablas 1 al 392_2025.pdf, pagina 32",5200271
2025,32,SN,1150193,Vía y Sendero Cl 63 B Cr 46,5200419,UCAP POSTE PRFV 8M (ENTERRAR),1,,POSTE PRFV 8M ENTERRAR,"Tablas 1 al 392_2025.pdf, pagina 32",5200419
2025,32,SN,1150193,Vía y Sendero Cl 63 B Cr 46,5200464,UCAP CABLE CU ENCAUCHETADO 3X14 CU,10,,CABLE CU ENCAUCHETADO 3X14 CU,"Tablas 1 al 392_2025.pdf, pagina 32",5200464
2025,33,SN,1150312,Vía Cr 116 Cl 15,5200235,"UCAP BRAZO 1 1/2"" - 1.5M - 52°/0°",2,,BRAZO 1 1/2 - 1.5M - 52°/0°,"Tablas 1 al 392_2025.pdf, pagina 33",5200235
2025,33,SN,1150312,Vía Cr 116 Cl 15,5200272,LUM LED (SEPIALED II) 128W,2,,LUM LED SEPIALED II 128W,"Tablas 1 al 392_2025.pdf, pagina 33",5200272
2025,33,SN,1150312,Vía Cr 116 Cl 15,5200419,UCAP POSTE PRFV 8M (ENTERRAR),1,,POSTE PRFV 8M ENTERRAR,"Tablas 1 al 392_2025.pdf, pagina 33",5200419
2025,33,SN,1150312,Vía Cr 116 Cl 15,5200464,UCAP CABLE CU ENCAUCHETADO 3X14 CU,24,,CABLE CU ENCAUCHETADO 3X14 CU,"Tablas 1 al 392_2025.pdf, pagina 33",5200464
2025,33,SN,1150312,Vía Cr 116 Cl 15,5200217,UCAP LUMINARIA 70W,,1,LUMINARIA 70W,"Tablas 1 al 392_2025.pdf, pagina 33",5200217
2025,33,SN,1150312,Vía Cr 116 Cl 15,5200201,UCAP BOMBILLO 70W,,1,BOMBILLO 70W,"Tablas 1 al 392_2025.pdf, pagina 33",5200201
2025,33,SN,1150312,Vía Cr 116 Cl 15,5200233,"UCAP BRAZO 1"" - 1.5M - 52°/20°",,1,BRAZO 1 - 1.5M - 52°/20°,"Tablas 1 al 392_2025.pdf, pagina 33",5200233
2025,34,SN,1150355,VIA Y ANDEN SMAP-CIL-0133-25 CR 65 B # 52 B SUR - 54,5200301,UCAP POSTE CONCRETO REDONDO 9M.,1,,POSTE CONCRETO REDONDO 9M,"Tablas 1 al 392_2025.pdf, pagina 34",5200301
2025,34,SN,1150355,VIA Y ANDEN SMAP-CIL-0133-25 CR 65 B # 52 B SUR - 54,5200464,UCAP CABLE CU ENCAUCHETADO 3X14 CU,9,,CABLE CU ENCAUCHETADO 3X14 CU,"Tablas 1 al 392_2025.pdf, pagina 34",5200464
2025,34,SN,1150355,VIA Y ANDEN SMAP-CIL-0133-25 CR 65 B # 52 B SUR - 54,5200293,LUM LED (OMEGA II ) 64.5W,1,1,LUM LED OMEGA II 64.5W,"Tablas 1 al 392_2025.pdf, pagina 34",5200293
2025,34,SN,1150355,VIA Y ANDEN SMAP-CIL-0133-25 CR 65 B # 52 B SUR - 54,5200241,BRAZO CURVO 3000m,1,1,BRAZO CURVO 3000M,"Tablas 1 al 392_2025.pdf, pagina 34",5200241
2025,35,SN,1150367,Anden Cl 47 Cr 20,5200231,"UCAP BRAZO 1"" - 0.4M - 0°",11,,BRAZO 1 - 0.4M - 0°,"Tablas 1 al 392_2025.pdf, pagina 35",5200231
2025,35,SN,1150367,Anden Cl 47 Cr 20,5200270,LUM LED (KORELED) 44W,11,,LUM LED KORELED 44W,"Tablas 1 al 392_2025.pdf, pagina 35",5200270
2025,35,SN,1150367,Anden Cl 47 Cr 20,5200308,UCAP POSTE CONCRETO OCTOG 8M,5,,POSTE CONCRETO OCTOG 8M,"Tablas 1 al 392_2025.pdf, pagina 35",5200308
2025,35,SN,1150367,Anden Cl 47 Cr 20,5200464,UCAP CABLE CU ENCAUCHETADO 3X14 CU,59,,CABLE CU ENCAUCHETADO 3X14 CU,"Tablas 1 al 392_2025.pdf, pagina 35",5200464
2025,36,SN,1150932,Vía y Anden Cl 38 A Cr 25 - 13,5200235,"UCAP BRAZO 1 1/2"" - 1.5M - 52°/0°",1,1,BRAZO 1 1/2 - 1.5M - 52°/0°,"Tablas 1 al 392_2025.pdf, pagina 36",5200235
2025,36,SN,1150932,Vía y Anden Cl 38 A Cr 25 - 13,5200272,LUM LED (SEPIALED II) 128W,1,1,LUM LED SEPIALED II 128W,"Tablas 1 al 392_2025.pdf, pagina 36",5200272
2025,36,SN,1150932,Vía y Anden Cl 38 A Cr 25 - 13,5200308,UCAP POSTE CONCRETO OCTOG 8M,1,,POSTE CONCRETO OCTOG 8M,"Tablas 1 al 392_2025.pdf, pagina 36",5200308
2025,36,SN,1150932,Vía y Anden Cl 38 A Cr 25 - 13,5200464,UCAP CABLE CU ENCAUCHETADO 3X14 CU,6,,CABLE CU ENCAUCHETADO 3X14 CU,"Tablas 1 al 392_2025.pdf, pagina 36",5200464
2025,37,SN,1150397,Vía Cl 40 Cr 21 - 229,5200218,UCAP LUMINARIA 150W,,1,LUMINARIA 150W,"Tablas 1 al 392_2025.pdf, pagina 37",5200218
2025,37,SN,1150397,Vía Cl 40 Cr 21 - 229,5200202,UCAP BOMBILLO 150W,,1,BOMBILLO 150W,"Tablas 1 al 392_2025.pdf, pagina 37",5200202
2025,37,SN,1150397,Vía Cl 40 Cr 21 - 229,5200236,"UCAP BRAZO 1 1/2"" - 1.5M - 52°/20°",,1,BRAZO 1 1/2 - 1.5M - 52°/20°,"Tablas 1 al 392_2025.pdf, pagina 37",5200236
2025,38,SN,1150405,Vía CR 39 CL 95 A - 53,5200217,UCAP LUMINARIA 70W,,1,LUMINARIA 70W,"Tablas 1 al 392_2025.pdf, pagina 38",5200217
2025,38,SN,1150405,Vía CR 39 CL 95 A - 53,5200201,UCAP BOMBILLO 70W,,1,BOMBILLO 70W,"Tablas 1 al 392_2025.pdf, pagina 38",5200201
2025,38,SN,1150405,Vía CR 39 CL 95 A - 53,5200233,"UCAP BRAZO 1"" - 1.5M - 52°/20°",,1,BRAZO 1 - 1.5M - 52°/20°,"Tablas 1 al 392_2025.pdf, pagina 38",5200233
2025,39,SN,1150480,SMAP-0151-25 Cr 52 Cl 30 A - 71,5200235,"UCAP BRAZO 1 1/2"" - 1.5M - 52°/0°",1,,BRAZO 1 1/2 - 1.5M - 52°/0°,"Tablas 1 al 392_2025.pdf, pagina 39",5200235
2025,39,SN,1150480,SMAP-0151-25 Cr 52 Cl 30 A - 71,5200272,LUM LED (SEPIALED II) 128W,1,,LUM LED SEPIALED II 128W,"Tablas 1 al 392_2025.pdf, pagina 39",5200272
2025,39,SN,1150480,SMAP-0151-25 Cr 52 Cl 30 A - 71,5200219,UCAP LUMINARIA 250W,,1,LUMINARIA 250W,"Tablas 1 al 392_2025.pdf, pagina 39",5200219
2025,39,SN,1150480,SMAP-0151-25 Cr 52 Cl 30 A - 71,5200203,UCAP BOMBILLO 250W,,1,BOMBILLO 250W,"Tablas 1 al 392_2025.pdf, pagina 39",5200203
2025,39,SN,1150480,SMAP-0151-25 Cr 52 Cl 30 A - 71,5200236,"UCAP BRAZO 1 1/2"" - 1.5M - 52°/20°",,1,BRAZO 1 1/2 - 1.5M - 52°/20°,"Tablas 1 al 392_2025.pdf, pagina 39",5200236
2025,40,SN,1150497,SMAP-0152-25 Cl 4 Sur Cr 55 - 2,5200232,"UCAP BRAZO 1"" - 1.5M - 52°/0°",1,1,BRAZO 1 - 1.5M - 52°/0°,"Tablas 1 al 392_2025.pdf, pagina 40",5200232
2025,40,SN,1150497,SMAP-0152-25 Cl 4 Sur Cr 55 - 2,5200270,LUM LED (KORELED) 44W,1,,LUM LED KORELED 44W,"Tablas 1 al 392_2025.pdf, pagina 40",5200270
2025,40,SN,1150497,SMAP-0152-25 Cl 4 Sur Cr 55 - 2,5200217,UCAP LUMINARIA 70W,,1,LUMINARIA 70W,"Tablas 1 al 392_2025.pdf, pagina 40",5200217
2025,40,SN,1150497,SMAP-0152-25 Cl 4 Sur Cr 55 - 2,5200201,UCAP BOMBILLO 70W,,1,BOMBILLO 70W,"Tablas 1 al 392_2025.pdf, pagina 40",5200201
2025,41,SN,1150519,SMAP-0154-25 Cr 456 Cl 9 Sur - 45,5200232,"UCAP BRAZO 1"" - 1.5M - 52°/0°",1,1,BRAZO 1 - 1.5M - 52°/0°,"Tablas 1 al 392_2025.pdf, pagina 41",5200232
2025,41,SN,1150519,SMAP-0154-25 Cr 456 Cl 9 Sur - 45,5200270,LUM LED (KORELED) 44W,1,,LUM LED KORELED 44W,"Tablas 1 al 392_2025.pdf, pagina 41",5200270
2025,41,SN,1150519,SMAP-0154-25 Cr 456 Cl 9 Sur - 45,5200464,UCAP CABLE CU ENCAUCHETADO 3X14 CU,15,,CABLE CU ENCAUCHETADO 3X14 CU,"Tablas 1 al 392_2025.pdf, pagina 41",5200464
2025,41,SN,1150519,SMAP-0154-25 Cr 456 Cl 9 Sur - 45,5200217,UCAP LUMINARIA 70W,,1,LUMINARIA 70W,"Tablas 1 al 392_2025.pdf, pagina 41",5200217
2025,41,SN,1150519,SMAP-0154-25 Cr 456 Cl 9 Sur - 45,5200201,UCAP BOMBILLO 70W,,1,BOMBILLO 70W,"Tablas 1 al 392_2025.pdf, pagina 41",5200201
2025,41,SN,1150519,SMAP-0154-25 Cr 456 Cl 9 Sur - 45,5200410,UCAP DUPLEX CU 14 AWG-THW 300V,,15,DUPLEX CU 14 AWG-THW 300V,"Tablas 1 al 392_2025.pdf, pagina 41",5200410
2025,42,SN,1150732,CL 70 A CR 45 - 116,5200241,UCAP BRAZO CURVO 3000M,1,,BRAZO CURVO 3000M,"Tablas 1 al 392_2025.pdf, pagina 42",5200241
2025,42,SN,1150732,CL 70 A CR 45 - 116,5200272,LUM LED (SEPIALED II) 128W,1,,LUM LED SEPIALED II 128W,"Tablas 1 al 392_2025.pdf, pagina 42",5200272
2025,43,SN,1154603,SMAP-0161-25 CL 18 A CR 88 - 15,5200235,"UCAP BRAZO 1 1/2"" - 1.5M - 52°/0°",2,3,BRAZO 1 1/2 - 1.5M - 52°/0°,"Tablas 1 al 392_2025.pdf, pagina 43",5200235
2025,43,SN,1154603,SMAP-0161-25 CL 18 A CR 88 - 15,5200272,LUM LED (SEPIALED II) 128W,2,3,LUM LED SEPIALED II 128W,"Tablas 1 al 392_2025.pdf, pagina 43",5200272
2025,43,SN,1154603,SMAP-0161-25 CL 18 A CR 88 - 15,5200407,"UCAP TRIPLEX AL 2X4+1X4 XLP,AEREO",20,20,TRIPLEX AL 2X4+1X4 XLP AEREO,"Tablas 1 al 392_2025.pdf, pagina 43",5200407
2025,43,SN,1154603,SMAP-0161-25 CL 18 A CR 88 - 15,5200419,UCAP POSTE PRFV 8M (ENTERRAR),1,,POSTE PRFV 8M ENTERRAR,"Tablas 1 al 392_2025.pdf, pagina 43",5200419
2025,43,SN,1154603,SMAP-0161-25 CL 18 A CR 88 - 15,5200308,UCAP POSTE CONCRETO OCTOG 8M,,1,POSTE CONCRETO OCTOG 8M,"Tablas 1 al 392_2025.pdf, pagina 43",5200308
2025,44,SN,1154907,CR 28 CL 95 A - 47,5200232,"UCAP BRAZO 1"" - 1.5M - 52°/0°",1,1,BRAZO 1 - 1.5M - 52°/0°,"Tablas 1 al 392_2025.pdf, pagina 44",5200232
2025,44,SN,1154907,CR 28 CL 95 A - 47,5200270,LUM LED (KORELED) 44W,1,,LUM LED KORELED 44W,"Tablas 1 al 392_2025.pdf, pagina 44",5200270
2025,44,SN,1154907,CR 28 CL 95 A - 47,5200217,UCAP LUMINARIA 70W,,1,LUMINARIA 70W,"Tablas 1 al 392_2025.pdf, pagina 44",5200217
2025,44,SN,1154907,CR 28 CL 95 A - 47,5200201,UCAP BOMBILLO 70W,,1,BOMBILLO 70W,"Tablas 1 al 392_2025.pdf, pagina 44",5200201
2025,45,SN,1156659,Vía y Anden Cr 13 B Cl 4 B Sur - 205,5200231,"UCAP BRAZO 1"" - 0.4M - 0°",1,,BRAZO 1 - 0.4M - 0°,"Tablas 1 al 392_2025.pdf, pagina 45",5200231
2025,45,SN,1156659,Vía y Anden Cr 13 B Cl 4 B Sur - 205,5200235,"UCAP BRAZO 1 1/2"" - 1.5M - 52°/0°",1,,BRAZO 1 1/2 - 1.5M - 52°/0°,"Tablas 1 al 392_2025.pdf, pagina 45",5200235
2025,45,SN,1156659,Vía y Anden Cr 13 B Cl 4 B Sur - 205,5200270,LUM LED (KORELED) 44W,1,,LUM LED KORELED 44W,"Tablas 1 al 392_2025.pdf, pagina 45",5200270
2025,45,SN,1156659,Vía y Anden Cr 13 B Cl 4 B Sur - 205,5200272,LUM LED (SEPIALED II) 128W,1,,LUM LED SEPIALED II 128W,"Tablas 1 al 392_2025.pdf, pagina 45",5200272
2025,45,SN,1156659,Vía y Anden Cr 13 B Cl 4 B Sur - 205,5200308,UCAP POSTE CONCRETO OCTOG 8M,1,,POSTE CONCRETO OCTOG 8M,"Tablas 1 al 392_2025.pdf, pagina 45",5200308
2025,45,SN,1156659,Vía y Anden Cr 13 B Cl 4 B Sur - 205,5200464,UCAP CABLE CU ENCAUCHETADO 3X14 CU,18,,CABLE CU ENCAUCHETADO 3X14 CU,"Tablas 1 al 392_2025.pdf, pagina 45",5200464
2025,46,SN,1156858,Anden Cl 14 Cr 40 A - 259,5200231,"UCAP BRAZO 1"" - 0.4M - 0°",2,,BRAZO 1 - 0.4M - 0°,"Tablas 1 al 392_2025.pdf, pagina 46",5200231
2025,46,SN,1156858,Anden Cl 14 Cr 40 A - 259,5200270,LUM LED (KORELED) 44W,2,,LUM LED KORELED 44W,"Tablas 1 al 392_2025.pdf, pagina 46",5200270
2025,47,SN,1158190,CL 48 CC CR 103 B - 84 INT 123,5200232,"UCAP BRAZO 1"" - 1.5M - 52°/0°",4,,BRAZO 1 - 1.5M - 52°/0°,"Tablas 1 al 392_2025.pdf, pagina 47",5200232
2025,47,SN,1158190,CL 48 CC CR 103 B - 84 INT 123,5200270,LUM LED (KORELED) 44W,4,,LUM LED KORELED 44W,"Tablas 1 al 392_2025.pdf, pagina 47",5200270
2025,47,SN,1158190,CL 48 CC CR 103 B - 84 INT 123,5200407,"UCAP TRIPLEX AL 2X4+1X4 XLP,AEREO",91,,TRIPLEX AL 2X4+1X4 XLP AEREO,"Tablas 1 al 392_2025.pdf, pagina 47",5200407
2025,47,SN,1158190,CL 48 CC CR 103 B - 84 INT 123,5200419,UCAP POSTE PRFV 8M (ENTERRAR),3,,POSTE PRFV 8M ENTERRAR,"Tablas 1 al 392_2025.pdf, pagina 47",5200419
2025,48,SS,1158930,ANDEN -SOLICITUD COMUNIDAD CR 39 A CL 18 B SUR -154,5200231,"UCAP BRAZO 1"" - 0.4M - 0°",2,,BRAZO 1 - 0.4M - 0°,"Tablas 1 al 392_2025.pdf, pagina 48",5200231
2025,48,SS,1158930,ANDEN -SOLICITUD COMUNIDAD CR 39 A CL 18 B SUR -154,5200270,LUM LED (KORELED) 44W,2,,LUM LED KORELED 44W,"Tablas 1 al 392_2025.pdf, pagina 48",5200270
2025,49,SN,1159173,CR 26 CL 79 C - 24 INT 124,5200231,"UCAP BRAZO 1"" - 0.4M - 0°",1,,BRAZO 1 - 0.4M - 0°,"Tablas 1 al 392_2025.pdf, pagina 49",5200231
2025,49,SN,1159173,CR 26 CL 79 C - 24 INT 124,5200270,LUM LED (KORELED) 44W,1,,LUM LED KORELED 44W,"Tablas 1 al 392_2025.pdf, pagina 49",5200270
2025,49,SN,1159173,CR 26 CL 79 C - 24 INT 124,5200464,UCAP CABLE CU ENCAUCHETADO 3X14 CU,1,,CABLE CU ENCAUCHETADO 3X14 CU,"Tablas 1 al 392_2025.pdf, pagina 49",5200464
2025,50,SN,1159502,SMAP-0165-25 CR 36 CL 34 - 63,5200219,UCAP LUMINARIA 250W,,1,LUMINARIA 250W,"Tablas 1 al 392_2025.pdf, pagina 50",5200219
2025,50,SN,1159502,SMAP-0165-25 CR 36 CL 34 - 63,5200203,UCAP BOMBILLO 250W,,1,BOMBILLO 250W,"Tablas 1 al 392_2025.pdf, pagina 50",5200203
2025,50,SN,1159502,SMAP-0165-25 CR 36 CL 34 - 63,5200235,"UCAP BRAZO 1 1/2"" - 1.5M - 52°/0°",,1,BRAZO 1 1/2 - 1.5M - 52°/0°,"Tablas 1 al 392_2025.pdf, pagina 50",5200235
2025,51,SN,1159512,SMAP-0166-25 CR 36 CL 34 - 105,5200219,UCAP LUMINARIA 250W,,1,LUMINARIA 250W,"Tablas 1 al 392_2025.pdf, pagina 51",5200219
2025,51,SN,1159512,SMAP-0166-25 CR 36 CL 34 - 105,5200203,UCAP BOMBILLO 250W,,1,BOMBILLO 250W,"Tablas 1 al 392_2025.pdf, pagina 51",5200203
2025,51,SN,1159512,SMAP-0166-25 CR 36 CL 34 - 105,5200235,"UCAP BRAZO 1 1/2"" - 1.5M - 52°/0°",,1,BRAZO 1 1/2 - 1.5M - 52°/0°,"Tablas 1 al 392_2025.pdf, pagina 51",5200235
2025,52,SN,1159553,SMAP-0172-25 CL 9 C SUR CR 50 FF - 81,5200231,"UCAP BRAZO 1"" - 0.4M - 0°",1,,BRAZO 1 - 0.4M - 0°,"Tablas 1 al 392_2025.pdf, pagina 52",5200231
2025,52,SN,1159553,SMAP-0172-25 CL 9 C SUR CR 50 FF - 81,5200270,LUM LED (KORELED) 44W,1,,LUM LED KORELED 44W,"Tablas 1 al 392_2025.pdf, pagina 52",5200270
2025,52,SN,1159553,SMAP-0172-25 CL 9 C SUR CR 50 FF - 81,5200419,UCAP POSTE PRFV 8M (ENTERRAR),1,,POSTE PRFV 8M ENTERRAR,"Tablas 1 al 392_2025.pdf, pagina 52",5200419
2025,52,SN,1159553,SMAP-0172-25 CL 9 C SUR CR 50 FF - 81,5200464,UCAP CABLE CU ENCAUCHETADO 3X14 CU,10,,CABLE CU ENCAUCHETADO 3X14 CU,"Tablas 1 al 392_2025.pdf, pagina 52",5200464
2025,53,SN,1162903,Cr 120 C Cl 42,5200232,"UCAP BRAZO 1"" - 1.5M - 52°/0°",2,1,BRAZO 1 - 1.5M - 52°/0°,"Tablas 1 al 392_2025.pdf, pagina 53",5200232
2025,53,SN,1162903,Cr 120 C Cl 42,5200293,LUM LED (OMEGA II) 64.5W,2,,LUM LED OMEGA II 64.5W,"Tablas 1 al 392_2025.pdf, pagina 53",5200293
2025,53,SN,1162903,Cr 120 C Cl 42,5200419,UCAP POSTE PRFV 8M (ENTERRAR),1,,POSTE PRFV 8M ENTERRAR,"Tablas 1 al 392_2025.pdf, pagina 53",5200419
2025,53,SN,1162903,Cr 120 C Cl 42,5200464,UCAP CABLE CU ENCAUCHETADO 3X14 CU,139,50,CABLE CU ENCAUCHETADO 3X14 CU,"Tablas 1 al 392_2025.pdf, pagina 53",5200464
2025,53,SN,1162903,Cr 120 C Cl 42,5200799,CONTROL TEMPORIZADO 25 A,1,,CONTROL TEMPORIZADO 25 A,"Tablas 1 al 392_2025.pdf, pagina 53",5200799
2025,53,SN,1162903,Cr 120 C Cl 42,5200270,LUM LED (KORELED) 44W,,1,LUM LED KORELED 44W,"Tablas 1 al 392_2025.pdf, pagina 53",5200270
2025,54,SN,1162919,Cr 58 Cl 7 -72,5200799,CONTROL TEMPORIZADO 25 A,1,,CONTROL TEMPORIZADO 25 A,"Tablas 1 al 392_2025.pdf, pagina 54",5200799
2025,55,SN,1163582,CL 31 C CR 89 C - 62,5200231,"UCAP BRAZO 1"" - 0.4M - 0°",3,,BRAZO 1 - 0.4M - 0°,"Tablas 1 al 392_2025.pdf, pagina 55",5200231
2025,55,SN,1163582,CL 31 C CR 89 C - 62,5200270,LUM LED (KORELED) 44W,3,,LUM LED KORELED 44W,"Tablas 1 al 392_2025.pdf, pagina 55",5200270
2025,55,SN,1163582,CL 31 C CR 89 C - 62,5200464,UCAP CABLE CU ENCAUCHETADO 3X14 CU,57,,CABLE CU ENCAUCHETADO 3X14 CU,"Tablas 1 al 392_2025.pdf, pagina 55",5200464
2025,56,SN,1163588,SENDERO PEATONAL CL 70 A CR 94D - 06,5200231,"UCAP BRAZO 1"" - 0.4M - 0°",1,,BRAZO 1 - 0.4M - 0°,"Tablas 1 al 392_2025.pdf, pagina 56",5200231
2025,56,SN,1163588,SENDERO PEATONAL CL 70 A CR 94D - 06,5200270,LUM LED (KORELED) 44W,1,,LUM LED KORELED 44W,"Tablas 1 al 392_2025.pdf, pagina 56",5200270
2025,56,SN,1163588,SENDERO PEATONAL CL 70 A CR 94D - 06,5200419,UCAP POSTE PRFV 8M (ENTERRAR),1,,POSTE PRFV 8M ENTERRAR,"Tablas 1 al 392_2025.pdf, pagina 56",5200419
2025,56,SN,1163588,SENDERO PEATONAL CL 70 A CR 94D - 06,5200464,UCAP CABLE CU ENCAUCHETADO 3X14 CU,13,,CABLE CU ENCAUCHETADO 3X14 CU,"Tablas 1 al 392_2025.pdf, pagina 56",5200464
2025,57,SN,1163660,CANCHA LA NUBIA CR 82 BB CL 15 B,5200329,UCAP POSTE PRFV 10M - 6 PG (ENTERRAR),1,,POSTE PRFV 10M - 6 PG ENTERRAR,"Tablas 1 al 392_2025.pdf, pagina 57",5200329
2025,57,SN,1163660,CANCHA LA NUBIA CR 82 BB CL 15 B,5200407,"UCAP TRIPLEX AL 2X4+1X4 XLP,AEREO",42,44,TRIPLEX AL 2X4+1X4 XLP AEREO,"Tablas 1 al 392_2025.pdf, pagina 57",5200407
2025,57,SN,1163660,CANCHA LA NUBIA CR 82 BB CL 15 B,5020117,UCAP POSTE PRFV 9M (ENTERRAR),,1,POSTE PRFV 9M ENTERRAR,"Tablas 1 al 392_2025.pdf, pagina 57",5020117
2025,57,SN,1163660,CANCHA LA NUBIA CR 82 BB CL 15 B,5200272,LUM LED (SEPIALED II) 128W,2,2,LUM LED SEPIALED II 128W,"Tablas 1 al 392_2025.pdf, pagina 57",5200272
2025,57,SN,1163660,CANCHA LA NUBIA CR 82 BB CL 15 B,5200277,PROYEC LED (COSMOLED EV) 150W V-LARGA,2,2,PROYEC LED COSMOLED EV 150W V-LARGA,"Tablas 1 al 392_2025.pdf, pagina 57",5200277
2025,58,SN,1163923,DG 93 A CL 39 - 61,5200231,"UCAP BRAZO 1"" - 0.4M - 0°",3,,BRAZO 1 - 0.4M - 0°,"Tablas 1 al 392_2025.pdf, pagina 58",5200231
2025,58,SN,1163923,DG 93 A CL 39 - 61,5200270,LUM LED (KORELED) 44W,3,,LUM LED KORELED 44W,"Tablas 1 al 392_2025.pdf, pagina 58",5200270
2025,58,SN,1163923,DG 93 A CL 39 - 61,5200308,UCAP POSTE CONCRETO OCTOG 8M,3,,POSTE CONCRETO OCTOG 8M,"Tablas 1 al 392_2025.pdf, pagina 58",5200308
2025,58,SN,1163923,DG 93 A CL 39 - 61,5200464,UCAP CABLE CU ENCAUCHETADO 3X14 CU,53,,CABLE CU ENCAUCHETADO 3X14 CU,"Tablas 1 al 392_2025.pdf, pagina 58",5200464
2025,59,SN,1165208,Sendero Cr 31 Cl 107 A - 83 Int 101,5200232,"UCAP BRAZO 1"" - 1.5M - 52°/0°",1,,BRAZO 1 - 1.5M - 52°/0°,"Tablas 1 al 392_2025.pdf, pagina 59",5200232
2025,59,SN,1165208,Sendero Cr 31 Cl 107 A - 83 Int 101,5200270,LUM LED (KORELED) 44W,1,,LUM LED KORELED 44W,"Tablas 1 al 392_2025.pdf, pagina 59",5200270
2025,60,SN,1165725,Escalas Cl 58 A Cr 8 - 46,5200231,"UCAP BRAZO 1"" - 0.4M - 0°",1,1,BRAZO 1 - 0.4M - 0°,"Tablas 1 al 392_2025.pdf, pagina 60",5200231
2025,60,SN,1165725,Escalas Cl 58 A Cr 8 - 46,5200270,LUM LED (KORELED) 44W,1,1,LUM LED KORELED 44W,"Tablas 1 al 392_2025.pdf, pagina 60",5200270
2025,60,SN,1165725,Escalas Cl 58 A Cr 8 - 46,5200419,UCAP POSTE PRFV 8M (ENTERRAR),,1,POSTE PRFV 8M ENTERRAR,"Tablas 1 al 392_2025.pdf, pagina 60",5200419
2025,61,SS,1169795,Parque La playita ajuste de iluminación CR 81 A CL 3D,5200231,"UCAP BRAZO 1"" - 0.4M - 0°",3,,BRAZO 1 - 0.4M - 0°,"Tablas 1 al 392_2025.pdf, pagina 61",5200231
2025,61,SS,1169795,Parque La playita ajuste de iluminación CR 81 A CL 3D,5200232,"UCAP BRAZO 1"" - 1.5M - 52°/0°",2,,BRAZO 1 - 1.5M - 52°/0°,"Tablas 1 al 392_2025.pdf, pagina 61",5200232
2025,61,SS,1169795,Parque La playita ajuste de iluminación CR 81 A CL 3D,5200235,"UCAP BRAZO 1 1/2"" - 1.5M - 52°/0°",1,,BRAZO 1 1/2 - 1.5M - 52°/0°,"Tablas 1 al 392_2025.pdf, pagina 61",5200235
2025,61,SS,1169795,Parque La playita ajuste de iluminación CR 81 A CL 3D,5200269,LUM LED 110-1 (RALED II),1,,LUM LED 110-1 RALED II,"Tablas 1 al 392_2025.pdf, pagina 61",5200269
2025,61,SS,1169795,Parque La playita ajuste de iluminación CR 81 A CL 3D,5200270,LUM LED (KORELED) 44W,4,,LUM LED KORELED 44W,"Tablas 1 al 392_2025.pdf, pagina 61",5200270
2025,61,SS,1169795,Parque La playita ajuste de iluminación CR 81 A CL 3D,5200293,LUM LED (OMEGA II) 64.5W,1,,LUM LED OMEGA II 64.5W,"Tablas 1 al 392_2025.pdf, pagina 61",5200293
2025,61,SS,1169795,Parque La playita ajuste de iluminación CR 81 A CL 3D,5200419,UCAP POSTE PRFV 8M (ENTERRAR),4,,POSTE PRFV 8M ENTERRAR,"Tablas 1 al 392_2025.pdf, pagina 61",5200419
2025,61,SS,1169795,Parque La playita ajuste de iluminación CR 81 A CL 3D,5200501,UCAP CAJA CONCRETO 50X50 CM,4,,CAJA CONCRETO 50X50 CM,"Tablas 1 al 392_2025.pdf, pagina 61",5200501
2025,61,SS,1169795,Parque La playita ajuste de iluminación CR 81 A CL 3D,5200503,"UCAP CANAL ANDEN TUBERIA PVC 2""",56,,CANAL ANDEN TUBERIA PVC 2,"Tablas 1 al 392_2025.pdf, pagina 61",5200503
2025,62,SS,991242,SENDERO PEATONAL CR 70 POR CL 58,5010132,LUM. LED 40W SUPERFICIES (ACROLED ASIM. 5K),1,,LUM LED 40W SUPERFICIES ACROLED ASIM 5K,"Tablas 1 al 392_2025.pdf, pagina 62",5010132
2025,62,SS,991242,SENDERO PEATONAL CR 70 POR CL 58,5200231,"UCAP BRAZO 1"" - 0.4M - 0°",7,1,BRAZO 1 - 0.4M - 0°,"Tablas 1 al 392_2025.pdf, pagina 62",5200231
2025,62,SS,991242,SENDERO PEATONAL CR 70 POR CL 58,5200232,"UCAP BRAZO 1"" - 1.5M - 52°/0°",2,9,BRAZO 1 - 1.5M - 52°/0°,"Tablas 1 al 392_2025.pdf, pagina 62",5200232
2025,62,SS,991242,SENDERO PEATONAL CR 70 POR CL 58,5200270,LUM LED (KORELED) 44W,9,,LUM LED KORELED 44W,"Tablas 1 al 392_2025.pdf, pagina 62",5200270
2025,62,SS,991242,SENDERO PEATONAL CR 70 POR CL 58,5200407,"UCAP TRIPLEX AL 2X4+1X4 XLP,AEREO",37,,TRIPLEX AL 2X4+1X4 XLP AEREO,"Tablas 1 al 392_2025.pdf, pagina 62",5200407
2025,62,SS,991242,SENDERO PEATONAL CR 70 POR CL 58,5200419,UCAP POSTE PRFV 8M (ENTERRAR),3,2,POSTE PRFV 8M ENTERRAR,"Tablas 1 al 392_2025.pdf, pagina 62",5200419
2025,62,SS,991242,SENDERO PEATONAL CR 70 POR CL 58,5200464,UCAP CABLE CU ENCAUCHETADO 3X14 CU,68,,CABLE CU ENCAUCHETADO 3X14 CU,"Tablas 1 al 392_2025.pdf, pagina 62",5200464
2025,62,SS,991242,SENDERO PEATONAL CR 70 POR CL 58,5200201,UCAP BOMBILLO 70W,,30,BOMBILLO 70W,"Tablas 1 al 392_2025.pdf, pagina 62",5200201
2025,62,SS,991242,SENDERO PEATONAL CR 70 POR CL 58,5200217,UCAP LUMINARIA 70W,,10,LUMINARIA 70W,"Tablas 1 al 392_2025.pdf, pagina 62",5200217
2025,62,SS,991242,SENDERO PEATONAL CR 70 POR CL 58,5200410,UCAP DUPLEX CU 14 AWG-THW 300V,,68,DUPLEX CU 14 AWG-THW 300V,"Tablas 1 al 392_2025.pdf, pagina 62",5200410
2025,63,SS,1051501,Vía M4 Cr 62 Cl 92,5200232,"UCAP BRAZO 1"" - 1.5M - 52°/0°",3,,BRAZO 1 - 1.5M - 52°/0°,"Tablas 1 al 392_2025.pdf, pagina 63",5200232
2025,63,SS,1051501,Vía M4 Cr 62 Cl 92,5200270,LUM LED (KORELED) 44W,3,,LUM LED KORELED 44W,"Tablas 1 al 392_2025.pdf, pagina 63",5200270
2025,63,SS,1051501,Vía M4 Cr 62 Cl 92,5200407,"UCAP TRIPLEX AL 2X4+1X4 XLP,AEREO",88,,TRIPLEX AL 2X4+1X4 XLP AEREO,"Tablas 1 al 392_2025.pdf, pagina 63",5200407
2025,64,SS,1161267,SENDERO PEATONAL CL 34 CR 46 - 20,5200231,"UCAP BRAZO 1"" - 0.4M - 0°",3,,BRAZO 1 - 0.4M - 0°,"Tablas 1 al 392_2025.pdf, pagina 64",5200231
2025,64,SS,1161267,SENDERO PEATONAL CL 34 CR 46 - 20,5200270,LUM LED (KORELED) 44W,3,,LUM LED KORELED 44W,"Tablas 1 al 392_2025.pdf, pagina 64",5200270
2025,64,SS,1161267,SENDERO PEATONAL CL 34 CR 46 - 20,5200419,UCAP POSTE PRFV 8M (ENTERRAR),2,,POSTE PRFV 8M ENTERRAR,"Tablas 1 al 392_2025.pdf, pagina 64",5200419
2025,64,SS,1161267,SENDERO PEATONAL CL 34 CR 46 - 20,5200464,UCAP CABLE CU ENCAUCHETADO 3X14 CU,25,,CABLE CU ENCAUCHETADO 3X14 CU,"Tablas 1 al 392_2025.pdf, pagina 64",5200464
2025,65,SS,1169469,SMAP-0177-25 Cl 80 Cr 67 - 61,5200208,UCAP LUMINARIA LED 140W HORIZONTAL,1,1,LUMINARIA LED 140W HORIZONTAL,"Tablas 1 al 392_2025.pdf, pagina 65",5200208
2025,65,SS,1169469,SMAP-0177-25 Cl 80 Cr 67 - 61,5200235,"UCAP BRAZO 1 1/2"" - 1.5M - 52°/0°",1,1,BRAZO 1 1/2 - 1.5M - 52°/0°,"Tablas 1 al 392_2025.pdf, pagina 65",5200235
2025,65,SS,1169469,SMAP-0177-25 Cl 80 Cr 67 - 61,5200308,UCAP POSTE CONCRETO OCTOG 8M,1,,POSTE CONCRETO OCTOG 8M,"Tablas 1 al 392_2025.pdf, pagina 65",5200308
2025,66,SS,1169473,SMAP-0178-25 Cl 96 Cr 73,5200231,"UCAP BRAZO 1"" - 0.4M - 0°",1,,BRAZO 1 - 0.4M - 0°,"Tablas 1 al 392_2025.pdf, pagina 66",5200231
2025,66,SS,1169473,SMAP-0178-25 Cl 96 Cr 73,5200270,LUM LED (KORELED) 44W,1,,LUM LED KORELED 44W,"Tablas 1 al 392_2025.pdf, pagina 66",5200270
2025,66,SS,1169473,SMAP-0178-25 Cl 96 Cr 73,5200464,UCAP CABLE CU ENCAUCHETADO 3X14 CU,12,,CABLE CU ENCAUCHETADO 3X14 CU,"Tablas 1 al 392_2025.pdf, pagina 66",5200464
2025,67,SS,1169547,SMAP-0179-25 CL 81 CR 67 B,5200231,"UCAP BRAZO 1"" - 0.4M - 0°",1,,BRAZO 1 - 0.4M - 0°,"Tablas 1 al 392_2025.pdf, pagina 67",5200231
2025,67,SS,1169547,SMAP-0179-25 CL 81 CR 67 B,5200232,"UCAP BRAZO 1"" - 1.5M - 52°/0°",2,,BRAZO 1 - 1.5M - 52°/0°,"Tablas 1 al 392_2025.pdf, pagina 67",5200232
2025,67,SS,1169547,SMAP-0179-25 CL 81 CR 67 B,5200270,LUM LED (KORELED) 44W,3,,LUM LED KORELED 44W,"Tablas 1 al 392_2025.pdf, pagina 67",5200270
2025,67,SS,1169547,SMAP-0179-25 CL 81 CR 67 B,5200464,UCAP CABLE CU ENCAUCHETADO 3X14 CU,7,,CABLE CU ENCAUCHETADO 3X14 CU,"Tablas 1 al 392_2025.pdf, pagina 67",5200464
2025,67,SS,1169547,SMAP-0179-25 CL 81 CR 67 B,5200217,UCAP LUMINARIA 70W,,4,LUMINARIA 70W,"Tablas 1 al 392_2025.pdf, pagina 67",5200217
2025,67,SS,1169547,SMAP-0179-25 CL 81 CR 67 B,5200201,UCAP BOMBILLO 70W,,4,BOMBILLO 70W,"Tablas 1 al 392_2025.pdf, pagina 67",5200201
2025,67,SS,1169547,SMAP-0179-25 CL 81 CR 67 B,5200233,"UCAP BRAZO 1"" - 1.5M - 52°/20°",,4,BRAZO 1 - 1.5M - 52°/20°,"Tablas 1 al 392_2025.pdf, pagina 67",5200233
2025,68,SS,1169477,SMAP-0181-25 Cr 52 Cl 59 - 19,5200293,LUM LED (OMEGA II) 64.5W,1,,LUM LED OMEGA II 64.5W,"Tablas 1 al 392_2025.pdf, pagina 68",5200293
2025,68,SS,1169477,SMAP-0181-25 Cr 52 Cl 59 - 19,5200218,UCAP LUMINARIA 150W,,1,LUMINARIA 150W,"Tablas 1 al 392_2025.pdf, pagina 68",5200218
2025,68,SS,1169477,SMAP-0181-25 Cr 52 Cl 59 - 19,5200202,UCAP BOMBILLO 150W,,1,BOMBILLO 150W,"Tablas 1 al 392_2025.pdf, pagina 68",5200202
2025,69,SS,1169481,SMAP-0182-25 Cl 99 Cr 72 A - 7,5200235,"UCAP BRAZO 1 1/2"" - 1.5M - 52°/0°",1,,BRAZO 1 1/2 - 1.5M - 52°/0°,"Tablas 1 al 392_2025.pdf, pagina 69",5200235
2025,69,SS,1169481,SMAP-0182-25 Cl 99 Cr 72 A - 7,5200272,LUM LED (SEPIALED II) 128W,1,,LUM LED SEPIALED II 128W,"Tablas 1 al 392_2025.pdf, pagina 69",5200272
2025,69,SS,1169481,SMAP-0182-25 Cl 99 Cr 72 A - 7,5200218,UCAP LUMINARIA 150W,,1,LUMINARIA 150W,"Tablas 1 al 392_2025.pdf, pagina 69",5200218
2025,69,SS,1169481,SMAP-0182-25 Cl 99 Cr 72 A - 7,5200202,UCAP BOMBILLO 150W,,1,BOMBILLO 150W,"Tablas 1 al 392_2025.pdf, pagina 69",5200202
2025,69,SS,1169481,SMAP-0182-25 Cl 99 Cr 72 A - 7,5200236,"UCAP BRAZO 1 1/2"" - 1.5M - 52°/20°",,1,BRAZO 1 1/2 - 1.5M - 52°/20°,"Tablas 1 al 392_2025.pdf, pagina 69",5200236
2025,70,SS,1169522,SMAP-CIL-0195-25 CR 94 # 36 - 30,5200219,UCAP LUMINARIA 250W,,3,LUMINARIA 250W,"Tablas 1 al 392_2025.pdf, pagina 70",5200219
2025,70,SS,1169522,SMAP-CIL-0195-25 CR 94 # 36 - 30,5200203,UCAP BOMBILLO 250W,,3,BOMBILLO 250W,"Tablas 1 al 392_2025.pdf, pagina 70",5200203
2025,70,SS,1169522,SMAP-CIL-0195-25 CR 94 # 36 - 30,5200243,UCAP BRAZO RECTO 4500M,,3,BRAZO RECTO 4500M,"Tablas 1 al 392_2025.pdf, pagina 70",5200243
2025,71,SS,1169523,SMAP-0194-25 Cr 65 Cl 47 D,5200241,UCAP BRAZO CURVO 3000M,1,1,BRAZO CURVO 3000M,"Tablas 1 al 392_2025.pdf, pagina 71",5200241
2025,71,SS,1169523,SMAP-0194-25 Cr 65 Cl 47 D,5200272,LUM LED (SEPIALED II) 128W,1,,LUM LED SEPIALED II 128W,"Tablas 1 al 392_2025.pdf, pagina 71",5200272
2025,71,SS,1169523,SMAP-0194-25 Cr 65 Cl 47 D,5200219,UCAP LUMINARIA 250W,,1,LUMINARIA 250W,"Tablas 1 al 392_2025.pdf, pagina 71",5200219
2025,71,SS,1169523,SMAP-0194-25 Cr 65 Cl 47 D,5200203,UCAP BOMBILLO 250W,,1,BOMBILLO 250W,"Tablas 1 al 392_2025.pdf, pagina 71",5200203
2025,72,SS,1169532,SMAP-0196-25 Cl 38 entre las carreras 94 y 95,5200241,UCAP BRAZO CURVO 3000M,1,,BRAZO CURVO 3000M,"Tablas 1 al 392_2025.pdf, pagina 72",5200241
2025,72,SS,1169532,SMAP-0196-25 Cl 38 entre las carreras 94 y 95,5200272,LUM LED (SEPIALED II) 128W,1,,LUM LED SEPIALED II 128W,"Tablas 1 al 392_2025.pdf, pagina 72",5200272
2025,72,SS,1169532,SMAP-0196-25 Cl 38 entre las carreras 94 y 95,5200219,UCAP LUMINARIA 250W,,1,LUMINARIA 250W,"Tablas 1 al 392_2025.pdf, pagina 72",5200219
2025,72,SS,1169532,SMAP-0196-25 Cl 38 entre las carreras 94 y 95,5200203,UCAP BOMBILLO 250W,,1,BOMBILLO 250W,"Tablas 1 al 392_2025.pdf, pagina 72",5200203
2025,72,SS,1169532,SMAP-0196-25 Cl 38 entre las carreras 94 y 95,5200236,"UCAP BRAZO 1 1/2"" - 1.5M - 52°/20°",,1,BRAZO 1 1/2 - 1.5M - 52°/20°,"Tablas 1 al 392_2025.pdf, pagina 72",5200236
2025,73,SS,1169533,SMAP-CIL-0197-25 Cl 49 No. 116 - 86,5200231,"UCAP BRAZO 1"" - 0.4M - 0°",1,,BRAZO 1 - 0.4M - 0°,"Tablas 1 al 392_2025.pdf, pagina 73",5200231
2025,73,SS,1169533,SMAP-CIL-0197-25 Cl 49 No. 116 - 86,5200270,LUM LED (KORELED) 44W,1,,LUM LED KORELED 44W,"Tablas 1 al 392_2025.pdf, pagina 73",5200270
2025,73,SS,1169533,SMAP-CIL-0197-25 Cl 49 No. 116 - 86,5200419,UCAP POSTE PRFV 8M (ENTERRAR),1,,POSTE PRFV 8M ENTERRAR,"Tablas 1 al 392_2025.pdf, pagina 73",5200419
2025,73,SS,1169533,SMAP-CIL-0197-25 Cl 49 No. 116 - 86,5200217,UCAP LUMINARIA 70W,,1,LUMINARIA 70W,"Tablas 1 al 392_2025.pdf, pagina 73",5200217
2025,73,SS,1169533,SMAP-CIL-0197-25 Cl 49 No. 116 - 86,5200201,UCAP BOMBILLO 70W,,1,BOMBILLO 70W,"Tablas 1 al 392_2025.pdf, pagina 73",5200201
2025,73,SS,1169533,SMAP-CIL-0197-25 Cl 49 No. 116 - 86,5200232,"UCAP BRAZO 1"" - 1.5M - 52°/0°",,1,BRAZO 1 - 1.5M - 52°/0°,"Tablas 1 al 392_2025.pdf, pagina 73",5200232
2025,74,SS,1169537,SMAP-CIL-0198-25 Cl 123 No. 54A - 62,5200231,"UCAP BRAZO 1"" - 0.4M - 0°",1,1,BRAZO 1 - 0.4M - 0°,"Tablas 1 al 392_2025.pdf, pagina 74",5200231
2025,74,SS,1169537,SMAP-CIL-0198-25 Cl 123 No. 54A - 62,5200270,LUM LED (KORELED) 44W,1,,LUM LED KORELED 44W,"Tablas 1 al 392_2025.pdf, pagina 74",5200270
2025,74,SS,1169537,SMAP-CIL-0198-25 Cl 123 No. 54A - 62,5200217,UCAP LUMINARIA 70W,,1,LUMINARIA 70W,"Tablas 1 al 392_2025.pdf, pagina 74",5200217
2025,74,SS,1169537,SMAP-CIL-0198-25 Cl 123 No. 54A - 62,5200201,UCAP BOMBILLO 70W,,1,BOMBILLO 70W,"Tablas 1 al 392_2025.pdf, pagina 74",5200201
2025,75,SS,1169539,SMAP-CIL-0199-25 Cr 100A No. 48CF - 40,5200217,UCAP LUMINARIA 70W,,9,LUMINARIA 70W,"Tablas 1 al 392_2025.pdf, pagina 75",5200217
2025,75,SS,1169539,SMAP-CIL-0199-25 Cr 100A No. 48CF - 40,5200201,UCAP BOMBILLO 70W,,9,BOMBILLO 70W,"Tablas 1 al 392_2025.pdf, pagina 75",5200201
2025,75,SS,1169539,SMAP-CIL-0199-25 Cr 100A No. 48CF - 40,5200238,UCAP BRAZO SENCILLO CARABOBO,,7,BRAZO SENCILLO CARABOBO,"Tablas 1 al 392_2025.pdf, pagina 75",5200238
2025,75,SS,1169539,SMAP-CIL-0199-25 Cr 100A No. 48CF - 40,5200239,UCAP BRAZO DOBLE CARABOBO,,1,BRAZO DOBLE CARABOBO,"Tablas 1 al 392_2025.pdf, pagina 75",5200239
2025,75,SS,1169539,SMAP-CIL-0199-25 Cr 100A No. 48CF - 40,5200302,UCAP POSTE CONCRETO CARABOBO 5M,,8,POSTE CONCRETO CARABOBO 5M,"Tablas 1 al 392_2025.pdf, pagina 75",5200302
2025,76,SS,1169544,SMAP-0200-25 CR 85 CL 106 A - 9,5200232,"UCAP BRAZO 1"" - 1.5M - 52°/0°",1,1,BRAZO 1 - 1.5M - 52°/0°,"Tablas 1 al 392_2025.pdf, pagina 76",5200232
2025,76,SS,1169544,SMAP-0200-25 CR 85 CL 106 A - 9,5200293,LUM LED (OMEGA II) 64.5W,1,,LUM LED OMEGA II 64.5W,"Tablas 1 al 392_2025.pdf, pagina 76",5200293
2025,76,SS,1169544,SMAP-0200-25 CR 85 CL 106 A - 9,5200217,UCAP LUMINARIA 70W,,1,LUMINARIA 70W,"Tablas 1 al 392_2025.pdf, pagina 76",5200217
2025,76,SS,1169544,SMAP-0200-25 CR 85 CL 106 A - 9,5200201,UCAP BOMBILLO 70W,,1,BOMBILLO 70W,"Tablas 1 al 392_2025.pdf, pagina 76",5200201
2025,77,SS,1173188,SMAP-0205-25 CL 34 Sur CR 89 A -128,5200232,"UCAP BRAZO 1"" - 1.5M - 52°/0°",1,,BRAZO 1 - 1.5M - 52°/0°,"Tablas 1 al 392_2025.pdf, pagina 77",5200232
2025,77,SS,1173188,SMAP-0205-25 CL 34 Sur CR 89 A -128,5200270,LUM LED (KORELED) 44W,1,,LUM LED KORELED 44W,"Tablas 1 al 392_2025.pdf, pagina 77",5200270
2025,78,SS,1173383,Sendero Peatonal - Antonio Nariño CL 39 BD CR 113 A -39,5200232,"UCAP BRAZO 1"" - 1.5M - 52°/0°",1,,BRAZO 1 - 1.5M - 52°/0°,"Tablas 1 al 392_2025.pdf, pagina 78",5200232
2025,78,SS,1173383,Sendero Peatonal - Antonio Nariño CL 39 BD CR 113 A -39,5200270,LUM LED (KORELED) 44W,1,,LUM LED KORELED 44W,"Tablas 1 al 392_2025.pdf, pagina 78",5200270
2025,79,SS,1178405,Anden Cr 50 AA Cl 86 - 22,5200231,"UCAP BRAZO 1"" - 0.4M - 0°",2,,BRAZO 1 - 0.4M - 0°,"Tablas 1 al 392_2025.pdf, pagina 79",5200231
2025,79,SS,1178405,Anden Cr 50 AA Cl 86 - 22,5200270,LUM LED (KORELED) 44W,2,,LUM LED KORELED 44W,"Tablas 1 al 392_2025.pdf, pagina 79",5200270
2025,79,SS,1178405,Anden Cr 50 AA Cl 86 - 22,5200464,UCAP CABLE CU ENCAUCHETADO 3X14 CU,13,,CABLE CU ENCAUCHETADO 3X14 CU,"Tablas 1 al 392_2025.pdf, pagina 79",5200464
2025,80,SS,1179778,SMAP-0202-25 Cr 30 Cl 59 A - 72,5200232,"UCAP BRAZO 1"" - 1.5M - 52°/0°",1,1,BRAZO 1 - 1.5M - 52°/0°,"Tablas 1 al 392_2025.pdf, pagina 80",5200232
2025,80,SS,1179778,SMAP-0202-25 Cr 30 Cl 59 A - 72,5200270,LUM LED (KORELED) 44W,1,,LUM LED KORELED 44W,"Tablas 1 al 392_2025.pdf, pagina 80",5200270
2025,80,SS,1179778,SMAP-0202-25 Cr 30 Cl 59 A - 72,5200217,UCAP LUMINARIA 70W,,1,LUMINARIA 70W,"Tablas 1 al 392_2025.pdf, pagina 80",5200217
2025,80,SS,1179778,SMAP-0202-25 Cr 30 Cl 59 A - 72,5200201,UCAP BOMBILLO 70W,,1,BOMBILLO 70W,"Tablas 1 al 392_2025.pdf, pagina 80",5200201
2025,81,SS,1179795,SMAP-0203-25 CL 105 CR 82 E,5200235,"UCAP BRAZO 1 1/2"" - 1.5M - 52°/0°",1,1,BRAZO 1 1/2 - 1.5M - 52°/0°,"Tablas 1 al 392_2025.pdf, pagina 81",5200235
2025,81,SS,1179795,SMAP-0203-25 CL 105 CR 82 E,5200272,LUM LED (SEPIALED II) 128W,1,,LUM LED SEPIALED II 128W,"Tablas 1 al 392_2025.pdf, pagina 81",5200272
2025,81,SS,1179795,SMAP-0203-25 CL 105 CR 82 E,5200219,UCAP LUMINARIA 250W,,1,LUMINARIA 250W,"Tablas 1 al 392_2025.pdf, pagina 81",5200219
2025,81,SS,1179795,SMAP-0203-25 CL 105 CR 82 E,5200203,UCAP BOMBILLO 250W,,1,BOMBILLO 250W,"Tablas 1 al 392_2025.pdf, pagina 81",5200203
2025,82,SS,1179813,SMAP-0206-25 Cl 8 Cr 15 Este - 223,5200232,"UCAP BRAZO 1"" - 1.5M - 52°/0°",2,,BRAZO 1 - 1.5M - 52°/0°,"Tablas 1 al 392_2025.pdf, pagina 82",5200232
2025,82,SS,1179813,SMAP-0206-25 Cl 8 Cr 15 Este - 223,5200270,LUM LED (KORELED) 44W,2,,LUM LED KORELED 44W,"Tablas 1 al 392_2025.pdf, pagina 82",5200270
2025,82,SS,1179813,SMAP-0206-25 Cl 8 Cr 15 Este - 223,5200308,UCAP POSTE CONCRETO OCTOG 8M,2,,POSTE CONCRETO OCTOG 8M,"Tablas 1 al 392_2025.pdf, pagina 82",5200308
2025,82,SS,1179813,SMAP-0206-25 Cl 8 Cr 15 Este - 223,5200464,UCAP CABLE CU ENCAUCHETADO 3X14 CU,73,,CABLE CU ENCAUCHETADO 3X14 CU,"Tablas 1 al 392_2025.pdf, pagina 82",5200464
2025,83,SS,1179821,SMAP-CIL-0207-25 Cr 120B No. 48B - 139,5200231,"UCAP BRAZO 1"" - 0.4M - 0°",1,1,BRAZO 1 - 0.4M - 0°,"Tablas 1 al 392_2025.pdf, pagina 83",5200231
2025,83,SS,1179821,SMAP-CIL-0207-25 Cr 120B No. 48B - 139,5200270,LUM LED (KORELED) 44W,1,,LUM LED KORELED 44W,"Tablas 1 al 392_2025.pdf, pagina 83",5200270
2025,83,SS,1179821,SMAP-CIL-0207-25 Cr 120B No. 48B - 139,5200217,UCAP LUMINARIA 70W,,1,LUMINARIA 70W,"Tablas 1 al 392_2025.pdf, pagina 83",5200217
2025,83,SS,1179821,SMAP-CIL-0207-25 Cr 120B No. 48B - 139,5200201,UCAP BOMBILLO 70W,,1,BOMBILLO 70W,"Tablas 1 al 392_2025.pdf, pagina 83",5200201
2025,84,SS,1179836,SMAP-CIL-0208-25 Cr 120B No. 48B - 232,5200235,"UCAP BRAZO 1 1/2"" - 1.5M - 52°/0°",1,1,BRAZO 1 1/2 - 1.5M - 52°/0°,"Tablas 1 al 392_2025.pdf, pagina 84",5200235
2025,84,SS,1179836,SMAP-CIL-0208-25 Cr 120B No. 48B - 232,5200269,"LUM LED 110,7 (RALED II)",1,,LUM LED 110 7 RALED II,"Tablas 1 al 392_2025.pdf, pagina 84",5200269
2025,84,SS,1179836,SMAP-CIL-0208-25 Cr 120B No. 48B - 232,5200219,UCAP LUMINARIA 250W,,1,LUMINARIA 250W,"Tablas 1 al 392_2025.pdf, pagina 84",5200219
2025,84,SS,1179836,SMAP-CIL-0208-25 Cr 120B No. 48B - 232,5200203,UCAP BOMBILLO 250W,,1,BOMBILLO 250W,"Tablas 1 al 392_2025.pdf, pagina 84",5200203
2025,85,SS,1179842,SMAP-CIL-0209-25 Cl 48A No. 120F - 42,5200232,"UCAP BRAZO 1"" - 1.5M - 52°/0°",1,1,BRAZO 1 - 1.5M - 52°/0°,"Tablas 1 al 392_2025.pdf, pagina 85",5200232
2025,85,SS,1179842,SMAP-CIL-0209-25 Cl 48A No. 120F - 42,5200270,LUM LED (KORELED) 44W,1,,LUM LED KORELED 44W,"Tablas 1 al 392_2025.pdf, pagina 85",5200270
2025,85,SS,1179842,SMAP-CIL-0209-25 Cl 48A No. 120F - 42,5200419,UCAP POSTE PRFV 8M (ENTERRAR),1,,POSTE PRFV 8M ENTERRAR,"Tablas 1 al 392_2025.pdf, pagina 85",5200419
2025,85,SS,1179842,SMAP-CIL-0209-25 Cl 48A No. 120F - 42,5200464,UCAP CABLE CU ENCAUCHETADO 3X14 CU,20,,CABLE CU ENCAUCHETADO 3X14 CU,"Tablas 1 al 392_2025.pdf, pagina 85",5200464
2025,85,SS,1179842,SMAP-CIL-0209-25 Cl 48A No. 120F - 42,5200217,UCAP LUMINARIA 70W,,1,LUMINARIA 70W,"Tablas 1 al 392_2025.pdf, pagina 85",5200217
2025,85,SS,1179842,SMAP-CIL-0209-25 Cl 48A No. 120F - 42,5200201,UCAP BOMBILLO 70W,,1,BOMBILLO 70W,"Tablas 1 al 392_2025.pdf, pagina 85",5200201
2025,86,SS,1179913,SMAP-0214-25 CR 82 CL 48,5200231,"UCAP BRAZO 1"" - 0.4M - 0°",1,,BRAZO 1 - 0.4M - 0°,"Tablas 1 al 392_2025.pdf, pagina 86",5200231
2025,86,SS,1179913,SMAP-0214-25 CR 82 CL 48,5200270,LUM LED (KORELED) 44W,1,,LUM LED KORELED 44W,"Tablas 1 al 392_2025.pdf, pagina 86",5200270
2025,86,SS,1179913,SMAP-0214-25 CR 82 CL 48,5200219,UCAP LUMINARIA 250W,,1,LUMINARIA 250W,"Tablas 1 al 392_2025.pdf, pagina 86",5200219
2025,86,SS,1179913,SMAP-0214-25 CR 82 CL 48,5200203,UCAP BOMBILLO 250W,,1,BOMBILLO 250W,"Tablas 1 al 392_2025.pdf, pagina 86",5200203
2025,86,SS,1179913,SMAP-0214-25 CR 82 CL 48,5200236,"UCAP BRAZO 1 1/2"" - 1.5M - 52°/20°",,1,BRAZO 1 1/2 - 1.5M - 52°/20°,"Tablas 1 al 392_2025.pdf, pagina 86",5200236
2025,87,SS,1180429,SMAP-0171-25 CL 36B SUR CR 77 -17,5200232,"UCAP BRAZO 1"" - 1.5M - 52°/0°",1,,BRAZO 1 - 1.5M - 52°/0°,"Tablas 1 al 392_2025.pdf, pagina 87",5200232
2025,87,SS,1180429,SMAP-0171-25 CL 36B SUR CR 77 -17,5200270,LUM LED (KORELED) 44W,1,,LUM LED KORELED 44W,"Tablas 1 al 392_2025.pdf, pagina 87",5200270
2025,87,SS,1180429,SMAP-0171-25 CL 36B SUR CR 77 -17,5200419,UCAP POSTE PRFV 8M (ENTERRAR),2,,POSTE PRFV 8M ENTERRAR,"Tablas 1 al 392_2025.pdf, pagina 87",5200419
2025,87,SS,1180429,SMAP-0171-25 CL 36B SUR CR 77 -17,5200464,UCAP CABLE CU ENCAUCHETADO 3X14 CU,17,,CABLE CU ENCAUCHETADO 3X14 CU,"Tablas 1 al 392_2025.pdf, pagina 87",5200464
2025,87,SS,1180429,SMAP-0171-25 CL 36B SUR CR 77 -17,5200306,UCAP POSTE MADERA REDONDO DE 8M,,1,POSTE MADERA REDONDO DE 8M,"Tablas 1 al 392_2025.pdf, pagina 87",5200306
2025,88,SS,1180450,Cr 30 Cl 108 - 46 Int 301,5200231,"UCAP BRAZO 1"" - 0.4M - 0°",1,,BRAZO 1 - 0.4M - 0°,"Tablas 1 al 392_2025.pdf, pagina 88",5200231
2025,88,SS,1180450,Cr 30 Cl 108 - 46 Int 301,5200270,LUM LED (KORELED) 44W,1,,LUM LED KORELED 44W,"Tablas 1 al 392_2025.pdf, pagina 88",5200270
2025,89,SS,1180484,Sendero Peatonal-Parque el diamante CL 78 CR 87 -27 (INTERIOR 7000 ),5200231,"UCAP BRAZO 1"" - 0.4M - 0°",2,,BRAZO 1 - 0.4M - 0°,"Tablas 1 al 392_2025.pdf, pagina 89",5200231
2025,89,SS,1180484,Sendero Peatonal-Parque el diamante CL 78 CR 87 -27 (INTERIOR 7000 ),5200270,LUM LED (KORELED) 44W,2,,LUM LED KORELED 44W,"Tablas 1 al 392_2025.pdf, pagina 89",5200270
2025,89,SS,1180484,Sendero Peatonal-Parque el diamante CL 78 CR 87 -27 (INTERIOR 7000 ),5200419,UCAP POSTE PRFV 8M (ENTERRAR),2,,POSTE PRFV 8M ENTERRAR,"Tablas 1 al 392_2025.pdf, pagina 89",5200419
2025,89,SS,1180484,Sendero Peatonal-Parque el diamante CL 78 CR 87 -27 (INTERIOR 7000 ),5200464,UCAP CABLE CU ENCAUCHETADO 3X14 CU,24,,CABLE CU ENCAUCHETADO 3X14 CU,"Tablas 1 al 392_2025.pdf, pagina 89",5200464
2025,90,SS,1180578,Anden y senderos parque el Triangulo CL 27 POR CR 80,5200231,"UCAP BRAZO 1"" - 0.4M - 0°",6,,BRAZO 1 - 0.4M - 0°,"Tablas 1 al 392_2025.pdf, pagina 90",5200231
2025,90,SS,1180578,Anden y senderos parque el Triangulo CL 27 POR CR 80,5200270,LUM LED (KORELED) 44W,4,,LUM LED KORELED 44W,"Tablas 1 al 392_2025.pdf, pagina 90",5200270
2025,90,SS,1180578,Anden y senderos parque el Triangulo CL 27 POR CR 80,5200419,UCAP POSTE PRFV 8M (ENTERRAR),6,,POSTE PRFV 8M ENTERRAR,"Tablas 1 al 392_2025.pdf, pagina 90",5200419
2025,90,SS,1180578,Anden y senderos parque el Triangulo CL 27 POR CR 80,5200464,UCAP CABLE CU ENCAUCHETADO 3X14 CU,76,,CABLE CU ENCAUCHETADO 3X14 CU,"Tablas 1 al 392_2025.pdf, pagina 90",5200464
2025,90,SS,1180578,Anden y senderos parque el Triangulo CL 27 POR CR 80,5200232,"UCAP BRAZO 1"" - 1.5M - 52°/0°",,2,BRAZO 1 - 1.5M - 52°/0°,"Tablas 1 al 392_2025.pdf, pagina 90",5200232
2025,90,SS,1180578,Anden y senderos parque el Triangulo CL 27 POR CR 80,5200308,UCAP POSTE CONCRETO OCTOG 8M,,3,POSTE CONCRETO OCTOG 8M,"Tablas 1 al 392_2025.pdf, pagina 90",5200308
2025,90,SS,1180578,Anden y senderos parque el Triangulo CL 27 POR CR 80,5200410,UCAP DUPLEX CU 14 AWG-THW 300V,,49,DUPLEX CU 14 AWG-THW 300V,"Tablas 1 al 392_2025.pdf, pagina 90",5200410
2025,91,SS,1180584,SENDEROS PEATONALES CR 80 ENTRE CL 27 Y CL 20,5200419,UCAP POSTE PRFV 8M (ENTERRAR),7,,POSTE PRFV 8M ENTERRAR,"Tablas 1 al 392_2025.pdf, pagina 91",5200419
2025,91,SS,1180584,SENDEROS PEATONALES CR 80 ENTRE CL 27 Y CL 20,5200464,UCAP CABLE CU ENCAUCHETADO 3X14 CU,18,,CABLE CU ENCAUCHETADO 3X14 CU,"Tablas 1 al 392_2025.pdf, pagina 91",5200464
2025,91,SS,1180584,SENDEROS PEATONALES CR 80 ENTRE CL 27 Y CL 20,5200308,UCAP POSTE CONCRETO OCTOG 8M,,1,POSTE CONCRETO OCTOG 8M,"Tablas 1 al 392_2025.pdf, pagina 91",5200308
2025,91,SS,1180584,SENDEROS PEATONALES CR 80 ENTRE CL 27 Y CL 20,5200232,"BRAZO 1"" - 1.5m - 52°/0°",7,7,BRAZO 1 - 1.5M - 52°/0°,"Tablas 1 al 392_2025.pdf, pagina 91",5200232
2025,91,SS,1180584,SENDEROS PEATONALES CR 80 ENTRE CL 27 Y CL 20,5200270,LUM LED (KORELED) 44W,7,7,LUM LED KORELED 44W,"Tablas 1 al 392_2025.pdf, pagina 91",5200270
2025,92,SS,1180590,SENDERO PEATONAL CL 9 C SUR CR 50 FF - 81,5200231,"UCAP BRAZO 1"" - 0.4M - 0°",1,,BRAZO 1 - 0.4M - 0°,"Tablas 1 al 392_2025.pdf, pagina 92",5200231
2025,92,SS,1180590,SENDERO PEATONAL CL 9 C SUR CR 50 FF - 81,5200270,LUM LED (KORELED) 44W,1,,LUM LED KORELED 44W,"Tablas 1 al 392_2025.pdf, pagina 92",5200270
2025,92,SS,1180590,SENDERO PEATONAL CL 9 C SUR CR 50 FF - 81,5200419,UCAP POSTE PRFV 8M (ENTERRAR),1,,POSTE PRFV 8M ENTERRAR,"Tablas 1 al 392_2025.pdf, pagina 92",5200419
2025,92,SS,1180590,SENDERO PEATONAL CL 9 C SUR CR 50 FF - 81,5200464,UCAP CABLE CU ENCAUCHETADO 3X14 CU,12,,CABLE CU ENCAUCHETADO 3X14 CU,"Tablas 1 al 392_2025.pdf, pagina 92",5200464
2025,93,SS,1182452,Sendero Cl 56 C Cr 17 A - 27,5200231,"UCAP BRAZO 1"" - 0.4M - 0°",,1,BRAZO 1 - 0.4M - 0°,"Tablas 1 al 392_2025.pdf, pagina 93",5200231
2025,93,SS,1182452,Sendero Cl 56 C Cr 17 A - 27,5200270,LUM LED (KORELED) 44W,,1,LUM LED KORELED 44W,"Tablas 1 al 392_2025.pdf, pagina 93",5200270
2025,93,SS,1182452,Sendero Cl 56 C Cr 17 A - 27,5200464,UCAP CABLE CU ENCAUCHETADO 3X14 CU,,13,CABLE CU ENCAUCHETADO 3X14 CU,"Tablas 1 al 392_2025.pdf, pagina 93",5200464
2025,94,SS,1182981,Sendero Cr 23 Cl 56 HG - 1 Int 110,5200231,"UCAP BRAZO 1"" - 0.4M - 0°",1,,BRAZO 1 - 0.4M - 0°,"Tablas 1 al 392_2025.pdf, pagina 94",5200231
2025,94,SS,1182981,Sendero Cr 23 Cl 56 HG - 1 Int 110,5200232,"UCAP BRAZO 1"" - 1.5M - 52°/0°",1,,BRAZO 1 - 1.5M - 52°/0°,"Tablas 1 al 392_2025.pdf, pagina 94",5200232
2025,94,SS,1182981,Sendero Cr 23 Cl 56 HG - 1 Int 110,5200270,LUM LED (KORELED) 44W,2,,LUM LED KORELED 44W,"Tablas 1 al 392_2025.pdf, pagina 94",5200270
2025,95,SS,1183919,Sendero Cr 25 A Cl 40 - 28,5200231,"UCAP BRAZO 1"" - 0.4M - 0°",7,,BRAZO 1 - 0.4M - 0°,"Tablas 1 al 392_2025.pdf, pagina 95",5200231
2025,95,SS,1183919,Sendero Cr 25 A Cl 40 - 28,5200270,LUM LED (KORELED) 44W,7,,LUM LED KORELED 44W,"Tablas 1 al 392_2025.pdf, pagina 95",5200270
2025,95,SS,1183919,Sendero Cr 25 A Cl 40 - 28,5200308,UCAP POSTE CONCRETO OCTOG 8M,5,,POSTE CONCRETO OCTOG 8M,"Tablas 1 al 392_2025.pdf, pagina 95",5200308
2025,95,SS,1183919,Sendero Cr 25 A Cl 40 - 28,5200464,UCAP CABLE CU ENCAUCHETADO 3X14 CU,111,,CABLE CU ENCAUCHETADO 3X14 CU,"Tablas 1 al 392_2025.pdf, pagina 95",5200464
2025,96,SS,1184148,Sendero Cr 26 BC Cl 56 D - 14,5200231,"UCAP BRAZO 1"" - 0.4M - 0°",1,,BRAZO 1 - 0.4M - 0°,"Tablas 1 al 392_2025.pdf, pagina 96",5200231
2025,96,SS,1184148,Sendero Cr 26 BC Cl 56 D - 14,5200270,LUM LED (KORELED) 44W,1,,LUM LED KORELED 44W,"Tablas 1 al 392_2025.pdf, pagina 96",5200270
2025,97,SS,1159547,SMAP-0221-25 CR 34 CL 10A Y CL 10A CR 34,5200232,"UCAP BRAZO 1"" - 1.5M - 52°/0°",2,,BRAZO 1 - 1.5M - 52°/0°,"Tablas 1 al 392_2025.pdf, pagina 97",5200232
2025,97,SS,1159547,SMAP-0221-25 CR 34 CL 10A Y CL 10A CR 34,5200270,LUM LED (KORELED) 44W,3,,LUM LED KORELED 44W,"Tablas 1 al 392_2025.pdf, pagina 97",5200270
2025,97,SS,1159547,SMAP-0221-25 CR 34 CL 10A Y CL 10A CR 34,5200302,UCAP POSTE CONCRETO CARABOBO 5M,1,,POSTE CONCRETO CARABOBO 5M,"Tablas 1 al 392_2025.pdf, pagina 97",5200302
2025,97,SS,1159547,SMAP-0221-25 CR 34 CL 10A Y CL 10A CR 34,5200422,CABLE FZA AL 3X6 AWG XLPE 600V 90°C ENTERRADO,11,,CABLE FZA AL 3X6 AWG XLPE 600V 90°C ENTERRADO,"Tablas 1 al 392_2025.pdf, pagina 97",5200422
2025,97,SS,1159547,SMAP-0221-25 CR 34 CL 10A Y CL 10A CR 34,5200501,UCAP CAJA CONCRETO 50X50 CM,1,,CAJA CONCRETO 50X50 CM,"Tablas 1 al 392_2025.pdf, pagina 97",5200501
2025,97,SS,1159547,SMAP-0221-25 CR 34 CL 10A Y CL 10A CR 34,5200238,BRAZO CARABOBO SENCILLO,1,,BRAZO CARABOBO SENCILLO,"Tablas 1 al 392_2025.pdf, pagina 97",5200238
2025,98,SS,1185090,Cr 29 A Cl 58 A,5200219,UCAP LUMINARIA 250W,,1,LUMINARIA 250W,"Tablas 1 al 392_2025.pdf, pagina 98",5200219
2025,98,SS,1185090,Cr 29 A Cl 58 A,5200203,UCAP BOMBILLO 250W,,1,BOMBILLO 250W,"Tablas 1 al 392_2025.pdf, pagina 98",5200203
2025,98,SS,1185090,Cr 29 A Cl 58 A,5200235,"UCAP BRAZO 1 1/2"" - 1.5M - 52°/0°",,1,BRAZO 1 1/2 - 1.5M - 52°/0°,"Tablas 1 al 392_2025.pdf, pagina 98",5200235
2025,98,SS,1185090,Cr 29 A Cl 58 A,5200410,UCAP DUPLEX CU 14 AWG-THW 300V,,27,DUPLEX CU 14 AWG-THW 300V,"Tablas 1 al 392_2025.pdf, pagina 98",5200410
2025,99,SS,1185100,SMAP-0226-25 Cr 55 Cl 96,5200270,LUM LED (KORELED) 44W,10,,LUM LED KORELED 44W,"Tablas 1 al 392_2025.pdf, pagina 99",5200270
2025,99,SS,1185100,SMAP-0226-25 Cr 55 Cl 96,5200217,UCAP LUMINARIA 70W,,10,LUMINARIA 70W,"Tablas 1 al 392_2025.pdf, pagina 99",5200217
2025,99,SS,1185100,SMAP-0226-25 Cr 55 Cl 96,5200201,UCAP BOMBILLO 70W,,10,BOMBILLO 70W,"Tablas 1 al 392_2025.pdf, pagina 99",5200201
2025,100,SS,1185117,SMAP-0228-25 CR 39 CL 62 - 54,5200218,UCAP LUMINARIA 150W,,1,LUMINARIA 150W,"Tablas 1 al 392_2025.pdf, pagina 100",5200218
2025,100,SS,1185117,SMAP-0228-25 CR 39 CL 62 - 54,5200202,UCAP BOMBILLO 150W,,1,BOMBILLO 150W,"Tablas 1 al 392_2025.pdf, pagina 100",5200202
2025,100,SS,1185117,SMAP-0228-25 CR 39 CL 62 - 54,5200236,"UCAP BRAZO 1 1/2"" - 1.5M - 52°/20°",,1,BRAZO 1 1/2 - 1.5M - 52°/20°,"Tablas 1 al 392_2025.pdf, pagina 100",5200236
2025,101,SS,1185178,SMAP-CIL-0237-25 CR 85 CL 45BSUR-111,5200235,"UCAP BRAZO 1 1/2"" - 1.5M - 52°/0°",3,,BRAZO 1 1/2 - 1.5M - 52°/0°,"Tablas 1 al 392_2025.pdf, pagina 101",5200235
2025,101,SS,1185178,SMAP-CIL-0237-25 CR 85 CL 45BSUR-111,5200272,LUM LED (SEPIALED II) 128W,3,,LUM LED SEPIALED II 128W,"Tablas 1 al 392_2025.pdf, pagina 101",5200272
2025,101,SS,1185178,SMAP-CIL-0237-25 CR 85 CL 45BSUR-111,5200217,UCAP LUMINARIA 70W,,3,LUMINARIA 70W,"Tablas 1 al 392_2025.pdf, pagina 101",5200217
2025,101,SS,1185178,SMAP-CIL-0237-25 CR 85 CL 45BSUR-111,5200201,UCAP BOMBILLO 70W,,3,BOMBILLO 70W,"Tablas 1 al 392_2025.pdf, pagina 101",5200201
2025,101,SS,1185178,SMAP-CIL-0237-25 CR 85 CL 45BSUR-111,5200236,"UCAP BRAZO 1 1/2"" - 1.5M - 52°/20°",,3,BRAZO 1 1/2 - 1.5M - 52°/20°,"Tablas 1 al 392_2025.pdf, pagina 101",5200236
2025,102,SS,1185191,SMAP-0239-25 CR 17 CL 50 - 4,5200232,"UCAP BRAZO 1"" - 1.5M - 52°/0°",2,2,BRAZO 1 - 1.5M - 52°/0°,"Tablas 1 al 392_2025.pdf, pagina 102",5200232
2025,102,SS,1185191,SMAP-0239-25 CR 17 CL 50 - 4,5200270,LUM LED (KORELED) 44W,2,,LUM LED KORELED 44W,"Tablas 1 al 392_2025.pdf, pagina 102",5200270
2025,102,SS,1185191,SMAP-0239-25 CR 17 CL 50 - 4,5200217,UCAP LUMINARIA 70W,,2,LUMINARIA 70W,"Tablas 1 al 392_2025.pdf, pagina 102",5200217
2025,102,SS,1185191,SMAP-0239-25 CR 17 CL 50 - 4,5200201,UCAP BOMBILLO 70W,,2,BOMBILLO 70W,"Tablas 1 al 392_2025.pdf, pagina 102",5200201
2025,103,SS,1186408,Vía M4 Cr 28 Cl 94 B - 39,5200232,"UCAP BRAZO 1"" - 1.5M - 52°/0°",2,,BRAZO 1 - 1.5M - 52°/0°,"Tablas 1 al 392_2025.pdf, pagina 103",5200232
2025,103,SS,1186408,Vía M4 Cr 28 Cl 94 B - 39,5200270,LUM LED (KORELED) 44W,2,,LUM LED KORELED 44W,"Tablas 1 al 392_2025.pdf, pagina 103",5200270
2025,103,SS,1186408,Vía M4 Cr 28 Cl 94 B - 39,5200419,UCAP POSTE PRFV 8M (ENTERRAR),2,,POSTE PRFV 8M ENTERRAR,"Tablas 1 al 392_2025.pdf, pagina 103",5200419
2025,103,SS,1186408,Vía M4 Cr 28 Cl 94 B - 39,5200464,UCAP CABLE CU ENCAUCHETADO 3X14 CU,35,,CABLE CU ENCAUCHETADO 3X14 CU,"Tablas 1 al 392_2025.pdf, pagina 103",5200464
2025,104,SS,1187013,Sendero Cr 23 Cl 91 B - 12 Int 110,5200231,"UCAP BRAZO 1"" - 0.4M - 0°",1,,BRAZO 1 - 0.4M - 0°,"Tablas 1 al 392_2025.pdf, pagina 104",5200231
2025,104,SS,1187013,Sendero Cr 23 Cl 91 B - 12 Int 110,5200270,LUM LED (KORELED) 44W,1,,LUM LED KORELED 44W,"Tablas 1 al 392_2025.pdf, pagina 104",5200270
2025,104,SS,1187013,Sendero Cr 23 Cl 91 B - 12 Int 110,5200464,UCAP CABLE CU ENCAUCHETADO 3X14 CU,26,,CABLE CU ENCAUCHETADO 3X14 CU,"Tablas 1 al 392_2025.pdf, pagina 104",5200464
2025,105,SS,1188403,PLACA CUBIERTA FLORENCIA CR 70 CL 117,5200799,CONTROL TEMPORIZADO 25 A,1,,CONTROL TEMPORIZADO 25 A,"Tablas 1 al 392_2025.pdf, pagina 105",5200799
2025,106,SS,1188410,"CANCHAS ARENILLA, BALONCESTO, VOLEY Y PISTA GRATAMIRA CL 105 POR CR 64 E",5200407,"UCAP TRIPLEX AL 2X4+1X4 XLP,AEREO",200,,TRIPLEX AL 2X4+1X4 XLP AEREO,"Tablas 1 al 392_2025.pdf, pagina 106",5200407
2025,106,SS,1188410,"CANCHAS ARENILLA, BALONCESTO, VOLEY Y PISTA GRATAMIRA CL 105 POR CR 64 E",5200799,CONTROL TEMPORIZADO 25 A,1,,CONTROL TEMPORIZADO 25 A,"Tablas 1 al 392_2025.pdf, pagina 106",5200799
2025,107,SS,1188423,CANCHA POLIDEPORTIVA TEJELO N.1 CR 70 POR CL 108,5200464,UCAP CABLE CU ENCAUCHETADO 3X14 CU,30,,CABLE CU ENCAUCHETADO 3X14 CU,"Tablas 1 al 392_2025.pdf, pagina 107",5200464
2025,107,SS,1188423,CANCHA POLIDEPORTIVA TEJELO N.1 CR 70 POR CL 108,5200799,CONTROL TEMPORIZADO 25 A,2,,CONTROL TEMPORIZADO 25 A,"Tablas 1 al 392_2025.pdf, pagina 107",5200799
2025,108,SS,1188428,CANCHA CUBIERTA Y DE BALONCESTO CORDOBA CR 67A CL 80 - 90,5200407,"UCAP TRIPLEX AL 2X4+1X4 XLP,AEREO",47,,TRIPLEX AL 2X4+1X4 XLP AEREO,"Tablas 1 al 392_2025.pdf, pagina 108",5200407
2025,108,SS,1188428,CANCHA CUBIERTA Y DE BALONCESTO CORDOBA CR 67A CL 80 - 90,5200464,UCAP CABLE CU ENCAUCHETADO 3X14 CU,5,,CABLE CU ENCAUCHETADO 3X14 CU,"Tablas 1 al 392_2025.pdf, pagina 108",5200464
2025,108,SS,1188428,CANCHA CUBIERTA Y DE BALONCESTO CORDOBA CR 67A CL 80 - 90,5200799,CONTROL TEMPORIZADO 25 A,1,,CONTROL TEMPORIZADO 25 A,"Tablas 1 al 392_2025.pdf, pagina 108",5200799
2025,109,SS,1189253,Sendero Cr 28 Cl 91 - 66 Int 110,5200231,"UCAP BRAZO 1"" - 0.4M - 0°",1,,BRAZO 1 - 0.4M - 0°,"Tablas 1 al 392_2025.pdf, pagina 109",5200231
2025,109,SS,1189253,Sendero Cr 28 Cl 91 - 66 Int 110,5200270,LUM LED (KORELED) 44W,1,,LUM LED KORELED 44W,"Tablas 1 al 392_2025.pdf, pagina 109",5200270
2025,110,SS,1189341,Sendero peatonal-Corregimiento Altavista CR 112 CL 12-133,5200231,"UCAP BRAZO 1"" - 0.4M - 0°",1,,BRAZO 1 - 0.4M - 0°,"Tablas 1 al 392_2025.pdf, pagina 110",5200231
2025,110,SS,1189341,Sendero peatonal-Corregimiento Altavista CR 112 CL 12-133,5200270,LUM LED (KORELED) 44W,1,,LUM LED KORELED 44W,"Tablas 1 al 392_2025.pdf, pagina 110",5200270
2025,110,SS,1189341,Sendero peatonal-Corregimiento Altavista CR 112 CL 12-133,5200308,UCAP POSTE CONCRETO OCTOG 8M,1,,POSTE CONCRETO OCTOG 8M,"Tablas 1 al 392_2025.pdf, pagina 110",5200308
2025,110,SS,1189341,Sendero peatonal-Corregimiento Altavista CR 112 CL 12-133,5200464,UCAP CABLE CU ENCAUCHETADO 3X14 CU,18,,CABLE CU ENCAUCHETADO 3X14 CU,"Tablas 1 al 392_2025.pdf, pagina 110",5200464
2025,111,SS,1189823,ANDEN CR 75 CL 44A -26,5200231,"UCAP BRAZO 1"" - 0.4M - 0°",1,,BRAZO 1 - 0.4M - 0°,"Tablas 1 al 392_2025.pdf, pagina 111",5200231
2025,111,SS,1189823,ANDEN CR 75 CL 44A -26,5200270,LUM LED (KORELED) 44W,1,,LUM LED KORELED 44W,"Tablas 1 al 392_2025.pdf, pagina 111",5200270
2025,112,SS,1190152,Sendero CR 52 CL 125 - 26,5200231,"UCAP BRAZO 1"" - 0.4M - 0°",2,,BRAZO 1 - 0.4M - 0°,"Tablas 1 al 392_2025.pdf, pagina 112",5200231
2025,112,SS,1190152,Sendero CR 52 CL 125 - 26,5200270,LUM LED (KORELED) 44W,2,,LUM LED KORELED 44W,"Tablas 1 al 392_2025.pdf, pagina 112",5200270
2025,112,SS,1190152,Sendero CR 52 CL 125 - 26,5200419,UCAP POSTE PRFV 8M (ENTERRAR),2,,POSTE PRFV 8M ENTERRAR,"Tablas 1 al 392_2025.pdf, pagina 112",5200419
2025,112,SS,1190152,Sendero CR 52 CL 125 - 26,5200464,UCAP CABLE CU ENCAUCHETADO 3X14 CU,33,,CABLE CU ENCAUCHETADO 3X14 CU,"Tablas 1 al 392_2025.pdf, pagina 112",5200464
2025,112,SS,1190152,Sendero CR 52 CL 125 - 26,5200217,UCAP LUMINARIA 70W,,1,LUMINARIA 70W,"Tablas 1 al 392_2025.pdf, pagina 112",5200217
2025,112,SS,1190152,Sendero CR 52 CL 125 - 26,5200201,UCAP BOMBILLO 70W,,1,BOMBILLO 70W,"Tablas 1 al 392_2025.pdf, pagina 112",5200201
2025,112,SS,1190152,Sendero CR 52 CL 125 - 26,5200232,"UCAP BRAZO 1"" - 1.5M - 52°/0°",,1,BRAZO 1 - 1.5M - 52°/0°,"Tablas 1 al 392_2025.pdf, pagina 112",5200232
2025,113,SS,1191012,SMAP-CIL-0248-25 SENDERO PEATONAL CL 67 CR 149-31,5200231,"UCAP BRAZO 1"" - 0.4M - 0°",1,,BRAZO 1 - 0.4M - 0°,"Tablas 1 al 392_2025.pdf, pagina 113",5200231
2025,113,SS,1191012,SMAP-CIL-0248-25 SENDERO PEATONAL CL 67 CR 149-31,5200270,LUM LED (KORELED) 44W,1,,LUM LED KORELED 44W,"Tablas 1 al 392_2025.pdf, pagina 113",5200270
2025,113,SS,1191012,SMAP-CIL-0248-25 SENDERO PEATONAL CL 67 CR 149-31,5200217,UCAP LUMINARIA 70W,,1,LUMINARIA 70W,"Tablas 1 al 392_2025.pdf, pagina 113",5200217
2025,113,SS,1191012,SMAP-CIL-0248-25 SENDERO PEATONAL CL 67 CR 149-31,5200201,UCAP BOMBILLO 70W,,1,BOMBILLO 70W,"Tablas 1 al 392_2025.pdf, pagina 113",5200201
2025,113,SS,1191012,SMAP-CIL-0248-25 SENDERO PEATONAL CL 67 CR 149-31,5200232,"UCAP BRAZO 1"" - 1.5M - 52°/0°",,1,BRAZO 1 - 1.5M - 52°/0°,"Tablas 1 al 392_2025.pdf, pagina 113",5200232
2025,114,SS,1191037,SMAP-0251-25 CL 71 B CR 23 B -61 INT 112,5200231,"UCAP BRAZO 1"" - 0.4M - 0°",1,,BRAZO 1 - 0.4M - 0°,"Tablas 1 al 392_2025.pdf, pagina 114",5200231
2025,114,SS,1191037,SMAP-0251-25 CL 71 B CR 23 B -61 INT 112,5200232,"UCAP BRAZO 1"" - 1.5M - 52°/0°",1,2,BRAZO 1 - 1.5M - 52°/0°,"Tablas 1 al 392_2025.pdf, pagina 114",5200232
2025,114,SS,1191037,SMAP-0251-25 CL 71 B CR 23 B -61 INT 112,5200270,LUM LED (KORELED) 44W,2,,LUM LED KORELED 44W,"Tablas 1 al 392_2025.pdf, pagina 114",5200270
2025,114,SS,1191037,SMAP-0251-25 CL 71 B CR 23 B -61 INT 112,5200464,UCAP CABLE CU ENCAUCHETADO 3X14 CU,34,,CABLE CU ENCAUCHETADO 3X14 CU,"Tablas 1 al 392_2025.pdf, pagina 114",5200464
2025,114,SS,1191037,SMAP-0251-25 CL 71 B CR 23 B -61 INT 112,5200217,UCAP LUMINARIA 70W,,2,LUMINARIA 70W,"Tablas 1 al 392_2025.pdf, pagina 114",5200217
2025,114,SS,1191037,SMAP-0251-25 CL 71 B CR 23 B -61 INT 112,5200201,UCAP BOMBILLO 70W,,2,BOMBILLO 70W,"Tablas 1 al 392_2025.pdf, pagina 114",5200201
2025,114,SS,1191037,SMAP-0251-25 CL 71 B CR 23 B -61 INT 112,5200410,UCAP DUPLEX CU 14 AWG-THW 300V,,30,DUPLEX CU 14 AWG-THW 300V,"Tablas 1 al 392_2025.pdf, pagina 114",5200410
2025,115,SS,1191228,Sendero Peatonal - Antonio Nariño CL 48B CR 107B -29 (INTERIOR 168),5200231,"UCAP BRAZO 1"" - 0.4M - 0°",2,,BRAZO 1 - 0.4M - 0°,"Tablas 1 al 392_2025.pdf, pagina 115",5200231
2025,115,SS,1191228,Sendero Peatonal - Antonio Nariño CL 48B CR 107B -29 (INTERIOR 168),5200270,LUM LED (KORELED) 44W,2,,LUM LED KORELED 44W,"Tablas 1 al 392_2025.pdf, pagina 115",5200270
2025,116,SS,1191527,"Vía vehicular - San Antonio de Prado 6.190473, -75.667021",5200235,"UCAP BRAZO 1 1/2"" - 1.5M - 52°/0°",2,,BRAZO 1 1/2 - 1.5M - 52°/0°,"Tablas 1 al 392_2025.pdf, pagina 116",5200235
2025,116,SS,1191527,"Vía vehicular - San Antonio de Prado 6.190473, -75.667021",5200269,"LUM LED 110,7 (RALED II)",2,,LUM LED 110 7 RALED II,"Tablas 1 al 392_2025.pdf, pagina 116",5200269
2025,116,SS,1191527,"Vía vehicular - San Antonio de Prado 6.190473, -75.667021",5200308,UCAP POSTE CONCRETO OCTOG 8M,1,,POSTE CONCRETO OCTOG 8M,"Tablas 1 al 392_2025.pdf, pagina 116",5200308
2025,116,SS,1191527,"Vía vehicular - San Antonio de Prado 6.190473, -75.667021",5200407,"UCAP TRIPLEX AL 2X4+1X4 XLP,AEREO",20,,TRIPLEX AL 2X4+1X4 XLP AEREO,"Tablas 1 al 392_2025.pdf, pagina 116",5200407
2025,117,SS,1195598,SMAP-0263-25 CL 67 CR 48,5200231,"UCAP BRAZO 1"" - 0.4M - 0°",2,,BRAZO 1 - 0.4M - 0°,"Tablas 1 al 392_2025.pdf, pagina 117",5200231
2025,117,SS,1195598,SMAP-0263-25 CL 67 CR 48,5200270,LUM LED (KORELED) 44W,2,,LUM LED KORELED 44W,"Tablas 1 al 392_2025.pdf, pagina 117",5200270
2025,117,SS,1195598,SMAP-0263-25 CL 67 CR 48,5200419,UCAP POSTE PRFV 8M (ENTERRAR),2,,POSTE PRFV 8M ENTERRAR,"Tablas 1 al 392_2025.pdf, pagina 117",5200419
2025,117,SS,1195598,SMAP-0263-25 CL 67 CR 48,5200464,UCAP CABLE CU ENCAUCHETADO 3X14 CU,24,,CABLE CU ENCAUCHETADO 3X14 CU,"Tablas 1 al 392_2025.pdf, pagina 117",5200464
2025,118,SS,1159547,Sendero peatonal-Las independencias Cll 34 DD # 111 B 27,5200231,"UCAP BRAZO 1"" - 0.4M - 0°",1,1,BRAZO 1 - 0.4M - 0°,"Tablas 1 al 392_2025.pdf, pagina 118",5200231
2025,118,SS,1159547,Sendero peatonal-Las independencias Cll 34 DD # 111 B 27,5200270,LUM LED (KORELED) 44W,1,,LUM LED KORELED 44W,"Tablas 1 al 392_2025.pdf, pagina 118",5200270
2025,118,SS,1159547,Sendero peatonal-Las independencias Cll 34 DD # 111 B 27,5200217,UCAP LUMINARIA 70W,,1,LUMINARIA 70W,"Tablas 1 al 392_2025.pdf, pagina 118",5200217
2025,118,SS,1159547,Sendero peatonal-Las independencias Cll 34 DD # 111 B 27,5200201,UCAP BOMBILLO 70W,,1,BOMBILLO 70W,"Tablas 1 al 392_2025.pdf, pagina 118",5200201
2025,119,SS,203612,"VIA SECUNDARIA, CL 11 B CR 36 B 65",5200206,Luminaria LED 56W Horizontal,3,,LUMINARIA LED 56W HORIZONTAL,"Tablas 1 al 392_2025.pdf, pagina 119",5200206
2025,119,SS,203612,"VIA SECUNDARIA, CL 11 B CR 36 B 65",5200232,"BRAZO 1"" - 1.5m - 52°/0°",3,,BRAZO 1 - 1.5M - 52°/0°,"Tablas 1 al 392_2025.pdf, pagina 119",5200232
2025,119,SS,203612,"VIA SECUNDARIA, CL 11 B CR 36 B 65",5200419,Poste PRFV 8m (Enterrar),3,,POSTE PRFV 8M ENTERRAR,"Tablas 1 al 392_2025.pdf, pagina 119",5200419
2025,119,SS,203612,"VIA SECUNDARIA, CL 11 B CR 36 B 65",5200407,"triplex Al 2x4+1x4 xlp,aereo",42,,TRIPLEX AL 2X4+1X4 XLP AEREO,"Tablas 1 al 392_2025.pdf, pagina 119",5200407
2025,120,SN,730577,PARQUE CL 105 CA CR 48 AA - 77,5200270,LUM LED (KORELED) 44W,2,,LUM LED KORELED 44W,"Tablas 1 al 392_2025.pdf, pagina 120",5200270
2025,120,SN,730577,PARQUE CL 105 CA CR 48 AA - 77,5200232,"BR 1"" - 1.5M - 52°/0°",2,,BR 1 - 1.5M - 52°/0°,"Tablas 1 al 392_2025.pdf, pagina 120",5200232
2025,120,SN,730577,PARQUE CL 105 CA CR 48 AA - 77,5200419,POST PRFV 8M 510KGF,1,,POST PRFV 8M 510KGF,"Tablas 1 al 392_2025.pdf, pagina 120",5200419
2025,120,SN,730577,PARQUE CL 105 CA CR 48 AA - 77,5200464,CABL CU 3X14 (ENCAU),19,,CABL CU 3X14 ENCAU,"Tablas 1 al 392_2025.pdf, pagina 120",5200464
2025,121,SN,757923,"Transversal 53A x carrera 65, Barrio Carlos E Transversal 53A x carrera 65",5200232,"UCAP BRAZO 1"" - 1.5M - 52°/0°",14,4,BRAZO 1 - 1.5M - 52°/0°,"Tablas 1 al 392_2025.pdf, pagina 121",5200232
2025,121,SN,757923,"Transversal 53A x carrera 65, Barrio Carlos E Transversal 53A x carrera 65",5200239,UCAP BRAZO DOBLE CARABOBO,1,3,BRAZO DOBLE CARABOBO,"Tablas 1 al 392_2025.pdf, pagina 121",5200239
2025,121,SN,757923,"Transversal 53A x carrera 65, Barrio Carlos E Transversal 53A x carrera 65",5200270,LUM LED (KORELED) 44W,9,,LUM LED KORELED 44W,"Tablas 1 al 392_2025.pdf, pagina 121",5200270
2025,121,SN,757923,"Transversal 53A x carrera 65, Barrio Carlos E Transversal 53A x carrera 65",5200293,LUM LED (OMEGA II) 64.5W,13,,LUM LED OMEGA II 64.5W,"Tablas 1 al 392_2025.pdf, pagina 121",5200293
2025,121,SN,757923,"Transversal 53A x carrera 65, Barrio Carlos E Transversal 53A x carrera 65",5200301,UCAP POSTE CONCRETO REDONDO 9M.,2,,POSTE CONCRETO REDONDO 9M,"Tablas 1 al 392_2025.pdf, pagina 121",5200301
2025,121,SN,757923,"Transversal 53A x carrera 65, Barrio Carlos E Transversal 53A x carrera 65",5200302,UCAP POSTE CONCRETO CARABOBO 5M,7,3,POSTE CONCRETO CARABOBO 5M,"Tablas 1 al 392_2025.pdf, pagina 121",5200302
2025,121,SN,757923,"Transversal 53A x carrera 65, Barrio Carlos E Transversal 53A x carrera 65",5200308,UCAP POSTE CONCRETO OCTOG 8M,2,,POSTE CONCRETO OCTOG 8M,"Tablas 1 al 392_2025.pdf, pagina 121",5200308
2025,121,SN,757923,"Transversal 53A x carrera 65, Barrio Carlos E Transversal 53A x carrera 65",5200422,CABLE FZA AL 3X6 AWG XLPE 600V 90°C ENTERRADO,57,,CABLE FZA AL 3X6 AWG XLPE 600V 90°C ENTERRADO,"Tablas 1 al 392_2025.pdf, pagina 121",5200422
2025,121,SN,757923,"Transversal 53A x carrera 65, Barrio Carlos E Transversal 53A x carrera 65",5200464,UCAP CABLE CU ENCAUCHETADO 3X14 CU,74,,CABLE CU ENCAUCHETADO 3X14 CU,"Tablas 1 al 392_2025.pdf, pagina 121",5200464
2025,121,SN,757923,"Transversal 53A x carrera 65, Barrio Carlos E Transversal 53A x carrera 65",5200501,UCAP CAJA CONCRETO 50X50 CM,7,,CAJA CONCRETO 50X50 CM,"Tablas 1 al 392_2025.pdf, pagina 121",5200501
2025,121,SN,757923,"Transversal 53A x carrera 65, Barrio Carlos E Transversal 53A x carrera 65",5200238,BRAZO CARABOBO SENCILLO,6,,BRAZO CARABOBO SENCILLO,"Tablas 1 al 392_2025.pdf, pagina 121",5200238
2025,121,SN,757923,"Transversal 53A x carrera 65, Barrio Carlos E Transversal 53A x carrera 65",5200217,UCAP LUMINARIA 70W,,10,LUMINARIA 70W,"Tablas 1 al 392_2025.pdf, pagina 121",5200217
2025,121,SN,757923,"Transversal 53A x carrera 65, Barrio Carlos E Transversal 53A x carrera 65",5200201,UCAP BOMBILLO 70W,,10,BOMBILLO 70W,"Tablas 1 al 392_2025.pdf, pagina 121",5200201
2025,121,SN,757923,"Transversal 53A x carrera 65, Barrio Carlos E Transversal 53A x carrera 65",5200218,UCAP LUMINARIA 150W,,6,LUMINARIA 150W,"Tablas 1 al 392_2025.pdf, pagina 121",5200218
2025,121,SN,757923,"Transversal 53A x carrera 65, Barrio Carlos E Transversal 53A x carrera 65",5200202,UCAP BOMBILLO 150W,,6,BOMBILLO 150W,"Tablas 1 al 392_2025.pdf, pagina 121",5200202
2025,121,SN,757923,"Transversal 53A x carrera 65, Barrio Carlos E Transversal 53A x carrera 65",5200235,"UCAP BRAZO 1 1/2"" - 1.5M - 52°/0°",,6,BRAZO 1 1/2 - 1.5M - 52°/0°,"Tablas 1 al 392_2025.pdf, pagina 121",5200235
2025,122,SN,949429,Cr 88 Cl 77 AC - 25,5200270,LUM LED (KORELED) 44W,12,,LUM LED KORELED 44W,"Tablas 1 al 392_2025.pdf, pagina 122",5200270
2025,122,SN,949429,Cr 88 Cl 77 AC - 25,5200232,"BR 1"" - 1.5M - 52°/0°",12,11,BR 1 - 1.5M - 52°/0°,"Tablas 1 al 392_2025.pdf, pagina 122",5200232
2025,122,SN,949429,Cr 88 Cl 77 AC - 25,5200464,CABL CU 3X14 (ENCAU),16,,CABL CU 3X14 ENCAU,"Tablas 1 al 392_2025.pdf, pagina 122",5200464
2025,122,SN,949429,Cr 88 Cl 77 AC - 25,5200217,RET - LUM 70W,,11,RET - LUM 70W,"Tablas 1 al 392_2025.pdf, pagina 122",5200217
2025,122,SN,949429,Cr 88 Cl 77 AC - 25,5200201,RET - BOMB 70W,,11,RET - BOMB 70W,"Tablas 1 al 392_2025.pdf, pagina 122",5200201
2025,122,SN,949429,Cr 88 Cl 77 AC - 25,5200410,RET - DUPLEX CU 14 AWG,,16,RET - DUPLEX CU 14 AWG,"Tablas 1 al 392_2025.pdf, pagina 122",5200410
2025,123,SN,991750,CR 109 CL 36 - 90 INT 140,5200270,LUM LED (KORELED) 44W,1,,LUM LED KORELED 44W,"Tablas 1 al 392_2025.pdf, pagina 123",5200270
2025,123,SN,991750,CR 109 CL 36 - 90 INT 140,5200231,"BR 1"" - 0.4M - 0°",1,,BR 1 - 0.4M - 0°,"Tablas 1 al 392_2025.pdf, pagina 123",5200231
2025,124,SN,993908,SENDERO PEATONAL CL 32 F CR 65 C 36,5200270,LUM LED (KORELED) 44W,1,,LUM LED KORELED 44W,"Tablas 1 al 392_2025.pdf, pagina 124",5200270
2025,124,SN,993908,SENDERO PEATONAL CL 32 F CR 65 C 36,5200231,"BRAZO 1"" - 0.4m - 0°",1,,BRAZO 1 - 0.4M - 0°,"Tablas 1 al 392_2025.pdf, pagina 124",5200231
2025,125,SN,1053931,Via secundaria CR 85 CL 19A-38,5200270,LUM LED (KORELED) 44W,1,,LUM LED KORELED 44W,"Tablas 1 al 392_2025.pdf, pagina 125",5200270
2025,125,SN,1053931,Via secundaria CR 85 CL 19A-38,5200308,POST CONC 8M 510KGF OCT,1,,POST CONC 8M 510KGF OCT,"Tablas 1 al 392_2025.pdf, pagina 125",5200308
2025,125,SN,1053931,Via secundaria CR 85 CL 19A-38,5200464,CABL CU 3X14 (ENCAU),2221,,CABL CU 3X14 ENCAU,"Tablas 1 al 392_2025.pdf, pagina 125",5200464
2025,125,SN,1053931,Via secundaria CR 85 CL 19A-38,5200232,"BR 1"" - 1.5M - 52°/0°",1,,BR 1 - 1.5M - 52°/0°,"Tablas 1 al 392_2025.pdf, pagina 125",5200232
2025,126,SN,1055671,VIA PRINCIPAL CL 18 CR 93A-13,5200272,LUM LED (SEPIALED II) 128W,1,,LUM LED SEPIALED II 128W,"Tablas 1 al 392_2025.pdf, pagina 126",5200272
2025,126,SN,1055671,VIA PRINCIPAL CL 18 CR 93A-13,5200301,POST CONC 9M 510KGF AP,1,,POST CONC 9M 510KGF AP,"Tablas 1 al 392_2025.pdf, pagina 126",5200301
2025,126,SN,1055671,VIA PRINCIPAL CL 18 CR 93A-13,5200235,"BR 1 1/2"" - 1.5M - 52°/0°",1,,BR 1 1/2 - 1.5M - 52°/0°,"Tablas 1 al 392_2025.pdf, pagina 126",5200235
2025,126,SN,1055671,VIA PRINCIPAL CL 18 CR 93A-13,5200464,CABL CU 3X14 (ENCAU),1280,,CABL CU 3X14 ENCAU,"Tablas 1 al 392_2025.pdf, pagina 126",5200464
2025,127,SN,1059482,SENDERO PEATONAL SOL COMUNIDAD CALLE 34AB N° 118-10,5200270,LUM LED (KORELED) 44W,1,,LUM LED KORELED 44W,"Tablas 1 al 392_2025.pdf, pagina 127",5200270
2025,127,SN,1059482,SENDERO PEATONAL SOL COMUNIDAD CALLE 34AB N° 118-10,5200231,"BR 1"" - 0.4M - 0°",1,,BR 1 - 0.4M - 0°,"Tablas 1 al 392_2025.pdf, pagina 127",5200231
2025,127,SN,1059482,SENDERO PEATONAL SOL COMUNIDAD CALLE 34AB N° 118-10,5200419,POST PRFV 8M 510KGF,1,,POST PRFV 8M 510KGF,"Tablas 1 al 392_2025.pdf, pagina 127",5200419
2025,127,SN,1059482,SENDERO PEATONAL SOL COMUNIDAD CALLE 34AB N° 118-10,5200464,CABL CU 3X14 (ENCAU),4510,,CABL CU 3X14 ENCAU,"Tablas 1 al 392_2025.pdf, pagina 127",5200464
2025,127,SN,1059482,SENDERO PEATONAL SOL COMUNIDAD CALLE 34AB N° 118-10,5200410,Cable cu 14 awg-thw 300v,,16,CABLE CU 14 AWG-THW 300V,"Tablas 1 al 392_2025.pdf, pagina 127",5200410
2025,128,SN,1059488,ANDEN ESCALAS SOL COMUNIDAD CALLE 4C N° 79B 29,5200270,LUM LED (KORELED) 44W,1,,LUM LED KORELED 44W,"Tablas 1 al 392_2025.pdf, pagina 128",5200270
2025,128,SN,1059488,ANDEN ESCALAS SOL COMUNIDAD CALLE 4C N° 79B 29,5200419,POST PRFV 8M 510KGF,1,,POST PRFV 8M 510KGF,"Tablas 1 al 392_2025.pdf, pagina 128",5200419
2025,128,SN,1059488,ANDEN ESCALAS SOL COMUNIDAD CALLE 4C N° 79B 29,5200231,"BR 1"" - 0.4M - 0°",1,,BR 1 - 0.4M - 0°,"Tablas 1 al 392_2025.pdf, pagina 128",5200231
2025,129,SN,1059791,SENDERO PEATONAL CL 66 B CR 91 B - 47 INT 201,5200270,LUM LED (KORELED) 44W,1,,LUM LED KORELED 44W,"Tablas 1 al 392_2025.pdf, pagina 129",5200270
2025,129,SN,1059791,SENDERO PEATONAL CL 66 B CR 91 B - 47 INT 201,5200231,"BR 1"" - 0.4M - 0°",1,,BR 1 - 0.4M - 0°,"Tablas 1 al 392_2025.pdf, pagina 129",5200231
2025,130,SN,1060260,SMAP-DEPI-0173-25 CL 29 CR 43 - 48,5200270,LUM LED (KORELED) 44W,2,,LUM LED KORELED 44W,"Tablas 1 al 392_2025.pdf, pagina 130",5200270
2025,130,SN,1060260,SMAP-DEPI-0173-25 CL 29 CR 43 - 48,5200231,"BR 1"" - 0.4M - 0°",2,2,BR 1 - 0.4M - 0°,"Tablas 1 al 392_2025.pdf, pagina 130",5200231
2025,130,SN,1060260,SMAP-DEPI-0173-25 CL 29 CR 43 - 48,5200419,POST PRFV 8M 510KGF,1,,POST PRFV 8M 510KGF,"Tablas 1 al 392_2025.pdf, pagina 130",5200419
2025,130,SN,1060260,SMAP-DEPI-0173-25 CL 29 CR 43 - 48,5200464,CABL CU 3X14 (ENCAU),5266,,CABL CU 3X14 ENCAU,"Tablas 1 al 392_2025.pdf, pagina 130",5200464
2025,130,SN,1060260,SMAP-DEPI-0173-25 CL 29 CR 43 - 48,5200222,LUM LED (VEGALED) 40W,,2,LUM LED VEGALED 40W,"Tablas 1 al 392_2025.pdf, pagina 130",5200222
2025,131,SN,1060286,SMAP-DEPI-0176-25 CL 45D X CR 14C,5200270,LUM LED (KORELED) 44W,1,,LUM LED KORELED 44W,"Tablas 1 al 392_2025.pdf, pagina 131",5200270
2025,131,SN,1060286,SMAP-DEPI-0176-25 CL 45D X CR 14C,5200232,"BR 1"" - 1.5M - 52°/0°",1,,BR 1 - 1.5M - 52°/0°,"Tablas 1 al 392_2025.pdf, pagina 131",5200232
2025,131,SN,1060286,SMAP-DEPI-0176-25 CL 45D X CR 14C,5200419,Poste PRFV 8m (Enterrar),1,,POSTE PRFV 8M ENTERRAR,"Tablas 1 al 392_2025.pdf, pagina 131",5200419
2025,131,SN,1060286,SMAP-DEPI-0176-25 CL 45D X CR 14C,5200464,Cable Cu encauchetado 3X14 AWG,12,,CABLE CU ENCAUCHETADO 3X14 AWG,"Tablas 1 al 392_2025.pdf, pagina 131",5200464
2025,132,SN,1060295,SENDERO PEATONAL-PARQUE INFANTIL CL 67 CR 43,5200270,LUM LED (KORELED) 44W,2,,LUM LED KORELED 44W,"Tablas 1 al 392_2025.pdf, pagina 132",5200270
2025,132,SN,1060295,SENDERO PEATONAL-PARQUE INFANTIL CL 67 CR 43,5200232,"BR 1"" - 1.5M - 52°/0°",3,,BR 1 - 1.5M - 52°/0°,"Tablas 1 al 392_2025.pdf, pagina 132",5200232
2025,132,SN,1060295,SENDERO PEATONAL-PARQUE INFANTIL CL 67 CR 43,5200419,POST PRFV 8M 510KGF,2,,POST PRFV 8M 510KGF,"Tablas 1 al 392_2025.pdf, pagina 132",5200419
2025,132,SN,1060295,SENDERO PEATONAL-PARQUE INFANTIL CL 67 CR 43,5200293,LUM LED (OMEGA II) 64.5W,1,,LUM LED OMEGA II 64.5W,"Tablas 1 al 392_2025.pdf, pagina 132",5200293
2025,132,SN,1060295,SENDERO PEATONAL-PARQUE INFANTIL CL 67 CR 43,5200464,CABL CU 3X14 (ENCAU),2350,,CABL CU 3X14 ENCAU,"Tablas 1 al 392_2025.pdf, pagina 132",5200464
2025,133,SN,1071103,Callejón Cl 119 Cr 43 AA - 1 Int 120,5200270,LUM LED (KORELED) 44W,1,,LUM LED KORELED 44W,"Tablas 1 al 392_2025.pdf, pagina 133",5200270
2025,133,SN,1071103,Callejón Cl 119 Cr 43 AA - 1 Int 120,5200231,"BR 1"" - 0.4M - 0°",1,,BR 1 - 0.4M - 0°,"Tablas 1 al 392_2025.pdf, pagina 133",5200231
2025,133,SN,1071103,Callejón Cl 119 Cr 43 AA - 1 Int 120,5200464,Cable Cu encauchetado 3X14 AWG,13,,CABLE CU ENCAUCHETADO 3X14 AWG,"Tablas 1 al 392_2025.pdf, pagina 133",5200464
2025,134,SN,1071282,SENDERO PEATONAL -CR 23C- CL 83B-36,5200270,LUM LED (KORELED ) 44W,1,,LUM LED KORELED 44W,"Tablas 1 al 392_2025.pdf, pagina 134",5200270
2025,134,SN,1071282,SENDERO PEATONAL -CR 23C- CL 83B-36,5200231,"BR 1"" - 0.4M - 0°",1,,BR 1 - 0.4M - 0°,"Tablas 1 al 392_2025.pdf, pagina 134",5200231
2025,134,SN,1071282,SENDERO PEATONAL -CR 23C- CL 83B-36,211332,COLLARIN 160MM,1,,COLLARIN 160MM,"Tablas 1 al 392_2025.pdf, pagina 134",211332
2025,134,SN,1071282,SENDERO PEATONAL -CR 23C- CL 83B-36,5200402,ADECUACION SEC RA4-003 TERMINAL,1,,ADECUACION SEC RA4-003 TERMINAL,"Tablas 1 al 392_2025.pdf, pagina 134",5200402
2025,135,SS,191285,"SENDERO PEATONAL, CL 42 CR 80 B 49 INT 702",5200206,Luminaria LED 56W Horizontal,1,,LUMINARIA LED 56W HORIZONTAL,"Tablas 1 al 392_2025.pdf, pagina 135",5200206
2025,135,SS,191285,"SENDERO PEATONAL, CL 42 CR 80 B 49 INT 702",5200231,"BRAZO 1"" - 0.4m - 0°",1,,BRAZO 1 - 0.4M - 0°,"Tablas 1 al 392_2025.pdf, pagina 135",5200231
2025,135,SS,191285,"SENDERO PEATONAL, CL 42 CR 80 B 49 INT 702",5200464,Cable Cu encauchetado 3X14 AWG,1184,,CABLE CU ENCAUCHETADO 3X14 AWG,"Tablas 1 al 392_2025.pdf, pagina 135",5200464
2025,136,SS,226214,"SMAP-UDEA-0408-21, CL 34 AA CR 93 B - 21",5200214,BOMBILLA MH 1000W,,12,BOMBILLA MH 1000W,"Tablas 1 al 392_2025.pdf, pagina 136",5200214
2025,136,SS,226214,"SMAP-UDEA-0408-21, CL 34 AA CR 93 B - 21",5200127,Proy. 1000w.,,12,PROY 1000W,"Tablas 1 al 392_2025.pdf, pagina 136",5200127
2025,136,SS,226214,"SMAP-UDEA-0408-21, CL 34 AA CR 93 B - 21",5200201,BOMBILLA Na 70W,,1,BOMBILLA NA 70W,"Tablas 1 al 392_2025.pdf, pagina 136",5200201
2025,136,SS,226214,"SMAP-UDEA-0408-21, CL 34 AA CR 93 B - 21",5200217,LUMINARIA 70W,,1,LUMINARIA 70W,"Tablas 1 al 392_2025.pdf, pagina 136",5200217
2025,136,SS,226214,"SMAP-UDEA-0408-21, CL 34 AA CR 93 B - 21",5200233,"BRAZO 1"" - 1.5m - 52°/20°",,1,BRAZO 1 - 1.5M - 52°/20°,"Tablas 1 al 392_2025.pdf, pagina 136",5200233
2025,136,SS,226214,"SMAP-UDEA-0408-21, CL 34 AA CR 93 B - 21",5200222,LUMINARIA LED 40W,7,,LUMINARIA LED 40W,"Tablas 1 al 392_2025.pdf, pagina 136",5200222
2025,136,SS,226214,"SMAP-UDEA-0408-21, CL 34 AA CR 93 B - 21",5200232,"BRAZO 1"" - 1.5m - 52°/0°",7,,BRAZO 1 - 1.5M - 52°/0°,"Tablas 1 al 392_2025.pdf, pagina 136",5200232
2025,136,SS,226214,"SMAP-UDEA-0408-21, CL 34 AA CR 93 B - 21",5200419,Poste PRFV 8m (Enterrar),3,,POSTE PRFV 8M ENTERRAR,"Tablas 1 al 392_2025.pdf, pagina 136",5200419
2025,136,SS,226214,"SMAP-UDEA-0408-21, CL 34 AA CR 93 B - 21",5200464,Cable Cu encauchetado 3X14 AWG,24,,CABLE CU ENCAUCHETADO 3X14 AWG,"Tablas 1 al 392_2025.pdf, pagina 136",5200464
2025,136,SS,226214,"SMAP-UDEA-0408-21, CL 34 AA CR 93 B - 21",5200276,PROYEC LED (AREALED II) 212W V-MEDIA,18,,PROYEC LED AREALED II 212W V-MEDIA,"Tablas 1 al 392_2025.pdf, pagina 136",5200276
2025,137,SN,1017980,SENDERO PEATONAL CL 59 C CR 16 D 113,5200270,LUM LED (KORELED) 44W,1,,LUM LED KORELED 44W,"Tablas 1 al 392_2025.pdf, pagina 137",5200270
2025,137,SN,1017980,SENDERO PEATONAL CL 59 C CR 16 D 113,5200231,"BR 1"" - 0.4M - 0°",1,,BR 1 - 0.4M - 0°,"Tablas 1 al 392_2025.pdf, pagina 137",5200231
2025,138,SN,1018608,ANDEN - PLAZOLETA CL 45 E CR 77,5200270,LUM LED (KORELED) 44W,2,,LUM LED KORELED 44W,"Tablas 1 al 392_2025.pdf, pagina 138",5200270
2025,138,SN,1018608,ANDEN - PLAZOLETA CL 45 E CR 77,5200232,"BR 1"" - 1.5M - 52°/0°",3,,BR 1 - 1.5M - 52°/0°,"Tablas 1 al 392_2025.pdf, pagina 138",5200232
2025,138,SN,1018608,ANDEN - PLAZOLETA CL 45 E CR 77,5200206,LUM LED ROY ALPHA (OMEGA II) 56W SMD,1,,LUM LED ROY ALPHA OMEGA II 56W SMD,"Tablas 1 al 392_2025.pdf, pagina 138",5200206
2025,138,SN,1018608,ANDEN - PLAZOLETA CL 45 E CR 77,5200419,POST PRFV 8M 510KGF,1,,POST PRFV 8M 510KGF,"Tablas 1 al 392_2025.pdf, pagina 138",5200419
2025,138,SN,1018608,ANDEN - PLAZOLETA CL 45 E CR 77,5200464,CABL CU 3X14 (ENCAU),11,,CABL CU 3X14 ENCAU,"Tablas 1 al 392_2025.pdf, pagina 138",5200464
2025,139,SN,1018625,VIA CL 30 AA CR 81 A-17,5200270,LUM LED (KORELED) 44W,2,,LUM LED KORELED 44W,"Tablas 1 al 392_2025.pdf, pagina 139",5200270
2025,139,SN,1018625,VIA CL 30 AA CR 81 A-17,5200232,"BR 1"" - 1.5M - 52°/0°",2,,BR 1 - 1.5M - 52°/0°,"Tablas 1 al 392_2025.pdf, pagina 139",5200232
2025,139,SN,1018625,VIA CL 30 AA CR 81 A-17,5200308,POST CONC 8M 510KGF OCT,2,,POST CONC 8M 510KGF OCT,"Tablas 1 al 392_2025.pdf, pagina 139",5200308
2025,139,SN,1018625,VIA CL 30 AA CR 81 A-17,5200464,CABL CU 3X14 (ENCAU),32,,CABL CU 3X14 ENCAU,"Tablas 1 al 392_2025.pdf, pagina 139",5200464
2025,140,SN,1018657,SENDERO PEATONAL CL 45 D CR 75-15,5200270,LUM LED (KORELED) 44W,1,,LUM LED KORELED 44W,"Tablas 1 al 392_2025.pdf, pagina 140",5200270
2025,140,SN,1018657,SENDERO PEATONAL CL 45 D CR 75-15,5200238,BRAZO SENCILLO CARABOBO,1,,BRAZO SENCILLO CARABOBO,"Tablas 1 al 392_2025.pdf, pagina 140",5200238
2025,140,SN,1018657,SENDERO PEATONAL CL 45 D CR 75-15,5200302,POST CONC 5M 350KGF CAR,1,,POST CONC 5M 350KGF CAR,"Tablas 1 al 392_2025.pdf, pagina 140",5200302
2025,140,SN,1018657,SENDERO PEATONAL CL 45 D CR 75-15,5200411,CABL CU 3X8 ENTERR ZONA VER,11,,CABL CU 3X8 ENTERR ZONA VER,"Tablas 1 al 392_2025.pdf, pagina 140",5200411
2025,140,SN,1018657,SENDERO PEATONAL CL 45 D CR 75-15,5200501,CAJ CONC 50X50 CM (CON TAPA),1,,CAJ CONC 50X50 CM CON TAPA,"Tablas 1 al 392_2025.pdf, pagina 140",5200501
2025,141,SN,1021679,SENDERO PEATONAL CL 48 D CR 68 -20,5200270,LUM LED (KORELED) 44W,1,,LUM LED KORELED 44W,"Tablas 1 al 392_2025.pdf, pagina 141",5200270
2025,141,SN,1021679,SENDERO PEATONAL CL 48 D CR 68 -20,5200231,"BR 1"" - 0.4M - 0°",1,,BR 1 - 0.4M - 0°,"Tablas 1 al 392_2025.pdf, pagina 141",5200231
2025,142,SS,1026325,"EDIFICIO 4A Y 4B - 13 DE NOVIEMBRE , Calle 56 FB con Calle 18E",5200270,LUM LED (KORELED) 44W,6,3,LUM LED KORELED 44W,"Tablas 1 al 392_2025.pdf, pagina 142",5200270
2025,142,SS,1026325,"EDIFICIO 4A Y 4B - 13 DE NOVIEMBRE , Calle 56 FB con Calle 18E",5200293,"LUM LED DE 64,5W",1,,LUM LED DE 64 5W,"Tablas 1 al 392_2025.pdf, pagina 142",5200293
2025,142,SS,1026325,"EDIFICIO 4A Y 4B - 13 DE NOVIEMBRE , Calle 56 FB con Calle 18E",5200232,"BRAZO 1"" - 1.5m - 52°/0°",7,2,BRAZO 1 - 1.5M - 52°/0°,"Tablas 1 al 392_2025.pdf, pagina 142",5200232
2025,142,SS,1026325,"EDIFICIO 4A Y 4B - 13 DE NOVIEMBRE , Calle 56 FB con Calle 18E",5200464,Cable Cu encauchetado 3X14 AWG,44,,CABLE CU ENCAUCHETADO 3X14 AWG,"Tablas 1 al 392_2025.pdf, pagina 142",5200464
2025,142,SS,1026325,"EDIFICIO 4A Y 4B - 13 DE NOVIEMBRE , Calle 56 FB con Calle 18E",5020117,Poste PRFV 9m (Enterrar),1,,POSTE PRFV 9M ENTERRAR,"Tablas 1 al 392_2025.pdf, pagina 142",5020117
2025,142,SS,1026325,"EDIFICIO 4A Y 4B - 13 DE NOVIEMBRE , Calle 56 FB con Calle 18E",5200419,Poste PRFV 8m (Enterrar),1,,POSTE PRFV 8M ENTERRAR,"Tablas 1 al 392_2025.pdf, pagina 142",5200419
2025,143,SN,1026728,VIA SECUNDARIA CR 79 A CL 53 A,5200256,LUM LED (OMEGA) 50W,,1,LUM LED OMEGA 50W,"Tablas 1 al 392_2025.pdf, pagina 143",5200256
2025,143,SN,1026728,VIA SECUNDARIA CR 79 A CL 53 A,5200270,LUM LED (KORELED) 44W,1,,LUM LED KORELED 44W,"Tablas 1 al 392_2025.pdf, pagina 143",5200270
2025,143,SN,1026728,VIA SECUNDARIA CR 79 A CL 53 A,5200293,LUM LED (OMEGA II) 64.5W,1,,LUM LED OMEGA II 64.5W,"Tablas 1 al 392_2025.pdf, pagina 143",5200293
2025,143,SN,1026728,VIA SECUNDARIA CR 79 A CL 53 A,5200232,"BR 1"" - 1.5M - 52°/0°",,1,BR 1 - 1.5M - 52°/0°,"Tablas 1 al 392_2025.pdf, pagina 143",5200232
2025,143,SN,1026728,VIA SECUNDARIA CR 79 A CL 53 A,5200243,BR RECTO 4500M,1,,BR RECTO 4500M,"Tablas 1 al 392_2025.pdf, pagina 143",5200243
2025,143,SN,1026728,VIA SECUNDARIA CR 79 A CL 53 A,5200231,"BR 1"" - 0.4M - 0°",1,,BR 1 - 0.4M - 0°,"Tablas 1 al 392_2025.pdf, pagina 143",5200231
2025,144,SN,1026742,SENDERO PEATONAL CL 47 A CR 93,5200270,LUM LED (KORELED) 44W,1,,LUM LED KORELED 44W,"Tablas 1 al 392_2025.pdf, pagina 144",5200270
2025,144,SN,1026742,SENDERO PEATONAL CL 47 A CR 93,5200231,"BR 1"" - 0.4M - 0°",1,,BR 1 - 0.4M - 0°,"Tablas 1 al 392_2025.pdf, pagina 144",5200231
2025,144,SN,1026742,SENDERO PEATONAL CL 47 A CR 93,5200419,POST PRFV 8M 510KGF,1,,POST PRFV 8M 510KGF,"Tablas 1 al 392_2025.pdf, pagina 144",5200419
2025,144,SN,1026742,SENDERO PEATONAL CL 47 A CR 93,5200464,CABL CU 3X14 (ENCAU),8,,CABL CU 3X14 ENCAU,"Tablas 1 al 392_2025.pdf, pagina 144",5200464
2025,144,SN,1026742,SENDERO PEATONAL CL 47 A CR 93,5010132,PROYEC LED (ACROLED) 40W ASIME,2,,PROYEC LED ACROLED 40W ASIME,"Tablas 1 al 392_2025.pdf, pagina 144",5010132
2025,144,SN,1026742,SENDERO PEATONAL CL 47 A CR 93,5200219,LUM 250W,,2,LUM 250W,"Tablas 1 al 392_2025.pdf, pagina 144",5200219
2025,144,SN,1026742,SENDERO PEATONAL CL 47 A CR 93,5200203,BOMB 250W,,2,BOMB 250W,"Tablas 1 al 392_2025.pdf, pagina 144",5200203
2025,145,SN,1027051,VÍA CL 32 F CR 69-11,5020117,POST PRFV 9M 350KGF AP,1,,POST PRFV 9M 350KGF AP,"Tablas 1 al 392_2025.pdf, pagina 145",5020117
2025,145,SN,1027051,VÍA CL 32 F CR 69-11,5200464,CABL CU 3X14 (ENCAU),12,,CABL CU 3X14 ENCAU,"Tablas 1 al 392_2025.pdf, pagina 145",5200464
2025,145,SN,1027051,VÍA CL 32 F CR 69-11,5200207,LUM LED (OMEGA II) 110W,1,1,LUM LED OMEGA II 110W,"Tablas 1 al 392_2025.pdf, pagina 145",5200207
2025,145,SN,1027051,VÍA CL 32 F CR 69-11,5200232,"BR 1"" - 1.5M - 52°/0°",1,1,BR 1 - 1.5M - 52°/0°,"Tablas 1 al 392_2025.pdf, pagina 145",5200232
2025,146,SN,1027052,SMAP-DEPI-0143-25 CL 41 CR 25 A 40,R5200217,RET - LUM 70W,,1,RET - LUM 70W,"Tablas 1 al 392_2025.pdf, pagina 146",R5200217
2025,146,SN,1027052,SMAP-DEPI-0143-25 CL 41 CR 25 A 40,5200293,LUM LED (OMEGA II) 64.5W,1,,LUM LED OMEGA II 64.5W,"Tablas 1 al 392_2025.pdf, pagina 146",5200293
2025,146,SN,1027052,SMAP-DEPI-0143-25 CL 41 CR 25 A 40,R5200201,RET - BOMB 70W,,1,RET - BOMB 70W,"Tablas 1 al 392_2025.pdf, pagina 146",R5200201
2025,146,SN,1027052,SMAP-DEPI-0143-25 CL 41 CR 25 A 40,5200233,"BR 1"" - 1.5M - 52°/20°",,1,BR 1 - 1.5M - 52°/20°,"Tablas 1 al 392_2025.pdf, pagina 146",5200233
2025,146,SN,1027052,SMAP-DEPI-0143-25 CL 41 CR 25 A 40,5200235,"BR 1 1/2"" - 1.5M - 52°/0°",1,,BR 1 1/2 - 1.5M - 52°/0°,"Tablas 1 al 392_2025.pdf, pagina 146",5200235
2025,147,SN,1027054,ANDEN CL 51 CR 37,5200270,LUM LED (KORELED) 44W,1,,LUM LED KORELED 44W,"Tablas 1 al 392_2025.pdf, pagina 147",5200270
2025,147,SN,1027054,ANDEN CL 51 CR 37,5200231,"BR 1"" - 0.4M - 0°",1,,BR 1 - 0.4M - 0°,"Tablas 1 al 392_2025.pdf, pagina 147",5200231
2025,147,SN,1027054,ANDEN CL 51 CR 37,5200217,LUM 70W,,1,LUM 70W,"Tablas 1 al 392_2025.pdf, pagina 147",5200217
2025,147,SN,1027054,ANDEN CL 51 CR 37,5200201,BOMB 70W,,1,BOMB 70W,"Tablas 1 al 392_2025.pdf, pagina 147",5200201
2025,147,SN,1027054,ANDEN CL 51 CR 37,5200232,"BR 1"" - 1.5M - 52°/0°",,1,BR 1 - 1.5M - 52°/0°,"Tablas 1 al 392_2025.pdf, pagina 147",5200232
2025,148,SN,1027075,VÍA - ANDEN CL 47 DD CR 82 A,5200270,LUM LED (KORELED) 44W,1,,LUM LED KORELED 44W,"Tablas 1 al 392_2025.pdf, pagina 148",5200270
2025,148,SN,1027075,VÍA - ANDEN CL 47 DD CR 82 A,5200231,"BR 1"" - 0.4M - 0°",1,,BR 1 - 0.4M - 0°,"Tablas 1 al 392_2025.pdf, pagina 148",5200231
2025,148,SN,1027075,VÍA - ANDEN CL 47 DD CR 82 A,5200272,LUM LED (SEPIALED II) 128W,1,,LUM LED SEPIALED II 128W,"Tablas 1 al 392_2025.pdf, pagina 148",5200272
2025,148,SN,1027075,VÍA - ANDEN CL 47 DD CR 82 A,5200243,BR RECTO 4500M,2,,BR RECTO 4500M,"Tablas 1 al 392_2025.pdf, pagina 148",5200243
2025,148,SN,1027075,VÍA - ANDEN CL 47 DD CR 82 A,5200235,"R 1 1/2"" - 1.5M - 52°/0°",,1,R 1 1/2 - 1.5M - 52°/0°,"Tablas 1 al 392_2025.pdf, pagina 148",5200235
2025,149,SN,1028453,SENDERO PEATONAL CR 33 C CL 34 - 56,5200270,LUM LED (KORELED) 44W,1,,LUM LED KORELED 44W,"Tablas 1 al 392_2025.pdf, pagina 149",5200270
2025,149,SN,1028453,SENDERO PEATONAL CR 33 C CL 34 - 56,5200231,"BR 1"" - 0.4M - 0°",1,,BR 1 - 0.4M - 0°,"Tablas 1 al 392_2025.pdf, pagina 149",5200231
2025,150,SN,1029387,SENDEROS CR 88 CL 27 - 81,5200270,LUM LED (KORELED) 44W,2,,LUM LED KORELED 44W,"Tablas 1 al 392_2025.pdf, pagina 150",5200270
2025,150,SN,1029387,SENDEROS CR 88 CL 27 - 81,5200232,"BR 1"" - 1.5M - 52°/0°",2,2,BR 1 - 1.5M - 52°/0°,"Tablas 1 al 392_2025.pdf, pagina 150",5200232
2025,150,SN,1029387,SENDEROS CR 88 CL 27 - 81,5200464,CABL CU 3X14 (ENCAU,22,,CABL CU 3X14 ENCAU,"Tablas 1 al 392_2025.pdf, pagina 150",5200464
2025,150,SN,1029387,SENDEROS CR 88 CL 27 - 81,5200218,LUM 150W,,2,LUM 150W,"Tablas 1 al 392_2025.pdf, pagina 150",5200218
2025,150,SN,1029387,SENDEROS CR 88 CL 27 - 81,5200202,BOMB 150W,,2,BOMB 150W,"Tablas 1 al 392_2025.pdf, pagina 150",5200202
2025,150,SN,1029387,SENDEROS CR 88 CL 27 - 81,5200410,DUPLEX CU 14 AWG,,22,DUPLEX CU 14 AWG,"Tablas 1 al 392_2025.pdf, pagina 150",5200410
2025,151,SN,1030281,SENDERO PEATONAL CR 25 B CL 18 A SUR 56 INT 371,5200270,LUM LED (KORELED) 44W,2,1,LUM LED KORELED 44W,"Tablas 1 al 392_2025.pdf, pagina 151",5200270
2025,151,SN,1030281,SENDERO PEATONAL CR 25 B CL 18 A SUR 56 INT 371,5200231,"BR 1"" - 0.4M - 0°",1,,BR 1 - 0.4M - 0°,"Tablas 1 al 392_2025.pdf, pagina 151",5200231
2025,151,SN,1030281,SENDERO PEATONAL CR 25 B CL 18 A SUR 56 INT 371,5200232,"BR 1"" - 1.5M - 52°/0°",1,1,BR 1 - 1.5M - 52°/0°,"Tablas 1 al 392_2025.pdf, pagina 151",5200232
2025,151,SN,1030281,SENDERO PEATONAL CR 25 B CL 18 A SUR 56 INT 371,5200419,POST PRFV 8M 510KGF,2,,POST PRFV 8M 510KGF,"Tablas 1 al 392_2025.pdf, pagina 151",5200419
2025,151,SN,1030281,SENDERO PEATONAL CR 25 B CL 18 A SUR 56 INT 371,R5200306,RET - POST MAD 8M 510KGF,,1,RET - POST MAD 8M 510KGF,"Tablas 1 al 392_2025.pdf, pagina 151",R5200306
2025,151,SN,1030281,SENDERO PEATONAL CR 25 B CL 18 A SUR 56 INT 371,5200464,CABL CU 3X14 (ENCAU),12,,CABL CU 3X14 ENCAU,"Tablas 1 al 392_2025.pdf, pagina 151",5200464
2025,152,SN,1038205,SMAP-DEPI-0158-25 CR 70 B CL 44 B,5200270,LUM LED (KORELED) 44W,3,,LUM LED KORELED 44W,"Tablas 1 al 392_2025.pdf, pagina 152",5200270
2025,152,SN,1038205,SMAP-DEPI-0158-25 CR 70 B CL 44 B,5200231,"BR 1"" - 0.4M - 0°",3,,BR 1 - 0.4M - 0°,"Tablas 1 al 392_2025.pdf, pagina 152",5200231
2025,152,SN,1038205,SMAP-DEPI-0158-25 CR 70 B CL 44 B,5200419,POST PRFV 8M 510KGF,3,,POST PRFV 8M 510KGF,"Tablas 1 al 392_2025.pdf, pagina 152",5200419
2025,152,SN,1038205,SMAP-DEPI-0158-25 CR 70 B CL 44 B,5200464,CABL CU 3X14 (ENCAU),44,,CABL CU 3X14 ENCAU,"Tablas 1 al 392_2025.pdf, pagina 152",5200464
2025,153,SN,1038236,VÍA CR 88 A CL 34 B-08,5200272,LUM LED (SEPIALED II) 128W,2,,LUM LED SEPIALED II 128W,"Tablas 1 al 392_2025.pdf, pagina 153",5200272
2025,153,SN,1038236,VÍA CR 88 A CL 34 B-08,5200308,POST CONC 8M 510KGF OCT,1,,POST CONC 8M 510KGF OCT,"Tablas 1 al 392_2025.pdf, pagina 153",5200308
2025,153,SN,1038236,VÍA CR 88 A CL 34 B-08,5200235,"BR 1 1/2"" - 1.5M - 52°/0°",2,,BR 1 1/2 - 1.5M - 52°/0°,"Tablas 1 al 392_2025.pdf, pagina 153",5200235
2025,153,SN,1038236,VÍA CR 88 A CL 34 B-08,5200464,CABL CU 3X14 (ENCAU),17,,CABL CU 3X14 ENCAU,"Tablas 1 al 392_2025.pdf, pagina 153",5200464
2025,154,SN,1040217,ANDEN CL 33 CR 65 B -05,5200270,LUM LED (KORELED) 44W,1,,LUM LED KORELED 44W,"Tablas 1 al 392_2025.pdf, pagina 154",5200270
2025,154,SN,1040217,ANDEN CL 33 CR 65 B -05,5200231,"BR 1"" - 0.4M - 0°",1,,BR 1 - 0.4M - 0°,"Tablas 1 al 392_2025.pdf, pagina 154",5200231
2025,155,SN,1040286,SENDERO PEATONAL CL 49 CR 12 - 19,5200270,LUM LED (KORELED) 44W,2,,LUM LED KORELED 44W,"Tablas 1 al 392_2025.pdf, pagina 155",5200270
2025,155,SN,1040286,SENDERO PEATONAL CL 49 CR 12 - 19,5200231,"BR 1"" - 0.4M - 0°",1,,BR 1 - 0.4M - 0°,"Tablas 1 al 392_2025.pdf, pagina 155",5200231
2025,155,SN,1040286,SENDERO PEATONAL CL 49 CR 12 - 19,5200232,"BR 1"" - 1.5M - 52°/0°",1,,BR 1 - 1.5M - 52°/0°,"Tablas 1 al 392_2025.pdf, pagina 155",5200232
2025,155,SN,1040286,SENDERO PEATONAL CL 49 CR 12 - 19,5200464,CABL CU 3X14 (ENCAU),1153,,CABL CU 3X14 ENCAU,"Tablas 1 al 392_2025.pdf, pagina 155",5200464
2025,156,SN,1001566,VIA SECUNDARIA CL 63 CR 139 - 45,5200270,LUM LED (KORELED) 44W,3,,LUM LED KORELED 44W,"Tablas 1 al 392_2025.pdf, pagina 156",5200270
2025,156,SN,1001566,VIA SECUNDARIA CL 63 CR 139 - 45,5200232,"BR 1"" - 1.5M - 52°/0°",3,,BR 1 - 1.5M - 52°/0°,"Tablas 1 al 392_2025.pdf, pagina 156",5200232
2025,156,SN,1001566,VIA SECUNDARIA CL 63 CR 139 - 45,5200464,CABL CU 3X14 (ENCAU),25,,CABL CU 3X14 ENCAU,"Tablas 1 al 392_2025.pdf, pagina 156",5200464
2025,157,SN,1007396,VÍA- SENDERO PEATONAL CL 30 A CR 83-25,5200270,LUM LED (KORELED) 44W,3,,LUM LED KORELED 44W,"Tablas 1 al 392_2025.pdf, pagina 157",5200270
2025,157,SN,1007396,VÍA- SENDERO PEATONAL CL 30 A CR 83-25,5200241,BR CURVO 3000M,3,,BR CURVO 3000M,"Tablas 1 al 392_2025.pdf, pagina 157",5200241
2025,157,SN,1007396,VÍA- SENDERO PEATONAL CL 30 A CR 83-25,5200231,"BR 1"" - 0.4M - 0°",3,,BR 1 - 0.4M - 0°,"Tablas 1 al 392_2025.pdf, pagina 157",5200231
2025,157,SN,1007396,VÍA- SENDERO PEATONAL CL 30 A CR 83-25,5200232,"BR 1"" - 1.5M - 52°/0°",,3,BR 1 - 1.5M - 52°/0°,"Tablas 1 al 392_2025.pdf, pagina 157",5200232
2025,158,SN,1011744,PLAZA BOTERO CALLE 53 x CARRERA 52,5200232,"UCAP BRAZO 1"" - 1.5M - 52°/0°",21,,BRAZO 1 - 1.5M - 52°/0°,"Tablas 1 al 392_2025.pdf, pagina 158",5200232
2025,158,SN,1011744,PLAZA BOTERO CALLE 53 x CARRERA 52,5200270,LUM LED (KORELED) 44W,21,,LUM LED KORELED 44W,"Tablas 1 al 392_2025.pdf, pagina 158",5200270
2025,158,SN,1011744,PLAZA BOTERO CALLE 53 x CARRERA 52,5200419,UCAP POSTE PRFV 8M (ENTERRAR),1,,POSTE PRFV 8M ENTERRAR,"Tablas 1 al 392_2025.pdf, pagina 158",5200419
2025,158,SN,1011744,PLAZA BOTERO CALLE 53 x CARRERA 52,5200422,CABLE FZA AL 3X6 AWG XLPE 600V 90°C ENTERRADO,9,,CABLE FZA AL 3X6 AWG XLPE 600V 90°C ENTERRADO,"Tablas 1 al 392_2025.pdf, pagina 158",5200422
2025,158,SN,1011744,PLAZA BOTERO CALLE 53 x CARRERA 52,5200502,UCAP CAJA CONCRETO DIRECTAMENTE ENT,1,,CAJA CONCRETO DIRECTAMENTE ENT,"Tablas 1 al 392_2025.pdf, pagina 158",5200502
2025,158,SN,1011744,PLAZA BOTERO CALLE 53 x CARRERA 52,5200237,UCAP BRAZO CURVO - 1.5M - 0°,,15,BRAZO CURVO - 1.5M - 0°,"Tablas 1 al 392_2025.pdf, pagina 158",5200237
2025,158,SN,1011744,PLAZA BOTERO CALLE 53 x CARRERA 52,5200226,UCAP LUMINARIA LED 151W,,15,LUMINARIA LED 151W,"Tablas 1 al 392_2025.pdf, pagina 158",5200226
2025,159,SN,1020973,CANCHA- SENDERO PEATONAL CL 57 CR 127-87 (INT 115),5200306,POST MAD 8M 510KGF,,23,POST MAD 8M 510KGF,"Tablas 1 al 392_2025.pdf, pagina 159",5200306
2025,159,SN,1020973,CANCHA- SENDERO PEATONAL CL 57 CR 127-87 (INT 115),5200219,LUM 250W,,34,LUM 250W,"Tablas 1 al 392_2025.pdf, pagina 159",5200219
2025,159,SN,1020973,CANCHA- SENDERO PEATONAL CL 57 CR 127-87 (INT 115),5200203,BOMB 250W,,43,BOMB 250W,"Tablas 1 al 392_2025.pdf, pagina 159",5200203
2025,159,SN,1020973,CANCHA- SENDERO PEATONAL CL 57 CR 127-87 (INT 115),5200217,LUM 70W,,2,LUM 70W,"Tablas 1 al 392_2025.pdf, pagina 159",5200217
2025,159,SN,1020973,CANCHA- SENDERO PEATONAL CL 57 CR 127-87 (INT 115),5200201,BOMB 70W,,2,BOMB 70W,"Tablas 1 al 392_2025.pdf, pagina 159",5200201
2025,159,SN,1020973,CANCHA- SENDERO PEATONAL CL 57 CR 127-87 (INT 115),5200236,"BR 1 1/2"" - 1.5M - 52°/20°",,34,BR 1 1/2 - 1.5M - 52°/20°,"Tablas 1 al 392_2025.pdf, pagina 159",5200236
2025,159,SN,1020973,CANCHA- SENDERO PEATONAL CL 57 CR 127-87 (INT 115),5200233,"BR 1"" - 1.5M - 52°/20°",,1,BR 1 - 1.5M - 52°/20°,"Tablas 1 al 392_2025.pdf, pagina 159",5200233
2025,159,SN,1020973,CANCHA- SENDERO PEATONAL CL 57 CR 127-87 (INT 115),5200231,"BR 1"" - 0.4M - 0",1,1,BR 1 - 0.4M - 0,"Tablas 1 al 392_2025.pdf, pagina 159",5200231
2025,159,SN,1020973,CANCHA- SENDERO PEATONAL CL 57 CR 127-87 (INT 115),5200270,LUM LED (KORELED) 44W,1,,LUM LED KORELED 44W,"Tablas 1 al 392_2025.pdf, pagina 159",5200270
2025,159,SN,1020973,CANCHA- SENDERO PEATONAL CL 57 CR 127-87 (INT 115),5200464,CABL CU 3X14 (ENCAU),,15,CABL CU 3X14 ENCAU,"Tablas 1 al 392_2025.pdf, pagina 159",5200464
2025,160,SN,1025837,CR 55 CL 96 - 57,5200270,LUM LED (KORELED) 44W,3,,LUM LED KORELED 44W,"Tablas 1 al 392_2025.pdf, pagina 160",5200270
2025,160,SN,1025837,CR 55 CL 96 - 57,5200231,"BR 1"" - 0.4M - 0°",3,3,BR 1 - 0.4M - 0°,"Tablas 1 al 392_2025.pdf, pagina 160",5200231
2025,160,SN,1025837,CR 55 CL 96 - 57,5200464,CABL CU 3X14 (ENCAU),1398,,CABL CU 3X14 ENCAU,"Tablas 1 al 392_2025.pdf, pagina 160",5200464
2025,160,SN,1025837,CR 55 CL 96 - 57,5200217,RET - LUM 70W,,3,RET - LUM 70W,"Tablas 1 al 392_2025.pdf, pagina 160",5200217
2025,160,SN,1025837,CR 55 CL 96 - 57,5200201,RET - BOMB 70W,,3,RET - BOMB 70W,"Tablas 1 al 392_2025.pdf, pagina 160",5200201
2025,160,SN,1025837,CR 55 CL 96 - 57,5200410,RET - DUPLEX CU 14 AWG,,1740,RET - DUPLEX CU 14 AWG,"Tablas 1 al 392_2025.pdf, pagina 160",5200410
2025,161,SN,1026219,VIA SECUNDARIA CR 42 CL 1 SUR 63,5200270,LUM LED (KORELED) 44W,1,1,LUM LED KORELED 44W,"Tablas 1 al 392_2025.pdf, pagina 161",5200270
2025,161,SN,1026219,VIA SECUNDARIA CR 42 CL 1 SUR 63,5200232,"BR 1"" - 1.5M - 52°/0°",1,1,BR 1 - 1.5M - 52°/0°,"Tablas 1 al 392_2025.pdf, pagina 161",5200232
2025,161,SN,1026219,VIA SECUNDARIA CR 42 CL 1 SUR 63,5200464,CABL CU 3X14 (ENCAU),9,,CABL CU 3X14 ENCAU,"Tablas 1 al 392_2025.pdf, pagina 161",5200464
2025,161,SN,1026219,VIA SECUNDARIA CR 42 CL 1 SUR 63,5200419,POST PRFV 8M 510KGF,1,,POST PRFV 8M 510KGF,"Tablas 1 al 392_2025.pdf, pagina 161",5200419
2025,162,SN,1026316,SMAP-DEPI-0134-25 CR 69 CL 44,5200270,LUM LED (KORELED) 44W,2,,LUM LED KORELED 44W,"Tablas 1 al 392_2025.pdf, pagina 162",5200270
2025,162,SN,1026316,SMAP-DEPI-0134-25 CR 69 CL 44,5200231,"BR 1"" - 0.4M - 0°",2,,BR 1 - 0.4M - 0°,"Tablas 1 al 392_2025.pdf, pagina 162",5200231
2025,162,SN,1026316,SMAP-DEPI-0134-25 CR 69 CL 44,5200419,POST PRFV 8M 510KGF,2,,POST PRFV 8M 510KGF,"Tablas 1 al 392_2025.pdf, pagina 162",5200419
2025,162,SN,1026316,SMAP-DEPI-0134-25 CR 69 CL 44,5200464,CABL CU 3X14 (ENCAU),21,,CABL CU 3X14 ENCAU,"Tablas 1 al 392_2025.pdf, pagina 162",5200464
2025,163,SN,1026347,EDIFICIO 2 -13 DE NOVIEMBRE - SN 21094328 Calle 56 FB # 20 - 24,5200231,"UCAP BRAZO 1"" - 0.4M - 0°",1,1,BRAZO 1 - 0.4M - 0°,"Tablas 1 al 392_2025.pdf, pagina 163",5200231
2025,163,SN,1026347,EDIFICIO 2 -13 DE NOVIEMBRE - SN 21094328 Calle 56 FB # 20 - 24,5200232,"UCAP BRAZO 1"" - 1.5M - 52°/0°",5,1,BRAZO 1 - 1.5M - 52°/0°,"Tablas 1 al 392_2025.pdf, pagina 163",5200232
2025,163,SN,1026347,EDIFICIO 2 -13 DE NOVIEMBRE - SN 21094328 Calle 56 FB # 20 - 24,5200270,LUM LED (KORELED) 44W,6,2,LUM LED KORELED 44W,"Tablas 1 al 392_2025.pdf, pagina 163",5200270
2025,163,SN,1026347,EDIFICIO 2 -13 DE NOVIEMBRE - SN 21094328 Calle 56 FB # 20 - 24,5200407,"UCAP TRIPLEX AL 2X4+1X4 XLP,AEREO",61,,TRIPLEX AL 2X4+1X4 XLP AEREO,"Tablas 1 al 392_2025.pdf, pagina 163",5200407
2025,163,SN,1026347,EDIFICIO 2 -13 DE NOVIEMBRE - SN 21094328 Calle 56 FB # 20 - 24,5200419,UCAP POSTE PRFV 8M (ENTERRAR),3,,POSTE PRFV 8M ENTERRAR,"Tablas 1 al 392_2025.pdf, pagina 163",5200419
2025,164,SN,1026647,SMAP-DEPI-0135-25 CL 44 A CR 75,5200270,LUM LED (KORELED) 44W,1,,LUM LED KORELED 44W,"Tablas 1 al 392_2025.pdf, pagina 164",5200270
2025,164,SN,1026647,SMAP-DEPI-0135-25 CL 44 A CR 75,5200231,"BR 1"" - 0.4M - 0°",1,,BR 1 - 0.4M - 0°,"Tablas 1 al 392_2025.pdf, pagina 164",5200231
2025,164,SN,1026647,SMAP-DEPI-0135-25 CL 44 A CR 75,5200419,POST PRFV 8M 510KGF,1,,POST PRFV 8M 510KGF,"Tablas 1 al 392_2025.pdf, pagina 164",5200419
2025,164,SN,1026647,SMAP-DEPI-0135-25 CL 44 A CR 75,5200464,CABL CU 3X14 (ENCAU),8,,CABL CU 3X14 ENCAU,"Tablas 1 al 392_2025.pdf, pagina 164",5200464
2025,165,SN,1026659,SMAP-DEPI-0136-25 CL 49 B CR 67 B,5200270,LUM LED (KORELED) 44W,1,,LUM LED KORELED 44W,"Tablas 1 al 392_2025.pdf, pagina 165",5200270
2025,165,SN,1026659,SMAP-DEPI-0136-25 CL 49 B CR 67 B,5200231,"BR 1"" - 0.4M - 0°",1,,BR 1 - 0.4M - 0°,"Tablas 1 al 392_2025.pdf, pagina 165",5200231
2025,165,SN,1026659,SMAP-DEPI-0136-25 CL 49 B CR 67 B,5200419,POST PRFV 8M 510KGF,1,,POST PRFV 8M 510KGF,"Tablas 1 al 392_2025.pdf, pagina 165",5200419
2025,165,SN,1026659,SMAP-DEPI-0136-25 CL 49 B CR 67 B,5200464,CABL CU 3X14 (ENCAU),16,,CABL CU 3X14 ENCAU,"Tablas 1 al 392_2025.pdf, pagina 165",5200464
2025,166,SN,1026673,SMAP-DEPI-0137-25 CR 69 CL 51,5200270,LUM LED (KORELED) 44W,2,,LUM LED KORELED 44W,"Tablas 1 al 392_2025.pdf, pagina 166",5200270
2025,166,SN,1026673,SMAP-DEPI-0137-25 CR 69 CL 51,5200231,"BR 1"" - 0.4M - 0°",12,,BR 1 - 0.4M - 0°,"Tablas 1 al 392_2025.pdf, pagina 166",5200231
2025,166,SN,1026673,SMAP-DEPI-0137-25 CR 69 CL 51,5200232,"BR 1"" - 1.5M - 52°/0°",1,1,BR 1 - 1.5M - 52°/0°,"Tablas 1 al 392_2025.pdf, pagina 166",5200232
2025,166,SN,1026673,SMAP-DEPI-0137-25 CR 69 CL 51,5200419,POST PRFV 8M 510KGF,1,,POST PRFV 8M 510KGF,"Tablas 1 al 392_2025.pdf, pagina 166",5200419
2025,166,SN,1026673,SMAP-DEPI-0137-25 CR 69 CL 51,5200464,CABL CU 3X14 (ENCAU),1149,,CABL CU 3X14 ENCAU,"Tablas 1 al 392_2025.pdf, pagina 166",5200464
2025,166,SN,1026673,SMAP-DEPI-0137-25 CR 69 CL 51,R5200217,RET - LUM 70W,,1,RET - LUM 70W,"Tablas 1 al 392_2025.pdf, pagina 166",R5200217
2025,166,SN,1026673,SMAP-DEPI-0137-25 CR 69 CL 51,R5200201,RET - BOMB 70W,,1,RET - BOMB 70W,"Tablas 1 al 392_2025.pdf, pagina 166",R5200201
2025,166,SN,1026673,SMAP-DEPI-0137-25 CR 69 CL 51,R5200410,RET - DUPLEX CU 14 AWG,,12,RET - DUPLEX CU 14 AWG,"Tablas 1 al 392_2025.pdf, pagina 166",R5200410
2025,167,SN,1026736,SENDERO PEATONAL CL 47 A CR 87 B,5200270,LUM LED (KORELED) 44W,2,,LUM LED KORELED 44W,"Tablas 1 al 392_2025.pdf, pagina 167",5200270
2025,167,SN,1026736,SENDERO PEATONAL CL 47 A CR 87 B,5200231,"BR 1"" - 0.4M - 0°",2,,BR 1 - 0.4M - 0°,"Tablas 1 al 392_2025.pdf, pagina 167",5200231
2025,167,SN,1026736,SENDERO PEATONAL CL 47 A CR 87 B,5200419,POST PRFV 8M 510KGF,1,,POST PRFV 8M 510KGF,"Tablas 1 al 392_2025.pdf, pagina 167",5200419
2025,167,SN,1026736,SENDERO PEATONAL CL 47 A CR 87 B,5200464,CABL CU 3X14 (ENCAU),11,,CABL CU 3X14 ENCAU,"Tablas 1 al 392_2025.pdf, pagina 167",5200464
2025,168,SN,1027062,SAMP 0147-25 CR 65 CL 88 C,5200302,POST CONC 5M 350KGF CAR,1,,POST CONC 5M 350KGF CAR,"Tablas 1 al 392_2025.pdf, pagina 168",5200302
2025,168,SN,1027062,SAMP 0147-25 CR 65 CL 88 C,5200238-1,BR CAR LAR-166M/20°,1,,BR CAR LAR-166M/20°,"Tablas 1 al 392_2025.pdf, pagina 168",5200238-1
2025,168,SN,1027062,SAMP 0147-25 CR 65 CL 88 C,5200501,CAJ CONC 50X50 CM (CON TAPA),1,,CAJ CONC 50X50 CM CON TAPA,"Tablas 1 al 392_2025.pdf, pagina 168",5200501
2025,168,SN,1027062,SAMP 0147-25 CR 65 CL 88 C,5200422,CABLE AL 3X6 ENTERRADO ZONA VERDE,10,,CABLE AL 3X6 ENTERRADO ZONA VERDE,"Tablas 1 al 392_2025.pdf, pagina 168",5200422
2025,168,SN,1027062,SAMP 0147-25 CR 65 CL 88 C,5200232,"BR 1"" - 1.5M - 52°/0°",,1,BR 1 - 1.5M - 52°/0°,"Tablas 1 al 392_2025.pdf, pagina 168",5200232
2025,169,SN,1027064,VÍA CR 76 CL 32 EE - 17,5200301,POST CONC 9M 510KGF AP,1,,POST CONC 9M 510KGF AP,"Tablas 1 al 392_2025.pdf, pagina 169",5200301
2025,169,SN,1027064,VÍA CR 76 CL 32 EE - 17,5200208,LUM LED (RALED III) 140W B-N,1,1,LUM LED RALED III 140W B-N,"Tablas 1 al 392_2025.pdf, pagina 169",5200208
2025,169,SN,1027064,VÍA CR 76 CL 32 EE - 17,5200241,BR CURVO 3000M,1,,BR CURVO 3000M,"Tablas 1 al 392_2025.pdf, pagina 169",5200241
2025,169,SN,1027064,VÍA CR 76 CL 32 EE - 17,5200464,CABL CU 3X14 (ENCAU),7,,CABL CU 3X14 ENCAU,"Tablas 1 al 392_2025.pdf, pagina 169",5200464
2025,169,SN,1027064,VÍA CR 76 CL 32 EE - 17,5200243,BR RECTO 4500M,,1,BR RECTO 4500M,"Tablas 1 al 392_2025.pdf, pagina 169",5200243
2025,170,SN,1027073,VÍA - ANDEN CL 47 D CR 82,5200270,LUM LED (KORELED) 44W,1,,LUM LED KORELED 44W,"Tablas 1 al 392_2025.pdf, pagina 170",5200270
2025,170,SN,1027073,VÍA - ANDEN CL 47 D CR 82,5200231,"BR 1"" - 0.4M - 0°",1,,BR 1 - 0.4M - 0°,"Tablas 1 al 392_2025.pdf, pagina 170",5200231
2025,170,SN,1027073,VÍA - ANDEN CL 47 D CR 82,5200272,LUM LED (SEPIALED II) 128W,1,,LUM LED SEPIALED II 128W,"Tablas 1 al 392_2025.pdf, pagina 170",5200272
2025,170,SN,1027073,VÍA - ANDEN CL 47 D CR 82,5200241,BR CURVO 3000M,1,,BR CURVO 3000M,"Tablas 1 al 392_2025.pdf, pagina 170",5200241
2025,171,SN,1027089,SMAP-DEPI-0153-25 CL 50 CR 35,5200270,LUM LED (KORELED) 44W,3,,LUM LED KORELED 44W,"Tablas 1 al 392_2025.pdf, pagina 171",5200270
2025,171,SN,1027089,SMAP-DEPI-0153-25 CL 50 CR 35,5200232,"BR 1"" - 1.5M - 52°/0°",3,,BR 1 - 1.5M - 52°/0°,"Tablas 1 al 392_2025.pdf, pagina 171",5200232
2025,171,SN,1027089,SMAP-DEPI-0153-25 CL 50 CR 35,5200419,POST PRFV 8M 510KGF,3,,POST PRFV 8M 510KGF,"Tablas 1 al 392_2025.pdf, pagina 171",5200419
2025,171,SN,1027089,SMAP-DEPI-0153-25 CL 50 CR 35,5200422,CABLE AL 3X6 ENTERRADO ZONA VERDE,11,,CABLE AL 3X6 ENTERRADO ZONA VERDE,"Tablas 1 al 392_2025.pdf, pagina 171",5200422
2025,172,SN,1027093,SAMP 0155-25 CL 102 C CR 34,5200293,LUM LED (OMEGA II) 64.5W,1,,LUM LED OMEGA II 64.5W,"Tablas 1 al 392_2025.pdf, pagina 172",5200293
2025,172,SN,1027093,SAMP 0155-25 CL 102 C CR 34,5200232,"BR 1"" - 1.5M - 52°/0°",1,,BR 1 - 1.5M - 52°/0°,"Tablas 1 al 392_2025.pdf, pagina 172",5200232
2025,172,SN,1027093,SAMP 0155-25 CL 102 C CR 34,5200219,RET - LUM 250W,,1,RET - LUM 250W,"Tablas 1 al 392_2025.pdf, pagina 172",5200219
2025,172,SN,1027093,SAMP 0155-25 CL 102 C CR 34,5200235,"BR 1 1/2"" - 1.5M - 52°/0°",,1,BR 1 1/2 - 1.5M - 52°/0°,"Tablas 1 al 392_2025.pdf, pagina 172",5200235
2025,172,SN,1027093,SAMP 0155-25 CL 102 C CR 34,5200203,RET - BOMB 250W,,1,RET - BOMB 250W,"Tablas 1 al 392_2025.pdf, pagina 172",5200203
2025,173,SN,1035062,CR 70 CL 99 - 73 INT 130,5200270,LUM LED (KORELED) 44W,2,,LUM LED KORELED 44W,"Tablas 1 al 392_2025.pdf, pagina 173",5200270
2025,173,SN,1035062,CR 70 CL 99 - 73 INT 130,5200231,"BR 1"" - 0.4M - 0°",2,1,BR 1 - 0.4M - 0°,"Tablas 1 al 392_2025.pdf, pagina 173",5200231
2025,173,SN,1035062,CR 70 CL 99 - 73 INT 130,5200464,CABL CU 3X14 (ENCAU),1180,,CABL CU 3X14 ENCAU,"Tablas 1 al 392_2025.pdf, pagina 173",5200464
2025,173,SN,1035062,CR 70 CL 99 - 73 INT 130,5200217,RET - LUM 70W,,1,RET - LUM 70W,"Tablas 1 al 392_2025.pdf, pagina 173",5200217
2025,173,SN,1035062,CR 70 CL 99 - 73 INT 130,5200201,RET - BOMB 70W,,1,RET - BOMB 70W,"Tablas 1 al 392_2025.pdf, pagina 173",5200201
2025,174,SN,1037270,Cr 27 Cl 100 C - 1,5200270,LUM LED (KORELED) 44W,1,,LUM LED KORELED 44W,"Tablas 1 al 392_2025.pdf, pagina 174",5200270
2025,174,SN,1037270,Cr 27 Cl 100 C - 1,5200231,"BR 1"" - 0.4M - 0°",1,,BR 1 - 0.4M - 0°,"Tablas 1 al 392_2025.pdf, pagina 174",5200231
2025,175,SN,1037404,SENDERO PEATONAL CR 15 A CL 52 - 63,5200270,LUM LED (KORELED) 44W,1,,LUM LED KORELED 44W,"Tablas 1 al 392_2025.pdf, pagina 175",5200270
2025,175,SN,1037404,SENDERO PEATONAL CR 15 A CL 52 - 63,5200232,"BR 1"" - 1.5M - 52°/0°",1,,BR 1 - 1.5M - 52°/0°,"Tablas 1 al 392_2025.pdf, pagina 175",5200232
2025,175,SN,1037404,SENDERO PEATONAL CR 15 A CL 52 - 63,5200464,CABL CU 3X14 (ENCAU),20,,CABL CU 3X14 ENCAU,"Tablas 1 al 392_2025.pdf, pagina 175",5200464
2025,175,SN,1037404,SENDERO PEATONAL CR 15 A CL 52 - 63,R5200410,RET - DUPLEX CU 14 AWG,,20,RET - DUPLEX CU 14 AWG,"Tablas 1 al 392_2025.pdf, pagina 175",R5200410
2025,175,SN,1037404,SENDERO PEATONAL CR 15 A CL 52 - 63,R5200217,RET - LUM 70W,,1,RET - LUM 70W,"Tablas 1 al 392_2025.pdf, pagina 175",R5200217
2025,175,SN,1037404,SENDERO PEATONAL CR 15 A CL 52 - 63,R5200201,RET - BOMB 70W,,1,RET - BOMB 70W,"Tablas 1 al 392_2025.pdf, pagina 175",R5200201
2025,176,SN,1037589,Rural 136029809805550000,5200270,LUM LED (KORELED) 44W,1,,LUM LED KORELED 44W,"Tablas 1 al 392_2025.pdf, pagina 176",5200270
2025,176,SN,1037589,Rural 136029809805550000,5200231,"BR 1"" - 0.4M - 0°",1,,BR 1 - 0.4M - 0°,"Tablas 1 al 392_2025.pdf, pagina 176",5200231
2025,177,SN,1038220,SMAP 0162-25 Cr 49 A Cl 107 - 160,5200270,LUM LED (KORELED) 44W,3,,LUM LED KORELED 44W,"Tablas 1 al 392_2025.pdf, pagina 177",5200270
2025,177,SN,1038220,SMAP 0162-25 Cr 49 A Cl 107 - 160,5200232,"BR 1"" - 1.5M - 52°/0°",3,,BR 1 - 1.5M - 52°/0°,"Tablas 1 al 392_2025.pdf, pagina 177",5200232
2025,177,SN,1038220,SMAP 0162-25 Cr 49 A Cl 107 - 160,5200464,CABL CU 3X14 (ENCAU),3249,,CABL CU 3X14 ENCAU,"Tablas 1 al 392_2025.pdf, pagina 177",5200464
2025,177,SN,1038220,SMAP 0162-25 Cr 49 A Cl 107 - 160,5200419,POST PRFV 8M 510KGF,2,,POST PRFV 8M 510KGF,"Tablas 1 al 392_2025.pdf, pagina 177",5200419
2025,178,SN,1039466,SENDERO PEATONAL CL 58 CR 45 - 13,5200270,LUM LED (KORELED) 44W,1,1,LUM LED KORELED 44W,"Tablas 1 al 392_2025.pdf, pagina 178",5200270
2025,178,SN,1039466,SENDERO PEATONAL CL 58 CR 45 - 13,5200231,"BR 1"" - 0.4M - 0°",1,1,BR 1 - 0.4M - 0°,"Tablas 1 al 392_2025.pdf, pagina 178",5200231
2025,179,SN,1042694,SENDERO PEATONAL CR 31A CL 84-188(INT 1155),5200270,LUM LED (KORELED) 44W,1,,LUM LED KORELED 44W,"Tablas 1 al 392_2025.pdf, pagina 179",5200270
2025,179,SN,1042694,SENDERO PEATONAL CR 31A CL 84-188(INT 1155),5200231,"BR 1"" - 0.4M - 0°",1,,BR 1 - 0.4M - 0°,"Tablas 1 al 392_2025.pdf, pagina 179",5200231
2025,180,SN,1046931,CR 36 B CL 81 - 55 INT 108,5200231,"UCAP BRAZO 1"" - 0.4M - 0°",1,,BRAZO 1 - 0.4M - 0°,"Tablas 1 al 392_2025.pdf, pagina 180",5200231
2025,180,SN,1046931,CR 36 B CL 81 - 55 INT 108,5200270,LUM LED (KORELED) 44W,1,,LUM LED KORELED 44W,"Tablas 1 al 392_2025.pdf, pagina 180",5200270
2025,180,SN,1046931,CR 36 B CL 81 - 55 INT 108,5200464,UCAP CABLE CU ENCAUCHETADO 3X14 CU,1170,,CABLE CU ENCAUCHETADO 3X14 CU,"Tablas 1 al 392_2025.pdf, pagina 180",5200464
2025,181,SN,646550,PLAZUELA SAN IGNACIO CARRERA 44 CON CALLES 48 Y 49,5200219,RET - LUM 250W,,10,RET - LUM 250W,"Tablas 1 al 392_2025.pdf, pagina 181",5200219
2025,181,SN,646550,PLAZUELA SAN IGNACIO CARRERA 44 CON CALLES 48 Y 49,,Luminaria tipo Farol LED 49W poste metálico,26,,LUMINARIA TIPO FAROL LED 49W POSTE METALICO,"Tablas 1 al 392_2025.pdf, pagina 181",SIN CODIGO|LUMINARIA TIPO FAROL LED 49W POSTE METALICO
2025,181,SN,646550,PLAZUELA SAN IGNACIO CARRERA 44 CON CALLES 48 Y 49,,Luminaria tipo Farol sodio 150W poste metálico,,24,LUMINARIA TIPO FAROL SODIO 150W POSTE METALICO,"Tablas 1 al 392_2025.pdf, pagina 181",SIN CODIGO|LUMINARIA TIPO FAROL SODIO 150W POSTE METALICO
2025,181,SN,646550,PLAZUELA SAN IGNACIO CARRERA 44 CON CALLES 48 Y 49,5200270,LUM LED (KORELED) 44W,3,,LUM LED KORELED 44W,"Tablas 1 al 392_2025.pdf, pagina 181",5200270
2025,181,SN,646550,PLAZUELA SAN IGNACIO CARRERA 44 CON CALLES 48 Y 49,5010130,PROYEC LED (ACROLED) 49W ASIM,6,,PROYEC LED ACROLED 49W ASIM,"Tablas 1 al 392_2025.pdf, pagina 181",5010130
2025,181,SN,646550,PLAZUELA SAN IGNACIO CARRERA 44 CON CALLES 48 Y 49,,Poste metálico circular 4m colonial,26,24,POSTE METALICO CIRCULAR 4M COLONIAL,"Tablas 1 al 392_2025.pdf, pagina 181",SIN CODIGO|POSTE METALICO CIRCULAR 4M COLONIAL
2025,181,SN,646550,PLAZUELA SAN IGNACIO CARRERA 44 CON CALLES 48 Y 49,5200315,Poste metálico redondo 10m,,1,POSTE METALICO REDONDO 10M,"Tablas 1 al 392_2025.pdf, pagina 181",5200315
2025,181,SN,646550,PLAZUELA SAN IGNACIO CARRERA 44 CON CALLES 48 Y 49,5200329,POST PRFV 10M 6 PG 200KGF AP,1,,POST PRFV 10M 6 PG 200KGF AP,"Tablas 1 al 392_2025.pdf, pagina 181",5200329
2025,181,SN,646550,PLAZUELA SAN IGNACIO CARRERA 44 CON CALLES 48 Y 49,5200232,"BR 1"" - 1.5M - 52°/0°",3,,BR 1 - 1.5M - 52°/0°,"Tablas 1 al 392_2025.pdf, pagina 181",5200232
2025,181,SN,646550,PLAZUELA SAN IGNACIO CARRERA 44 CON CALLES 48 Y 49,5200236,"BR 1 1/2"" - 1.5M - 52°/20°",,10,BR 1 1/2 - 1.5M - 52°/20°,"Tablas 1 al 392_2025.pdf, pagina 181",5200236
2025,181,SN,646550,PLAZUELA SAN IGNACIO CARRERA 44 CON CALLES 48 Y 49,5200422,Cable fza Al 3x6 awg XLPE 600V 90°C enterrado,17,,CABLE FZA AL 3X6 AWG XLPE 600V 90°C ENTERRADO,"Tablas 1 al 392_2025.pdf, pagina 181",5200422
2025,182,SN,656831,Puente Cl 63 Cr 125 - 15 Int 110,5200231,"UCAP BRAZO 1"" - 0.4M - 0°",1,,BRAZO 1 - 0.4M - 0°,"Tablas 1 al 392_2025.pdf, pagina 182",5200231
2025,182,SN,656831,Puente Cl 63 Cr 125 - 15 Int 110,5200270,LUM LED (KORELED) 44W,1,,LUM LED KORELED 44W,"Tablas 1 al 392_2025.pdf, pagina 182",5200270
2025,182,SN,656831,Puente Cl 63 Cr 125 - 15 Int 110,5200419,UCAP POSTE PRFV 8M (ENTERRAR),1,,POSTE PRFV 8M ENTERRAR,"Tablas 1 al 392_2025.pdf, pagina 182",5200419
2025,182,SN,656831,Puente Cl 63 Cr 125 - 15 Int 110,5200464,UCAP CABLE CU ENCAUCHETADO 3X14 CU,11,,CABLE CU ENCAUCHETADO 3X14 CU,"Tablas 1 al 392_2025.pdf, pagina 182",5200464
2025,183,SS,730135,"SENDERO PEATONAL, CR 20 ENTRE CL 33 Y CL 34",5200270,LUM LED (KORELED) 44W,7,,LUM LED KORELED 44W,"Tablas 1 al 392_2025.pdf, pagina 183",5200270
2025,183,SS,730135,"SENDERO PEATONAL, CR 20 ENTRE CL 33 Y CL 34",5200217,LUMINARIA 70W,,7,LUMINARIA 70W,"Tablas 1 al 392_2025.pdf, pagina 183",5200217
2025,183,SS,730135,"SENDERO PEATONAL, CR 20 ENTRE CL 33 Y CL 34",5200201,BOMBILLA Na 70W,,7,BOMBILLA NA 70W,"Tablas 1 al 392_2025.pdf, pagina 183",5200201
2025,183,SS,730135,"SENDERO PEATONAL, CR 20 ENTRE CL 33 Y CL 34",5200232,"BRAZO 1"" - 1.5m - 52°/0°",2,7,BRAZO 1 - 1.5M - 52°/0°,"Tablas 1 al 392_2025.pdf, pagina 183",5200232
2025,183,SS,730135,"SENDERO PEATONAL, CR 20 ENTRE CL 33 Y CL 34",5200231,"BRAZO 1"" - 0.4m - 0°",5,,BRAZO 1 - 0.4M - 0°,"Tablas 1 al 392_2025.pdf, pagina 183",5200231
2025,183,SS,730135,"SENDERO PEATONAL, CR 20 ENTRE CL 33 Y CL 34",5200464,Cable Cu encauchetado 3X14 AWG,14,,CABLE CU ENCAUCHETADO 3X14 AWG,"Tablas 1 al 392_2025.pdf, pagina 183",5200464
2025,183,SS,730135,"SENDERO PEATONAL, CR 20 ENTRE CL 33 Y CL 34",5200419,Poste PRFV 8m (Enterrar),1,,POSTE PRFV 8M ENTERRAR,"Tablas 1 al 392_2025.pdf, pagina 183",5200419
2025,184,SN,1026259,SMAP-DEPI-0130-25 Cancha las Violetas CL 31 C CR 89 C,5000268,"PROYEC LED 190W TIPO Y MEDIA (MEDIUM ""M"") 5000K",32,,PROYEC LED 190W TIPO Y MEDIA MEDIUM M 5000K,"Tablas 1 al 392_2025.pdf, pagina 184",5000268
2025,184,SN,1026259,SMAP-DEPI-0130-25 Cancha las Violetas CL 31 C CR 89 C,5200407,"UCAP TRIPLEX AL 2X4+1X4 XLP,AEREO",204,200,TRIPLEX AL 2X4+1X4 XLP AEREO,"Tablas 1 al 392_2025.pdf, pagina 184",5200407
2025,184,SN,1026259,SMAP-DEPI-0130-25 Cancha las Violetas CL 31 C CR 89 C,5200418,UCAP POSTE PRFV 18M (ENTERRAR),4,,POSTE PRFV 18M ENTERRAR,"Tablas 1 al 392_2025.pdf, pagina 184",5200418
2025,184,SN,1026259,SMAP-DEPI-0130-25 Cancha las Violetas CL 31 C CR 89 C,5200277,PROYEC LED (COSMOLED EV) 150W V-LARGA,,24,PROYEC LED COSMOLED EV 150W V-LARGA,"Tablas 1 al 392_2025.pdf, pagina 184",5200277
2025,184,SN,1026259,SMAP-DEPI-0130-25 Cancha las Violetas CL 31 C CR 89 C,5200309,UCAP POSTE CONCRETO OCTOG 12M,,6,POSTE CONCRETO OCTOG 12M,"Tablas 1 al 392_2025.pdf, pagina 184",5200309
2025,184,SN,1026259,SMAP-DEPI-0130-25 Cancha las Violetas CL 31 C CR 89 C,5200270,LUM LED (KORELED) 44W,,3,LUM LED KORELED 44W,"Tablas 1 al 392_2025.pdf, pagina 184",5200270
2025,184,SN,1026259,SMAP-DEPI-0130-25 Cancha las Violetas CL 31 C CR 89 C,5200232,"BRAZO 1"" - 1.5m - 52°/0°",,3,BRAZO 1 - 1.5M - 52°/0°,"Tablas 1 al 392_2025.pdf, pagina 184",5200232
2025,185,SN,1038209,ANDENES CR 88 CL 34-05,5200302,POST CONC 5M 350KGF CAR,8,,POST CONC 5M 350KGF CAR,"Tablas 1 al 392_2025.pdf, pagina 185",5200302
2025,185,SN,1038209,ANDENES CR 88 CL 34-05,5200501,CAJ CONC 50X50 CM (CON TAPA),9,,CAJ CONC 50X50 CM CON TAPA,"Tablas 1 al 392_2025.pdf, pagina 185",5200501
2025,185,SN,1038209,ANDENES CR 88 CL 34-05,5200270,LUM LED (KORELED) 44W,9,,LUM LED KORELED 44W,"Tablas 1 al 392_2025.pdf, pagina 185",5200270
2025,185,SN,1038209,ANDENES CR 88 CL 34-05,5200238,BR CAR SEMI-LAR 0.75M/0°,8,,BR CAR SEMI-LAR 0.75M/0°,"Tablas 1 al 392_2025.pdf, pagina 185",5200238
2025,185,SN,1038209,ANDENES CR 88 CL 34-05,5200411,CABL CU 3X8 ENTERR ZONA VER,128,,CABL CU 3X8 ENTERR ZONA VER,"Tablas 1 al 392_2025.pdf, pagina 185",5200411
2025,185,SN,1038209,ANDENES CR 88 CL 34-05,5200231,"BR 1"" - 0.4M - 0",1,,BR 1 - 0.4M - 0,"Tablas 1 al 392_2025.pdf, pagina 185",5200231
2025,186,SN,1044333,SMAP-DEPI-0167-25 CL 20 CR 43 G,5200223,LUM LED (LYRALED) FIJVERT 53W ASIM.,,3,LUM LED LYRALED FIJVERT 53W ASIM,"Tablas 1 al 392_2025.pdf, pagina 186",5200223
2025,186,SN,1044333,SMAP-DEPI-0167-25 CL 20 CR 43 G,5200270,LUM LED (KORELED) 44W,1,,LUM LED KORELED 44W,"Tablas 1 al 392_2025.pdf, pagina 186",5200270
2025,186,SN,1044333,SMAP-DEPI-0167-25 CL 20 CR 43 G,5200275,PROYEC LED (AREALED II) 140W V-CORTA,8,,PROYEC LED AREALED II 140W V-CORTA,"Tablas 1 al 392_2025.pdf, pagina 186",5200275
2025,186,SN,1044333,SMAP-DEPI-0167-25 CL 20 CR 43 G,5200232,"BR 1"" - 1.5M - 52°/0°",1,,BR 1 - 1.5M - 52°/0°,"Tablas 1 al 392_2025.pdf, pagina 186",5200232
2025,186,SN,1044333,SMAP-DEPI-0167-25 CL 20 CR 43 G,5200311,POST PRFV 12M 350KGF AP,2,,POST PRFV 12M 350KGF AP,"Tablas 1 al 392_2025.pdf, pagina 186",5200311
2025,186,SN,1044333,SMAP-DEPI-0167-25 CL 20 CR 43 G,5200419,POST PRFV 8M 510KGF,1,,POST PRFV 8M 510KGF,"Tablas 1 al 392_2025.pdf, pagina 186",5200419
2025,186,SN,1044333,SMAP-DEPI-0167-25 CL 20 CR 43 G,5200422,CABLE AL 3X6 ENTERRADO ZONA VERDE,68,,CABLE AL 3X6 ENTERRADO ZONA VERDE,"Tablas 1 al 392_2025.pdf, pagina 186",5200422
2025,186,SN,1044333,SMAP-DEPI-0167-25 CL 20 CR 43 G,5200502,CAJ CONC 50X50 CM (DIR ENTERR),4,,CAJ CONC 50X50 CM DIR ENTERR,"Tablas 1 al 392_2025.pdf, pagina 186",5200502
2025,186,SN,1044333,SMAP-DEPI-0167-25 CL 20 CR 43 G,5090209,PUESTA A TIERRA,1,,PUESTA A TIERRA,"Tablas 1 al 392_2025.pdf, pagina 186",5090209
2025,186,SN,1044333,SMAP-DEPI-0167-25 CL 20 CR 43 G,5200801,control latching relay 80A,1,,CONTROL LATCHING RELAY 80A,"Tablas 1 al 392_2025.pdf, pagina 186",5200801
2025,186,SN,1044333,SMAP-DEPI-0167-25 CL 20 CR 43 G,5200323,POST MET 4M ORNA BASE PERNADA,,3,POST MET 4M ORNA BASE PERNADA,"Tablas 1 al 392_2025.pdf, pagina 186",5200323
2025,187,SN,1049605,"CL 84 CR 75, Lopez De Mesa",5010131,PROYEC LED (ACROLED) 30W ASIM,6,,PROYEC LED ACROLED 30W ASIM,"Tablas 1 al 392_2025.pdf, pagina 187",5010131
2025,187,SN,1049605,"CL 84 CR 75, Lopez De Mesa",5010132,PROYEC LED (ACROLED) 40W ASIME,12,,PROYEC LED ACROLED 40W ASIME,"Tablas 1 al 392_2025.pdf, pagina 187",5010132
2025,187,SN,1049605,"CL 84 CR 75, Lopez De Mesa",5200464,CABL CU 3X14 (ENCAU),150,,CABL CU 3X14 ENCAU,"Tablas 1 al 392_2025.pdf, pagina 187",5200464
2025,187,SN,1049605,"CL 84 CR 75, Lopez De Mesa",5090208,Caja de paso metalica,18,,CAJA DE PASO METALICA,"Tablas 1 al 392_2025.pdf, pagina 187",5090208
2025,187,SN,1049605,"CL 84 CR 75, Lopez De Mesa",5200219,RET-LUM 250W,,6,RET-LUM 250W,"Tablas 1 al 392_2025.pdf, pagina 187",5200219
2025,187,SN,1049605,"CL 84 CR 75, Lopez De Mesa",5200203,RET-BPMB 250W,,6,RET-BPMB 250W,"Tablas 1 al 392_2025.pdf, pagina 187",5200203
2025,187,SN,1049605,"CL 84 CR 75, Lopez De Mesa",5200231,"BR 1"" - 0.4M - 0°",,6,BR 1 - 0.4M - 0°,"Tablas 1 al 392_2025.pdf, pagina 187",5200231
2025,188,SN,1088257,SMAP 0013-25 CL 111 G CR 64 - 14,5200270,LUM LED (KORELED) 44W,2,,LUM LED KORELED 44W,"Tablas 1 al 392_2025.pdf, pagina 188",5200270
2025,188,SN,1088257,SMAP 0013-25 CL 111 G CR 64 - 14,5200302,UCAP POSTE CONCRETO CARABOBO 5M,2,,POSTE CONCRETO CARABOBO 5M,"Tablas 1 al 392_2025.pdf, pagina 188",5200302
2025,188,SN,1088257,SMAP 0013-25 CL 111 G CR 64 - 14,5200421,CABLE FZA AL 3X6 AWG XLPE 600V 90°C,34,,CABLE FZA AL 3X6 AWG XLPE 600V 90°C,"Tablas 1 al 392_2025.pdf, pagina 188",5200421
2025,188,SN,1088257,SMAP 0013-25 CL 111 G CR 64 - 14,5200464,UCAP CABLE CU ENCAUCHETADO 3X14 CU,10,,CABLE CU ENCAUCHETADO 3X14 CU,"Tablas 1 al 392_2025.pdf, pagina 188",5200464
2025,188,SN,1088257,SMAP 0013-25 CL 111 G CR 64 - 14,5200501,UCAP CAJA CONCRETO 50X50 CM,2,,CAJA CONCRETO 50X50 CM,"Tablas 1 al 392_2025.pdf, pagina 188",5200501
2025,188,SN,1088257,SMAP 0013-25 CL 111 G CR 64 - 14,5200503,"UCAP CANAL ANDEN TUBERIA PVC 2""",14,,CANAL ANDEN TUBERIA PVC 2,"Tablas 1 al 392_2025.pdf, pagina 188",5200503
2025,188,SN,1088257,SMAP 0013-25 CL 111 G CR 64 - 14,5200238,UCAP BRAZO SENCILLO CARABOBO,3,1,BRAZO SENCILLO CARABOBO,"Tablas 1 al 392_2025.pdf, pagina 188",5200238
2025,188,SN,1088257,SMAP 0013-25 CL 111 G CR 64 - 14,5200505,"UCAP CANAL ZONA V TUBERIA PVC 2""",16,,CANAL ZONA V TUBERIA PVC 2,"Tablas 1 al 392_2025.pdf, pagina 188",5200505
2025,189,SN,1088267,SMAP 0015-25 Cl 57 Cr 56,5200240,UCAP BRAZO DOBLE CARABOBO YERBA,1,,BRAZO DOBLE CARABOBO YERBA,"Tablas 1 al 392_2025.pdf, pagina 189",5200240
2025,189,SN,1088267,SMAP 0015-25 Cl 57 Cr 56,5200270,LUM LED (KORELED) 44W,2,,LUM LED KORELED 44W,"Tablas 1 al 392_2025.pdf, pagina 189",5200270
2025,189,SN,1088267,SMAP 0015-25 Cl 57 Cr 56,5200302,UCAP POSTE CONCRETO CARABOBO 5M,1,,POSTE CONCRETO CARABOBO 5M,"Tablas 1 al 392_2025.pdf, pagina 189",5200302
2025,189,SN,1088267,SMAP 0015-25 Cl 57 Cr 56,5200422,CABLE FZA AL 3X6 AWG XLPE 600V 90°C ENTERRADO,15,,CABLE FZA AL 3X6 AWG XLPE 600V 90°C ENTERRADO,"Tablas 1 al 392_2025.pdf, pagina 189",5200422
2025,189,SN,1088267,SMAP 0015-25 Cl 57 Cr 56,5200502,UCAP CAJA CONCRETO DIRECTAMENTE ENT,1,,CAJA CONCRETO DIRECTAMENTE ENT,"Tablas 1 al 392_2025.pdf, pagina 189",5200502
2025,190,SN,1088278,SMAP 0016-25 CL 6 CR 16 - 14,5200270,LUM LED (KORELED) 44W,1,,LUM LED KORELED 44W,"Tablas 1 al 392_2025.pdf, pagina 190",5200270
2025,190,SN,1088278,SMAP 0016-25 CL 6 CR 16 - 14,5200232,"BR 1"" - 1.5M - 52°/0°",1,,BR 1 - 1.5M - 52°/0°,"Tablas 1 al 392_2025.pdf, pagina 190",5200232
2025,190,SN,1088278,SMAP 0016-25 CL 6 CR 16 - 14,5200308,POST CONC 8M 510KGF OCT,1,,POST CONC 8M 510KGF OCT,"Tablas 1 al 392_2025.pdf, pagina 190",5200308
2025,190,SN,1088278,SMAP 0016-25 CL 6 CR 16 - 14,5200464,CABL CU 3X14 (ENCAU),21,,CABL CU 3X14 ENCAU,"Tablas 1 al 392_2025.pdf, pagina 190",5200464
2025,191,SN,1088283,SMAP 0017-25 CL 6 CR 16 - 14,5200293,LUM LED (OMEGA II) 64.5W,1,,LUM LED OMEGA II 64.5W,"Tablas 1 al 392_2025.pdf, pagina 191",5200293
2025,191,SN,1088283,SMAP 0017-25 CL 6 CR 16 - 14,5200241,BR CURVO 3000M,1,,BR CURVO 3000M,"Tablas 1 al 392_2025.pdf, pagina 191",5200241
2025,191,SN,1088283,SMAP 0017-25 CL 6 CR 16 - 14,R5200217,RET - LUM 70W,,1,RET - LUM 70W,"Tablas 1 al 392_2025.pdf, pagina 191",R5200217
2025,191,SN,1088283,SMAP 0017-25 CL 6 CR 16 - 14,R5200201,RET - BOMB 70W,,1,RET - BOMB 70W,"Tablas 1 al 392_2025.pdf, pagina 191",R5200201
2025,191,SN,1088283,SMAP 0017-25 CL 6 CR 16 - 14,R5200232,"RET - BR 1"" - 1.5M - 52°/0°",,1,RET - BR 1 - 1.5M - 52°/0°,"Tablas 1 al 392_2025.pdf, pagina 191",R5200232
2025,192,SN,1088305,SMAP 0018-25 CL 7 D CR 43 C - 23,5200270,LUM LED (KORELED) 44W,2,,LUM LED KORELED 44W,"Tablas 1 al 392_2025.pdf, pagina 192",5200270
2025,192,SN,1088305,SMAP 0018-25 CL 7 D CR 43 C - 23,5200231,"BR 1"" - 0.4M - 0°",1,,BR 1 - 0.4M - 0°,"Tablas 1 al 392_2025.pdf, pagina 192",5200231
2025,192,SN,1088305,SMAP 0018-25 CL 7 D CR 43 C - 23,5200238-5,BR CAR CORT-960 MM/0°,1,,BR CAR CORT-960 MM/0°,"Tablas 1 al 392_2025.pdf, pagina 192",5200238-5
2025,192,SN,1088305,SMAP 0018-25 CL 7 D CR 43 C - 23,5200308,POST CONC 8M 510KGF OCT,1,,POST CONC 8M 510KGF OCT,"Tablas 1 al 392_2025.pdf, pagina 192",5200308
2025,192,SN,1088305,SMAP 0018-25 CL 7 D CR 43 C - 23,5200302,POST CONC 5M 350KGF CAR,1,,POST CONC 5M 350KGF CAR,"Tablas 1 al 392_2025.pdf, pagina 192",5200302
2025,192,SN,1088305,SMAP 0018-25 CL 7 D CR 43 C - 23,5200501,CAJ CONC 50X50 CM (CON TAPA),2,,CAJ CONC 50X50 CM CON TAPA,"Tablas 1 al 392_2025.pdf, pagina 192",5200501
2025,192,SN,1088305,SMAP 0018-25 CL 7 D CR 43 C - 23,5200421,UCAP CABLE AL 3X6 EN CANAL EXISTENTE,14,,CABLE AL 3X6 EN CANAL EXISTENTE,"Tablas 1 al 392_2025.pdf, pagina 192",5200421
2025,192,SN,1088305,SMAP 0018-25 CL 7 D CR 43 C - 23,5200505,"CANAL TUBERIA PVC 2"" + ZONA VERDE",12,,CANAL TUBERIA PVC 2 + ZONA VERDE,"Tablas 1 al 392_2025.pdf, pagina 192",5200505
2025,192,SN,1088305,SMAP 0018-25 CL 7 D CR 43 C - 23,5200407,TPX AL 2X4+1X4 XLP AEREO,11,,TPX AL 2X4+1X4 XLP AEREO,"Tablas 1 al 392_2025.pdf, pagina 192",5200407
2025,193,SN,1088309,SMAP 0019-25 CR 43 C ENTR CL 7 D Y CL 6,5200269,LUM LED (RALED II) 110.7W,1,,LUM LED RALED II 110.7W,"Tablas 1 al 392_2025.pdf, pagina 193",5200269
2025,193,SN,1088309,SMAP 0019-25 CR 43 C ENTR CL 7 D Y CL 6,5200235,"BR 1 1/2"" - 1.5M - 52°/0°",1,,BR 1 1/2 - 1.5M - 52°/0°,"Tablas 1 al 392_2025.pdf, pagina 193",5200235
2025,193,SN,1088309,SMAP 0019-25 CR 43 C ENTR CL 7 D Y CL 6,5200394,POST PRFV 7.5M 350KGF AP BASE REF. 1 O 2,1,,POST PRFV 7.5M 350KGF AP BASE REF 1 O 2,"Tablas 1 al 392_2025.pdf, pagina 193",5200394
2025,194,SN,1088482,ANDEN SMAP-CIL-0024-25 CL 56 CR 45 - 73,5200270,LUM LED (KORELED) 44W,2,,LUM LED KORELED 44W,"Tablas 1 al 392_2025.pdf, pagina 194",5200270
2025,194,SN,1088482,ANDEN SMAP-CIL-0024-25 CL 56 CR 45 - 73,5200231,"BR 1"" - 0.4M - 0°",2,,BR 1 - 0.4M - 0°,"Tablas 1 al 392_2025.pdf, pagina 194",5200231
2025,194,SN,1088482,ANDEN SMAP-CIL-0024-25 CL 56 CR 45 - 73,5200419,POST PRFV 8M 510KGF,2,,POST PRFV 8M 510KGF,"Tablas 1 al 392_2025.pdf, pagina 194",5200419
2025,194,SN,1088482,ANDEN SMAP-CIL-0024-25 CL 56 CR 45 - 73,5200464,CABL CU 3X14 (ENCAU),24,,CABL CU 3X14 ENCAU,"Tablas 1 al 392_2025.pdf, pagina 194",5200464
2025,195,SN,1088497,SMAP-CIL-0026-25 CALLE 56 CR 41 34,5200270,LUM LED (KORELED) 44W,3,,LUM LED KORELED 44W,"Tablas 1 al 392_2025.pdf, pagina 195",5200270
2025,195,SN,1088497,SMAP-CIL-0026-25 CALLE 56 CR 41 34,5200231,"BR 1"" - 0.4M - 0°",3,,BR 1 - 0.4M - 0°,"Tablas 1 al 392_2025.pdf, pagina 195",5200231
2025,195,SN,1088497,SMAP-CIL-0026-25 CALLE 56 CR 41 34,5200241,BRAZO CURVO 3000m,1,,BRAZO CURVO 3000M,"Tablas 1 al 392_2025.pdf, pagina 195",5200241
2025,195,SN,1088497,SMAP-CIL-0026-25 CALLE 56 CR 41 34,5200232,"BRAZO 1"" - 1.5m - 52°/0°",,1,BRAZO 1 - 1.5M - 52°/0°,"Tablas 1 al 392_2025.pdf, pagina 195",5200232
2025,196,SN,1096870,Cl 70 A Cr 45 - 30,5200232,"UCAP BRAZO 1"" - 1.5M - 52°/0°",1,,BRAZO 1 - 1.5M - 52°/0°,"Tablas 1 al 392_2025.pdf, pagina 196",5200232
2025,196,SN,1096870,Cl 70 A Cr 45 - 30,5200270,LUM LED (KORELED) 44W,1,,LUM LED KORELED 44W,"Tablas 1 al 392_2025.pdf, pagina 196",5200270
2025,196,SN,1096870,Cl 70 A Cr 45 - 30,5200464,UCAP CABLE CU ENCAUCHETADO 3X14 CU,13,,CABLE CU ENCAUCHETADO 3X14 CU,"Tablas 1 al 392_2025.pdf, pagina 196",5200464
2025,197,SN,1096913,Estación Metro Plus Palos Verdes Cr 45 Cl 66 - 10,5200241,UCAP BRAZO CURVO 3000M,4,,BRAZO CURVO 3000M,"Tablas 1 al 392_2025.pdf, pagina 197",5200241
2025,197,SN,1096913,Estación Metro Plus Palos Verdes Cr 45 Cl 66 - 10,5200272,LUM LED (SEPIALED II) 128W,8,5,LUM LED SEPIALED II 128W,"Tablas 1 al 392_2025.pdf, pagina 197",5200272
2025,197,SN,1096913,Estación Metro Plus Palos Verdes Cr 45 Cl 66 - 10,5200301,UCAP POSTE CONCRETO REDONDO 9M.,4,,POSTE CONCRETO REDONDO 9M,"Tablas 1 al 392_2025.pdf, pagina 197",5200301
2025,197,SN,1096913,Estación Metro Plus Palos Verdes Cr 45 Cl 66 - 10,5200407,"UCAP TRIPLEX AL 2X4+1X4 XLP,AEREO",11,,TRIPLEX AL 2X4+1X4 XLP AEREO,"Tablas 1 al 392_2025.pdf, pagina 197",5200407
2025,197,SN,1096913,Estación Metro Plus Palos Verdes Cr 45 Cl 66 - 10,5200421,CABLE FZA AL 3X6 AWG XLPE 600V 90°C,96,,CABLE FZA AL 3X6 AWG XLPE 600V 90°C,"Tablas 1 al 392_2025.pdf, pagina 197",5200421
2025,197,SN,1096913,Estación Metro Plus Palos Verdes Cr 45 Cl 66 - 10,5200501,UCAP CAJA CONCRETO 50X50 CM,4,,CAJA CONCRETO 50X50 CM,"Tablas 1 al 392_2025.pdf, pagina 197",5200501
2025,197,SN,1096913,Estación Metro Plus Palos Verdes Cr 45 Cl 66 - 10,5200503,"UCAP CANAL ANDEN TUBERIA PVC 2""",88,,CANAL ANDEN TUBERIA PVC 2,"Tablas 1 al 392_2025.pdf, pagina 197",5200503
2025,197,SN,1096913,Estación Metro Plus Palos Verdes Cr 45 Cl 66 - 10,5200235,"UCAP BRAZO 1 1/2"" - 1.5M - 52°/0°",4,5,BRAZO 1 1/2 - 1.5M - 52°/0°,"Tablas 1 al 392_2025.pdf, pagina 197",5200235
2025,198,SN,1099803,Parque Bellos Horizontes Tejiendo hogares CL 101 AA CR 83,5200231,"UCAP BRAZO 1"" - 0.4M - 0°",9,,BRAZO 1 - 0.4M - 0°,"Tablas 1 al 392_2025.pdf, pagina 198",5200231
2025,198,SN,1099803,Parque Bellos Horizontes Tejiendo hogares CL 101 AA CR 83,5200232,"UCAP BRAZO 1"" - 1.5M - 52°/0°",1,1,BRAZO 1 - 1.5M - 52°/0°,"Tablas 1 al 392_2025.pdf, pagina 198",5200232
2025,198,SN,1099803,Parque Bellos Horizontes Tejiendo hogares CL 101 AA CR 83,5200270,LUM LED (KORELED) 44W,10,1,LUM LED KORELED 44W,"Tablas 1 al 392_2025.pdf, pagina 198",5200270
2025,198,SN,1099803,Parque Bellos Horizontes Tejiendo hogares CL 101 AA CR 83,5200407,"UCAP TRIPLEX AL 2X4+1X4 XLP,AEREO",124,,TRIPLEX AL 2X4+1X4 XLP AEREO,"Tablas 1 al 392_2025.pdf, pagina 198",5200407
2025,198,SN,1099803,Parque Bellos Horizontes Tejiendo hogares CL 101 AA CR 83,5200419,UCAP POSTE PRFV 8M (ENTERRAR),10,,POSTE PRFV 8M ENTERRAR,"Tablas 1 al 392_2025.pdf, pagina 198",5200419
2025,199,SN,1100630,Cr 23 C Cl 75 C - 207 Int 108,5200231,"UCAP BRAZO 1"" - 0.4M - 0°",1,,BRAZO 1 - 0.4M - 0°,"Tablas 1 al 392_2025.pdf, pagina 199",5200231
2025,199,SN,1100630,Cr 23 C Cl 75 C - 207 Int 108,5200270,LUM LED (KORELED) 44W,1,,LUM LED KORELED 44W,"Tablas 1 al 392_2025.pdf, pagina 199",5200270
2025,199,SN,1100630,Cr 23 C Cl 75 C - 207 Int 108,5200464,UCAP CABLE CU ENCAUCHETADO 3X14 CU,13,,CABLE CU ENCAUCHETADO 3X14 CU,"Tablas 1 al 392_2025.pdf, pagina 199",5200464
2025,200,SN,1106030,VIA - SENDERO PEATONAL CR 43 A CL 12 A,5200293,LUM LED (OMEGA II ) 64.5W,1,,LUM LED OMEGA II 64.5W,"Tablas 1 al 392_2025.pdf, pagina 200",5200293
2025,200,SN,1106030,VIA - SENDERO PEATONAL CR 43 A CL 12 A,5200308,Poste concreto octog 8m,1,,POSTE CONCRETO OCTOG 8M,"Tablas 1 al 392_2025.pdf, pagina 200",5200308
2025,200,SN,1106030,VIA - SENDERO PEATONAL CR 43 A CL 12 A,5200464,Cable Cu encauchetado 3X14 AWG,18,,CABLE CU ENCAUCHETADO 3X14 AWG,"Tablas 1 al 392_2025.pdf, pagina 200",5200464
2025,200,SN,1106030,VIA - SENDERO PEATONAL CR 43 A CL 12 A,5200232,"BRAZO 1"" - 1.5m - 52°/0°",1,,BRAZO 1 - 1.5M - 52°/0°,"Tablas 1 al 392_2025.pdf, pagina 200",5200232
2025,201,SN,1106368,SENDEROPEATONAL CL 82 BB CL 15,5200309,Poste concreto octog 12m,,1,POSTE CONCRETO OCTOG 12M,"Tablas 1 al 392_2025.pdf, pagina 201",5200309
2025,201,SN,1106368,SENDEROPEATONAL CL 82 BB CL 15,5020117,Poste PRFV 9m (Enterrar),1,,POSTE PRFV 9M ENTERRAR,"Tablas 1 al 392_2025.pdf, pagina 201",5020117
2025,201,SN,1106368,SENDEROPEATONAL CL 82 BB CL 15,5200217,LUM LED (KORELED) 44W,1,1,LUM LED KORELED 44W,"Tablas 1 al 392_2025.pdf, pagina 201",5200217
2025,201,SN,1106368,SENDEROPEATONAL CL 82 BB CL 15,5200232,"BRAZO 1"" - 1.5m - 52°/0°",1,1,BRAZO 1 - 1.5M - 52°/0°,"Tablas 1 al 392_2025.pdf, pagina 201",5200232
2025,202,SN,1112478,Sendero Peatonal Diagonal 17 D Cr 56 A - 1 Int 210,5200270,LUM LED (KORELED) 44W,1,,LUM LED KORELED 44W,"Tablas 1 al 392_2025.pdf, pagina 202",5200270
2025,202,SN,1112478,Sendero Peatonal Diagonal 17 D Cr 56 A - 1 Int 210,5200231,"UCAP BRAZO 1"" - 0.4M - 0°",1,,BRAZO 1 - 0.4M - 0°,"Tablas 1 al 392_2025.pdf, pagina 202",5200231
2025,203,SN,1114384,SMAP 0049-25 CR 35 CL 5 A - 15,5200231,"UCAP BRAZO 1"" - 0.4M - 0°",6,,BRAZO 1 - 0.4M - 0°,"Tablas 1 al 392_2025.pdf, pagina 203",5200231
2025,203,SN,1114384,SMAP 0049-25 CR 35 CL 5 A - 15,5200232,"UCAP BRAZO 1"" - 1.5M - 52°/0°",2,,BRAZO 1 - 1.5M - 52°/0°,"Tablas 1 al 392_2025.pdf, pagina 203",5200232
2025,203,SN,1114384,SMAP 0049-25 CR 35 CL 5 A - 15,5200270,LUM LED (KORELED) 44W,8,,LUM LED KORELED 44W,"Tablas 1 al 392_2025.pdf, pagina 203",5200270
2025,203,SN,1114384,SMAP 0049-25 CR 35 CL 5 A - 15,5200308,UCAP POSTE CONCRETO OCTOG 8M,2,,POSTE CONCRETO OCTOG 8M,"Tablas 1 al 392_2025.pdf, pagina 203",5200308
2025,203,SN,1114384,SMAP 0049-25 CR 35 CL 5 A - 15,5200419,UCAP POSTE PRFV 8M (ENTERRAR),1,,POSTE PRFV 8M ENTERRAR,"Tablas 1 al 392_2025.pdf, pagina 203",5200419
2025,203,SN,1114384,SMAP 0049-25 CR 35 CL 5 A - 15,5200422,CABLE FZA AL 3X6 AWG XLPE 600V 90°C ENTERRADO,12,,CABLE FZA AL 3X6 AWG XLPE 600V 90°C ENTERRADO,"Tablas 1 al 392_2025.pdf, pagina 203",5200422
2025,203,SN,1114384,SMAP 0049-25 CR 35 CL 5 A - 15,5200464,UCAP CABLE CU ENCAUCHETADO 3X14 CU,72,,CABLE CU ENCAUCHETADO 3X14 CU,"Tablas 1 al 392_2025.pdf, pagina 203",5200464
2025,203,SN,1114384,SMAP 0049-25 CR 35 CL 5 A - 15,5200501,UCAP CAJA CONCRETO 50X50 CM,1,,CAJA CONCRETO 50X50 CM,"Tablas 1 al 392_2025.pdf, pagina 203",5200501
2025,204,SN,1114417,GIMASIO CALLEJERO U.D. ATANASIO GIRARDOT SMAP-CIL-0054- 25 CR 70 CON CL 48,5200272,LUM LED (SEPIALED II) 128W,9,,LUM LED SEPIALED II 128W,"Tablas 1 al 392_2025.pdf, pagina 204",5200272
2025,204,SN,1114417,GIMASIO CALLEJERO U.D. ATANASIO GIRARDOT SMAP-CIL-0054- 25 CR 70 CON CL 48,5200419,POST PRFV 8M 510KGF,2,,POST PRFV 8M 510KGF,"Tablas 1 al 392_2025.pdf, pagina 204",5200419
2025,204,SN,1114417,GIMASIO CALLEJERO U.D. ATANASIO GIRARDOT SMAP-CIL-0054- 25 CR 70 CON CL 48,5200464,CABL CU 3X14 (ENCAU),92,,CABL CU 3X14 ENCAU,"Tablas 1 al 392_2025.pdf, pagina 204",5200464
2025,204,SN,1114417,GIMASIO CALLEJERO U.D. ATANASIO GIRARDOT SMAP-CIL-0054- 25 CR 70 CON CL 48,R5200218,RET - LUM 150W,,2,RET - LUM 150W,"Tablas 1 al 392_2025.pdf, pagina 204",R5200218
2025,204,SN,1114417,GIMASIO CALLEJERO U.D. ATANASIO GIRARDOT SMAP-CIL-0054- 25 CR 70 CON CL 48,R5200219,RET - LUM 250W,,5,RET - LUM 250W,"Tablas 1 al 392_2025.pdf, pagina 204",R5200219
2025,204,SN,1114417,GIMASIO CALLEJERO U.D. ATANASIO GIRARDOT SMAP-CIL-0054- 25 CR 70 CON CL 48,R5200410,RET - DUPLEX CU 14 AWG,,59,RET - DUPLEX CU 14 AWG,"Tablas 1 al 392_2025.pdf, pagina 204",R5200410
2025,204,SN,1114417,GIMASIO CALLEJERO U.D. ATANASIO GIRARDOT SMAP-CIL-0054- 25 CR 70 CON CL 48,5200235,"BRAZO 1 1/2"" - 1.5M - 52°/0°",9,7,BRAZO 1 1/2 - 1.5M - 52°/0°,"Tablas 1 al 392_2025.pdf, pagina 204",5200235
2025,204,SN,1114417,GIMASIO CALLEJERO U.D. ATANASIO GIRARDOT SMAP-CIL-0054- 25 CR 70 CON CL 48,R5200202,RET - BOMB 150W,,2,RET - BOMB 150W,"Tablas 1 al 392_2025.pdf, pagina 204",R5200202
2025,204,SN,1114417,GIMASIO CALLEJERO U.D. ATANASIO GIRARDOT SMAP-CIL-0054- 25 CR 70 CON CL 48,R5200203,RET - BOMB 250W,,5,RET - BOMB 250W,"Tablas 1 al 392_2025.pdf, pagina 204",R5200203
2025,205,SS,1121532,CLINICA VITHA Calle 44 # 80-02,5200407,"triplex Al 2x4+1x4 xlp,aereo",76,117,TRIPLEX AL 2X4+1X4 XLP AEREO,"Tablas 1 al 392_2025.pdf, pagina 205",5200407
2025,205,SS,1121532,CLINICA VITHA Calle 44 # 80-02,5200308,Poste concreto octog 8m,1,2,POSTE CONCRETO OCTOG 8M,"Tablas 1 al 392_2025.pdf, pagina 205",5200308
2025,205,SS,1121532,CLINICA VITHA Calle 44 # 80-02,5200419,Poste PRFV 8m (Enterrar),2,1,POSTE PRFV 8M ENTERRAR,"Tablas 1 al 392_2025.pdf, pagina 205",5200419
2025,205,SS,1121532,CLINICA VITHA Calle 44 # 80-02,5200464,Cable Cu encauchetado 3X14 AWG,14,,CABLE CU ENCAUCHETADO 3X14 AWG,"Tablas 1 al 392_2025.pdf, pagina 205",5200464
2025,205,SS,1121532,CLINICA VITHA Calle 44 # 80-02,5200207,Luminaria LED 110W Horizontal,2,2,LUMINARIA LED 110W HORIZONTAL,"Tablas 1 al 392_2025.pdf, pagina 205",5200207
2025,205,SS,1121532,CLINICA VITHA Calle 44 # 80-02,5200270,LUM LED (KORELED) 44W,1,1,LUM LED KORELED 44W,"Tablas 1 al 392_2025.pdf, pagina 205",5200270
2025,205,SS,1121532,CLINICA VITHA Calle 44 # 80-02,5200241,BRAZO CURVO 3000m,2,2,BRAZO CURVO 3000M,"Tablas 1 al 392_2025.pdf, pagina 205",5200241
2025,205,SS,1121532,CLINICA VITHA Calle 44 # 80-02,5200231,"BRAZO 1"" - 0.4m - 0°",1,1,BRAZO 1 - 0.4M - 0°,"Tablas 1 al 392_2025.pdf, pagina 205",5200231
2025,205,SS,1121532,CLINICA VITHA Calle 44 # 80-02,5200293,LUM LED (OMEGA II ) 64.5W,1,1,LUM LED OMEGA II 64.5W,"Tablas 1 al 392_2025.pdf, pagina 205",5200293
2025,205,SS,1121532,CLINICA VITHA Calle 44 # 80-02,5200232,"BRAZO 1"" - 1.5m - 52°/0°",1,1,BRAZO 1 - 1.5M - 52°/0°,"Tablas 1 al 392_2025.pdf, pagina 205",5200232
2025,206,SN,1130561,Sendero Cr 40 Cl 88 - 44 Int 202,5200231,"UCAP BRAZO 1"" - 0.4M - 0°",2,1,BRAZO 1 - 0.4M - 0°,"Tablas 1 al 392_2025.pdf, pagina 206",5200231
2025,206,SN,1130561,Sendero Cr 40 Cl 88 - 44 Int 202,5200270,LUM LED (KORELED) 44W,2,,LUM LED KORELED 44W,"Tablas 1 al 392_2025.pdf, pagina 206",5200270
2025,206,SN,1130561,Sendero Cr 40 Cl 88 - 44 Int 202,5200464,UCAP CABLE CU ENCAUCHETADO 3X14 CU,20,,CABLE CU ENCAUCHETADO 3X14 CU,"Tablas 1 al 392_2025.pdf, pagina 206",5200464
2025,206,SN,1130561,Sendero Cr 40 Cl 88 - 44 Int 202,5200217,UCAP LUMINARIA 70W,,1,LUMINARIA 70W,"Tablas 1 al 392_2025.pdf, pagina 206",5200217
2025,206,SN,1130561,Sendero Cr 40 Cl 88 - 44 Int 202,5200201,UCAP BOMBILLO 70W,,1,BOMBILLO 70W,"Tablas 1 al 392_2025.pdf, pagina 206",5200201
2025,206,SN,1130561,Sendero Cr 40 Cl 88 - 44 Int 202,5200410,UCAP DUPLEX CU 14 AWG-THW 300V,,15,DUPLEX CU 14 AWG-THW 300V,"Tablas 1 al 392_2025.pdf, pagina 206",5200410
2025,207,SN,1133896,Vía y Sendero Cr 32 Cl 41 - 4,5200231,"UCAP BRAZO 1"" - 0.4M - 0°",1,,BRAZO 1 - 0.4M - 0°,"Tablas 1 al 392_2025.pdf, pagina 207",5200231
2025,207,SN,1133896,Vía y Sendero Cr 32 Cl 41 - 4,5200232,"UCAP BRAZO 1"" - 1.5M - 52°/0°",1,1,BRAZO 1 - 1.5M - 52°/0°,"Tablas 1 al 392_2025.pdf, pagina 207",5200232
2025,207,SN,1133896,Vía y Sendero Cr 32 Cl 41 - 4,5200270,LUM LED (KORELED) 44W,1,,LUM LED KORELED 44W,"Tablas 1 al 392_2025.pdf, pagina 207",5200270
2025,207,SN,1133896,Vía y Sendero Cr 32 Cl 41 - 4,5200271,LUM LED (MAXIMO M) 59.16W,1,1,LUM LED MAXIMO M 59.16W,"Tablas 1 al 392_2025.pdf, pagina 207",5200271
2025,207,SN,1133896,Vía y Sendero Cr 32 Cl 41 - 4,5200308,UCAP POSTE CONCRETO OCTOG 8M,1,,POSTE CONCRETO OCTOG 8M,"Tablas 1 al 392_2025.pdf, pagina 207",5200308
2025,207,SN,1133896,Vía y Sendero Cr 32 Cl 41 - 4,5200464,UCAP CABLE CU ENCAUCHETADO 3X14 CU,15,,CABLE CU ENCAUCHETADO 3X14 CU,"Tablas 1 al 392_2025.pdf, pagina 207",5200464
2025,208,SN,1079594,TRAVESIAS,5200270,LUM LED (KORELED) 44W,2,,LUM LED KORELED 44W,"Tablas 1 al 392_2025.pdf, pagina 208",5200270
2025,208,SN,1079594,TRAVESIAS,5200231,"BR 1"" - 0.4M - 0°",2,,BR 1 - 0.4M - 0°,"Tablas 1 al 392_2025.pdf, pagina 208",5200231
2025,209,SN,1081350,SOLICITUD DE MEJORAMIENTO SMAP-CIL-0006-25 Carrera 59 x Calles 54,5020117,UCAP POSTE PRFV 9M (ENTERRAR),7,,POSTE PRFV 9M ENTERRAR,"Tablas 1 al 392_2025.pdf, pagina 209",5020117
2025,209,SN,1081350,SOLICITUD DE MEJORAMIENTO SMAP-CIL-0006-25 Carrera 59 x Calles 54,5200231,"UCAP BRAZO 1"" - 0.4M - 0°",4,,BRAZO 1 - 0.4M - 0°,"Tablas 1 al 392_2025.pdf, pagina 209",5200231
2025,209,SN,1081350,SOLICITUD DE MEJORAMIENTO SMAP-CIL-0006-25 Carrera 59 x Calles 54,5200232,"UCAP BRAZO 1"" - 1.5M - 52°/0°",1,1,BRAZO 1 - 1.5M - 52°/0°,"Tablas 1 al 392_2025.pdf, pagina 209",5200232
2025,209,SN,1081350,SOLICITUD DE MEJORAMIENTO SMAP-CIL-0006-25 Carrera 59 x Calles 54,5200235,"UCAP BRAZO 1 1/2"" - 1.5M - 52°/0°",9,,BRAZO 1 1/2 - 1.5M - 52°/0°,"Tablas 1 al 392_2025.pdf, pagina 209",5200235
2025,209,SN,1081350,SOLICITUD DE MEJORAMIENTO SMAP-CIL-0006-25 Carrera 59 x Calles 54,5200241,UCAP BRAZO CURVO 3000M,20,9,BRAZO CURVO 3000M,"Tablas 1 al 392_2025.pdf, pagina 209",5200241
2025,209,SN,1081350,SOLICITUD DE MEJORAMIENTO SMAP-CIL-0006-25 Carrera 59 x Calles 54,5200269,LUM LED 110-1 (RALED II),29,,LUM LED 110-1 RALED II,"Tablas 1 al 392_2025.pdf, pagina 209",5200269
2025,209,SN,1081350,SOLICITUD DE MEJORAMIENTO SMAP-CIL-0006-25 Carrera 59 x Calles 54,5200270,LUM LED (KORELED) 44W,5,,LUM LED KORELED 44W,"Tablas 1 al 392_2025.pdf, pagina 209",5200270
2025,209,SN,1081350,SOLICITUD DE MEJORAMIENTO SMAP-CIL-0006-25 Carrera 59 x Calles 54,5200311,UCAP POSTE DE FIBRA 12 M ENTERRAR,5,,POSTE DE FIBRA 12 M ENTERRAR,"Tablas 1 al 392_2025.pdf, pagina 209",5200311
2025,209,SN,1081350,SOLICITUD DE MEJORAMIENTO SMAP-CIL-0006-25 Carrera 59 x Calles 54,5200407,"UCAP TRIPLEX AL 2X4+1X4 XLP,AEREO",93,,TRIPLEX AL 2X4+1X4 XLP AEREO,"Tablas 1 al 392_2025.pdf, pagina 209",5200407
2025,209,SN,1081350,SOLICITUD DE MEJORAMIENTO SMAP-CIL-0006-25 Carrera 59 x Calles 54,5200419,UCAP POSTE PRFV 8M (ENTERRAR),1,,POSTE PRFV 8M ENTERRAR,"Tablas 1 al 392_2025.pdf, pagina 209",5200419
2025,209,SN,1081350,SOLICITUD DE MEJORAMIENTO SMAP-CIL-0006-25 Carrera 59 x Calles 54,5200219,UCAP LUMINARIA 250W,,13,LUMINARIA 250W,"Tablas 1 al 392_2025.pdf, pagina 209",5200219
2025,209,SN,1081350,SOLICITUD DE MEJORAMIENTO SMAP-CIL-0006-25 Carrera 59 x Calles 54,5200203,UCAP BOMBILLO 250W,,13,BOMBILLO 250W,"Tablas 1 al 392_2025.pdf, pagina 209",5200203
2025,209,SN,1081350,SOLICITUD DE MEJORAMIENTO SMAP-CIL-0006-25 Carrera 59 x Calles 54,5200220,UCAP LUMINARIA 400W,,7,LUMINARIA 400W,"Tablas 1 al 392_2025.pdf, pagina 209",5200220
2025,209,SN,1081350,SOLICITUD DE MEJORAMIENTO SMAP-CIL-0006-25 Carrera 59 x Calles 54,5200204,UCAP BOMBILLO 400W,,7,BOMBILLO 400W,"Tablas 1 al 392_2025.pdf, pagina 209",5200204
2025,209,SN,1081350,SOLICITUD DE MEJORAMIENTO SMAP-CIL-0006-25 Carrera 59 x Calles 54,5200236,"UCAP BRAZO 1 1/2"" - 1.5M - 52°/20°",,11,BRAZO 1 1/2 - 1.5M - 52°/20°,"Tablas 1 al 392_2025.pdf, pagina 209",5200236
2025,209,SN,1081350,SOLICITUD DE MEJORAMIENTO SMAP-CIL-0006-25 Carrera 59 x Calles 54,5200256,LUM LED 50W 4000K FIJACIÓN HORIZONTAL,,1,LUM LED 50W 4000K FIJACION HORIZONTAL,"Tablas 1 al 392_2025.pdf, pagina 209",5200256
2025,209,SN,1081350,SOLICITUD DE MEJORAMIENTO SMAP-CIL-0006-25 Carrera 59 x Calles 54,5200316,UCAP POSTE METÁLICO REDONDO 12M,,7,POSTE METALICO REDONDO 12M,"Tablas 1 al 392_2025.pdf, pagina 209",5200316
2025,210,SN,1097021,Cr 31 Cl 70 - 28 Int 118,5200231,"UCAP BRAZO 1"" - 0.4M - 0°",2,,BRAZO 1 - 0.4M - 0°,"Tablas 1 al 392_2025.pdf, pagina 210",5200231
2025,210,SN,1097021,Cr 31 Cl 70 - 28 Int 118,5200270,LUM LED (KORELED) 44W,2,,LUM LED KORELED 44W,"Tablas 1 al 392_2025.pdf, pagina 210",5200270
2025,210,SN,1097021,Cr 31 Cl 70 - 28 Int 118,5200201,UCAP BOMBILLO 70W,,3,BOMBILLO 70W,"Tablas 1 al 392_2025.pdf, pagina 210",5200201
2025,210,SN,1097021,Cr 31 Cl 70 - 28 Int 118,5200217,UCAP LUMINARIA 70W,,1,LUMINARIA 70W,"Tablas 1 al 392_2025.pdf, pagina 210",5200217
2025,210,SN,1097021,Cr 31 Cl 70 - 28 Int 118,5200232,"UCAP BRAZO 1"" - 1.5M - 52°/0°",,1,BRAZO 1 - 1.5M - 52°/0°,"Tablas 1 al 392_2025.pdf, pagina 210",5200232
2025,211,SN,1097251,ANDEN CR 43 B CL 18-161,5200256,LUM LED (OMEGA) 50W,1,1,LUM LED OMEGA 50W,"Tablas 1 al 392_2025.pdf, pagina 211",5200256
2025,211,SN,1097251,ANDEN CR 43 B CL 18-161,5200238-4,BR CAR SEMI-LAR 0.75M/0°,1,,BR CAR SEMI-LAR 0.75M/0°,"Tablas 1 al 392_2025.pdf, pagina 211",5200238-4
2025,211,SN,1097251,ANDEN CR 43 B CL 18-161,5200238-5,BR CAR CORT-960 MM/0°,,1,BR CAR CORT-960 MM/0°,"Tablas 1 al 392_2025.pdf, pagina 211",5200238-5
2025,211,SN,1097251,ANDEN CR 43 B CL 18-161,5200302,POST CONC 5M 350KGF CAR,1,1,POST CONC 5M 350KGF CAR,"Tablas 1 al 392_2025.pdf, pagina 211",5200302
2025,212,SN,1097251,ANDEN CR 43 B CL 18-161,5200256,LUM LED (OMEGA) 50W,1,1,LUM LED OMEGA 50W,"Tablas 1 al 392_2025.pdf, pagina 212",5200256
2025,212,SN,1097251,ANDEN CR 43 B CL 18-161,5200238-4,BR CAR SEMI-LAR 0.75M/0°,1,,BR CAR SEMI-LAR 0.75M/0°,"Tablas 1 al 392_2025.pdf, pagina 212",5200238-4
2025,212,SN,1097251,ANDEN CR 43 B CL 18-161,5200238-5,BR CAR CORT-960 MM/0°,,1,BR CAR CORT-960 MM/0°,"Tablas 1 al 392_2025.pdf, pagina 212",5200238-5
2025,212,SN,1097251,ANDEN CR 43 B CL 18-161,5200302,POST CONC 5M 350KGF CAR,1,1,POST CONC 5M 350KGF CAR,"Tablas 1 al 392_2025.pdf, pagina 212",5200302
2025,213,SN,1106038,SENDERO PEATONAL CR 29 # 9 ASUR -120,5200270,LUM LED (KORELED) 44W,2,,LUM LED KORELED 44W,"Tablas 1 al 392_2025.pdf, pagina 213",5200270
2025,213,SN,1106038,SENDERO PEATONAL CR 29 # 9 ASUR -120,5200231,"BRAZO 1"" - 0.4m - 0°",2,,BRAZO 1 - 0.4M - 0°,"Tablas 1 al 392_2025.pdf, pagina 213",5200231
2025,214,SN,1107658,Sendero Peatonal CR 43 A CL 12 A,5200270,LUM LED (KORELED) 44W,7,,LUM LED KORELED 44W,"Tablas 1 al 392_2025.pdf, pagina 214",5200270
2025,214,SN,1107658,Sendero Peatonal CR 43 A CL 12 A,5200302,Poste concreto carabobo 5m,5,,POSTE CONCRETO CARABOBO 5M,"Tablas 1 al 392_2025.pdf, pagina 214",5200302
2025,214,SN,1107658,Sendero Peatonal CR 43 A CL 12 A,5200422,Cable fza Al 3x6 awg XLPE 600V 90°C enterrado,114,,CABLE FZA AL 3X6 AWG XLPE 600V 90°C ENTERRADO,"Tablas 1 al 392_2025.pdf, pagina 214",5200422
2025,214,SN,1107658,Sendero Peatonal CR 43 A CL 12 A,5200238,BRAZO SENCILLO CARABOBO,5,,BRAZO SENCILLO CARABOBO,"Tablas 1 al 392_2025.pdf, pagina 214",5200238
2025,214,SN,1107658,Sendero Peatonal CR 43 A CL 12 A,5200231,"BRAZO 1"" - 0.4m - 0°",2,,BRAZO 1 - 0.4M - 0°,"Tablas 1 al 392_2025.pdf, pagina 214",5200231
2025,214,SN,1107658,Sendero Peatonal CR 43 A CL 12 A,5200501,caja concreto 50x50 cm,7,,CAJA CONCRETO 50X50 CM,"Tablas 1 al 392_2025.pdf, pagina 214",5200501
2025,214,SN,1107658,Sendero Peatonal CR 43 A CL 12 A,5200529,"Tuberia 1-1/2"" IMC",16,,TUBERIA 1-1/2 IMC,"Tablas 1 al 392_2025.pdf, pagina 214",5200529
2025,214,SN,1107658,Sendero Peatonal CR 43 A CL 12 A,5200503,"canal anden tuberia PVC 2""",3,,CANAL ANDEN TUBERIA PVC 2,"Tablas 1 al 392_2025.pdf, pagina 214",5200503
2025,215,SN,1109890,Sendero peatonal CR 68 CL 48 - 10,5200270,LUM LED (KORELED) 44W,2,,LUM LED KORELED 44W,"Tablas 1 al 392_2025.pdf, pagina 215",5200270
2025,215,SN,1109890,Sendero peatonal CR 68 CL 48 - 10,5200231,"BR 1"" - 0.4M - 0°",2,,BR 1 - 0.4M - 0°,"Tablas 1 al 392_2025.pdf, pagina 215",5200231
2025,216,SN,1114424,PISTA DE SKATE U.D. ATANASIO GIRARDOT SMAP-CIL-0054-25 CR 70 CON CL 48,5000269,"PROYECTOR LED 110W TIPO V LARGA (LONG ""L"") 5000K",9,,PROYECTOR LED 110W TIPO V LARGA LONG L 5000K,"Tablas 1 al 392_2025.pdf, pagina 216",5000269
2025,216,SN,1114424,PISTA DE SKATE U.D. ATANASIO GIRARDOT SMAP-CIL-0054-25 CR 70 CON CL 48,5200311,POST PRFV 12M 350KGF AP,2,,POST PRFV 12M 350KGF AP,"Tablas 1 al 392_2025.pdf, pagina 216",5200311
2025,216,SN,1114424,PISTA DE SKATE U.D. ATANASIO GIRARDOT SMAP-CIL-0054-25 CR 70 CON CL 48,R5200127,RET - PROYEC HID 400W - 1000W,,4,RET - PROYEC HID 400W - 1000W,"Tablas 1 al 392_2025.pdf, pagina 216",R5200127
2025,216,SN,1114424,PISTA DE SKATE U.D. ATANASIO GIRARDOT SMAP-CIL-0054-25 CR 70 CON CL 48,R5200214,RET - BOMB 1000W,,4,RET - BOMB 1000W,"Tablas 1 al 392_2025.pdf, pagina 216",R5200214
2025,216,SN,1114424,PISTA DE SKATE U.D. ATANASIO GIRARDOT SMAP-CIL-0054-25 CR 70 CON CL 48,5200464,CABL CU 3X14 (ENCAU),47,,CABL CU 3X14 ENCAU,"Tablas 1 al 392_2025.pdf, pagina 216",5200464
2025,216,SN,1114424,PISTA DE SKATE U.D. ATANASIO GIRARDOT SMAP-CIL-0054-25 CR 70 CON CL 48,R5200410,RET - DUPLEX CU 14 AWG,,26,RET - DUPLEX CU 14 AWG,"Tablas 1 al 392_2025.pdf, pagina 216",R5200410
2025,217,SN,1114457,SMAP-CIL-0058-25 SENDERO PEATONAL CR 102 CL 92 -53 CERRO EL PICACHO,5200270,LUM LED (KORELED) 44W,1,,LUM LED KORELED 44W,"Tablas 1 al 392_2025.pdf, pagina 217",5200270
2025,217,SN,1114457,SMAP-CIL-0058-25 SENDERO PEATONAL CR 102 CL 92 -53 CERRO EL PICACHO,5200419,POST PRFV 8M 510KGF,1,,POST PRFV 8M 510KGF,"Tablas 1 al 392_2025.pdf, pagina 217",5200419
2025,217,SN,1114457,SMAP-CIL-0058-25 SENDERO PEATONAL CR 102 CL 92 -53 CERRO EL PICACHO,5200464,CABL CU 3X14 (ENCAU),12,,CABL CU 3X14 ENCAU,"Tablas 1 al 392_2025.pdf, pagina 217",5200464
2025,218,SN,1115395,PARQUE LA ALEGRIA CL 104DD CR 82 E - 62,5200270,LUM LED (KORELED) 44W,1,,LUM LED KORELED 44W,"Tablas 1 al 392_2025.pdf, pagina 218",5200270
2025,218,SN,1115395,PARQUE LA ALEGRIA CL 104DD CR 82 E - 62,5200231,"BR 1"" - 0.4M - 0°",1,,BR 1 - 0.4M - 0°,"Tablas 1 al 392_2025.pdf, pagina 218",5200231
2025,218,SN,1115395,PARQUE LA ALEGRIA CL 104DD CR 82 E - 62,5200419,POST PRFV 8M 510KGF,1,,POST PRFV 8M 510KGF,"Tablas 1 al 392_2025.pdf, pagina 218",5200419
2025,218,SN,1115395,PARQUE LA ALEGRIA CL 104DD CR 82 E - 62,5200464,CABL CU 3X14 (ENCAU),12,,CABL CU 3X14 ENCAU,"Tablas 1 al 392_2025.pdf, pagina 218",5200464
2025,219,SS,1117307,Conexiones viales sobre las quebradas Hueso y Pelahueso Cr 86 - Cl 47DD y Cr 86 - Cl 47F,5090209,PUESTA A TIERRA,2,,PUESTA A TIERRA,"Tablas 1 al 392_2025.pdf, pagina 219",5090209
2025,219,SS,1117307,Conexiones viales sobre las quebradas Hueso y Pelahueso Cr 86 - Cl 47DD y Cr 86 - Cl 47F,5200231,"UCAP BRAZO 1"" - 0.4M - 0°",3,,BRAZO 1 - 0.4M - 0°,"Tablas 1 al 392_2025.pdf, pagina 219",5200231
2025,219,SS,1117307,Conexiones viales sobre las quebradas Hueso y Pelahueso Cr 86 - Cl 47DD y Cr 86 - Cl 47F,5200232,"UCAP BRAZO 1"" - 1.5M - 52°/0°",8,,BRAZO 1 - 1.5M - 52°/0°,"Tablas 1 al 392_2025.pdf, pagina 219",5200232
2025,219,SS,1117307,Conexiones viales sobre las quebradas Hueso y Pelahueso Cr 86 - Cl 47DD y Cr 86 - Cl 47F,5200235,"UCAP BRAZO 1 1/2"" - 1.5M - 52°/0°",4,,BRAZO 1 1/2 - 1.5M - 52°/0°,"Tablas 1 al 392_2025.pdf, pagina 219",5200235
2025,219,SS,1117307,Conexiones viales sobre las quebradas Hueso y Pelahueso Cr 86 - Cl 47DD y Cr 86 - Cl 47F,5200269,LUM LED 110-1 (RALED II),4,,LUM LED 110-1 RALED II,"Tablas 1 al 392_2025.pdf, pagina 219",5200269
2025,219,SS,1117307,Conexiones viales sobre las quebradas Hueso y Pelahueso Cr 86 - Cl 47DD y Cr 86 - Cl 47F,5200270,LUM LED (KORELED) 44W,7,,LUM LED KORELED 44W,"Tablas 1 al 392_2025.pdf, pagina 219",5200270
2025,219,SS,1117307,Conexiones viales sobre las quebradas Hueso y Pelahueso Cr 86 - Cl 47DD y Cr 86 - Cl 47F,5200293,LUM LED (OMEGA II) 64.5W,7,,LUM LED OMEGA II 64.5W,"Tablas 1 al 392_2025.pdf, pagina 219",5200293
2025,219,SS,1117307,Conexiones viales sobre las quebradas Hueso y Pelahueso Cr 86 - Cl 47DD y Cr 86 - Cl 47F,5200301,UCAP POSTE CONCRETO REDONDO 9M.,8,4,POSTE CONCRETO REDONDO 9M,"Tablas 1 al 392_2025.pdf, pagina 219",5200301
2025,219,SS,1117307,Conexiones viales sobre las quebradas Hueso y Pelahueso Cr 86 - Cl 47DD y Cr 86 - Cl 47F,5200302,UCAP POSTE CONCRETO CARABOBO 5M,3,,POSTE CONCRETO CARABOBO 5M,"Tablas 1 al 392_2025.pdf, pagina 219",5200302
2025,219,SS,1117307,Conexiones viales sobre las quebradas Hueso y Pelahueso Cr 86 - Cl 47DD y Cr 86 - Cl 47F,5200421,CABLE FZA AL 3X6 AWG XLPE 600V 90°C,262,,CABLE FZA AL 3X6 AWG XLPE 600V 90°C,"Tablas 1 al 392_2025.pdf, pagina 219",5200421
2025,219,SS,1117307,Conexiones viales sobre las quebradas Hueso y Pelahueso Cr 86 - Cl 47DD y Cr 86 - Cl 47F,5200905,PROYECTOR LED 25W SIMETRICO 5000K (ACROLED),1,,PROYECTOR LED 25W SIMETRICO 5000K ACROLED,"Tablas 1 al 392_2025.pdf, pagina 219",5200905
2025,219,SS,1117307,Conexiones viales sobre las quebradas Hueso y Pelahueso Cr 86 - Cl 47DD y Cr 86 - Cl 47F,5200238,BRAZO CARABOBO SENCILLO,3,,BRAZO CARABOBO SENCILLO,"Tablas 1 al 392_2025.pdf, pagina 219",5200238
2025,219,SS,1117307,Conexiones viales sobre las quebradas Hueso y Pelahueso Cr 86 - Cl 47DD y Cr 86 - Cl 47F,5200241,UCAP BRAZO CURVO 3000M,,7,BRAZO CURVO 3000M,"Tablas 1 al 392_2025.pdf, pagina 219",5200241
2025,219,SS,1117307,Conexiones viales sobre las quebradas Hueso y Pelahueso Cr 86 - Cl 47DD y Cr 86 - Cl 47F,5200272,LUM LED (SEPIALED II) 128W,,7,LUM LED SEPIALED II 128W,"Tablas 1 al 392_2025.pdf, pagina 219",5200272
2025,219,SS,1117307,Conexiones viales sobre las quebradas Hueso y Pelahueso Cr 86 - Cl 47DD y Cr 86 - Cl 47F,,UCAP CAJA CONCRETO 50X50 CM,13,,CAJA CONCRETO 50X50 CM,"Tablas 1 al 392_2025.pdf, pagina 219",SIN CODIGO|CAJA CONCRETO 50X50 CM
2025,219,SS,1117307,Conexiones viales sobre las quebradas Hueso y Pelahueso Cr 86 - Cl 47DD y Cr 86 - Cl 47F,,CAJA DE PASO METÁLICA,2,,CAJA DE PASO METALICA,"Tablas 1 al 392_2025.pdf, pagina 219",SIN CODIGO|CAJA DE PASO METALICA
2025,219,SS,1117307,Conexiones viales sobre las quebradas Hueso y Pelahueso Cr 86 - Cl 47DD y Cr 86 - Cl 47F,,"UCAP CANAL ANDEN TUBERIA PVC 2""",86,,CANAL ANDEN TUBERIA PVC 2,"Tablas 1 al 392_2025.pdf, pagina 219",SIN CODIGO|CANAL ANDEN TUBERIA PVC 2
2025,219,SS,1117307,Conexiones viales sobre las quebradas Hueso y Pelahueso Cr 86 - Cl 47DD y Cr 86 - Cl 47F,,"UCAP TUBERIA 1"" IMC",11,,TUBERIA 1 IMC,"Tablas 1 al 392_2025.pdf, pagina 219",SIN CODIGO|TUBERIA 1 IMC
2025,219,SS,1117307,Conexiones viales sobre las quebradas Hueso y Pelahueso Cr 86 - Cl 47DD y Cr 86 - Cl 47F,,Tuberia IMC 1 1/2,6,,TUBERIA IMC 1 1/2,"Tablas 1 al 392_2025.pdf, pagina 219",SIN CODIGO|TUBERIA IMC 1 1/2
2025,220,SN,1119690,PARQUE ESCULTURA LUIS LOPEZ DE MESA CL 80 CR 74 - 126,5200270,LUM LED (KORELED) 44W,3,,LUM LED KORELED 44W,"Tablas 1 al 392_2025.pdf, pagina 220",5200270
2025,220,SN,1119690,PARQUE ESCULTURA LUIS LOPEZ DE MESA CL 80 CR 74 - 126,5200231,"BR 1"" - 0.4M - 0°",2,,BR 1 - 0.4M - 0°,"Tablas 1 al 392_2025.pdf, pagina 220",5200231
2025,220,SN,1119690,PARQUE ESCULTURA LUIS LOPEZ DE MESA CL 80 CR 74 - 126,5200232,"BR 1"" - 1.5M - 52°/0°",1,,BR 1 - 1.5M - 52°/0°,"Tablas 1 al 392_2025.pdf, pagina 220",5200232
2025,220,SN,1119690,PARQUE ESCULTURA LUIS LOPEZ DE MESA CL 80 CR 74 - 126,5200419,POST PRFV 8M 510KGF,2,,POST PRFV 8M 510KGF,"Tablas 1 al 392_2025.pdf, pagina 220",5200419
2025,220,SN,1119690,PARQUE ESCULTURA LUIS LOPEZ DE MESA CL 80 CR 74 - 126,5200464,CABL CU 3X14 (ENCAU),18,,CABL CU 3X14 ENCAU,"Tablas 1 al 392_2025.pdf, pagina 220",5200464
2025,220,SN,1119690,PARQUE ESCULTURA LUIS LOPEZ DE MESA CL 80 CR 74 - 126,5200501,CAJ CONC 50X50 CM (CON TAPA),1,,CAJ CONC 50X50 CM CON TAPA,"Tablas 1 al 392_2025.pdf, pagina 220",5200501
2025,220,SN,1119690,PARQUE ESCULTURA LUIS LOPEZ DE MESA CL 80 CR 74 - 126,R5200303,RET - POST CONC 5M 350KGF BAILARINA,,2,RET - POST CONC 5M 350KGF BAILARINA,"Tablas 1 al 392_2025.pdf, pagina 220",R5200303
2025,220,SN,1119690,PARQUE ESCULTURA LUIS LOPEZ DE MESA CL 80 CR 74 - 126,R5200230,RET - BR DOBL BAILARINA,,3,RET - BR DOBL BAILARINA,"Tablas 1 al 392_2025.pdf, pagina 220",R5200230
2025,220,SN,1119690,PARQUE ESCULTURA LUIS LOPEZ DE MESA CL 80 CR 74 - 126,R5200217,RET - LUM 70W,,3,RET - LUM 70W,"Tablas 1 al 392_2025.pdf, pagina 220",R5200217
2025,220,SN,1119690,PARQUE ESCULTURA LUIS LOPEZ DE MESA CL 80 CR 74 - 126,R5200201,RET - BOMB 70W,,3,RET - BOMB 70W,"Tablas 1 al 392_2025.pdf, pagina 220",R5200201
2025,221,SN,1120339,Vía M4 Cl 71 C Entre Cr 32 y Cr 34,5200235,"UCAP BRAZO 1 1/2"" - 1.5M - 52°/0°",11,,BRAZO 1 1/2 - 1.5M - 52°/0°,"Tablas 1 al 392_2025.pdf, pagina 221",5200235
2025,221,SN,1120339,Vía M4 Cl 71 C Entre Cr 32 y Cr 34,5200272,LUM LED (SEPIALED II) 128W,11,,LUM LED SEPIALED II 128W,"Tablas 1 al 392_2025.pdf, pagina 221",5200272
2025,221,SN,1120339,Vía M4 Cl 71 C Entre Cr 32 y Cr 34,5200419,UCAP POSTE PRFV 8M (ENTERRAR),1,,POSTE PRFV 8M ENTERRAR,"Tablas 1 al 392_2025.pdf, pagina 221",5200419
2025,221,SN,1120339,Vía M4 Cl 71 C Entre Cr 32 y Cr 34,5200464,UCAP CABLE CU ENCAUCHETADO 3X14 CU,15,,CABLE CU ENCAUCHETADO 3X14 CU,"Tablas 1 al 392_2025.pdf, pagina 221",5200464
2025,221,SN,1120339,Vía M4 Cl 71 C Entre Cr 32 y Cr 34,5200217,UCAP LUMINARIA 70W,,9,LUMINARIA 70W,"Tablas 1 al 392_2025.pdf, pagina 221",5200217
2025,221,SN,1120339,Vía M4 Cl 71 C Entre Cr 32 y Cr 34,5200201,UCAP BOMBILLO 70W,,9,BOMBILLO 70W,"Tablas 1 al 392_2025.pdf, pagina 221",5200201
2025,221,SN,1120339,Vía M4 Cl 71 C Entre Cr 32 y Cr 34,5200232,"UCAP BRAZO 1"" - 1.5M - 52°/0°",,1,BRAZO 1 - 1.5M - 52°/0°,"Tablas 1 al 392_2025.pdf, pagina 221",5200232
2025,221,SN,1120339,Vía M4 Cl 71 C Entre Cr 32 y Cr 34,5200233,"UCAP BRAZO 1"" - 1.5M - 52°/20°",,9,BRAZO 1 - 1.5M - 52°/20°,"Tablas 1 al 392_2025.pdf, pagina 221",5200233
2025,221,SN,1120339,Vía M4 Cl 71 C Entre Cr 32 y Cr 34,5200270,LUM LED (KORELED) 44W,,1,LUM LED KORELED 44W,"Tablas 1 al 392_2025.pdf, pagina 221",5200270
2025,222,SN,1121084,VIA - SENDERO PEATONAL CL 28 A CR 78 A-05,5200293,LUM LED (OMEGA II ) 64.5W,1,,LUM LED OMEGA II 64.5W,"Tablas 1 al 392_2025.pdf, pagina 222",5200293
2025,222,SN,1121084,VIA - SENDERO PEATONAL CL 28 A CR 78 A-05,5200235,"BRAZO 1 1/2"" - 1.5M - 52°/0°",,1,BRAZO 1 1/2 - 1.5M - 52°/0°,"Tablas 1 al 392_2025.pdf, pagina 222",5200235
2025,222,SN,1121084,VIA - SENDERO PEATONAL CL 28 A CR 78 A-05,5200419,Poste PRFV 8m (Enterrar),1,,POSTE PRFV 8M ENTERRAR,"Tablas 1 al 392_2025.pdf, pagina 222",5200419
2025,222,SN,1121084,VIA - SENDERO PEATONAL CL 28 A CR 78 A-05,5200464,Cable Cu encauchetado 3X14 AWG,18,,CABLE CU ENCAUCHETADO 3X14 AWG,"Tablas 1 al 392_2025.pdf, pagina 222",5200464
2025,222,SN,1121084,VIA - SENDERO PEATONAL CL 28 A CR 78 A-05,5200241,BRAZO CURVO 3000m,1,,BRAZO CURVO 3000M,"Tablas 1 al 392_2025.pdf, pagina 222",5200241
2025,222,SN,1121084,VIA - SENDERO PEATONAL CL 28 A CR 78 A-05,5200243,BRAZO RECTO 4500m,1,,BRAZO RECTO 4500M,"Tablas 1 al 392_2025.pdf, pagina 222",5200243
2025,222,SN,1121084,VIA - SENDERO PEATONAL CL 28 A CR 78 A-05,5200270,LUM LED (KORELED) 44W,2,,LUM LED KORELED 44W,"Tablas 1 al 392_2025.pdf, pagina 222",5200270
2025,222,SN,1121084,VIA - SENDERO PEATONAL CL 28 A CR 78 A-05,5200231,"BRAZO 1"" - 0.4m - 0°",2,,BRAZO 1 - 0.4M - 0°,"Tablas 1 al 392_2025.pdf, pagina 222",5200231
2025,223,SN,1121132,SENDERO PEATONAL CR 115 B CL 38 F - 36,5200270,LUM LED (KORELED) 44W,2,,LUM LED KORELED 44W,"Tablas 1 al 392_2025.pdf, pagina 223",5200270
2025,223,SN,1121132,SENDERO PEATONAL CR 115 B CL 38 F - 36,5200231,"BRAZO 1"" - 0.4m - 0°",2,,BRAZO 1 - 0.4M - 0°,"Tablas 1 al 392_2025.pdf, pagina 223",5200231
2025,224,SN,1121139,PARQUE INFANTIL-SENDERO PEATONAL CL 28 A CR 78 A-05,5200293,LUM LED (OMEGA II ) 64.5W,2,,LUM LED OMEGA II 64.5W,"Tablas 1 al 392_2025.pdf, pagina 224",5200293
2025,224,SN,1121139,PARQUE INFANTIL-SENDERO PEATONAL CL 28 A CR 78 A-05,5200235,"BRAZO 1 1/2"" - 1.5M - 52°/0°",2,,BRAZO 1 1/2 - 1.5M - 52°/0°,"Tablas 1 al 392_2025.pdf, pagina 224",5200235
2025,224,SN,1121139,PARQUE INFANTIL-SENDERO PEATONAL CL 28 A CR 78 A-05,5200419,Poste PRFV 8m (Enterrar),1,,POSTE PRFV 8M ENTERRAR,"Tablas 1 al 392_2025.pdf, pagina 224",5200419
2025,224,SN,1121139,PARQUE INFANTIL-SENDERO PEATONAL CL 28 A CR 78 A-05,5200464,Cable Cu encauchetado 3X14 AWG,20,,CABLE CU ENCAUCHETADO 3X14 AWG,"Tablas 1 al 392_2025.pdf, pagina 224",5200464
2025,225,SN,1121149,"Vía, Anden y Ciclorruta Cr 40 Cl 52 - 27",5200231,"UCAP BRAZO 1"" - 0.4M - 0°",1,,BRAZO 1 - 0.4M - 0°,"Tablas 1 al 392_2025.pdf, pagina 225",5200231
2025,225,SN,1121149,"Vía, Anden y Ciclorruta Cr 40 Cl 52 - 27",5200241,UCAP BRAZO CURVO 3000M,1,,BRAZO CURVO 3000M,"Tablas 1 al 392_2025.pdf, pagina 225",5200241
2025,225,SN,1121149,"Vía, Anden y Ciclorruta Cr 40 Cl 52 - 27",5200269,LUM LED 110-1 (RALED II),1,,LUM LED 110-1 RALED II,"Tablas 1 al 392_2025.pdf, pagina 225",5200269
2025,225,SN,1121149,"Vía, Anden y Ciclorruta Cr 40 Cl 52 - 27",5200270,LUM LED (KORELED) 44W,1,,LUM LED KORELED 44W,"Tablas 1 al 392_2025.pdf, pagina 225",5200270
2025,225,SN,1121149,"Vía, Anden y Ciclorruta Cr 40 Cl 52 - 27",5200301,UCAP POSTE CONCRETO REDONDO 9M.,1,,POSTE CONCRETO REDONDO 9M,"Tablas 1 al 392_2025.pdf, pagina 225",5200301
2025,225,SN,1121149,"Vía, Anden y Ciclorruta Cr 40 Cl 52 - 27",5200422,CABLE FZA AL 3X6 AWG XLPE 600V 90°C ENTERRADO,15,,CABLE FZA AL 3X6 AWG XLPE 600V 90°C ENTERRADO,"Tablas 1 al 392_2025.pdf, pagina 225",5200422
2025,225,SN,1121149,"Vía, Anden y Ciclorruta Cr 40 Cl 52 - 27",5200464,UCAP CABLE CU ENCAUCHETADO 3X14 CU,10,,CABLE CU ENCAUCHETADO 3X14 CU,"Tablas 1 al 392_2025.pdf, pagina 225",5200464
2025,225,SN,1121149,"Vía, Anden y Ciclorruta Cr 40 Cl 52 - 27",5200502,UCAP CAJA CONCRETO DIRECTAMENTE ENT,1,,CAJA CONCRETO DIRECTAMENTE ENT,"Tablas 1 al 392_2025.pdf, pagina 225",5200502
2025,226,SN,1121202,VIA CR 96 CL 40 -95,5200272,LUM LED (SEPIALED II) 128W,1,,LUM LED SEPIALED II 128W,"Tablas 1 al 392_2025.pdf, pagina 226",5200272
2025,226,SN,1121202,VIA CR 96 CL 40 -95,5200235,"BRAZO 1 1/2"" - 1.5M - 52°/0°",1,,BRAZO 1 1/2 - 1.5M - 52°/0°,"Tablas 1 al 392_2025.pdf, pagina 226",5200235
2025,226,SN,1121202,VIA CR 96 CL 40 -95,5200219,LUMINARIA 250W,,1,LUMINARIA 250W,"Tablas 1 al 392_2025.pdf, pagina 226",5200219
2025,226,SN,1121202,VIA CR 96 CL 40 -95,5200203,BOMBILLA Na 250W,,1,BOMBILLA NA 250W,"Tablas 1 al 392_2025.pdf, pagina 226",5200203
2025,226,SN,1121202,VIA CR 96 CL 40 -95,5200236,"BRAZO 1 1/2"" - 1.5M - 52°/20°",,1,BRAZO 1 1/2 - 1.5M - 52°/20°,"Tablas 1 al 392_2025.pdf, pagina 226",5200236
2025,227,SN,1121295,CRUCE VEHICULAR CL 40 CR 108,5200272,LUM LED (SEPIALED II) 128W,1,,LUM LED SEPIALED II 128W,"Tablas 1 al 392_2025.pdf, pagina 227",5200272
2025,227,SN,1121295,CRUCE VEHICULAR CL 40 CR 108,5200235,"BRAZO 1 1/2"" - 1.5M - 52°/0°",1,,BRAZO 1 1/2 - 1.5M - 52°/0°,"Tablas 1 al 392_2025.pdf, pagina 227",5200235
2025,228,SN,1121310,CRUCE VEHICULAR CR 81 CL 48 A,5200269,UCAP Luminaria LED (RALED II) 110.7W,1,,LUMINARIA LED RALED II 110.7W,"Tablas 1 al 392_2025.pdf, pagina 228",5200269
2025,228,SN,1121310,CRUCE VEHICULAR CR 81 CL 48 A,5200235,"BRAZO 1 1/2"" - 1.5M - 52°/0°",1,,BRAZO 1 1/2 - 1.5M - 52°/0°,"Tablas 1 al 392_2025.pdf, pagina 228",5200235
2025,228,SN,1121310,CRUCE VEHICULAR CR 81 CL 48 A,5200224,LUMINARIA LED 74W,,1,LUMINARIA LED 74W,"Tablas 1 al 392_2025.pdf, pagina 228",5200224
2025,228,SN,1121310,CRUCE VEHICULAR CR 81 CL 48 A,5200419,Poste PRFV 8m (Enterrar),1,,POSTE PRFV 8M ENTERRAR,"Tablas 1 al 392_2025.pdf, pagina 228",5200419
2025,228,SN,1121310,CRUCE VEHICULAR CR 81 CL 48 A,5200464,Cable Cu encauchetado 3X14 AWG,12,,CABLE CU ENCAUCHETADO 3X14 AWG,"Tablas 1 al 392_2025.pdf, pagina 228",5200464
2025,229,SN,1121323,SENDERO PEATONAL CR 70 CL 32-50,5200270,LUM LED (KORELED) 44W,2,,LUM LED KORELED 44W,"Tablas 1 al 392_2025.pdf, pagina 229",5200270
2025,229,SN,1121323,SENDERO PEATONAL CR 70 CL 32-50,5200231,"BRAZO 1"" - 0.4m - 0°",2,,BRAZO 1 - 0.4M - 0°,"Tablas 1 al 392_2025.pdf, pagina 229",5200231
2025,229,SN,1121323,SENDERO PEATONAL CR 70 CL 32-50,5200219,LUMINARIA 250W,,1,LUMINARIA 250W,"Tablas 1 al 392_2025.pdf, pagina 229",5200219
2025,229,SN,1121323,SENDERO PEATONAL CR 70 CL 32-50,5200203,BOMBILLA Na 250W,,1,BOMBILLA NA 250W,"Tablas 1 al 392_2025.pdf, pagina 229",5200203
2025,229,SN,1121323,SENDERO PEATONAL CR 70 CL 32-50,5200235,"BRAZO 1 1/2"" - 1.5M - 52°/0°",,1,BRAZO 1 1/2 - 1.5M - 52°/0°,"Tablas 1 al 392_2025.pdf, pagina 229",5200235
2025,229,SN,1121323,SENDERO PEATONAL CR 70 CL 32-50,5200419,Poste PRFV 8m (Enterrar),1,,POSTE PRFV 8M ENTERRAR,"Tablas 1 al 392_2025.pdf, pagina 229",5200419
2025,229,SN,1121323,SENDERO PEATONAL CR 70 CL 32-50,5200464,Cable Cu encauchetado 3X14 AWG,26,,CABLE CU ENCAUCHETADO 3X14 AWG,"Tablas 1 al 392_2025.pdf, pagina 229",5200464
2025,229,SN,1121323,SENDERO PEATONAL CR 70 CL 32-50,5200410,duplex cu 14 awg-thw 300v,,26,DUPLEX CU 14 AWG-THW 300V,"Tablas 1 al 392_2025.pdf, pagina 229",5200410
2025,230,SN,1121375,Sendero Cr 44 Cl 37 - 37,5200231,"UCAP BRAZO 1"" - 0.4M - 0°",1,1,BRAZO 1 - 0.4M - 0°,"Tablas 1 al 392_2025.pdf, pagina 230",5200231
2025,230,SN,1121375,Sendero Cr 44 Cl 37 - 37,5200270,LUM LED (KORELED) 44W,1,,LUM LED KORELED 44W,"Tablas 1 al 392_2025.pdf, pagina 230",5200270
2025,230,SN,1121375,Sendero Cr 44 Cl 37 - 37,5200217,UCAP LUMINARIA 70W,,1,LUMINARIA 70W,"Tablas 1 al 392_2025.pdf, pagina 230",5200217
2025,230,SN,1121375,Sendero Cr 44 Cl 37 - 37,5200201,UCAP BOMBILLO 70W,,1,BOMBILLO 70W,"Tablas 1 al 392_2025.pdf, pagina 230",5200201
2025,231,SN,1121389,Vía y Anden Cr 50 Cl 65 - 8,5200231,"UCAP BRAZO 1"" - 0.4M - 0°",1,,BRAZO 1 - 0.4M - 0°,"Tablas 1 al 392_2025.pdf, pagina 231",5200231
2025,231,SN,1121389,Vía y Anden Cr 50 Cl 65 - 8,5200235,"UCAP BRAZO 1 1/2"" - 1.5M - 52°/0°",1,,BRAZO 1 1/2 - 1.5M - 52°/0°,"Tablas 1 al 392_2025.pdf, pagina 231",5200235
2025,231,SN,1121389,Vía y Anden Cr 50 Cl 65 - 8,5200239,UCAP BRAZO DOBLE CARABOBO,1,,BRAZO DOBLE CARABOBO,"Tablas 1 al 392_2025.pdf, pagina 231",5200239
2025,231,SN,1121389,Vía y Anden Cr 50 Cl 65 - 8,5200269,LUM LED 110-1 (RALED II),1,,LUM LED 110-1 RALED II,"Tablas 1 al 392_2025.pdf, pagina 231",5200269
2025,231,SN,1121389,Vía y Anden Cr 50 Cl 65 - 8,5200270,LUM LED (KORELED) 44W,2,,LUM LED KORELED 44W,"Tablas 1 al 392_2025.pdf, pagina 231",5200270
2025,231,SN,1121389,Vía y Anden Cr 50 Cl 65 - 8,5200238,UCAP BRAZO SENCILLO CARABOBO,,1,BRAZO SENCILLO CARABOBO,"Tablas 1 al 392_2025.pdf, pagina 231",5200238
2025,232,SN,1121393,Plazoleta Cr 57 Cl 65,5200232,"UCAP BRAZO 1"" - 1.5M - 52°/0°",2,,BRAZO 1 - 1.5M - 52°/0°,"Tablas 1 al 392_2025.pdf, pagina 232",5200232
2025,232,SN,1121393,Plazoleta Cr 57 Cl 65,5200270,LUM LED (KORELED) 44W,2,,LUM LED KORELED 44W,"Tablas 1 al 392_2025.pdf, pagina 232",5200270
2025,232,SN,1121393,Plazoleta Cr 57 Cl 65,5200218,UCAP LUMINARIA 150W,,2,LUMINARIA 150W,"Tablas 1 al 392_2025.pdf, pagina 232",5200218
2025,232,SN,1121393,Plazoleta Cr 57 Cl 65,5200202,UCAP BOMBILLO 150W,,2,BOMBILLO 150W,"Tablas 1 al 392_2025.pdf, pagina 232",5200202
2025,232,SN,1121393,Plazoleta Cr 57 Cl 65,5200236,"UCAP BRAZO 1 1/2"" - 1.5M - 52°/20°",,2,BRAZO 1 1/2 - 1.5M - 52°/20°,"Tablas 1 al 392_2025.pdf, pagina 232",5200236
2025,233,SN,1121410,Vía y Anden Cr 51 B Cl 91 - 102,5200235,"UCAP BRAZO 1 1/2"" - 1.5M - 52°/0°",1,,BRAZO 1 1/2 - 1.5M - 52°/0°,"Tablas 1 al 392_2025.pdf, pagina 233",5200235
2025,233,SN,1121410,Vía y Anden Cr 51 B Cl 91 - 102,5200272,LUM LED (SEPIALED II) 128W,1,,LUM LED SEPIALED II 128W,"Tablas 1 al 392_2025.pdf, pagina 233",5200272
2025,233,SN,1121410,Vía y Anden Cr 51 B Cl 91 - 102,5200217,UCAP LUMINARIA 70W,,1,LUMINARIA 70W,"Tablas 1 al 392_2025.pdf, pagina 233",5200217
2025,233,SN,1121410,Vía y Anden Cr 51 B Cl 91 - 102,5200201,UCAP BOMBILLO 70W,,1,BOMBILLO 70W,"Tablas 1 al 392_2025.pdf, pagina 233",5200201
2025,233,SN,1121410,Vía y Anden Cr 51 B Cl 91 - 102,5200219,UCAP LUMINARIA 250W,,1,LUMINARIA 250W,"Tablas 1 al 392_2025.pdf, pagina 233",5200219
2025,233,SN,1121410,Vía y Anden Cr 51 B Cl 91 - 102,5200203,UCAP BOMBILLO 250W,,1,BOMBILLO 250W,"Tablas 1 al 392_2025.pdf, pagina 233",5200203
2025,233,SN,1121410,Vía y Anden Cr 51 B Cl 91 - 102,5200230,UCAP BRAZO DOBLE BAILARINA,,1,BRAZO DOBLE BAILARINA,"Tablas 1 al 392_2025.pdf, pagina 233",5200230
2025,233,SN,1121410,Vía y Anden Cr 51 B Cl 91 - 102,5200236,"UCAP BRAZO 1 1/2"" - 1.5M - 52°/20°",,1,BRAZO 1 1/2 - 1.5M - 52°/20°,"Tablas 1 al 392_2025.pdf, pagina 233",5200236
2025,233,SN,1121410,Vía y Anden Cr 51 B Cl 91 - 102,5200303,UCAP POSTE CONCRETO TIPO METRO 5M,,1,POSTE CONCRETO TIPO METRO 5M,"Tablas 1 al 392_2025.pdf, pagina 233",5200303
2025,233,SN,1121410,Vía y Anden Cr 51 B Cl 91 - 102,5200410,UCAP DUPLEX CU 14 AWG-THW 300V,,10,DUPLEX CU 14 AWG-THW 300V,"Tablas 1 al 392_2025.pdf, pagina 233",5200410
2025,234,SN,1126867,SENDEROPEATONAL CR 50 FF CL 6 SUR-100,5200270,LUM LED (KORELED) 44W,3,,LUM LED KORELED 44W,"Tablas 1 al 392_2025.pdf, pagina 234",5200270
2025,234,SN,1126867,SENDEROPEATONAL CR 50 FF CL 6 SUR-100,5200231,"BRAZO 1"" - 0.4m - 0°",3,,BRAZO 1 - 0.4M - 0°,"Tablas 1 al 392_2025.pdf, pagina 234",5200231
2025,234,SN,1126867,SENDEROPEATONAL CR 50 FF CL 6 SUR-100,5200464,Cable Cu encauchetado 3X14 AWG,25,,CABLE CU ENCAUCHETADO 3X14 AWG,"Tablas 1 al 392_2025.pdf, pagina 234",5200464
2025,234,SN,1126867,SENDEROPEATONAL CR 50 FF CL 6 SUR-100,5200419,Poste PRFV 8m (Enterrar),2,,POSTE PRFV 8M ENTERRAR,"Tablas 1 al 392_2025.pdf, pagina 234",5200419
2025,234,SN,1126867,SENDEROPEATONAL CR 50 FF CL 6 SUR-100,5200217,LUMINARIA 70W,,1,LUMINARIA 70W,"Tablas 1 al 392_2025.pdf, pagina 234",5200217
2025,234,SN,1126867,SENDEROPEATONAL CR 50 FF CL 6 SUR-100,5200232,"BRAZO 1"" - 1.5m - 52°/0°",,1,BRAZO 1 - 1.5M - 52°/0°,"Tablas 1 al 392_2025.pdf, pagina 234",5200232
2025,235,SN,1133021,Anden Cr 48 C Cl 12 Sur,5010131,LUM. LED 30W. SUPERFICIES (ACROLED SIM. 5K),1,,LUM LED 30W SUPERFICIES ACROLED SIM 5K,"Tablas 1 al 392_2025.pdf, pagina 235",5010131
2025,235,SN,1133021,Anden Cr 48 C Cl 12 Sur,5200231,"UCAP BRAZO 1"" - 0.4M - 0°",1,,BRAZO 1 - 0.4M - 0°,"Tablas 1 al 392_2025.pdf, pagina 235",5200231
2025,235,SN,1133021,Anden Cr 48 C Cl 12 Sur,5200270,LUM LED (KORELED) 44W,1,,LUM LED KORELED 44W,"Tablas 1 al 392_2025.pdf, pagina 235",5200270
2025,235,SN,1133021,Anden Cr 48 C Cl 12 Sur,5200419,UCAP POSTE PRFV 8M (ENTERRAR),1,,POSTE PRFV 8M ENTERRAR,"Tablas 1 al 392_2025.pdf, pagina 235",5200419
2025,235,SN,1133021,Anden Cr 48 C Cl 12 Sur,5200464,UCAP CABLE CU ENCAUCHETADO 3X14 CU,32,,CABLE CU ENCAUCHETADO 3X14 CU,"Tablas 1 al 392_2025.pdf, pagina 235",5200464
2025,236,SN,1133060,SMAP 0093-25 CL 106 CR 32,5200239,UCAP BRAZO DOBLE CARABOBO,1,,BRAZO DOBLE CARABOBO,"Tablas 1 al 392_2025.pdf, pagina 236",5200239
2025,236,SN,1133060,SMAP 0093-25 CL 106 CR 32,5200270,LUM LED (KORELED) 44W,2,,LUM LED KORELED 44W,"Tablas 1 al 392_2025.pdf, pagina 236",5200270
2025,236,SN,1133060,SMAP 0093-25 CL 106 CR 32,5200302,UCAP POSTE CONCRETO CARABOBO 5M,1,,POSTE CONCRETO CARABOBO 5M,"Tablas 1 al 392_2025.pdf, pagina 236",5200302
2025,236,SN,1133060,SMAP 0093-25 CL 106 CR 32,5200464,UCAP CABLE CU ENCAUCHETADO 3X14 CU,5,,CABLE CU ENCAUCHETADO 3X14 CU,"Tablas 1 al 392_2025.pdf, pagina 236",5200464
2025,236,SN,1133060,SMAP 0093-25 CL 106 CR 32,5200303,UCAP POSTE CONCRETO TIPO METRO 5M,,1,POSTE CONCRETO TIPO METRO 5M,"Tablas 1 al 392_2025.pdf, pagina 236",5200303
2025,237,SN,1133075,Vía Cr 24 B Cl 17 - 25,5200235,"UCAP BRAZO 1 1/2"" - 1.5M - 52°/0°",1,,BRAZO 1 1/2 - 1.5M - 52°/0°,"Tablas 1 al 392_2025.pdf, pagina 237",5200235
2025,237,SN,1133075,Vía Cr 24 B Cl 17 - 25,5200272,LUM LED (SEPIALED II) 128W,1,,LUM LED SEPIALED II 128W,"Tablas 1 al 392_2025.pdf, pagina 237",5200272
2025,237,SN,1133075,Vía Cr 24 B Cl 17 - 25,5200202,UCAP BOMBILLO 150W,,1,BOMBILLO 150W,"Tablas 1 al 392_2025.pdf, pagina 237",5200202
2025,237,SN,1133075,Vía Cr 24 B Cl 17 - 25,5200218,UCAP LUMINARIA 150W,,1,LUMINARIA 150W,"Tablas 1 al 392_2025.pdf, pagina 237",5200218
2025,237,SN,1133075,Vía Cr 24 B Cl 17 - 25,5200236,"UCAP BRAZO 1 1/2"" - 1.5M - 52°/20°",,1,BRAZO 1 1/2 - 1.5M - 52°/20°,"Tablas 1 al 392_2025.pdf, pagina 237",5200236
2025,238,SN,1133079,Vía Dg 17 Cl 20 C Sur,5200232,"UCAP BRAZO 1"" - 1.5M - 52°/0°",9,3,BRAZO 1 - 1.5M - 52°/0°,"Tablas 1 al 392_2025.pdf, pagina 238",5200232
2025,238,SN,1133079,Vía Dg 17 Cl 20 C Sur,5200270,LUM LED (KORELED) 44W,9,,LUM LED KORELED 44W,"Tablas 1 al 392_2025.pdf, pagina 238",5200270
2025,238,SN,1133079,Vía Dg 17 Cl 20 C Sur,5200419,UCAP POSTE PRFV 8M (ENTERRAR),4,,POSTE PRFV 8M ENTERRAR,"Tablas 1 al 392_2025.pdf, pagina 238",5200419
2025,238,SN,1133079,Vía Dg 17 Cl 20 C Sur,5200464,UCAP CABLE CU ENCAUCHETADO 3X14 CU,96,,CABLE CU ENCAUCHETADO 3X14 CU,"Tablas 1 al 392_2025.pdf, pagina 238",5200464
2025,238,SN,1133079,Vía Dg 17 Cl 20 C Sur,5200217,UCAP LUMINARIA 70W,,5,LUMINARIA 70W,"Tablas 1 al 392_2025.pdf, pagina 238",5200217
2025,238,SN,1133079,Vía Dg 17 Cl 20 C Sur,5200201,UCAP BOMBILLO 70W,,5,BOMBILLO 70W,"Tablas 1 al 392_2025.pdf, pagina 238",5200201
2025,238,SN,1133079,Vía Dg 17 Cl 20 C Sur,5200231,"UCAP BRAZO 1"" - 0.4M - 0°",,2,BRAZO 1 - 0.4M - 0°,"Tablas 1 al 392_2025.pdf, pagina 238",5200231
2025,239,SN,1133092,Vía y Anden Cr 17 Cl 12 Sur - 260,5200231,"UCAP BRAZO 1"" - 0.4M - 0°",3,,BRAZO 1 - 0.4M - 0°,"Tablas 1 al 392_2025.pdf, pagina 239",5200231
2025,239,SN,1133092,Vía y Anden Cr 17 Cl 12 Sur - 260,5200232,"UCAP BRAZO 1"" - 1.5M - 52°/0°",1,1,BRAZO 1 - 1.5M - 52°/0°,"Tablas 1 al 392_2025.pdf, pagina 239",5200232
2025,239,SN,1133092,Vía y Anden Cr 17 Cl 12 Sur - 260,5200270,LUM LED (KORELED) 44W,3,,LUM LED KORELED 44W,"Tablas 1 al 392_2025.pdf, pagina 239",5200270
2025,239,SN,1133092,Vía y Anden Cr 17 Cl 12 Sur - 260,5200293,LUM LED (OMEGA II) 64.5W,1,,LUM LED OMEGA II 64.5W,"Tablas 1 al 392_2025.pdf, pagina 239",5200293
2025,239,SN,1133092,Vía y Anden Cr 17 Cl 12 Sur - 260,5200464,UCAP CABLE CU ENCAUCHETADO 3X14 CU,10,,CABLE CU ENCAUCHETADO 3X14 CU,"Tablas 1 al 392_2025.pdf, pagina 239",5200464
2025,239,SN,1133092,Vía y Anden Cr 17 Cl 12 Sur - 260,5200217,UCAP LUMINARIA 70W,,1,LUMINARIA 70W,"Tablas 1 al 392_2025.pdf, pagina 239",5200217
2025,239,SN,1133092,Vía y Anden Cr 17 Cl 12 Sur - 260,5200201,UCAP BOMBILLO 70W,,1,BOMBILLO 70W,"Tablas 1 al 392_2025.pdf, pagina 239",5200201
2025,240,SN,1133127,SMAP 0099-25 CL 104 F CR 74 - 52,5200217,UCAP LUMINARIA 70W,,1,LUMINARIA 70W,"Tablas 1 al 392_2025.pdf, pagina 240",5200217
2025,240,SN,1133127,SMAP 0099-25 CL 104 F CR 74 - 52,5200201,UCAP BOMBILLO 70W,,1,BOMBILLO 70W,"Tablas 1 al 392_2025.pdf, pagina 240",5200201
2025,240,SN,1133127,SMAP 0099-25 CL 104 F CR 74 - 52,5200232,"UCAP BRAZO 1"" - 1.5M - 52°/0°",,1,BRAZO 1 - 1.5M - 52°/0°,"Tablas 1 al 392_2025.pdf, pagina 240",5200232
2025,241,SN,1133145,Sendero CR 24 BD CL 71 - 173,5200232,"UCAP BRAZO 1"" - 1.5M - 52°/0°",2,,BRAZO 1 - 1.5M - 52°/0°,"Tablas 1 al 392_2025.pdf, pagina 241",5200232
2025,241,SN,1133145,Sendero CR 24 BD CL 71 - 173,5200270,LUM LED (KORELED) 44W,2,,LUM LED KORELED 44W,"Tablas 1 al 392_2025.pdf, pagina 241",5200270
2025,241,SN,1133145,Sendero CR 24 BD CL 71 - 173,5200464,UCAP CABLE CU ENCAUCHETADO 3X14 CU,42,,CABLE CU ENCAUCHETADO 3X14 CU,"Tablas 1 al 392_2025.pdf, pagina 241",5200464
2025,242,SN,1133905,Sendero Cl 89 Entre Cr 50 C y Cr 50 D,5200231,"UCAP BRAZO 1"" - 0.4M - 0°",2,,BRAZO 1 - 0.4M - 0°,"Tablas 1 al 392_2025.pdf, pagina 242",5200231
2025,242,SN,1133905,Sendero Cl 89 Entre Cr 50 C y Cr 50 D,5200270,LUM LED (KORELED) 44W,2,,LUM LED KORELED 44W,"Tablas 1 al 392_2025.pdf, pagina 242",5200270
2025,243,SN,1133909,SMAP 0111-25 Cl 49 Cr 81 - 52,5200232,"UCAP BRAZO 1"" - 1.5M - 52°/0°",2,,BRAZO 1 - 1.5M - 52°/0°,"Tablas 1 al 392_2025.pdf, pagina 243",5200232
2025,243,SN,1133909,SMAP 0111-25 Cl 49 Cr 81 - 52,5200270,LUM LED (KORELED) 44W,2,,LUM LED KORELED 44W,"Tablas 1 al 392_2025.pdf, pagina 243",5200270
2025,243,SN,1133909,SMAP 0111-25 Cl 49 Cr 81 - 52,5200308,UCAP POSTE CONCRETO OCTOG 8M,1,,POSTE CONCRETO OCTOG 8M,"Tablas 1 al 392_2025.pdf, pagina 243",5200308
2025,243,SN,1133909,SMAP 0111-25 Cl 49 Cr 81 - 52,5200419,UCAP POSTE PRFV 8M (ENTERRAR),1,,POSTE PRFV 8M ENTERRAR,"Tablas 1 al 392_2025.pdf, pagina 243",5200419
2025,243,SN,1133909,SMAP 0111-25 Cl 49 Cr 81 - 52,5200464,UCAP CABLE CU ENCAUCHETADO 3X14 CU,18,,CABLE CU ENCAUCHETADO 3X14 CU,"Tablas 1 al 392_2025.pdf, pagina 243",5200464
2025,244,SN,1133920,SMAP 0112-25 CR 81 CL 52 - 26,5200231,"UCAP BRAZO 1"" - 0.4M - 0°",2,,BRAZO 1 - 0.4M - 0°,"Tablas 1 al 392_2025.pdf, pagina 244",5200231
2025,244,SN,1133920,SMAP 0112-25 CR 81 CL 52 - 26,5200232,"UCAP BRAZO 1"" - 1.5M - 52°/0°",1,,BRAZO 1 - 1.5M - 52°/0°,"Tablas 1 al 392_2025.pdf, pagina 244",5200232
2025,244,SN,1133920,SMAP 0112-25 CR 81 CL 52 - 26,5200270,LUM LED (KORELED) 44W,3,,LUM LED KORELED 44W,"Tablas 1 al 392_2025.pdf, pagina 244",5200270
2025,245,SN,1133932,SMAP 0113-25 Cr 81 A Cl 48 B - 60,5200231,"UCAP BRAZO 1"" - 0.4M - 0°",1,,BRAZO 1 - 0.4M - 0°,"Tablas 1 al 392_2025.pdf, pagina 245",5200231
2025,245,SN,1133932,SMAP 0113-25 Cr 81 A Cl 48 B - 60,5200270,LUM LED (KORELED) 44W,1,,LUM LED KORELED 44W,"Tablas 1 al 392_2025.pdf, pagina 245",5200270
2025,246,SN,1133968,Vía Cr 48 C Cl 10 Sur,5000266,LUM LED 176W ASIMÉTRICA 4000K HORIZONTAL,2,,LUM LED 176W ASIMETRICA 4000K HORIZONTAL,"Tablas 1 al 392_2025.pdf, pagina 246",5000266
2025,246,SN,1133968,Vía Cr 48 C Cl 10 Sur,5200220,UCAP LUMINARIA 400W,,2,LUMINARIA 400W,"Tablas 1 al 392_2025.pdf, pagina 246",5200220
2025,246,SN,1133968,Vía Cr 48 C Cl 10 Sur,5200204,UCAP BOMBILLO 400W,,2,BOMBILLO 400W,"Tablas 1 al 392_2025.pdf, pagina 246",5200204
2025,247,SN,1141973,Sendero Cl 42 Cr 102 - 29 Int 102,5200222,UCAP LUMINARIA LED 40W,1,1,LUMINARIA LED 40W,"Tablas 1 al 392_2025.pdf, pagina 247",5200222
2025,247,SN,1141973,Sendero Cl 42 Cr 102 - 29 Int 102,5200302,UCAP POSTE CONCRETO CARABOBO 5M,1,1,POSTE CONCRETO CARABOBO 5M,"Tablas 1 al 392_2025.pdf, pagina 247",5200302
2025,247,SN,1141973,Sendero Cl 42 Cr 102 - 29 Int 102,5200238,UCAP BRAZO SENCILLO CARABOBO,1,1,BRAZO SENCILLO CARABOBO,"Tablas 1 al 392_2025.pdf, pagina 247",5200238
2025,248,SN,1152532,Sendero Cl 11 A Cr 34,5200231,"UCAP BRAZO 1"" - 0.4M - 0°",1,,BRAZO 1 - 0.4M - 0°,"Tablas 1 al 392_2025.pdf, pagina 248",5200231
2025,248,SN,1152532,Sendero Cl 11 A Cr 34,5200270,LUM LED (KORELED) 44W,3,,LUM LED KORELED 44W,"Tablas 1 al 392_2025.pdf, pagina 248",5200270
2025,248,SN,1152532,Sendero Cl 11 A Cr 34,5200302,UCAP POSTE CONCRETO CARABOBO 5M,2,,POSTE CONCRETO CARABOBO 5M,"Tablas 1 al 392_2025.pdf, pagina 248",5200302
2025,248,SN,1152532,Sendero Cl 11 A Cr 34,5200407,"UCAP TRIPLEX AL 2X4+1X4 XLP,AEREO",18,,TRIPLEX AL 2X4+1X4 XLP AEREO,"Tablas 1 al 392_2025.pdf, pagina 248",5200407
2025,248,SN,1152532,Sendero Cl 11 A Cr 34,5200422,CABLE FZA AL 3X6 AWG XLPE 600V 90°C ENTERRADO,54,,CABLE FZA AL 3X6 AWG XLPE 600V 90°C ENTERRADO,"Tablas 1 al 392_2025.pdf, pagina 248",5200422
2025,248,SN,1152532,Sendero Cl 11 A Cr 34,5200464,UCAP CABLE CU ENCAUCHETADO 3X14 CU,10,20,CABLE CU ENCAUCHETADO 3X14 CU,"Tablas 1 al 392_2025.pdf, pagina 248",5200464
2025,248,SN,1152532,Sendero Cl 11 A Cr 34,5200502,UCAP CAJA CONCRETO DIRECTAMENTE ENT,2,,CAJA CONCRETO DIRECTAMENTE ENT,"Tablas 1 al 392_2025.pdf, pagina 248",5200502
2025,248,SN,1152532,Sendero Cl 11 A Cr 34,5200238,BRAZO CARABOBO SENCILLO,2,,BRAZO CARABOBO SENCILLO,"Tablas 1 al 392_2025.pdf, pagina 248",5200238
2025,249,SN,1156078,SENDERO PEATONAL PARQUE PINOCHO CR 77 CL 45 E - 02,5200270,LUM LED (KORELED) 44W,2,,LUM LED KORELED 44W,"Tablas 1 al 392_2025.pdf, pagina 249",5200270
2025,249,SN,1156078,SENDERO PEATONAL PARQUE PINOCHO CR 77 CL 45 E - 02,5200231,"BR 1"" - 0.4M - 0°",2,,BR 1 - 0.4M - 0°,"Tablas 1 al 392_2025.pdf, pagina 249",5200231
2025,249,SN,1156078,SENDERO PEATONAL PARQUE PINOCHO CR 77 CL 45 E - 02,5200464,CABL CU 3X14 (ENCAU),22,,CABL CU 3X14 ENCAU,"Tablas 1 al 392_2025.pdf, pagina 249",5200464
2025,250,SN,177638,PUENTE PEATONAL CL 97 A CR 64 C,5200270,LUM LED (KORELED) 44W,2,,LUM LED KORELED 44W,"Tablas 1 al 392_2025.pdf, pagina 250",5200270
2025,250,SN,177638,PUENTE PEATONAL CL 97 A CR 64 C,5200293,LUM LED (OMEGA II) 64.5W,1,,LUM LED OMEGA II 64.5W,"Tablas 1 al 392_2025.pdf, pagina 250",5200293
2025,250,SN,177638,PUENTE PEATONAL CL 97 A CR 64 C,5200232,"BR 1"" - 1.5M - 52°/0°",3,,BR 1 - 1.5M - 52°/0°,"Tablas 1 al 392_2025.pdf, pagina 250",5200232
2025,250,SN,177638,PUENTE PEATONAL CL 97 A CR 64 C,5200464,CABL CU 3X14 (ENCAU),12,,CABL CU 3X14 ENCAU,"Tablas 1 al 392_2025.pdf, pagina 250",5200464
2025,250,SN,177638,PUENTE PEATONAL CL 97 A CR 64 C,5200422,CABLE AL 3X6 ENTERRADO ZONA VERDE,25,,CABLE AL 3X6 ENTERRADO ZONA VERDE,"Tablas 1 al 392_2025.pdf, pagina 250",5200422
2025,250,SN,177638,PUENTE PEATONAL CL 97 A CR 64 C,5020117,POST PRFV 9M 350KGF AP,1,,POST PRFV 9M 350KGF AP,"Tablas 1 al 392_2025.pdf, pagina 250",5020117
2025,250,SN,177638,PUENTE PEATONAL CL 97 A CR 64 C,5200419,POST PRFV 8M 510KGF,1,,POST PRFV 8M 510KGF,"Tablas 1 al 392_2025.pdf, pagina 250",5200419
2025,250,SN,177638,PUENTE PEATONAL CL 97 A CR 64 C,5200501,CAJ CONC 50X50 CM (CON TAPA),1,,CAJ CONC 50X50 CM CON TAPA,"Tablas 1 al 392_2025.pdf, pagina 250",5200501
2025,251,SS,189730,"Anden peatonal, CR 86 CL 47D",5200410,duplex cu 14 awg-thw 300v,,14,DUPLEX CU 14 AWG-THW 300V,"Tablas 1 al 392_2025.pdf, pagina 251",5200410
2025,251,SS,189730,"Anden peatonal, CR 86 CL 47D",5200256,Lum LED 50W 4000K fijación horizontal,1,,LUM LED 50W 4000K FIJACION HORIZONTAL,"Tablas 1 al 392_2025.pdf, pagina 251",5200256
2025,251,SS,189730,"Anden peatonal, CR 86 CL 47D",5200238,BRAZO SENCILLO CARABOBO,1,,BRAZO SENCILLO CARABOBO,"Tablas 1 al 392_2025.pdf, pagina 251",5200238
2025,251,SS,189730,"Anden peatonal, CR 86 CL 47D",5200302,Poste concreto carabobo 5m,1,,POSTE CONCRETO CARABOBO 5M,"Tablas 1 al 392_2025.pdf, pagina 251",5200302
2025,251,SS,189730,"Anden peatonal, CR 86 CL 47D",5200502,caja concreto directamente ent,2,,CAJA CONCRETO DIRECTAMENTE ENT,"Tablas 1 al 392_2025.pdf, pagina 251",5200502
2025,251,SS,189730,"Anden peatonal, CR 86 CL 47D",5200411,cable 3x8 enterrado z.verde,15,,CABLE 3X8 ENTERRADO Z.VERDE,"Tablas 1 al 392_2025.pdf, pagina 251",5200411
2025,251,SS,189730,"Anden peatonal, CR 86 CL 47D",5200407,"triplex Al 2x4+1x4 xlp,aereo",14,,TRIPLEX AL 2X4+1X4 XLP AEREO,"Tablas 1 al 392_2025.pdf, pagina 251",5200407
2025,252,SS,202420,"Anden peatonal, Cl 34AA #125-166",5200201,BOMBILLA Na 70W,,1,BOMBILLA NA 70W,"Tablas 1 al 392_2025.pdf, pagina 252",5200201
2025,252,SS,202420,"Anden peatonal, Cl 34AA #125-166",5200217,LUMINARIA 70W,,1,LUMINARIA 70W,"Tablas 1 al 392_2025.pdf, pagina 252",5200217
2025,252,SS,202420,"Anden peatonal, Cl 34AA #125-166",5200231,"BRAZO 1"" - 0.4m - 0°",3,1,BRAZO 1 - 0.4M - 0°,"Tablas 1 al 392_2025.pdf, pagina 252",5200231
2025,252,SS,202420,"Anden peatonal, Cl 34AA #125-166",5200410,duplex cu 14 awg-thw 300v,,52,DUPLEX CU 14 AWG-THW 300V,"Tablas 1 al 392_2025.pdf, pagina 252",5200410
2025,252,SS,202420,"Anden peatonal, Cl 34AA #125-166",5200270,LUM LED (KORELED) 44W,3,,LUM LED KORELED 44W,"Tablas 1 al 392_2025.pdf, pagina 252",5200270
2025,252,SS,202420,"Anden peatonal, Cl 34AA #125-166",5200464,Cable Cu encauchetado 3X14 AWG,37,,CABLE CU ENCAUCHETADO 3X14 AWG,"Tablas 1 al 392_2025.pdf, pagina 252",5200464
2025,252,SS,202420,"Anden peatonal, Cl 34AA #125-166",5200419,Poste PRFV 8m (Enterrar),1,,POSTE PRFV 8M ENTERRAR,"Tablas 1 al 392_2025.pdf, pagina 252",5200419
2025,253,SN,202513,CL 107 A CR 42 C-17,5200270,LUM LED (KORELED) 44W,1,,LUM LED KORELED 44W,"Tablas 1 al 392_2025.pdf, pagina 253",5200270
2025,253,SN,202513,CL 107 A CR 42 C-17,5200232,"BR 1"" - 1.5M - 52°/0°",1,,BR 1 - 1.5M - 52°/0°,"Tablas 1 al 392_2025.pdf, pagina 253",5200232
2025,254,SS,204269,"Anden peatonal, CL 58 CR 85D-33",5200206,Luminaria LED 56W Horizontal,1,,LUMINARIA LED 56W HORIZONTAL,"Tablas 1 al 392_2025.pdf, pagina 254",5200206
2025,254,SS,204269,"Anden peatonal, CL 58 CR 85D-33",5200231,"BRAZO 1"" - 0.4m - 0°",1,,BRAZO 1 - 0.4M - 0°,"Tablas 1 al 392_2025.pdf, pagina 254",5200231
2025,254,SS,204269,"Anden peatonal, CL 58 CR 85D-33",5200419,Poste PRFV 8m (Enterrar),1,,POSTE PRFV 8M ENTERRAR,"Tablas 1 al 392_2025.pdf, pagina 254",5200419
2025,254,SS,204269,"Anden peatonal, CL 58 CR 85D-33",5200464,Cable Cu encauchetado 3X14 AWG,9,,CABLE CU ENCAUCHETADO 3X14 AWG,"Tablas 1 al 392_2025.pdf, pagina 254",5200464
2025,255,SS,211343,"Anden peatonal, CL 34AA CR 125-72 ( INT 120 )",5200201,BOMBILLA Na 70W,,2,BOMBILLA NA 70W,"Tablas 1 al 392_2025.pdf, pagina 255",5200201
2025,255,SS,211343,"Anden peatonal, CL 34AA CR 125-72 ( INT 120 )",5200217,LUMINARIA 70W,,2,LUMINARIA 70W,"Tablas 1 al 392_2025.pdf, pagina 255",5200217
2025,255,SS,211343,"Anden peatonal, CL 34AA CR 125-72 ( INT 120 )",5200232,"BRAZO 1"" - 1.5m - 52°/0°",1,2,BRAZO 1 - 1.5M - 52°/0°,"Tablas 1 al 392_2025.pdf, pagina 255",5200232
2025,255,SS,211343,"Anden peatonal, CL 34AA CR 125-72 ( INT 120 )",5200410,duplex cu 14 awg-thw 300v,,12,DUPLEX CU 14 AWG-THW 300V,"Tablas 1 al 392_2025.pdf, pagina 255",5200410
2025,255,SS,211343,"Anden peatonal, CL 34AA CR 125-72 ( INT 120 )",5200306,Poste madera redondo de 8m,,2,POSTE MADERA REDONDO DE 8M,"Tablas 1 al 392_2025.pdf, pagina 255",5200306
2025,255,SS,211343,"Anden peatonal, CL 34AA CR 125-72 ( INT 120 )",5200270,LUM LED (KORELED) 44W,3,,LUM LED KORELED 44W,"Tablas 1 al 392_2025.pdf, pagina 255",5200270
2025,255,SS,211343,"Anden peatonal, CL 34AA CR 125-72 ( INT 120 )",5200231,"BRAZO 1"" - 0.4m - 0°",2,,BRAZO 1 - 0.4M - 0°,"Tablas 1 al 392_2025.pdf, pagina 255",5200231
2025,255,SS,211343,"Anden peatonal, CL 34AA CR 125-72 ( INT 120 )",5200419,Poste PRFV 8m (Enterrar),3,,POSTE PRFV 8M ENTERRAR,"Tablas 1 al 392_2025.pdf, pagina 255",5200419
2025,255,SS,211343,"Anden peatonal, CL 34AA CR 125-72 ( INT 120 )",5200464,Cable Cu encauchetado 3X14 AWG,27,,CABLE CU ENCAUCHETADO 3X14 AWG,"Tablas 1 al 392_2025.pdf, pagina 255",5200464
2025,256,SS,571864,"VIA SECUNDARIA, CR 78 CL 41 - 32",5200270,LUM LED (KORELED) 44W,2,1,LUM LED KORELED 44W,"Tablas 1 al 392_2025.pdf, pagina 256",5200270
2025,256,SS,571864,"VIA SECUNDARIA, CR 78 CL 41 - 32",5200293,LUM LED (OMEGA II) 64.5W,2,1,LUM LED OMEGA II 64.5W,"Tablas 1 al 392_2025.pdf, pagina 256",5200293
2025,256,SS,571864,"VIA SECUNDARIA, CR 78 CL 41 - 32",5200231,"BRAZO 1"" - 0.4m - 0°",2,1,BRAZO 1 - 0.4M - 0°,"Tablas 1 al 392_2025.pdf, pagina 256",5200231
2025,256,SS,571864,"VIA SECUNDARIA, CR 78 CL 41 - 32",5200235,"BRAZO 1 1/2"" - 1.5M - 52°/0°",,2,BRAZO 1 1/2 - 1.5M - 52°/0°,"Tablas 1 al 392_2025.pdf, pagina 256",5200235
2025,256,SS,571864,"VIA SECUNDARIA, CR 78 CL 41 - 32",5200241,BRAZO CURVO 3000m,3,,BRAZO CURVO 3000M,"Tablas 1 al 392_2025.pdf, pagina 256",5200241
2025,256,SS,571864,"VIA SECUNDARIA, CR 78 CL 41 - 32",5200301,Poste concreto redondo 9m.,1,1,POSTE CONCRETO REDONDO 9M,"Tablas 1 al 392_2025.pdf, pagina 256",5200301
2025,256,SS,571864,"VIA SECUNDARIA, CR 78 CL 41 - 32",5200464,Cable Cu encauchetado 3X14 AWG,13,10,CABLE CU ENCAUCHETADO 3X14 AWG,"Tablas 1 al 392_2025.pdf, pagina 256",5200464
2025,257,SN,1019168,SENDERO PEATONAL CL 55 CR 126-166 INT 110,5200270,LUM LED (KORELED) 44W,1,,LUM LED KORELED 44W,"Tablas 1 al 392_2025.pdf, pagina 257",5200270
2025,257,SN,1019168,SENDERO PEATONAL CL 55 CR 126-166 INT 110,5200231,"BR 1"" - 0.4M - 0°",1,1,BR 1 - 0.4M - 0°,"Tablas 1 al 392_2025.pdf, pagina 257",5200231
2025,257,SN,1019168,SENDERO PEATONAL CL 55 CR 126-166 INT 110,5200217,LUM 70W,,1,LUM 70W,"Tablas 1 al 392_2025.pdf, pagina 257",5200217
2025,257,SN,1019168,SENDERO PEATONAL CL 55 CR 126-166 INT 110,5200201,BOMB 70W,,1,BOMB 70W,"Tablas 1 al 392_2025.pdf, pagina 257",5200201
2025,258,SN,1021654,SENDERO PEATONAL CR 107 B CL 48 B-45 (INT 108),5200270,LUM LED (KORELED) 44W,2,,LUM LED KORELED 44W,"Tablas 1 al 392_2025.pdf, pagina 258",5200270
2025,258,SN,1021654,SENDERO PEATONAL CR 107 B CL 48 B-45 (INT 108),5200232,"BR 1"" - 1.5M - 52°/0°",2,1,BR 1 - 1.5M - 52°/0°,"Tablas 1 al 392_2025.pdf, pagina 258",5200232
2025,258,SN,1021654,SENDERO PEATONAL CR 107 B CL 48 B-45 (INT 108),5200217,LUM 70W,,1,LUM 70W,"Tablas 1 al 392_2025.pdf, pagina 258",5200217
2025,258,SN,1021654,SENDERO PEATONAL CR 107 B CL 48 B-45 (INT 108),5200201,BOMB 70W,,1,BOMB 70W,"Tablas 1 al 392_2025.pdf, pagina 258",5200201
2025,259,SN,1033764,CL 81 CR 24 - 138 INT 112,5200270,LUM LED (KORELED) 44W,1,,LUM LED KORELED 44W,"Tablas 1 al 392_2025.pdf, pagina 259",5200270
2025,259,SN,1033764,CL 81 CR 24 - 138 INT 112,5200231,"BR 1"" - 0.4M - 0°",1,,BR 1 - 0.4M - 0°,"Tablas 1 al 392_2025.pdf, pagina 259",5200231
2025,260,SN,1038213,SMAP 0161-25 CR 48 A CL 107 C - 35,5200270,LUM LED (KORELED) 44W,2,,LUM LED KORELED 44W,"Tablas 1 al 392_2025.pdf, pagina 260",5200270
2025,260,SN,1038213,SMAP 0161-25 CR 48 A CL 107 C - 35,5200232,"BR 1"" - 1.5M - 52°/0°",2,,BR 1 - 1.5M - 52°/0°,"Tablas 1 al 392_2025.pdf, pagina 260",5200232
2025,260,SN,1038213,SMAP 0161-25 CR 48 A CL 107 C - 35,5200464,CABL CU 3X14 (ENCAU),2207,,CABL CU 3X14 ENCAU,"Tablas 1 al 392_2025.pdf, pagina 260",5200464
2025,260,SN,1038213,SMAP 0161-25 CR 48 A CL 107 C - 35,5200419,POST PRFV 8M 510KGF,2,,POST PRFV 8M 510KGF,"Tablas 1 al 392_2025.pdf, pagina 260",5200419
2025,261,SN,1041122,SENDERO PEATONAL CR 65 D TRANS 34 B 25,5200207,LUM LED (OMEGA II) 110W,1,1,LUM LED OMEGA II 110W,"Tablas 1 al 392_2025.pdf, pagina 261",5200207
2025,261,SN,1041122,SENDERO PEATONAL CR 65 D TRANS 34 B 25,5200206,LUM LED ROY ALPHA (OMEGA II) 56W SMD,1,1,LUM LED ROY ALPHA OMEGA II 56W SMD,"Tablas 1 al 392_2025.pdf, pagina 261",5200206
2025,261,SN,1041122,SENDERO PEATONAL CR 65 D TRANS 34 B 25,5200301,POST CONC 9M 510KGF AP,1,1,POST CONC 9M 510KGF AP,"Tablas 1 al 392_2025.pdf, pagina 261",5200301
2025,261,SN,1041122,SENDERO PEATONAL CR 65 D TRANS 34 B 25,5200241,BR CURVO 3000M,1,1,BR CURVO 3000M,"Tablas 1 al 392_2025.pdf, pagina 261",5200241
2025,261,SN,1041122,SENDERO PEATONAL CR 65 D TRANS 34 B 25,5200231,"BR 1"" - 0.4M - 0°",1,1,BR 1 - 0.4M - 0°,"Tablas 1 al 392_2025.pdf, pagina 261",5200231
2025,262,SN,1047218,CL 29 CR 41-13,5200270,LUM LED (KORELED) 44W,2,,LUM LED KORELED 44W,"Tablas 1 al 392_2025.pdf, pagina 262",5200270
2025,262,SN,1047218,CL 29 CR 41-13,5200238,BRAZO SENCILLO CARABOBO,2,,BRAZO SENCILLO CARABOBO,"Tablas 1 al 392_2025.pdf, pagina 262",5200238
2025,263,SN,1047909,VIA SECUNDARIA CR 42 CL 71A 12,5200270,LUM LED (KORELED) 44W,2,,LUM LED KORELED 44W,"Tablas 1 al 392_2025.pdf, pagina 263",5200270
2025,263,SN,1047909,VIA SECUNDARIA CR 42 CL 71A 12,5200232,"BRAZO 1"" - 1.5m - 52°/0°",2,,BRAZO 1 - 1.5M - 52°/0°,"Tablas 1 al 392_2025.pdf, pagina 263",5200232
2025,264,SN,1048805,SENDERO PEATONAL CL 57 C CR 34 - 22 INT 301,5200270,LUM LED (KORELED) 44W,1,,LUM LED KORELED 44W,"Tablas 1 al 392_2025.pdf, pagina 264",5200270
2025,264,SN,1048805,SENDERO PEATONAL CL 57 C CR 34 - 22 INT 301,5200232,"BR 1"" - 1.5M - 52°/0°",1,,BR 1 - 1.5M - 52°/0°,"Tablas 1 al 392_2025.pdf, pagina 264",5200232
2025,265,SN,1050944,CL 66 CR 50B-23,5200270,LUM LED (KORELED) 44W,1,,LUM LED KORELED 44W,"Tablas 1 al 392_2025.pdf, pagina 265",5200270
2025,265,SN,1050944,CL 66 CR 50B-23,5200231,"BR 1"" - 0.4M - 0°",1,,BR 1 - 0.4M - 0°,"Tablas 1 al 392_2025.pdf, pagina 265",5200231
2025,265,SN,1050944,CL 66 CR 50B-23,5200272,LUM LED (SEPIALED II) 128W,2,,LUM LED SEPIALED II 128W,"Tablas 1 al 392_2025.pdf, pagina 265",5200272
2025,265,SN,1050944,CL 66 CR 50B-23,5200235,"BR 1 1/2"" - 1.5M - 52°/0°",2,,BR 1 1/2 - 1.5M - 52°/0°,"Tablas 1 al 392_2025.pdf, pagina 265",5200235
2025,265,SN,1050944,CL 66 CR 50B-23,5200407,TPX AL 2X4+1X4 XLP AEREO,25,,TPX AL 2X4+1X4 XLP AEREO,"Tablas 1 al 392_2025.pdf, pagina 265",5200407
2025,266,SN,1051046,CRA 40 # 61-70,5200272,LUM LED (SEPIALED II) 128W,1,,LUM LED SEPIALED II 128W,"Tablas 1 al 392_2025.pdf, pagina 266",5200272
2025,266,SN,1051046,CRA 40 # 61-70,5200235,"BR 1 1/2"" - 1.5M - 52°/0°",1,,BR 1 1/2 - 1.5M - 52°/0°,"Tablas 1 al 392_2025.pdf, pagina 266",5200235
2025,266,SN,1051046,CRA 40 # 61-70,5200407,TPX AL 2X4+1X4 XLP AEREO,20,,TPX AL 2X4+1X4 XLP AEREO,"Tablas 1 al 392_2025.pdf, pagina 266",5200407
2025,267,SN,1051292,VIA SECUNDARIA CR 23 C CL 75 C 118 ( 168 ),5200270,LUM LED (KORELED) 44W,3,,LUM LED KORELED 44W,"Tablas 1 al 392_2025.pdf, pagina 267",5200270
2025,267,SN,1051292,VIA SECUNDARIA CR 23 C CL 75 C 118 ( 168 ),5200231,"BR 1"" - 0.4M - 0°",3,,BR 1 - 0.4M - 0°,"Tablas 1 al 392_2025.pdf, pagina 267",5200231
2025,268,SN,1051780,CR 23 C CL 75 C - 118 INT 134,5200270,LUM LED (KORELED) 44W,2,,LUM LED KORELED 44W,"Tablas 1 al 392_2025.pdf, pagina 268",5200270
2025,268,SN,1051780,CR 23 C CL 75 C - 118 INT 134,5200232,"BR 1"" - 1.5M - 52°/0°",2,,BR 1 - 1.5M - 52°/0°,"Tablas 1 al 392_2025.pdf, pagina 268",5200232
2025,269,SN,1051817,Cr 31 AA CL 82 - 16 Int147,5200270,LUM LED (KORELED) 44W,2,,LUM LED KORELED 44W,"Tablas 1 al 392_2025.pdf, pagina 269",5200270
2025,269,SN,1051817,Cr 31 AA CL 82 - 16 Int147,5200232,"BR 1"" - 1.5M - 52°/0°",2,,BR 1 - 1.5M - 52°/0°,"Tablas 1 al 392_2025.pdf, pagina 269",5200232
2025,270,SN,1058257,CL 62 CR 39A - 29,5200272,LUM LED (SEPIALED II) 128W,1,,LUM LED SEPIALED II 128W,"Tablas 1 al 392_2025.pdf, pagina 270",5200272
2025,271,SN,1060273,SMAP-DEPI-0174-25 CALLE 46 N° 16E 94,5200270,LUM LED (KORELED) 44W,1,,LUM LED KORELED 44W,"Tablas 1 al 392_2025.pdf, pagina 271",5200270
2025,271,SN,1060273,SMAP-DEPI-0174-25 CALLE 46 N° 16E 94,5200231,"BR 1"" - 0.4M - 0°",1,,BR 1 - 0.4M - 0°,"Tablas 1 al 392_2025.pdf, pagina 271",5200231
2025,271,SN,1060273,SMAP-DEPI-0174-25 CALLE 46 N° 16E 94,5200217,LUMINARIA 70W,,1,LUMINARIA 70W,"Tablas 1 al 392_2025.pdf, pagina 271",5200217
2025,271,SN,1060273,SMAP-DEPI-0174-25 CALLE 46 N° 16E 94,5200233,"BR 1"" - 1.5M - 52°/20°",,1,BR 1 - 1.5M - 52°/20°,"Tablas 1 al 392_2025.pdf, pagina 271",5200233
2025,272,SN,1060278,SMAP-DEPI-0175-25 CL 42 entre CR 33A Y CRA 35,5200270,LUM LED (KORELED) 44W,2,,LUM LED KORELED 44W,"Tablas 1 al 392_2025.pdf, pagina 272",5200270
2025,272,SN,1060278,SMAP-DEPI-0175-25 CL 42 entre CR 33A Y CRA 35,5200231,"BR 1"" - 0.4M - 0°",1,,BR 1 - 0.4M - 0°,"Tablas 1 al 392_2025.pdf, pagina 272",5200231
2025,272,SN,1060278,SMAP-DEPI-0175-25 CL 42 entre CR 33A Y CRA 35,5200464,Cable Cu encauchetado 3X14 AWG,7,,CABLE CU ENCAUCHETADO 3X14 AWG,"Tablas 1 al 392_2025.pdf, pagina 272",5200464
2025,272,SN,1060278,SMAP-DEPI-0175-25 CL 42 entre CR 33A Y CRA 35,5200217,LUMINARIA 70W,,1,LUMINARIA 70W,"Tablas 1 al 392_2025.pdf, pagina 272",5200217
2025,273,SS,1176108,SOLICITUD COMUNIDAD - SS 1176108 RURAL_147032299000000000,5200232,"UCAP BRAZO 1"" - 1.5M - 52°/0°",2,,BRAZO 1 - 1.5M - 52°/0°,"Tablas 1 al 392_2025.pdf, pagina 273",5200232
2025,273,SS,1176108,SOLICITUD COMUNIDAD - SS 1176108 RURAL_147032299000000000,5200270,LUM LED (KORELED) 44W,2,,LUM LED KORELED 44W,"Tablas 1 al 392_2025.pdf, pagina 273",5200270
2025,273,SS,1176108,SOLICITUD COMUNIDAD - SS 1176108 RURAL_147032299000000000,5200464,UCAP CABLE CU ENCAUCHETADO 3X14 CU,28,,CABLE CU ENCAUCHETADO 3X14 CU,"Tablas 1 al 392_2025.pdf, pagina 273",5200464
2025,274,SS,1178146,Sendero Cl 35 AA Cr 35 D - 24,5200232,"UCAP BRAZO 1"" - 1.5M - 52°/0°",2,1,BRAZO 1 - 1.5M - 52°/0°,"Tablas 1 al 392_2025.pdf, pagina 274",5200232
2025,274,SS,1178146,Sendero Cl 35 AA Cr 35 D - 24,5200270,LUM LED (KORELED) 44W,2,,LUM LED KORELED 44W,"Tablas 1 al 392_2025.pdf, pagina 274",5200270
2025,274,SS,1178146,Sendero Cl 35 AA Cr 35 D - 24,5200217,UCAP LUMINARIA 70W,,2,LUMINARIA 70W,"Tablas 1 al 392_2025.pdf, pagina 274",5200217
2025,274,SS,1178146,Sendero Cl 35 AA Cr 35 D - 24,5200201,UCAP BOMBILLO 70W,,2,BOMBILLO 70W,"Tablas 1 al 392_2025.pdf, pagina 274",5200201
2025,274,SS,1178146,Sendero Cl 35 AA Cr 35 D - 24,5200231,"UCAP BRAZO 1"" - 0.4M - 0°",,1,BRAZO 1 - 0.4M - 0°,"Tablas 1 al 392_2025.pdf, pagina 274",5200231
2025,275,SS,1179582,Sendero peatonal CL 61 AA CR 106 B-21,5200231,"UCAP BRAZO 1"" - 0.4M - 0°",1,,BRAZO 1 - 0.4M - 0°,"Tablas 1 al 392_2025.pdf, pagina 275",5200231
2025,275,SS,1179582,Sendero peatonal CL 61 AA CR 106 B-21,5200270,LUM LED (KORELED) 44W,1,,LUM LED KORELED 44W,"Tablas 1 al 392_2025.pdf, pagina 275",5200270
2025,276,SS,1179801,SMAP-0204-25 CR 63A CL 32D,5200217,UCAP LUMINARIA 70W,,1,LUMINARIA 70W,"Tablas 1 al 392_2025.pdf, pagina 276",5200217
2025,276,SS,1179801,SMAP-0204-25 CR 63A CL 32D,5200201,UCAP BOMBILLO 70W,,1,BOMBILLO 70W,"Tablas 1 al 392_2025.pdf, pagina 276",5200201
2025,276,SS,1179801,SMAP-0204-25 CR 63A CL 32D,5200219,UCAP LUMINARIA 250W,,3,LUMINARIA 250W,"Tablas 1 al 392_2025.pdf, pagina 276",5200219
2025,276,SS,1179801,SMAP-0204-25 CR 63A CL 32D,5200203,UCAP BOMBILLO 250W,,3,BOMBILLO 250W,"Tablas 1 al 392_2025.pdf, pagina 276",5200203
2025,276,SS,1179801,SMAP-0204-25 CR 63A CL 32D,5200232,"UCAP BRAZO 1"" - 1.5M - 52°/0°",,1,BRAZO 1 - 1.5M - 52°/0°,"Tablas 1 al 392_2025.pdf, pagina 276",5200232
2025,276,SS,1179801,SMAP-0204-25 CR 63A CL 32D,5200236,"UCAP BRAZO 1 1/2"" - 1.5M - 20°/20°",,3,BRAZO 1 1/2 - 1.5M - 20°/20°,"Tablas 1 al 392_2025.pdf, pagina 276",5200236
2025,276,SS,1179801,SMAP-0204-25 CR 63A CL 32D,5200306,UCAP POSTE MADERA REDONDO DE 8M,,1,POSTE MADERA REDONDO DE 8M,"Tablas 1 al 392_2025.pdf, pagina 276",5200306
2025,276,SS,1179801,SMAP-0204-25 CR 63A CL 32D,5200315,UCAP POSTE METÁLICO REDONDO 10M,,3,POSTE METALICO REDONDO 10M,"Tablas 1 al 392_2025.pdf, pagina 276",5200315
2025,277,SS,1183263,Sendero CR 18 CC CL 57 A - 110 INT 214,5200231,"UCAP BRAZO 1"" - 0.4M - 0°",1,,BRAZO 1 - 0.4M - 0°,"Tablas 1 al 392_2025.pdf, pagina 277",5200231
2025,277,SS,1183263,Sendero CR 18 CC CL 57 A - 110 INT 214,5200270,LUM LED (KORELED) 44W,1,,LUM LED KORELED 44W,"Tablas 1 al 392_2025.pdf, pagina 277",5200270
2025,278,SS,1184144,Cancha Arenilla Oriente Cl 84 AA Cr 22 A - 72,5200403,"PROYEC LED 168W TIPO V MEDIA (MEDIUM ""M"") 5000K",24,,PROYEC LED 168W TIPO V MEDIA MEDIUM M 5000K,"Tablas 1 al 392_2025.pdf, pagina 278",5200403
2025,278,SS,1184144,Cancha Arenilla Oriente Cl 84 AA Cr 22 A - 72,5200276,PROYEC LED (AREALED II) 212W V-MEDIA,,10,PROYEC LED AREALED II 212W V-MEDIA,"Tablas 1 al 392_2025.pdf, pagina 278",5200276
2025,278,SS,1184144,Cancha Arenilla Oriente Cl 84 AA Cr 22 A - 72,5200277,PROYEC LED (COSMOLED EV) 150W V-LARGA,,10,PROYEC LED COSMOLED EV 150W V-LARGA,"Tablas 1 al 392_2025.pdf, pagina 278",5200277
2025,279,SS,1185026,Retiro luminaria sodio CR 83 CL 19 - 30,5200219,UCAP LUMINARIA 250W,,1,LUMINARIA 250W,"Tablas 1 al 392_2025.pdf, pagina 279",5200219
2025,279,SS,1185026,Retiro luminaria sodio CR 83 CL 19 - 30,5200203,UCAP BOMBILLO 250W,,1,BOMBILLO 250W,"Tablas 1 al 392_2025.pdf, pagina 279",5200203
2025,279,SS,1185026,Retiro luminaria sodio CR 83 CL 19 - 30,5200233,"UCAP BRAZO 1"" - 1.5M - 52°/20°",,1,BRAZO 1 - 1.5M - 52°/20°,"Tablas 1 al 392_2025.pdf, pagina 279",5200233
2025,280,SS,1185031,SMAP-CIL-0219-25 CR 42A CL 39C 70,5200232,"UCAP BRAZO 1"" - 1.5M - 52°/0°",1,1,BRAZO 1 - 1.5M - 52°/0°,"Tablas 1 al 392_2025.pdf, pagina 280",5200232
2025,280,SS,1185031,SMAP-CIL-0219-25 CR 42A CL 39C 70,5200270,LUM LED (KORELED) 44W,1,,LUM LED KORELED 44W,"Tablas 1 al 392_2025.pdf, pagina 280",5200270
2025,280,SS,1185031,SMAP-CIL-0219-25 CR 42A CL 39C 70,5200419,UCAP POSTE PRFV 8M (ENTERRAR),1,,POSTE PRFV 8M ENTERRAR,"Tablas 1 al 392_2025.pdf, pagina 280",5200419
2025,280,SS,1185031,SMAP-CIL-0219-25 CR 42A CL 39C 70,5200217,UCAP LUMINARIA 70W,,1,LUMINARIA 70W,"Tablas 1 al 392_2025.pdf, pagina 280",5200217
2025,280,SS,1185031,SMAP-CIL-0219-25 CR 42A CL 39C 70,5200201,UCAP BOMBILLO 70W,,1,BOMBILLO 70W,"Tablas 1 al 392_2025.pdf, pagina 280",5200201
2025,280,SS,1185031,SMAP-CIL-0219-25 CR 42A CL 39C 70,5200306,UCAP POSTE MADERA REDONDO DE 8M,,1,POSTE MADERA REDONDO DE 8M,"Tablas 1 al 392_2025.pdf, pagina 280",5200306
2025,281,SS,1185104,VIA - SMAP-CIL-0227-25 CL 63 CR 109,5200232,"UCAP BRAZO 1"" - 1.5M - 52°/0°",4,,BRAZO 1 - 1.5M - 52°/0°,"Tablas 1 al 392_2025.pdf, pagina 281",5200232
2025,281,SS,1185104,VIA - SMAP-CIL-0227-25 CL 63 CR 109,5200270,LUM LED (KORELED) 44W,4,,LUM LED KORELED 44W,"Tablas 1 al 392_2025.pdf, pagina 281",5200270
2025,281,SS,1185104,VIA - SMAP-CIL-0227-25 CL 63 CR 109,5200301,UCAP POSTE CONCRETO REDONDO 9M.,4,,POSTE CONCRETO REDONDO 9M,"Tablas 1 al 392_2025.pdf, pagina 281",5200301
2025,281,SS,1185104,VIA - SMAP-CIL-0227-25 CL 63 CR 109,5200407,"UCAP TRIPLEX AL 2X4+1X4 XLP,AEREO",127,25,TRIPLEX AL 2X4+1X4 XLP AEREO,"Tablas 1 al 392_2025.pdf, pagina 281",5200407
2025,281,SS,1185104,VIA - SMAP-CIL-0227-25 CL 63 CR 109,5200200,Luminaria LED 50W Horizontal - HURTADAS,,4,LUMINARIA LED 50W HORIZONTAL - HURTADAS,"Tablas 1 al 392_2025.pdf, pagina 281",5200200
2025,281,SS,1185104,VIA - SMAP-CIL-0227-25 CL 63 CR 109,5020117,Poste PRFV 9m (Enterrar) - HURTADOS,,3,POSTE PRFV 9M ENTERRAR - HURTADOS,"Tablas 1 al 392_2025.pdf, pagina 281",5020117
2025,281,SS,1185104,VIA - SMAP-CIL-0227-25 CL 63 CR 109,5200270,LUM LED (KORELED) 44W EXISTENTE EN TERRENO JUNTO E10,1,,LUM LED KORELED 44W EXISTENTE EN TERRENO JUNTO E10,"Tablas 1 al 392_2025.pdf, pagina 281",5200270
2025,282,SS,1185143,SMAP-CIL-0232-25 Diagonal 75C CL 32E - 78,5200235,"UCAP BRAZO 1 1/2"" - 1.5M - 52°/0°",1,,BRAZO 1 1/2 - 1.5M - 52°/0°,"Tablas 1 al 392_2025.pdf, pagina 282",5200235
2025,282,SS,1185143,SMAP-CIL-0232-25 Diagonal 75C CL 32E - 78,5200269,"LUM LED 110,7 (RALED II)",1,,LUM LED 110 7 RALED II,"Tablas 1 al 392_2025.pdf, pagina 282",5200269
2025,282,SS,1185143,SMAP-CIL-0232-25 Diagonal 75C CL 32E - 78,5200217,UCAP LUMINARIA 70W,,1,LUMINARIA 70W,"Tablas 1 al 392_2025.pdf, pagina 282",5200217
2025,282,SS,1185143,SMAP-CIL-0232-25 Diagonal 75C CL 32E - 78,5200201,UCAP BOMBILLO 70W,,1,BOMBILLO 70W,"Tablas 1 al 392_2025.pdf, pagina 282",5200201
2025,282,SS,1185143,SMAP-CIL-0232-25 Diagonal 75C CL 32E - 78,5200233,"UCAP BRAZO 1"" - 1.5M - 52°/20°",,1,BRAZO 1 - 1.5M - 52°/20°,"Tablas 1 al 392_2025.pdf, pagina 282",5200233
2025,283,SS,1186692,Sendero Peatonal - Altavista CL 20DD CR 84BC -39,5200231,"UCAP BRAZO 1"" - 0.4M - 0°",1,,BRAZO 1 - 0.4M - 0°,"Tablas 1 al 392_2025.pdf, pagina 283",5200231
2025,283,SS,1186692,Sendero Peatonal - Altavista CL 20DD CR 84BC -39,5200270,LUM LED (KORELED) 44W,1,,LUM LED KORELED 44W,"Tablas 1 al 392_2025.pdf, pagina 283",5200270
2025,284,SS,1190011,SOLICITUD COMUNIDAD - SS 1190011 CR 87 F CL 27 -36 (INTERIOR 102 ),5200231,"UCAP BRAZO 1"" - 0.4M - 0°",1,,BRAZO 1 - 0.4M - 0°,"Tablas 1 al 392_2025.pdf, pagina 284",5200231
2025,284,SS,1190011,SOLICITUD COMUNIDAD - SS 1190011 CR 87 F CL 27 -36 (INTERIOR 102 ),5200232,"UCAP BRAZO 1"" - 1.5M - 52°/0°",1,,BRAZO 1 - 1.5M - 52°/0°,"Tablas 1 al 392_2025.pdf, pagina 284",5200232
2025,284,SS,1190011,SOLICITUD COMUNIDAD - SS 1190011 CR 87 F CL 27 -36 (INTERIOR 102 ),5200270,LUM LED (KORELED) 44W,2,1,LUM LED KORELED 44W,"Tablas 1 al 392_2025.pdf, pagina 284",5200270
2025,284,SS,1190011,SOLICITUD COMUNIDAD - SS 1190011 CR 87 F CL 27 -36 (INTERIOR 102 ),5200238,UCAP BRAZO SENCILLO CARABOBO,,1,BRAZO SENCILLO CARABOBO,"Tablas 1 al 392_2025.pdf, pagina 284",5200238
2025,285,SS,1190953,SMAP-CIL-0241-25 CR 83 CL 47A,5200231,"UCAP BRAZO 1"" - 0.4M - 0°",1,,BRAZO 1 - 0.4M - 0°,"Tablas 1 al 392_2025.pdf, pagina 285",5200231
2025,285,SS,1190953,SMAP-CIL-0241-25 CR 83 CL 47A,5200270,LUM LED (KORELED) 44W,1,,LUM LED KORELED 44W,"Tablas 1 al 392_2025.pdf, pagina 285",5200270
2025,286,SS,1191694,Sendero Peatonal - La Loma CL 48 CC CR 121-34 (INTERIOR 115),5200231,"UCAP BRAZO 1"" - 0.4M - 0°",1,,BRAZO 1 - 0.4M - 0°,"Tablas 1 al 392_2025.pdf, pagina 286",5200231
2025,286,SS,1191694,Sendero Peatonal - La Loma CL 48 CC CR 121-34 (INTERIOR 115),5200270,LUM LED (KORELED) 44W,1,,LUM LED KORELED 44W,"Tablas 1 al 392_2025.pdf, pagina 286",5200270
2025,287,SS,1191816,SENDERO PEATONAL CL 65 AA CR 95 - 03 URB VILLA CAMPIÑA,5200231,"UCAP BRAZO 1"" - 0.4M - 0°",1,,BRAZO 1 - 0.4M - 0°,"Tablas 1 al 392_2025.pdf, pagina 287",5200231
2025,287,SS,1191816,SENDERO PEATONAL CL 65 AA CR 95 - 03 URB VILLA CAMPIÑA,5200270,LUM LED (KORELED) 44W,1,,LUM LED KORELED 44W,"Tablas 1 al 392_2025.pdf, pagina 287",5200270
2025,287,SS,1191816,SENDERO PEATONAL CL 65 AA CR 95 - 03 URB VILLA CAMPIÑA,5200419,UCAP POSTE PRFV 8M (ENTERRAR),1,,POSTE PRFV 8M ENTERRAR,"Tablas 1 al 392_2025.pdf, pagina 287",5200419
2025,287,SS,1191816,SENDERO PEATONAL CL 65 AA CR 95 - 03 URB VILLA CAMPIÑA,5200464,UCAP CABLE CU ENCAUCHETADO 3X14 CU,5,,CABLE CU ENCAUCHETADO 3X14 CU,"Tablas 1 al 392_2025.pdf, pagina 287",5200464
2025,288,SS,1192203,Sendero Peatonal-Villa Angel CL 39D SUR CR 69D-3 (INTERIOR 107),5200231,"UCAP BRAZO 1"" - 0.4M - 0°",1,,BRAZO 1 - 0.4M - 0°,"Tablas 1 al 392_2025.pdf, pagina 288",5200231
2025,288,SS,1192203,Sendero Peatonal-Villa Angel CL 39D SUR CR 69D-3 (INTERIOR 107),5200270,LUM LED (KORELED) 44W,1,,LUM LED KORELED 44W,"Tablas 1 al 392_2025.pdf, pagina 288",5200270
2025,289,SS,1193413,SENDERO PEATONAL CR 83 C CL 33 - 19,5200239,UCAP BRAZO DOBLE CARABOBO,1,,BRAZO DOBLE CARABOBO,"Tablas 1 al 392_2025.pdf, pagina 289",5200239
2025,289,SS,1193413,SENDERO PEATONAL CR 83 C CL 33 - 19,5200270,LUM LED (KORELED) 44W,1,,LUM LED KORELED 44W,"Tablas 1 al 392_2025.pdf, pagina 289",5200270
2025,289,SS,1193413,SENDERO PEATONAL CR 83 C CL 33 - 19,5200238,UCAP BRAZO SENCILLO CARABOBO,,1,BRAZO SENCILLO CARABOBO,"Tablas 1 al 392_2025.pdf, pagina 289",5200238
2025,290,SS,1198499,Sendero Cl 92 Cr 48 - 31,5200231,"UCAP BRAZO 1"" - 0.4M - 0°",1,,BRAZO 1 - 0.4M - 0°,"Tablas 1 al 392_2025.pdf, pagina 290",5200231
2025,290,SS,1198499,Sendero Cl 92 Cr 48 - 31,5200270,LUM LED (KORELED) 44W,1,,LUM LED KORELED 44W,"Tablas 1 al 392_2025.pdf, pagina 290",5200270
2025,291,SS,1199042,SOLICITUD MEJORAMIENTO SMAP-CIL-0270-25 CL 67 CR 45,5200231,"UCAP BRAZO 1"" - 0.4M - 0°",2,,BRAZO 1 - 0.4M - 0°,"Tablas 1 al 392_2025.pdf, pagina 291",5200231
2025,291,SS,1199042,SOLICITUD MEJORAMIENTO SMAP-CIL-0270-25 CL 67 CR 45,5200270,LUM LED (KORELED) 44W,2,,LUM LED KORELED 44W,"Tablas 1 al 392_2025.pdf, pagina 291",5200270
2025,291,SS,1199042,SOLICITUD MEJORAMIENTO SMAP-CIL-0270-25 CL 67 CR 45,5200419,UCAP POSTE PRFV 8M (ENTERRAR),1,,POSTE PRFV 8M ENTERRAR,"Tablas 1 al 392_2025.pdf, pagina 291",5200419
2025,291,SS,1199042,SOLICITUD MEJORAMIENTO SMAP-CIL-0270-25 CL 67 CR 45,5200464,UCAP CABLE CU ENCAUCHETADO 3X14 CU,26,,CABLE CU ENCAUCHETADO 3X14 CU,"Tablas 1 al 392_2025.pdf, pagina 291",5200464
2025,292,SS,1199047,SOLICITUD MEJORAMIENTO SMAP-CIL-0271-25 CL 67 CR 44,5200270,LUM LED (KORELED) 44W,1,,LUM LED KORELED 44W,"Tablas 1 al 392_2025.pdf, pagina 292",5200270
2025,292,SS,1199047,SOLICITUD MEJORAMIENTO SMAP-CIL-0271-25 CL 67 CR 44,5200302,UCAP POSTE CONCRETO CARABOBO 5M,1,,POSTE CONCRETO CARABOBO 5M,"Tablas 1 al 392_2025.pdf, pagina 292",5200302
2025,292,SS,1199047,SOLICITUD MEJORAMIENTO SMAP-CIL-0271-25 CL 67 CR 44,5200422,CABLE FZA AL 3X6 AWG XLPE 600V 90°C ENTERRADO,22,,CABLE FZA AL 3X6 AWG XLPE 600V 90°C ENTERRADO,"Tablas 1 al 392_2025.pdf, pagina 292",5200422
2025,292,SS,1199047,SOLICITUD MEJORAMIENTO SMAP-CIL-0271-25 CL 67 CR 44,5200502,UCAP CAJA CONCRETO DIRECTAMENTE ENT,2,,CAJA CONCRETO DIRECTAMENTE ENT,"Tablas 1 al 392_2025.pdf, pagina 292",5200502
2025,292,SS,1199047,SOLICITUD MEJORAMIENTO SMAP-CIL-0271-25 CL 67 CR 44,5200238,BRAZO CARABOBO SENCILLO,1,,BRAZO CARABOBO SENCILLO,"Tablas 1 al 392_2025.pdf, pagina 292",5200238
2025,293,SS,1199065,Sendero Cr 24 DC Cl 71 AA - 118,5200231,"UCAP BRAZO 1"" - 0.4M - 0°",1,1,BRAZO 1 - 0.4M - 0°,"Tablas 1 al 392_2025.pdf, pagina 293",5200231
2025,293,SS,1199065,Sendero Cr 24 DC Cl 71 AA - 118,5200270,LUM LED (KORELED) 44W,1,,LUM LED KORELED 44W,"Tablas 1 al 392_2025.pdf, pagina 293",5200270
2025,293,SS,1199065,Sendero Cr 24 DC Cl 71 AA - 118,5200217,UCAP LUMINARIA 70W,,1,LUMINARIA 70W,"Tablas 1 al 392_2025.pdf, pagina 293",5200217
2025,293,SS,1199065,Sendero Cr 24 DC Cl 71 AA - 118,5200201,UCAP BOMBILLO 70W,,1,BOMBILLO 70W,"Tablas 1 al 392_2025.pdf, pagina 293",5200201
2025,294,SS,1199115,SMAP-CIL-0277-25 Coliseo la avanzada CR 27 CL 106 BB-118,5090208,CAJA DE PASO METÁLICA,7,,CAJA DE PASO METALICA,"Tablas 1 al 392_2025.pdf, pagina 294",5090208
2025,294,SS,1199115,SMAP-CIL-0277-25 Coliseo la avanzada CR 27 CL 106 BB-118,5200232,"UCAP BRAZO 1"" - 1.5M - 52°/0°",6,,BRAZO 1 - 1.5M - 52°/0°,"Tablas 1 al 392_2025.pdf, pagina 294",5200232
2025,294,SS,1199115,SMAP-CIL-0277-25 Coliseo la avanzada CR 27 CL 106 BB-118,5200293,LUM LED (OMEGA II) 64.5W,6,,LUM LED OMEGA II 64.5W,"Tablas 1 al 392_2025.pdf, pagina 294",5200293
2025,294,SS,1199115,SMAP-CIL-0277-25 Coliseo la avanzada CR 27 CL 106 BB-118,5200407,"UCAP TRIPLEX AL 2X4+1X4 XLP,AEREO",8,,TRIPLEX AL 2X4+1X4 XLP AEREO,"Tablas 1 al 392_2025.pdf, pagina 294",5200407
2025,294,SS,1199115,SMAP-CIL-0277-25 Coliseo la avanzada CR 27 CL 106 BB-118,5200464,UCAP CABLE CU ENCAUCHETADO 3X14 CU,74,,CABLE CU ENCAUCHETADO 3X14 CU,"Tablas 1 al 392_2025.pdf, pagina 294",5200464
2025,294,SS,1199115,SMAP-CIL-0277-25 Coliseo la avanzada CR 27 CL 106 BB-118,5200528,"UCAP TUBERIA 1"" IMC",67,,TUBERIA 1 IMC,"Tablas 1 al 392_2025.pdf, pagina 294",5200528
2025,294,SS,1199115,SMAP-CIL-0277-25 Coliseo la avanzada CR 27 CL 106 BB-118,5200219,UCAP LUMINARIA 250W,,6,LUMINARIA 250W,"Tablas 1 al 392_2025.pdf, pagina 294",5200219
2025,294,SS,1199115,SMAP-CIL-0277-25 Coliseo la avanzada CR 27 CL 106 BB-118,5200203,UCAP BOMBILLO 250W,,6,BOMBILLO 250W,"Tablas 1 al 392_2025.pdf, pagina 294",5200203
2025,294,SS,1199115,SMAP-CIL-0277-25 Coliseo la avanzada CR 27 CL 106 BB-118,5200231,"UCAP BRAZO 1"" - 0.4M - 0°",,6,BRAZO 1 - 0.4M - 0°,"Tablas 1 al 392_2025.pdf, pagina 294",5200231
2025,294,SS,1199115,SMAP-CIL-0277-25 Coliseo la avanzada CR 27 CL 106 BB-118,5200410,UCAP DUPLEX CU 14 AWG-THW 300V,,39,DUPLEX CU 14 AWG-THW 300V,"Tablas 1 al 392_2025.pdf, pagina 294",5200410
2025,295,SS,1199122,SMAP-0278-25 Cl 84 AA Cr 22 A - 72,5200232,"UCAP BRAZO 1"" - 1.5M - 52°/0°",3,1,BRAZO 1 - 1.5M - 52°/0°,"Tablas 1 al 392_2025.pdf, pagina 295",5200232
2025,295,SS,1199122,SMAP-0278-25 Cl 84 AA Cr 22 A - 72,5200270,LUM LED (KORELED) 44W,3,,LUM LED KORELED 44W,"Tablas 1 al 392_2025.pdf, pagina 295",5200270
2025,295,SS,1199122,SMAP-0278-25 Cl 84 AA Cr 22 A - 72,5200464,UCAP CABLE CU ENCAUCHETADO 3X14 CU,40,,CABLE CU ENCAUCHETADO 3X14 CU,"Tablas 1 al 392_2025.pdf, pagina 295",5200464
2025,295,SS,1199122,SMAP-0278-25 Cl 84 AA Cr 22 A - 72,5200217,UCAP LUMINARIA 70W,,3,LUMINARIA 70W,"Tablas 1 al 392_2025.pdf, pagina 295",5200217
2025,295,SS,1199122,SMAP-0278-25 Cl 84 AA Cr 22 A - 72,5200201,UCAP BOMBILLO 70W,,3,BOMBILLO 70W,"Tablas 1 al 392_2025.pdf, pagina 295",5200201
2025,295,SS,1199122,SMAP-0278-25 Cl 84 AA Cr 22 A - 72,5200231,"UCAP BRAZO 1"" - 0.4M - 0°",,2,BRAZO 1 - 0.4M - 0°,"Tablas 1 al 392_2025.pdf, pagina 295",5200231
2025,295,SS,1199122,SMAP-0278-25 Cl 84 AA Cr 22 A - 72,5200410,UCAP DUPLEX CU 14 AWG-THW 300V,,34,DUPLEX CU 14 AWG-THW 300V,"Tablas 1 al 392_2025.pdf, pagina 295",5200410
2025,296,SS,1199146,SOLICITUD MEJORAMIENTO SMAP-CIL-0281-25 CL 97A CR 50AA - 49,5200232,"UCAP BRAZO 1"" - 1.5M - 52°/0°",2,,BRAZO 1 - 1.5M - 52°/0°,"Tablas 1 al 392_2025.pdf, pagina 296",5200232
2025,296,SS,1199146,SOLICITUD MEJORAMIENTO SMAP-CIL-0281-25 CL 97A CR 50AA - 49,5200270,LUM LED (KORELED) 44W,2,,LUM LED KORELED 44W,"Tablas 1 al 392_2025.pdf, pagina 296",5200270
2025,296,SS,1199146,SOLICITUD MEJORAMIENTO SMAP-CIL-0281-25 CL 97A CR 50AA - 49,5200419,UCAP POSTE PRFV 8M (ENTERRAR),1,,POSTE PRFV 8M ENTERRAR,"Tablas 1 al 392_2025.pdf, pagina 296",5200419
2025,296,SS,1199146,SOLICITUD MEJORAMIENTO SMAP-CIL-0281-25 CL 97A CR 50AA - 49,5200464,UCAP CABLE CU ENCAUCHETADO 3X14 CU,27,,CABLE CU ENCAUCHETADO 3X14 CU,"Tablas 1 al 392_2025.pdf, pagina 296",5200464
2025,296,SS,1199146,SOLICITUD MEJORAMIENTO SMAP-CIL-0281-25 CL 97A CR 50AA - 49,5200217,UCAP LUMINARIA 70W,,1,LUMINARIA 70W,"Tablas 1 al 392_2025.pdf, pagina 296",5200217
2025,296,SS,1199146,SOLICITUD MEJORAMIENTO SMAP-CIL-0281-25 CL 97A CR 50AA - 49,5200201,UCAP BOMBILLO 70W,,1,BOMBILLO 70W,"Tablas 1 al 392_2025.pdf, pagina 296",5200201
2025,296,SS,1199146,SOLICITUD MEJORAMIENTO SMAP-CIL-0281-25 CL 97A CR 50AA - 49,5200233,"UCAP BRAZO 1"" - 1.5M - 52°/20°",,1,BRAZO 1 - 1.5M - 52°/20°,"Tablas 1 al 392_2025.pdf, pagina 296",5200233
2025,296,SS,1199146,SOLICITUD MEJORAMIENTO SMAP-CIL-0281-25 CL 97A CR 50AA - 49,5200301,UCAP POSTE CONCRETO REDONDO 9M.,,1,POSTE CONCRETO REDONDO 9M,"Tablas 1 al 392_2025.pdf, pagina 296",5200301
2025,296,SS,1199146,SOLICITUD MEJORAMIENTO SMAP-CIL-0281-25 CL 97A CR 50AA - 49,5200410,UCAP DUPLEX CU 14 AWG-THW 300V,,41,DUPLEX CU 14 AWG-THW 300V,"Tablas 1 al 392_2025.pdf, pagina 296",5200410
2025,297,SS,1199162,SENDERO PEATONAL CR 77C POR CL 52,5200231,"UCAP BRAZO 1"" - 0.4M - 0°",1,,BRAZO 1 - 0.4M - 0°,"Tablas 1 al 392_2025.pdf, pagina 297",5200231
2025,297,SS,1199162,SENDERO PEATONAL CR 77C POR CL 52,5200270,LUM LED (KORELED) 44W,1,,LUM LED KORELED 44W,"Tablas 1 al 392_2025.pdf, pagina 297",5200270
2025,298,SS,1202784,Sendero Cr 18 B Cl 59 A - 20 Int 201,5200231,"UCAP BRAZO 1"" - 0.4M - 0°",1,,BRAZO 1 - 0.4M - 0°,"Tablas 1 al 392_2025.pdf, pagina 298",5200231
2025,298,SS,1202784,Sendero Cr 18 B Cl 59 A - 20 Int 201,5200270,LUM LED (KORELED) 44W,1,,LUM LED KORELED 44W,"Tablas 1 al 392_2025.pdf, pagina 298",5200270
2025,298,SS,1202784,Sendero Cr 18 B Cl 59 A - 20 Int 201,5200464,UCAP CABLE CU ENCAUCHETADO 3X14 CU,16,,CABLE CU ENCAUCHETADO 3X14 CU,"Tablas 1 al 392_2025.pdf, pagina 298",5200464
2025,299,SS,1203327,Sendero Cr 24 C Cl 90 - 325 Int 123,5200232,"UCAP BRAZO 1"" - 1.5M - 52°/0°",2,,BRAZO 1 - 1.5M - 52°/0°,"Tablas 1 al 392_2025.pdf, pagina 299",5200232
2025,299,SS,1203327,Sendero Cr 24 C Cl 90 - 325 Int 123,5200270,LUM LED (KORELED) 44W,2,,LUM LED KORELED 44W,"Tablas 1 al 392_2025.pdf, pagina 299",5200270
2025,300,SS,1203431,Sendero CR 35 B CL 107 A - 29 INT 202,5200231,"UCAP BRAZO 1"" - 0.4M - 0°",1,,BRAZO 1 - 0.4M - 0°,"Tablas 1 al 392_2025.pdf, pagina 300",5200231
2025,300,SS,1203431,Sendero CR 35 B CL 107 A - 29 INT 202,5200270,LUM LED (KORELED) 44W,1,,LUM LED KORELED 44W,"Tablas 1 al 392_2025.pdf, pagina 300",5200270
2025,300,SS,1203431,Sendero CR 35 B CL 107 A - 29 INT 202,5200464,UCAP CABLE CU ENCAUCHETADO 3X14 CU,12,,CABLE CU ENCAUCHETADO 3X14 CU,"Tablas 1 al 392_2025.pdf, pagina 300",5200464
2025,301,SS,1204541,(cid:9)RADICADO 20250120203152(cid:9) CL 7 CR 39 -107,5200231,"UCAP BRAZO 1"" - 0.4M - 0°",3,,BRAZO 1 - 0.4M - 0°,"Tablas 1 al 392_2025.pdf, pagina 301",5200231
2025,301,SS,1204541,(cid:9)RADICADO 20250120203152(cid:9) CL 7 CR 39 -107,5200241,UCAP BRAZO CURVO 3000M,2,,BRAZO CURVO 3000M,"Tablas 1 al 392_2025.pdf, pagina 301",5200241
2025,301,SS,1204541,(cid:9)RADICADO 20250120203152(cid:9) CL 7 CR 39 -107,5200270,LUM LED (KORELED) 44W,3,,LUM LED KORELED 44W,"Tablas 1 al 392_2025.pdf, pagina 301",5200270
2025,301,SS,1204541,(cid:9)RADICADO 20250120203152(cid:9) CL 7 CR 39 -107,5200233,"UCAP BRAZO 1"" - 1.5M - 52°/20°",,2,BRAZO 1 - 1.5M - 52°/20°,"Tablas 1 al 392_2025.pdf, pagina 301",5200233
2025,302,SS,1205429,ANDEN CL 54 A CR 77 B - 41,5200231,"UCAP BRAZO 1"" - 0.4M - 0°",1,,BRAZO 1 - 0.4M - 0°,"Tablas 1 al 392_2025.pdf, pagina 302",5200231
2025,302,SS,1205429,ANDEN CL 54 A CR 77 B - 41,5200270,LUM LED (KORELED) 44W,1,,LUM LED KORELED 44W,"Tablas 1 al 392_2025.pdf, pagina 302",5200270
2025,303,SS,1205443,Cancha de Futbol Cr 88 Cl 18 A,5200276,PROYEC LED (AREALED II) 212W V-MEDIA,32,32,PROYEC LED AREALED II 212W V-MEDIA,"Tablas 1 al 392_2025.pdf, pagina 303",5200276
2025,304,SS,1206262,ALREDEDORES EDIFICIO ATLAS CL 42 CR 48 - 55,5200231,"UCAP BRAZO 1"" - 0.4M - 0°",4,,BRAZO 1 - 0.4M - 0°,"Tablas 1 al 392_2025.pdf, pagina 304",5200231
2025,304,SS,1206262,ALREDEDORES EDIFICIO ATLAS CL 42 CR 48 - 55,5200270,LUM LED (KORELED) 44W,4,,LUM LED KORELED 44W,"Tablas 1 al 392_2025.pdf, pagina 304",5200270
2025,304,SS,1206262,ALREDEDORES EDIFICIO ATLAS CL 42 CR 48 - 55,5200272,LUM LED (SEPIALED II) 128W,1,1,LUM LED SEPIALED II 128W,"Tablas 1 al 392_2025.pdf, pagina 304",5200272
2025,304,SS,1206262,ALREDEDORES EDIFICIO ATLAS CL 42 CR 48 - 55,5200235,"BRAZO 1 1/2"" - 1.5M - 52°/0°",1,1,BRAZO 1 1/2 - 1.5M - 52°/0°,"Tablas 1 al 392_2025.pdf, pagina 304",5200235
2025,305,SS,1206329,SMAP-CIL-0289-25 CL 31C CR 89A -10,5200231,"UCAP BRAZO 1"" - 0.4M - 0°",1,,BRAZO 1 - 0.4M - 0°,"Tablas 1 al 392_2025.pdf, pagina 305",5200231
2025,305,SS,1206329,SMAP-CIL-0289-25 CL 31C CR 89A -10,5200270,LUM LED (KORELED) 44W,1,,LUM LED KORELED 44W,"Tablas 1 al 392_2025.pdf, pagina 305",5200270
2025,305,SS,1206329,SMAP-CIL-0289-25 CL 31C CR 89A -10,5200464,UCAP CABLE CU ENCAUCHETADO 3X14 CU,14,,CABLE CU ENCAUCHETADO 3X14 CU,"Tablas 1 al 392_2025.pdf, pagina 305",5200464
2025,306,SS,1206397,SENDERO PEATONAL SMAP-CIL-0291-25 CL 27 CR 41 - 86,5200270,LUM LED (KORELED) 44W,8,,LUM LED KORELED 44W,"Tablas 1 al 392_2025.pdf, pagina 306",5200270
2025,306,SS,1206397,SENDERO PEATONAL SMAP-CIL-0291-25 CL 27 CR 41 - 86,5200248,Luminaria LED 37W,,8,LUMINARIA LED 37W,"Tablas 1 al 392_2025.pdf, pagina 306",5200248
2025,307,SS,1206405,SMAP-0292-25 CR 48 A CL 107 C - 35,5200231,"UCAP BRAZO 1"" - 0.4M - 0°",1,,BRAZO 1 - 0.4M - 0°,"Tablas 1 al 392_2025.pdf, pagina 307",5200231
2025,307,SS,1206405,SMAP-0292-25 CR 48 A CL 107 C - 35,5200270,LUM LED (KORELED) 44W,1,,LUM LED KORELED 44W,"Tablas 1 al 392_2025.pdf, pagina 307",5200270
2025,307,SS,1206405,SMAP-0292-25 CR 48 A CL 107 C - 35,5200418,UCAP POSTE PRFV 18M (ENTERRAR),1,,POSTE PRFV 18M ENTERRAR,"Tablas 1 al 392_2025.pdf, pagina 307",5200418
2025,307,SS,1206405,SMAP-0292-25 CR 48 A CL 107 C - 35,5200464,UCAP CABLE CU ENCAUCHETADO 3X14 CU,12,,CABLE CU ENCAUCHETADO 3X14 CU,"Tablas 1 al 392_2025.pdf, pagina 307",5200464
2025,308,SS,1206427,SMAP-0297-25 CR 28 CL 79 B - 99,5200217,UCAP LUMINARIA 70W,,1,LUMINARIA 70W,"Tablas 1 al 392_2025.pdf, pagina 308",5200217
2025,308,SS,1206427,SMAP-0297-25 CR 28 CL 79 B - 99,5200201,UCAP BOMBILLO 70W,,1,BOMBILLO 70W,"Tablas 1 al 392_2025.pdf, pagina 308",5200201
2025,308,SS,1206427,SMAP-0297-25 CR 28 CL 79 B - 99,5200232,"UCAP BRAZO 1"" - 1.5M - 52°/0°",,1,BRAZO 1 - 1.5M - 52°/0°,"Tablas 1 al 392_2025.pdf, pagina 308",5200232
2025,309,SS,1206436,SMAP-0299-25 Cl 82 A Cr 54 C - 41,5200231,"UCAP BRAZO 1"" - 0.4M - 0°",1,1,BRAZO 1 - 0.4M - 0°,"Tablas 1 al 392_2025.pdf, pagina 309",5200231
2025,309,SS,1206436,SMAP-0299-25 Cl 82 A Cr 54 C - 41,5200270,LUM LED (KORELED) 44W,1,,LUM LED KORELED 44W,"Tablas 1 al 392_2025.pdf, pagina 309",5200270
2025,309,SS,1206436,SMAP-0299-25 Cl 82 A Cr 54 C - 41,5200217,UCAP LUMINARIA 70W,,1,LUMINARIA 70W,"Tablas 1 al 392_2025.pdf, pagina 309",5200217
2025,309,SS,1206436,SMAP-0299-25 Cl 82 A Cr 54 C - 41,5200201,UCAP BOMBILLO 70W,,1,BOMBILLO 70W,"Tablas 1 al 392_2025.pdf, pagina 309",5200201
2025,310,SS,1206443,SMAP-CIL-0301-25 CR 94 CL 35B-82,5200232,"UCAP BRAZO 1"" - 1.5M - 52°/0°",1,,BRAZO 1 - 1.5M - 52°/0°,"Tablas 1 al 392_2025.pdf, pagina 310",5200232
2025,310,SS,1206443,SMAP-CIL-0301-25 CR 94 CL 35B-82,5200293,LUM LED (OMEGA II) 64.5W,1,,LUM LED OMEGA II 64.5W,"Tablas 1 al 392_2025.pdf, pagina 310",5200293
2025,310,SS,1206443,SMAP-CIL-0301-25 CR 94 CL 35B-82,5200217,UCAP LUMINARIA 70W,,1,LUMINARIA 70W,"Tablas 1 al 392_2025.pdf, pagina 310",5200217
2025,310,SS,1206443,SMAP-CIL-0301-25 CR 94 CL 35B-82,5200201,UCAP BOMBILLO 70W,,1,BOMBILLO 70W,"Tablas 1 al 392_2025.pdf, pagina 310",5200201
2025,310,SS,1206443,SMAP-CIL-0301-25 CR 94 CL 35B-82,5200233,"UCAP BRAZO 1"" - 1.5M - 52°/20°",,1,BRAZO 1 - 1.5M - 52°/20°,"Tablas 1 al 392_2025.pdf, pagina 310",5200233
2025,311,SS,1206866,Sendero Cl 70 Cr 24 EA - 26 Int 105,5200231,"UCAP BRAZO 1"" - 0.4M - 0°",1,,BRAZO 1 - 0.4M - 0°,"Tablas 1 al 392_2025.pdf, pagina 311",5200231
2025,311,SS,1206866,Sendero Cl 70 Cr 24 EA - 26 Int 105,5200232,"UCAP BRAZO 1"" - 1.5M - 52°/0°",1,1,BRAZO 1 - 1.5M - 52°/0°,"Tablas 1 al 392_2025.pdf, pagina 311",5200232
2025,311,SS,1206866,Sendero Cl 70 Cr 24 EA - 26 Int 105,5200270,LUM LED (KORELED) 44W,2,,LUM LED KORELED 44W,"Tablas 1 al 392_2025.pdf, pagina 311",5200270
2025,311,SS,1206866,Sendero Cl 70 Cr 24 EA - 26 Int 105,5200217,UCAP LUMINARIA 70W,,1,LUMINARIA 70W,"Tablas 1 al 392_2025.pdf, pagina 311",5200217
2025,311,SS,1206866,Sendero Cl 70 Cr 24 EA - 26 Int 105,5200201,UCAP BOMBILLO 70W,,1,BOMBILLO 70W,"Tablas 1 al 392_2025.pdf, pagina 311",5200201
2025,312,SS,1207736,Anden Cl 58 Cr 31,5200231,"UCAP BRAZO 1"" - 0.4M - 0°",2,,BRAZO 1 - 0.4M - 0°,"Tablas 1 al 392_2025.pdf, pagina 312",5200231
2025,312,SS,1207736,Anden Cl 58 Cr 31,5200270,LUM LED (KORELED) 44W,2,,LUM LED KORELED 44W,"Tablas 1 al 392_2025.pdf, pagina 312",5200270
2025,313,SS,1208497,Vía y Sendero Cl 27 Cr 31 - 1 - Int 111,5200231,"UCAP BRAZO 1"" - 0.4M - 0°",1,4,BRAZO 1 - 0.4M - 0°,"Tablas 1 al 392_2025.pdf, pagina 313",5200231
2025,313,SS,1208497,Vía y Sendero Cl 27 Cr 31 - 1 - Int 111,5200232,"UCAP BRAZO 1"" - 1.5M - 52°/0°",4,,BRAZO 1 - 1.5M - 52°/0°,"Tablas 1 al 392_2025.pdf, pagina 313",5200232
2025,313,SS,1208497,Vía y Sendero Cl 27 Cr 31 - 1 - Int 111,5200270,LUM LED (KORELED) 44W,5,,LUM LED KORELED 44W,"Tablas 1 al 392_2025.pdf, pagina 313",5200270
2025,313,SS,1208497,Vía y Sendero Cl 27 Cr 31 - 1 - Int 111,5200464,UCAP CABLE CU ENCAUCHETADO 3X14 CU,15,,CABLE CU ENCAUCHETADO 3X14 CU,"Tablas 1 al 392_2025.pdf, pagina 313",5200464
2025,313,SS,1208497,Vía y Sendero Cl 27 Cr 31 - 1 - Int 111,5200217,UCAP LUMINARIA 70W,,4,LUMINARIA 70W,"Tablas 1 al 392_2025.pdf, pagina 313",5200217
2025,313,SS,1208497,Vía y Sendero Cl 27 Cr 31 - 1 - Int 111,5200201,UCAP BOMBILLO 70W,,4,BOMBILLO 70W,"Tablas 1 al 392_2025.pdf, pagina 313",5200201
2025,314,SS,1209086,Sendero Cl 32 Cr 33 B - 63 Int 189,5200231,"UCAP BRAZO 1"" - 0.4M - 0°",2,,BRAZO 1 - 0.4M - 0°,"Tablas 1 al 392_2025.pdf, pagina 314",5200231
2025,314,SS,1209086,Sendero Cl 32 Cr 33 B - 63 Int 189,5200270,LUM LED (KORELED) 44W,2,,LUM LED KORELED 44W,"Tablas 1 al 392_2025.pdf, pagina 314",5200270
2025,314,SS,1209086,Sendero Cl 32 Cr 33 B - 63 Int 189,5200464,UCAP CABLE CU ENCAUCHETADO 3X14 CU,10,,CABLE CU ENCAUCHETADO 3X14 CU,"Tablas 1 al 392_2025.pdf, pagina 314",5200464
2025,315,SS,1209338,Vía Cr 31 A Cl 101 B - 62,5200232,"UCAP BRAZO 1"" - 1.5M - 52°/0°",1,,BRAZO 1 - 1.5M - 52°/0°,"Tablas 1 al 392_2025.pdf, pagina 315",5200232
2025,315,SS,1209338,Vía Cr 31 A Cl 101 B - 62,5200270,LUM LED (KORELED) 44W,1,,LUM LED KORELED 44W,"Tablas 1 al 392_2025.pdf, pagina 315",5200270
2025,315,SS,1209338,Vía Cr 31 A Cl 101 B - 62,5200464,UCAP CABLE CU ENCAUCHETADO 3X14 CU,17,,CABLE CU ENCAUCHETADO 3X14 CU,"Tablas 1 al 392_2025.pdf, pagina 315",5200464
2025,316,SS,1209574,Sendero Peatonal CR 73 CL 51 - 18,5200231,"UCAP BRAZO 1"" - 0.4M - 0°",1,,BRAZO 1 - 0.4M - 0°,"Tablas 1 al 392_2025.pdf, pagina 316",5200231
2025,316,SS,1209574,Sendero Peatonal CR 73 CL 51 - 18,5200270,LUM LED (KORELED) 44W,1,,LUM LED KORELED 44W,"Tablas 1 al 392_2025.pdf, pagina 316",5200270
2025,317,SS,1209587,Sendero CL 94 CR 50 C - 44 INT 201,5200231,"UCAP BRAZO 1"" - 0.4M - 0°",1,,BRAZO 1 - 0.4M - 0°,"Tablas 1 al 392_2025.pdf, pagina 317",5200231
2025,317,SS,1209587,Sendero CL 94 CR 50 C - 44 INT 201,5200270,LUM LED (KORELED) 44W,1,,LUM LED KORELED 44W,"Tablas 1 al 392_2025.pdf, pagina 317",5200270
2025,318,SS,1209779,Vía Cl 63 Cr 45 D - 56,5200232,"UCAP BRAZO 1"" - 1.5M - 52°/0°",1,,BRAZO 1 - 1.5M - 52°/0°,"Tablas 1 al 392_2025.pdf, pagina 318",5200232
2025,318,SS,1209779,Vía Cl 63 Cr 45 D - 56,5200270,LUM LED (KORELED) 44W,1,,LUM LED KORELED 44W,"Tablas 1 al 392_2025.pdf, pagina 318",5200270
2025,318,SS,1209779,Vía Cl 63 Cr 45 D - 56,5200464,UCAP CABLE CU ENCAUCHETADO 3X14 CU,13,,CABLE CU ENCAUCHETADO 3X14 CU,"Tablas 1 al 392_2025.pdf, pagina 318",5200464
2025,319,SS,1210646,Sendero Cr 2 Cl 52 - 70 Int 101,5200231,"UCAP BRAZO 1"" - 0.4M - 0°",2,1,BRAZO 1 - 0.4M - 0°,"Tablas 1 al 392_2025.pdf, pagina 319",5200231
2025,319,SS,1210646,Sendero Cr 2 Cl 52 - 70 Int 101,5200270,LUM LED (KORELED) 44W,2,,LUM LED KORELED 44W,"Tablas 1 al 392_2025.pdf, pagina 319",5200270
2025,319,SS,1210646,Sendero Cr 2 Cl 52 - 70 Int 101,5200464,UCAP CABLE CU ENCAUCHETADO 3X14 CU,15,15,CABLE CU ENCAUCHETADO 3X14 CU,"Tablas 1 al 392_2025.pdf, pagina 319",5200464
2025,319,SS,1210646,Sendero Cr 2 Cl 52 - 70 Int 101,5200217,UCAP LUMINARIA 70W,,2,LUMINARIA 70W,"Tablas 1 al 392_2025.pdf, pagina 319",5200217
2025,319,SS,1210646,Sendero Cr 2 Cl 52 - 70 Int 101,5200201,UCAP BOMBILLO 70W,,2,BOMBILLO 70W,"Tablas 1 al 392_2025.pdf, pagina 319",5200201
2025,319,SS,1210646,Sendero Cr 2 Cl 52 - 70 Int 101,5200232,"UCAP BRAZO 1"" - 1.5M - 52°/0°",,1,BRAZO 1 - 1.5M - 52°/0°,"Tablas 1 al 392_2025.pdf, pagina 319",5200232
2025,320,SS,1211348,VIA CL 64 CR 91 - 89,5020117,UCAP POSTE PRFV 9M (ENTERRAR),2,1,POSTE PRFV 9M ENTERRAR,"Tablas 1 al 392_2025.pdf, pagina 320",5020117
2025,320,SS,1211348,VIA CL 64 CR 91 - 89,5200241,UCAP BRAZO CURVO 3000M,2,1,BRAZO CURVO 3000M,"Tablas 1 al 392_2025.pdf, pagina 320",5200241
2025,320,SS,1211348,VIA CL 64 CR 91 - 89,5200407,"UCAP TRIPLEX AL 2X4+1X4 XLP,AEREO",50,,TRIPLEX AL 2X4+1X4 XLP AEREO,"Tablas 1 al 392_2025.pdf, pagina 320",5200407
2025,320,SS,1211348,VIA CL 64 CR 91 - 89,5200235,"UCAP BRAZO 1 1/2"" - 1.5M - 52°/0°",,1,BRAZO 1 1/2 - 1.5M - 52°/0°,"Tablas 1 al 392_2025.pdf, pagina 320",5200235
2025,320,SS,1211348,VIA CL 64 CR 91 - 89,5200308,UCAP POSTE CONCRETO OCTOG 8M,,1,POSTE CONCRETO OCTOG 8M,"Tablas 1 al 392_2025.pdf, pagina 320",5200308
2025,320,SS,1211348,VIA CL 64 CR 91 - 89,5200272,LUM LED (SEPIALED II) 128W,2,2,LUM LED SEPIALED II 128W,"Tablas 1 al 392_2025.pdf, pagina 320",5200272
2025,321,SS,1212679,Pista Skateboard CR 72 50F SUR,5200407,"UCAP TRIPLEX AL 2X4+1X4 XLP,AEREO",65,52,TRIPLEX AL 2X4+1X4 XLP AEREO,"Tablas 1 al 392_2025.pdf, pagina 321",5200407
2025,321,SS,1212679,Pista Skateboard CR 72 50F SUR,5200419,UCAP POSTE PRFV 8M (ENTERRAR),1,,POSTE PRFV 8M ENTERRAR,"Tablas 1 al 392_2025.pdf, pagina 321",5200419
2025,321,SS,1212679,Pista Skateboard CR 72 50F SUR,5200306,UCAP POSTE MADERA REDONDO DE 8M,,1,POSTE MADERA REDONDO DE 8M,"Tablas 1 al 392_2025.pdf, pagina 321",5200306
2025,322,SN,213863,SMAP UDEA 0379 CL 111 A CR 64 C - 180,5200231,"UCAP BRAZO 1"" - 0.4M - 0°",12,,BRAZO 1 - 0.4M - 0°,"Tablas 1 al 392_2025.pdf, pagina 322",5200231
2025,322,SN,213863,SMAP UDEA 0379 CL 111 A CR 64 C - 180,5200241,UCAP BRAZO CURVO 3000M,21,,BRAZO CURVO 3000M,"Tablas 1 al 392_2025.pdf, pagina 322",5200241
2025,322,SN,213863,SMAP UDEA 0379 CL 111 A CR 64 C - 180,5200270,LUM LED (KORELED) 44W,12,,LUM LED KORELED 44W,"Tablas 1 al 392_2025.pdf, pagina 322",5200270
2025,322,SN,213863,SMAP UDEA 0379 CL 111 A CR 64 C - 180,5200272,LUM LED (SEPIALED II) 128W,21,,LUM LED SEPIALED II 128W,"Tablas 1 al 392_2025.pdf, pagina 322",5200272
2025,322,SN,213863,SMAP UDEA 0379 CL 111 A CR 64 C - 180,5200407,"UCAP TRIPLEX AL 2X4+1X4 XLP,AEREO",120,,TRIPLEX AL 2X4+1X4 XLP AEREO,"Tablas 1 al 392_2025.pdf, pagina 322",5200407
2025,322,SN,213863,SMAP UDEA 0379 CL 111 A CR 64 C - 180,5200419,UCAP POSTE PRFV 8M (ENTERRAR),8,,POSTE PRFV 8M ENTERRAR,"Tablas 1 al 392_2025.pdf, pagina 322",5200419
2025,322,SN,213863,SMAP UDEA 0379 CL 111 A CR 64 C - 180,5200217,UCAP LUMINARIA 70W,,10,LUMINARIA 70W,"Tablas 1 al 392_2025.pdf, pagina 322",5200217
2025,322,SN,213863,SMAP UDEA 0379 CL 111 A CR 64 C - 180,5200201,UCAP BOMBILLO 70W,,10,BOMBILLO 70W,"Tablas 1 al 392_2025.pdf, pagina 322",5200201
2025,322,SN,213863,SMAP UDEA 0379 CL 111 A CR 64 C - 180,5200219,UCAP LUMINARIA 250W,,12,LUMINARIA 250W,"Tablas 1 al 392_2025.pdf, pagina 322",5200219
2025,322,SN,213863,SMAP UDEA 0379 CL 111 A CR 64 C - 180,5200203,UCAP BOMBILLO 250W,,12,BOMBILLO 250W,"Tablas 1 al 392_2025.pdf, pagina 322",5200203
2025,322,SN,213863,SMAP UDEA 0379 CL 111 A CR 64 C - 180,5200233,"UCAP BRAZO 1"" - 1.5M - 52°/20°",,10,BRAZO 1 - 1.5M - 52°/20°,"Tablas 1 al 392_2025.pdf, pagina 322",5200233
2025,322,SN,213863,SMAP UDEA 0379 CL 111 A CR 64 C - 180,5200236,"UCAP BRAZO 1 1/2"" - 1.5M - 52°/20°",,12,BRAZO 1 1/2 - 1.5M - 52°/20°,"Tablas 1 al 392_2025.pdf, pagina 322",5200236
2025,323,SS,226214,"SMAP-UDEA-0408-21, CL 34 AA CR 93 B - 21",5200214,BOMBILLA MH 1000W,,12,BOMBILLA MH 1000W,"Tablas 1 al 392_2025.pdf, pagina 323",5200214
2025,323,SS,226214,"SMAP-UDEA-0408-21, CL 34 AA CR 93 B - 21",5200127,Proy. 1000w.,,12,PROY 1000W,"Tablas 1 al 392_2025.pdf, pagina 323",5200127
2025,323,SS,226214,"SMAP-UDEA-0408-21, CL 34 AA CR 93 B - 21",5200201,BOMBILLA Na 70W,,1,BOMBILLA NA 70W,"Tablas 1 al 392_2025.pdf, pagina 323",5200201
2025,323,SS,226214,"SMAP-UDEA-0408-21, CL 34 AA CR 93 B - 21",5200217,LUMINARIA 70W,,1,LUMINARIA 70W,"Tablas 1 al 392_2025.pdf, pagina 323",5200217
2025,323,SS,226214,"SMAP-UDEA-0408-21, CL 34 AA CR 93 B - 21",5200233,"BRAZO 1"" - 1.5m - 52°/20°",,1,BRAZO 1 - 1.5M - 52°/20°,"Tablas 1 al 392_2025.pdf, pagina 323",5200233
2025,323,SS,226214,"SMAP-UDEA-0408-21, CL 34 AA CR 93 B - 21",5200222,LUMINARIA LED 40W,7,,LUMINARIA LED 40W,"Tablas 1 al 392_2025.pdf, pagina 323",5200222
2025,323,SS,226214,"SMAP-UDEA-0408-21, CL 34 AA CR 93 B - 21",5200232,"BRAZO 1"" - 1.5m - 52°/0°",7,,BRAZO 1 - 1.5M - 52°/0°,"Tablas 1 al 392_2025.pdf, pagina 323",5200232
2025,323,SS,226214,"SMAP-UDEA-0408-21, CL 34 AA CR 93 B - 21",5200419,Poste PRFV 8m (Enterrar),3,,POSTE PRFV 8M ENTERRAR,"Tablas 1 al 392_2025.pdf, pagina 323",5200419
2025,323,SS,226214,"SMAP-UDEA-0408-21, CL 34 AA CR 93 B - 21",5200464,Cable Cu encauchetado 3X14 AWG,24,,CABLE CU ENCAUCHETADO 3X14 AWG,"Tablas 1 al 392_2025.pdf, pagina 323",5200464
2025,323,SS,226214,"SMAP-UDEA-0408-21, CL 34 AA CR 93 B - 21",5200276,PROYEC LED (AREALED II) 212W V-MEDIA,18,,PROYEC LED AREALED II 212W V-MEDIA,"Tablas 1 al 392_2025.pdf, pagina 323",5200276
2025,324,SS,678347,SENDERO PEATONAL CENTRALIDAD PALMITAS,5010131,LUM. LED 30W. SUPERFICIES (ACROLED SIM. 5K),2,,LUM LED 30W SUPERFICIES ACROLED SIM 5K,"Tablas 1 al 392_2025.pdf, pagina 324",5010131
2025,324,SS,678347,SENDERO PEATONAL CENTRALIDAD PALMITAS,5090208,CAJA DE PASO METÁLICA,3,,CAJA DE PASO METALICA,"Tablas 1 al 392_2025.pdf, pagina 324",5090208
2025,324,SS,678347,SENDERO PEATONAL CENTRALIDAD PALMITAS,5200464,UCAP CABLE CU ENCAUCHETADO 3X14 CU,20,,CABLE CU ENCAUCHETADO 3X14 CU,"Tablas 1 al 392_2025.pdf, pagina 324",5200464
2025,324,SS,678347,SENDERO PEATONAL CENTRALIDAD PALMITAS,5200529,Tuberia IMC 1 1/2,20,,TUBERIA IMC 1 1/2,"Tablas 1 al 392_2025.pdf, pagina 324",5200529
2025,325,SS,923864,SMAP-0028-24 CR 63 CL 33,5010132,LUM. LED 40W SUPERFICIES (ACROLED ASIM. 5K),12,,LUM LED 40W SUPERFICIES ACROLED ASIM 5K,"Tablas 1 al 392_2025.pdf, pagina 325",5010132
2025,325,SS,923864,SMAP-0028-24 CR 63 CL 33,5090208,CAJA DE PASO METÁLICA,14,,CAJA DE PASO METALICA,"Tablas 1 al 392_2025.pdf, pagina 325",5090208
2025,325,SS,923864,SMAP-0028-24 CR 63 CL 33,5200464,UCAP CABLE CU ENCAUCHETADO 3X14 CU,160,,CABLE CU ENCAUCHETADO 3X14 CU,"Tablas 1 al 392_2025.pdf, pagina 325",5200464
2025,325,SS,923864,SMAP-0028-24 CR 63 CL 33,5200528,"UCAP TUBERIA 1"" IMC",132,,TUBERIA 1 IMC,"Tablas 1 al 392_2025.pdf, pagina 325",5200528
2025,325,SS,923864,SMAP-0028-24 CR 63 CL 33,5200219,UCAP LUMINARIA 250W,,8,LUMINARIA 250W,"Tablas 1 al 392_2025.pdf, pagina 325",5200219
2025,325,SS,923864,SMAP-0028-24 CR 63 CL 33,5200203,UCAP BOMBILLO 250W,,8,BOMBILLO 250W,"Tablas 1 al 392_2025.pdf, pagina 325",5200203
2025,325,SS,923864,SMAP-0028-24 CR 63 CL 33,5200410,UCAP DUPLEX CU 14 AWG-THW 300V,,86,DUPLEX CU 14 AWG-THW 300V,"Tablas 1 al 392_2025.pdf, pagina 325",5200410
2025,326,SS,923872,SMAP-0029-24 Cr 63 Cl 55,5010132,LUM. LED 40W SUPERFICIES (ACROLED ASIM. 5K),20,,LUM LED 40W SUPERFICIES ACROLED ASIM 5K,"Tablas 1 al 392_2025.pdf, pagina 326",5010132
2025,326,SS,923872,SMAP-0029-24 Cr 63 Cl 55,5090208,CAJA DE PASO METÁLICA,24,,CAJA DE PASO METALICA,"Tablas 1 al 392_2025.pdf, pagina 326",5090208
2025,326,SS,923872,SMAP-0029-24 Cr 63 Cl 55,5200464,UCAP CABLE CU ENCAUCHETADO 3X14 CU,273,,CABLE CU ENCAUCHETADO 3X14 CU,"Tablas 1 al 392_2025.pdf, pagina 326",5200464
2025,326,SS,923872,SMAP-0029-24 Cr 63 Cl 55,5200528,"UCAP TUBERIA 1"" IMC",225,,TUBERIA 1 IMC,"Tablas 1 al 392_2025.pdf, pagina 326",5200528
2025,326,SS,923872,SMAP-0029-24 Cr 63 Cl 55,5200219,UCAP LUMINARIA 250W,,6,LUMINARIA 250W,"Tablas 1 al 392_2025.pdf, pagina 326",5200219
2025,326,SS,923872,SMAP-0029-24 Cr 63 Cl 55,5200203,UCAP BOMBILLO 250W,,6,BOMBILLO 250W,"Tablas 1 al 392_2025.pdf, pagina 326",5200203
2025,327,SN,942565,CANCHA MULTIPLE CL 48 NN # 6 AB-101,5010131,PROYEC LED (ACROLED) 30W ASIM,12,,PROYEC LED ACROLED 30W ASIM,"Tablas 1 al 392_2025.pdf, pagina 327",5010131
2025,327,SN,942565,CANCHA MULTIPLE CL 48 NN # 6 AB-101,5200464,CABL CU 3X14 (ENCAU),80,,CABL CU 3X14 ENCAU,"Tablas 1 al 392_2025.pdf, pagina 327",5200464
2025,327,SN,942565,CANCHA MULTIPLE CL 48 NN # 6 AB-101,5200528,"UCAP Tuberia 1"" IMC",80,,TUBERIA 1 IMC,"Tablas 1 al 392_2025.pdf, pagina 327",5200528
2025,327,SN,942565,CANCHA MULTIPLE CL 48 NN # 6 AB-101,5090208,Caja de paso metalica,19,,CAJA DE PASO METALICA,"Tablas 1 al 392_2025.pdf, pagina 327",5090208
2025,327,SN,942565,CANCHA MULTIPLE CL 48 NN # 6 AB-101,5200799,TABL CONT AP 240VCA 25A EXTERIOR,1,,TABL CONT AP 240VCA 25A EXTERIOR,"Tablas 1 al 392_2025.pdf, pagina 327",5200799
2025,328,SN,967386,ANDEN DG 63 B TRAS 42,5200270,LUM LED (KORELED) 44W,6,,LUM LED KORELED 44W,"Tablas 1 al 392_2025.pdf, pagina 328",5200270
2025,328,SN,967386,ANDEN DG 63 B TRAS 42,5200238-4,BR CAR SEMI-LAR 0.75M/0°,5,,BR CAR SEMI-LAR 0.75M/0°,"Tablas 1 al 392_2025.pdf, pagina 328",5200238-4
2025,328,SN,967386,ANDEN DG 63 B TRAS 42,5200302,POST CONC 5M 350KGF CAR,5,,POST CONC 5M 350KGF CAR,"Tablas 1 al 392_2025.pdf, pagina 328",5200302
2025,328,SN,967386,ANDEN DG 63 B TRAS 42,5200501,CAJ CONC 50X50 CM (CON TAPA),6,,CAJ CONC 50X50 CM CON TAPA,"Tablas 1 al 392_2025.pdf, pagina 328",5200501
2025,328,SN,967386,ANDEN DG 63 B TRAS 42,5200407,TPX AL 2X4+1X4 XLP AEREO,16,,TPX AL 2X4+1X4 XLP AEREO,"Tablas 1 al 392_2025.pdf, pagina 328",5200407
2025,328,SN,967386,ANDEN DG 63 B TRAS 42,5200422,CABLE AL 3X6 ENTERRADO ZONA VERDE,62,,CABLE AL 3X6 ENTERRADO ZONA VERDE,"Tablas 1 al 392_2025.pdf, pagina 328",5200422
2025,328,SN,967386,ANDEN DG 63 B TRAS 42,5200419,POST PRFV 8M 510KGF,1,,POST PRFV 8M 510KGF,"Tablas 1 al 392_2025.pdf, pagina 328",5200419
2025,328,SN,967386,ANDEN DG 63 B TRAS 42,5200231,"BR 1"" - 0.4M - 0°",1,,BR 1 - 0.4M - 0°,"Tablas 1 al 392_2025.pdf, pagina 328",5200231
2025,329,SN,1027051,VÍA CL 32 F CR 69-11,5020117,POST PRFV 9M 350KGF AP,1,,POST PRFV 9M 350KGF AP,"Tablas 1 al 392_2025.pdf, pagina 329",5020117
2025,329,SN,1027051,VÍA CL 32 F CR 69-11,5200464,CABL CU 3X14 (ENCAU),12,,CABL CU 3X14 ENCAU,"Tablas 1 al 392_2025.pdf, pagina 329",5200464
2025,329,SN,1027051,VÍA CL 32 F CR 69-11,5200207,LUM LED (OMEGA II) 110W,1,1,LUM LED OMEGA II 110W,"Tablas 1 al 392_2025.pdf, pagina 329",5200207
2025,329,SN,1027051,VÍA CL 32 F CR 69-11,5200232,"BR 1"" - 1.5M - 52°/0°",1,1,BR 1 - 1.5M - 52°/0°,"Tablas 1 al 392_2025.pdf, pagina 329",5200232
2025,330,SN,1027052,SMAP-DEPI-0143-25 CL 41 CR 25 A 40,R5200217,RET - LUM 70W,,1,RET - LUM 70W,"Tablas 1 al 392_2025.pdf, pagina 330",R5200217
2025,330,SN,1027052,SMAP-DEPI-0143-25 CL 41 CR 25 A 40,5200293,LUM LED (OMEGA II) 64.5W,1,,LUM LED OMEGA II 64.5W,"Tablas 1 al 392_2025.pdf, pagina 330",5200293
2025,330,SN,1027052,SMAP-DEPI-0143-25 CL 41 CR 25 A 40,R5200201,RET - BOMB 70W,,1,RET - BOMB 70W,"Tablas 1 al 392_2025.pdf, pagina 330",R5200201
2025,330,SN,1027052,SMAP-DEPI-0143-25 CL 41 CR 25 A 40,5200233,"BR 1"" - 1.5M - 52°/20°",,1,BR 1 - 1.5M - 52°/20°,"Tablas 1 al 392_2025.pdf, pagina 330",5200233
2025,330,SN,1027052,SMAP-DEPI-0143-25 CL 41 CR 25 A 40,5200235,"BR 1 1/2"" - 1.5M - 52°/0°",1,,BR 1 1/2 - 1.5M - 52°/0°,"Tablas 1 al 392_2025.pdf, pagina 330",5200235
2025,331,SN,1027071,ANDENES CR 51 D ENTRE CL 62 Y 59,5200308,POST CONC 8M 510KGF OCT,2,,POST CONC 8M 510KGF OCT,"Tablas 1 al 392_2025.pdf, pagina 331",5200308
2025,331,SN,1027071,ANDENES CR 51 D ENTRE CL 62 Y 59,5200270,LUM LED (KORELED) 44W,13,,LUM LED KORELED 44W,"Tablas 1 al 392_2025.pdf, pagina 331",5200270
2025,331,SN,1027071,ANDENES CR 51 D ENTRE CL 62 Y 59,5200231,"BR 1"" - 0.4M - 0°",13,,BR 1 - 0.4M - 0°,"Tablas 1 al 392_2025.pdf, pagina 331",5200231
2025,331,SN,1027071,ANDENES CR 51 D ENTRE CL 62 Y 59,5200407,TPX AL 2X4+1X4 XLP AEREO,62,,TPX AL 2X4+1X4 XLP AEREO,"Tablas 1 al 392_2025.pdf, pagina 331",5200407
2025,332,SN,1030281,SENDERO PEATONAL CR 25 B CL 18 A SUR 56 INT 371,5200270,LUM LED (KORELED) 44W,2,1,LUM LED KORELED 44W,"Tablas 1 al 392_2025.pdf, pagina 332",5200270
2025,332,SN,1030281,SENDERO PEATONAL CR 25 B CL 18 A SUR 56 INT 371,5200231,"BR 1"" - 0.4M - 0°",1,,BR 1 - 0.4M - 0°,"Tablas 1 al 392_2025.pdf, pagina 332",5200231
2025,332,SN,1030281,SENDERO PEATONAL CR 25 B CL 18 A SUR 56 INT 371,5200232,"BR 1"" - 1.5M - 52°/0°",1,1,BR 1 - 1.5M - 52°/0°,"Tablas 1 al 392_2025.pdf, pagina 332",5200232
2025,332,SN,1030281,SENDERO PEATONAL CR 25 B CL 18 A SUR 56 INT 371,5200419,POST PRFV 8M 510KGF,2,,POST PRFV 8M 510KGF,"Tablas 1 al 392_2025.pdf, pagina 332",5200419
2025,332,SN,1030281,SENDERO PEATONAL CR 25 B CL 18 A SUR 56 INT 371,R5200306,RET - POST MAD 8M 510KGF,,1,RET - POST MAD 8M 510KGF,"Tablas 1 al 392_2025.pdf, pagina 332",R5200306
2025,332,SN,1030281,SENDERO PEATONAL CR 25 B CL 18 A SUR 56 INT 371,5200464,CABL CU 3X14 (ENCAU),12,,CABL CU 3X14 ENCAU,"Tablas 1 al 392_2025.pdf, pagina 332",5200464
2025,333,SN,1041953,SENDERO PEATONAL CR 10 CL 55 - 395 INT 139,5200270,LUM LED (KORELED) 44W,1,,LUM LED KORELED 44W,"Tablas 1 al 392_2025.pdf, pagina 333",5200270
2025,333,SN,1041953,SENDERO PEATONAL CR 10 CL 55 - 395 INT 139,5200231,"BR 1"" - 0.4M - 0°",1,,BR 1 - 0.4M - 0°,"Tablas 1 al 392_2025.pdf, pagina 333",5200231
2025,333,SN,1041953,SENDERO PEATONAL CR 10 CL 55 - 395 INT 139,55220000446149,PCOASBTL EPR CFUV 38XM1 45 1(E0NKGCFAU),117,,PCOASBTL EPR CFUV 38XM1 45 1 E0NKGCFAU,"Tablas 1 al 392_2025.pdf, pagina 333",55220000446149
2025,333,SN,1041953,SENDERO PEATONAL CR 10 CL 55 - 395 INT 139,5200464,CABL CU 3X14 (ENCAU),21,,CABL CU 3X14 ENCAU,"Tablas 1 al 392_2025.pdf, pagina 333",5200464
2025,334,SN,1042344,SENDERO PEATONAL CL 32 CR 33 B 63,5200270,LUM LED (KORELED) 44W,1,,LUM LED KORELED 44W,"Tablas 1 al 392_2025.pdf, pagina 334",5200270
2025,334,SN,1042344,SENDERO PEATONAL CL 32 CR 33 B 63,5200231,"BR 1"" - 0.4M - 0°",1,,BR 1 - 0.4M - 0°,"Tablas 1 al 392_2025.pdf, pagina 334",5200231
2025,335,SN,1043187,SENDERO PEATONAL CL 54 CR 83-55 INT 109,5200270,LUM LED (KORELED) 44W,1,,LUM LED KORELED 44W,"Tablas 1 al 392_2025.pdf, pagina 335",5200270
2025,335,SN,1043187,SENDERO PEATONAL CL 54 CR 83-55 INT 109,5200464,CABL CU 3X14 (ENCAU),8,,CABL CU 3X14 ENCAU,"Tablas 1 al 392_2025.pdf, pagina 335",5200464
2025,335,SN,1043187,SENDERO PEATONAL CL 54 CR 83-55 INT 109,5200217,LUM 70W,,1,LUM 70W,"Tablas 1 al 392_2025.pdf, pagina 335",5200217
2025,335,SN,1043187,SENDERO PEATONAL CL 54 CR 83-55 INT 109,5200201,BOMB 70W,,1,BOMB 70W,"Tablas 1 al 392_2025.pdf, pagina 335",5200201
2025,335,SN,1043187,SENDERO PEATONAL CL 54 CR 83-55 INT 109,5200410,DUPLEX CU 14 AWG,,8,DUPLEX CU 14 AWG,"Tablas 1 al 392_2025.pdf, pagina 335",5200410
2025,336,SN,1043420,SENDERO PEATONAL CR 105 CL 45 A -61,5200270,LUM LED (KORELED) 44W,1,,LUM LED KORELED 44W,"Tablas 1 al 392_2025.pdf, pagina 336",5200270
2025,336,SN,1043420,SENDERO PEATONAL CR 105 CL 45 A -61,5200231,"BR 1"" - 0.4M - 0°",1,,BR 1 - 0.4M - 0°,"Tablas 1 al 392_2025.pdf, pagina 336",5200231
2025,336,SN,1043420,SENDERO PEATONAL CR 105 CL 45 A -61,5200464,CABL CU 3X14 (ENCAU),7,,CABL CU 3X14 ENCAU,"Tablas 1 al 392_2025.pdf, pagina 336",5200464
2025,336,SN,1043420,SENDERO PEATONAL CR 105 CL 45 A -61,5200419,POST PRFV 8M 510KGF,1,,POST PRFV 8M 510KGF,"Tablas 1 al 392_2025.pdf, pagina 336",5200419
2025,337,SN,1043817,VIA SECUNDARIA PAJARITO SECTOR LAS AMACAS,5200270,LUM LED (KORELED) 44W,1,,LUM LED KORELED 44W,"Tablas 1 al 392_2025.pdf, pagina 337",5200270
2025,337,SN,1043817,VIA SECUNDARIA PAJARITO SECTOR LAS AMACAS,5200232,"BR 1"" - 1.5M - 52°/0°",1,,BR 1 - 1.5M - 52°/0°,"Tablas 1 al 392_2025.pdf, pagina 337",5200232
2025,337,SN,1043817,VIA SECUNDARIA PAJARITO SECTOR LAS AMACAS,5200464,CABL CU 3X14 (ENCAU),14,,CABL CU 3X14 ENCAU,"Tablas 1 al 392_2025.pdf, pagina 337",5200464
2025,338,SN,1044867,SENDERO PEATONAL CR 99 B CL 49 AC -04 INT 301,5200270,LUM LED (KORELED) 44W,1,,LUM LED KORELED 44W,"Tablas 1 al 392_2025.pdf, pagina 338",5200270
2025,338,SN,1044867,SENDERO PEATONAL CR 99 B CL 49 AC -04 INT 301,5200231,"BR 1"" - 0.4M - 0°",1,,BR 1 - 0.4M - 0°,"Tablas 1 al 392_2025.pdf, pagina 338",5200231
2025,339,SN,1046920,SENDERO PEATONAL CR 19 CL 59 C -57 INT 1208,5200270,LUM LED (KORELED) 44W,1,,LUM LED KORELED 44W,"Tablas 1 al 392_2025.pdf, pagina 339",5200270
2025,339,SN,1046920,SENDERO PEATONAL CR 19 CL 59 C -57 INT 1208,5200232,"BR 1"" - 1.5M - 52°/0°",1,,BR 1 - 1.5M - 52°/0°,"Tablas 1 al 392_2025.pdf, pagina 339",5200232
2025,339,SN,1046920,SENDERO PEATONAL CR 19 CL 59 C -57 INT 1208,5200464,CABL CU 3X14 (ENCAU),1260,,CABL CU 3X14 ENCAU,"Tablas 1 al 392_2025.pdf, pagina 339",5200464
2025,340,SN,1050701,SENDERO PEATONAL CL 75 ENTRE CR 74 D Y CR 75,5200270,LUM LED (KORELED) 44W,1,,LUM LED KORELED 44W,"Tablas 1 al 392_2025.pdf, pagina 340",5200270
2025,340,SN,1050701,SENDERO PEATONAL CL 75 ENTRE CR 74 D Y CR 75,5200232,"BR 1"" - 1.5M - 52°/0°",1,,BR 1 - 1.5M - 52°/0°,"Tablas 1 al 392_2025.pdf, pagina 340",5200232
2025,340,SN,1050701,SENDERO PEATONAL CL 75 ENTRE CR 74 D Y CR 75,5020117,POST PRFV 9M 350KGF AP,1,,POST PRFV 9M 350KGF AP,"Tablas 1 al 392_2025.pdf, pagina 340",5020117
2025,340,SN,1050701,SENDERO PEATONAL CL 75 ENTRE CR 74 D Y CR 75,5200464,CABL CU 3X14 (ENCAU),17,,CABL CU 3X14 ENCAU,"Tablas 1 al 392_2025.pdf, pagina 340",5200464
2025,341,SN,1050767,SENDERO PEATONAL CR 23 B CL 84B-146 (2137),5200270,LUM LED (KORELED) 44W,1,,LUM LED KORELED 44W,"Tablas 1 al 392_2025.pdf, pagina 341",5200270
2025,341,SN,1050767,SENDERO PEATONAL CR 23 B CL 84B-146 (2137),5200231,"BR 1"" - 0.4M - 0°",1,,BR 1 - 0.4M - 0°,"Tablas 1 al 392_2025.pdf, pagina 341",5200231
2025,341,SN,1050767,SENDERO PEATONAL CR 23 B CL 84B-146 (2137),5200464,CABL CU 3X14 (ENCAU),2224,,CABL CU 3X14 ENCAU,"Tablas 1 al 392_2025.pdf, pagina 341",5200464
2025,342,SN,1051814,Cr 106 Cl 55 - 19 Int 109,5200270,LUM LED (KORELED) 44W,1,,LUM LED KORELED 44W,"Tablas 1 al 392_2025.pdf, pagina 342",5200270
2025,342,SN,1051814,Cr 106 Cl 55 - 19 Int 109,5200231,"BR 1"" - 0.4M - 0°",1,,BR 1 - 0.4M - 0°,"Tablas 1 al 392_2025.pdf, pagina 342",5200231
2025,343,SN,1052442,SENDERO PEATONAL CL 76 C CR 90 B -6,R5200217,RET - LUM 70W,,1,RET - LUM 70W,"Tablas 1 al 392_2025.pdf, pagina 343",R5200217
2025,343,SN,1052442,SENDERO PEATONAL CL 76 C CR 90 B -6,5200270,LUM LED (KORELED) 44W,1,,LUM LED KORELED 44W,"Tablas 1 al 392_2025.pdf, pagina 343",5200270
2025,343,SN,1052442,SENDERO PEATONAL CL 76 C CR 90 B -6,R5200201,RET - BOMB 70W,,1,RET - BOMB 70W,"Tablas 1 al 392_2025.pdf, pagina 343",R5200201
2025,343,SN,1052442,SENDERO PEATONAL CL 76 C CR 90 B -6,5200232,"BR 1"" - 1.5M - 52°/0°",1,1,BR 1 - 1.5M - 52°/0°,"Tablas 1 al 392_2025.pdf, pagina 343",5200232
2025,344,SN,1053725,SENDERO PEATONAL CL 16 SUR CR 45 - 13,5200270,LUM LED (KORELED) 44W,1,,LUM LED KORELED 44W,"Tablas 1 al 392_2025.pdf, pagina 344",5200270
2025,344,SN,1053725,SENDERO PEATONAL CL 16 SUR CR 45 - 13,5200232,"BR 1"" - 1.5M - 52°/0°",1,,BR 1 - 1.5M - 52°/0°,"Tablas 1 al 392_2025.pdf, pagina 344",5200232
2025,344,SN,1053725,SENDERO PEATONAL CL 16 SUR CR 45 - 13,5000320,POST PRFV 6M 250KGF CINTURON VER,1,,POST PRFV 6M 250KGF CINTURON VER,"Tablas 1 al 392_2025.pdf, pagina 344",5000320
2025,344,SN,1053725,SENDERO PEATONAL CL 16 SUR CR 45 - 13,5200422,CABLE AL 3X6 ENTERRADO ZONA VERDE,12,,CABLE AL 3X6 ENTERRADO ZONA VERDE,"Tablas 1 al 392_2025.pdf, pagina 344",5200422
2025,344,SN,1053725,SENDERO PEATONAL CL 16 SUR CR 45 - 13,5200502,CAJ CONC 50X50 CM (DIR ENTERR),1,,CAJ CONC 50X50 CM DIR ENTERR,"Tablas 1 al 392_2025.pdf, pagina 344",5200502
2025,345,SN,1054697,SENDERO PEATONAL CL 18 CR 109 - 94 (148),5200270,LUM LED (KORELED) 44W,4,1,LUM LED KORELED 44W,"Tablas 1 al 392_2025.pdf, pagina 345",5200270
2025,345,SN,1054697,SENDERO PEATONAL CL 18 CR 109 - 94 (148),5200231,"BR 1"" - 0.4M - 0°",3,,BR 1 - 0.4M - 0°,"Tablas 1 al 392_2025.pdf, pagina 345",5200231
2025,345,SN,1054697,SENDERO PEATONAL CL 18 CR 109 - 94 (148),5200419,POST PRFV 8M 510KGF,1,,POST PRFV 8M 510KGF,"Tablas 1 al 392_2025.pdf, pagina 345",5200419
2025,345,SN,1054697,SENDERO PEATONAL CL 18 CR 109 - 94 (148),5200464,CABL CU 3X14 (ENCAU),22,,CABL CU 3X14 ENCAU,"Tablas 1 al 392_2025.pdf, pagina 345",5200464
2025,345,SN,1054697,SENDERO PEATONAL CL 18 CR 109 - 94 (148),5200232,"BR 1"" - 1.5M - 52°/0°",1,1,BR 1 - 1.5M - 52°/0°,"Tablas 1 al 392_2025.pdf, pagina 345",5200232
2025,346,SN,1055704,Juan XXIII La Quiebra CL 48 DD # 99B -10,5200270,LUM LED (KORELED) 44W,1,,LUM LED KORELED 44W,"Tablas 1 al 392_2025.pdf, pagina 346",5200270
2025,346,SN,1055704,Juan XXIII La Quiebra CL 48 DD # 99B -10,5200231,"BR 1"" - 0.4M - 0°",1,,BR 1 - 0.4M - 0°,"Tablas 1 al 392_2025.pdf, pagina 346",5200231
2025,346,SN,1055704,Juan XXIII La Quiebra CL 48 DD # 99B -10,211332,"COLLARIN 160MM 7"" DOS SALIDAS",1,,COLLARIN 160MM 7 DOS SALIDAS,"Tablas 1 al 392_2025.pdf, pagina 346",211332
2025,347,SN,1058566,SENDERO PEATONAL CL 85 A CR 23 CC- 25,5200270,LUM LED (KORELED) 44W,1,,LUM LED KORELED 44W,"Tablas 1 al 392_2025.pdf, pagina 347",5200270
2025,347,SN,1058566,SENDERO PEATONAL CL 85 A CR 23 CC- 25,5200231,"BR 1"" - 0.4M - 0°",1,,BR 1 - 0.4M - 0°,"Tablas 1 al 392_2025.pdf, pagina 347",5200231
2025,348,SN,1063487,SENDERO PEATONAL CL 58 CR 94-71 INT ( 102 ),5200270,LUM LED (KORELED) 44W,2,,LUM LED KORELED 44W,"Tablas 1 al 392_2025.pdf, pagina 348",5200270
2025,348,SN,1063487,SENDERO PEATONAL CL 58 CR 94-71 INT ( 102 ),5200231,"BR 1"" - 0.4M - 0°",2,,BR 1 - 0.4M - 0°,"Tablas 1 al 392_2025.pdf, pagina 348",5200231
2025,349,SN,1063979,SENDERO PEATONAL CR 112 CL 48 B -42 (INT. 101),5200270,LUM LED (KORELED) 44W,1,,LUM LED KORELED 44W,"Tablas 1 al 392_2025.pdf, pagina 349",5200270
2025,349,SN,1063979,SENDERO PEATONAL CR 112 CL 48 B -42 (INT. 101),5200231,"BR 1"" - 0.4M - 0°",1,,BR 1 - 0.4M - 0°,"Tablas 1 al 392_2025.pdf, pagina 349",5200231
2025,349,SN,1063979,SENDERO PEATONAL CR 112 CL 48 B -42 (INT. 101),5200464,CABL CU 3X14 (ENCAU),31,,CABL CU 3X14 ENCAU,"Tablas 1 al 392_2025.pdf, pagina 349",5200464
2025,350,SN,1081365,VÍA CR 82 CL 49 E-74,5200272,LUM LED (SEPIALED II) 128W,2,,LUM LED SEPIALED II 128W,"Tablas 1 al 392_2025.pdf, pagina 350",5200272
2025,351,SN,1081630,Cr 28 AE Cl 108 EC - 51,5200270,LUM LED (KORELED) 44W,1,,LUM LED KORELED 44W,"Tablas 1 al 392_2025.pdf, pagina 351",5200270
2025,351,SN,1081630,Cr 28 AE Cl 108 EC - 51,5200232,"BR 1"" - 1.5M - 52°/0°",1,,BR 1 - 1.5M - 52°/0°,"Tablas 1 al 392_2025.pdf, pagina 351",5200232
2025,352,SN,1083429,VÍA CL 62 ENTRE CRS 50A Y 50,5200272,LUM LED (SEPIALED II) 128W,2,1,LUM LED SEPIALED II 128W,"Tablas 1 al 392_2025.pdf, pagina 352",5200272
2025,352,SN,1083429,VÍA CL 62 ENTRE CRS 50A Y 50,5200207,LUM LED (OMEGA II) 110W,,1,LUM LED OMEGA II 110W,"Tablas 1 al 392_2025.pdf, pagina 352",5200207
2025,352,SN,1083429,VÍA CL 62 ENTRE CRS 50A Y 50,5200236,"BR 1 1/2"" - 1.5M - 52°/20°",2,2,BR 1 1/2 - 1.5M - 52°/20°,"Tablas 1 al 392_2025.pdf, pagina 352",5200236
2025,352,SN,1083429,VÍA CL 62 ENTRE CRS 50A Y 50,5200308,POST CONC 8M 510KGF OCT,1,1,POST CONC 8M 510KGF OCT,"Tablas 1 al 392_2025.pdf, pagina 352",5200308
2025,353,SN,1091061,SENDERO PEATONAL CL 53 CR 110 - 469 (INT 103),5200270,LUM LED (KORELED) 44W,1,,LUM LED KORELED 44W,"Tablas 1 al 392_2025.pdf, pagina 353",5200270
2025,353,SN,1091061,SENDERO PEATONAL CL 53 CR 110 - 469 (INT 103),5200231,"BR 1"" - 0.4M - 0°",1,,BR 1 - 0.4M - 0°,"Tablas 1 al 392_2025.pdf, pagina 353",5200231
2025,353,SN,1091061,SENDERO PEATONAL CL 53 CR 110 - 469 (INT 103),5200464,CABL CU 3X14 (ENCAU),9,,CABL CU 3X14 ENCAU,"Tablas 1 al 392_2025.pdf, pagina 353",5200464
2025,354,SN,1104004,Sendero Peatonal sector 7 Lunas CR 99 CL 65 -325 (INTERIOR 156 ),5200270,LUM LED (KORELED) 44W,5,,LUM LED KORELED 44W,"Tablas 1 al 392_2025.pdf, pagina 354",5200270
2025,354,SN,1104004,Sendero Peatonal sector 7 Lunas CR 99 CL 65 -325 (INTERIOR 156 ),5200231,"BR 1"" - 0.4M - 0°",5,,BR 1 - 0.4M - 0°,"Tablas 1 al 392_2025.pdf, pagina 354",5200231
2025,355,SN,1113463,Sendero Peatonal Cr 26 Cl 102 B - 20 Int 105,5200231,"UCAP BRAZO 1"" - 0.4M - 0°",1,,BRAZO 1 - 0.4M - 0°,"Tablas 1 al 392_2025.pdf, pagina 355",5200231
2025,355,SN,1113463,Sendero Peatonal Cr 26 Cl 102 B - 20 Int 105,5200270,LUM LED (KORELED) 44W,1,,LUM LED KORELED 44W,"Tablas 1 al 392_2025.pdf, pagina 355",5200270
2025,356,SN,1114411,Cruce vehicular CR 69C CL 32D,5200232,"UCAP BRAZO 1"" - 1.5M - 52°/0°",1,,BRAZO 1 - 1.5M - 52°/0°,"Tablas 1 al 392_2025.pdf, pagina 356",5200232
2025,356,SN,1114411,Cruce vehicular CR 69C CL 32D,5200293,LUM LED (OMEGA II) 64.5W,1,,LUM LED OMEGA II 64.5W,"Tablas 1 al 392_2025.pdf, pagina 356",5200293
2025,356,SN,1114411,Cruce vehicular CR 69C CL 32D,5200301,UCAP POSTE CONCRETO REDONDO 9M.,1,,POSTE CONCRETO REDONDO 9M,"Tablas 1 al 392_2025.pdf, pagina 356",5200301
2025,356,SN,1114411,Cruce vehicular CR 69C CL 32D,5200464,UCAP CABLE CU ENCAUCHETADO 3X14 CU,24,,CABLE CU ENCAUCHETADO 3X14 CU,"Tablas 1 al 392_2025.pdf, pagina 356",5200464
2025,357,SN,1133940,SMAP 0114-25 Cl 48 A Cr 81 - 98,5200232,"UCAP BRAZO 1"" - 1.5M - 52°/0°",2,,BRAZO 1 - 1.5M - 52°/0°,"Tablas 1 al 392_2025.pdf, pagina 357",5200232
2025,357,SN,1133940,SMAP 0114-25 Cl 48 A Cr 81 - 98,5200270,LUM LED (KORELED) 44W,2,,LUM LED KORELED 44W,"Tablas 1 al 392_2025.pdf, pagina 357",5200270
2025,357,SN,1133940,SMAP 0114-25 Cl 48 A Cr 81 - 98,5200308,UCAP POSTE CONCRETO OCTOG 8M,1,,POSTE CONCRETO OCTOG 8M,"Tablas 1 al 392_2025.pdf, pagina 357",5200308
2025,357,SN,1133940,SMAP 0114-25 Cl 48 A Cr 81 - 98,5200419,UCAP POSTE PRFV 8M (ENTERRAR),1,,POSTE PRFV 8M ENTERRAR,"Tablas 1 al 392_2025.pdf, pagina 357",5200419
2025,357,SN,1133940,SMAP 0114-25 Cl 48 A Cr 81 - 98,5200464,UCAP CABLE CU ENCAUCHETADO 3X14 CU,18,,CABLE CU ENCAUCHETADO 3X14 CU,"Tablas 1 al 392_2025.pdf, pagina 357",5200464
2025,358,SN,1133947,SMAP 0115-25 Cl 48 A Cr 81 - 98,5200270,LUM LED (KORELED) 44W,1,,LUM LED KORELED 44W,"Tablas 1 al 392_2025.pdf, pagina 358",5200270
2025,358,SN,1133947,SMAP 0115-25 Cl 48 A Cr 81 - 98,5200302,UCAP POSTE CONCRETO CARABOBO 5M,1,,POSTE CONCRETO CARABOBO 5M,"Tablas 1 al 392_2025.pdf, pagina 358",5200302
2025,358,SN,1133947,SMAP 0115-25 Cl 48 A Cr 81 - 98,5200422,CABLE FZA AL 3X6 AWG XLPE 600V 90°C ENTERRADO,5,,CABLE FZA AL 3X6 AWG XLPE 600V 90°C ENTERRADO,"Tablas 1 al 392_2025.pdf, pagina 358",5200422
2025,358,SN,1133947,SMAP 0115-25 Cl 48 A Cr 81 - 98,5200502,UCAP CAJA CONCRETO DIRECTAMENTE ENT,1,,CAJA CONCRETO DIRECTAMENTE ENT,"Tablas 1 al 392_2025.pdf, pagina 358",5200502
2025,358,SN,1133947,SMAP 0115-25 Cl 48 A Cr 81 - 98,5200238,BRAZO CARABOBO SENCILLO,1,,BRAZO CARABOBO SENCILLO,"Tablas 1 al 392_2025.pdf, pagina 358",5200238
2025,359,SN,1133957,SMAP 0116-25 Cr 81 B Cl 49 - 28,5200208,UCAP LUMINARIA LED 140W HORIZONTAL,1,1,LUMINARIA LED 140W HORIZONTAL,"Tablas 1 al 392_2025.pdf, pagina 359",5200208
2025,359,SN,1133957,SMAP 0116-25 Cr 81 B Cl 49 - 28,5200235,"UCAP BRAZO 1 1/2"" - 1.5M - 52°/0°",1,1,BRAZO 1 1/2 - 1.5M - 52°/0°,"Tablas 1 al 392_2025.pdf, pagina 359",5200235
2025,359,SN,1133957,SMAP 0116-25 Cr 81 B Cl 49 - 28,5200237,UCAP BRAZO CURVO - 1.5M - 0°,1,,BRAZO CURVO - 1.5M - 0°,"Tablas 1 al 392_2025.pdf, pagina 359",5200237
2025,359,SN,1133957,SMAP 0116-25 Cr 81 B Cl 49 - 28,5200270,LUM LED (KORELED) 44W,2,,LUM LED KORELED 44W,"Tablas 1 al 392_2025.pdf, pagina 359",5200270
2025,359,SN,1133957,SMAP 0116-25 Cr 81 B Cl 49 - 28,5200302,UCAP POSTE CONCRETO CARABOBO 5M,1,,POSTE CONCRETO CARABOBO 5M,"Tablas 1 al 392_2025.pdf, pagina 359",5200302
2025,359,SN,1133957,SMAP 0116-25 Cr 81 B Cl 49 - 28,5200308,UCAP POSTE CONCRETO OCTOG 8M,1,,POSTE CONCRETO OCTOG 8M,"Tablas 1 al 392_2025.pdf, pagina 359",5200308
2025,359,SN,1133957,SMAP 0116-25 Cr 81 B Cl 49 - 28,5200422,CABLE FZA AL 3X6 AWG XLPE 600V 90°C ENTERRADO,7,,CABLE FZA AL 3X6 AWG XLPE 600V 90°C ENTERRADO,"Tablas 1 al 392_2025.pdf, pagina 359",5200422
2025,359,SN,1133957,SMAP 0116-25 Cr 81 B Cl 49 - 28,5200464,UCAP CABLE CU ENCAUCHETADO 3X14 CU,7,,CABLE CU ENCAUCHETADO 3X14 CU,"Tablas 1 al 392_2025.pdf, pagina 359",5200464
2025,359,SN,1133957,SMAP 0116-25 Cr 81 B Cl 49 - 28,5200502,UCAP CAJA CONCRETO DIRECTAMENTE ENT,2,,CAJA CONCRETO DIRECTAMENTE ENT,"Tablas 1 al 392_2025.pdf, pagina 359",5200502
2025,359,SN,1133957,SMAP 0116-25 Cr 81 B Cl 49 - 28,5200238,BRAZO CARABOBO SENCILLO,1,,BRAZO CARABOBO SENCILLO,"Tablas 1 al 392_2025.pdf, pagina 359",5200238
2025,360,SN,1133970,SMAP 0118-25 Cr 81 B Cl 49 F - 80,5200231,"UCAP BRAZO 1"" - 0.4M - 0°",3,,BRAZO 1 - 0.4M - 0°,"Tablas 1 al 392_2025.pdf, pagina 360",5200231
2025,360,SN,1133970,SMAP 0118-25 Cr 81 B Cl 49 F - 80,5200270,LUM LED (KORELED) 44W,3,,LUM LED KORELED 44W,"Tablas 1 al 392_2025.pdf, pagina 360",5200270
2025,361,SS,1134001,SMAP-CIL-0120-25 CL 51A CR 81B-49,5200231,"UCAP BRAZO 1"" - 0.4M - 0°",3,,BRAZO 1 - 0.4M - 0°,"Tablas 1 al 392_2025.pdf, pagina 361",5200231
2025,361,SS,1134001,SMAP-CIL-0120-25 CL 51A CR 81B-49,5200270,LUM LED (KORELED) 44W,3,,LUM LED KORELED 44W,"Tablas 1 al 392_2025.pdf, pagina 361",5200270
2025,361,SS,1134001,SMAP-CIL-0120-25 CL 51A CR 81B-49,5200464,UCAP CABLE CU ENCAUCHETADO 3X14 CU,25,,CABLE CU ENCAUCHETADO 3X14 CU,"Tablas 1 al 392_2025.pdf, pagina 361",5200464
2025,362,SN,1134004,SMAP 0119-25 CL 51 A CR 81 B - 6,5200231,"UCAP BRAZO 1"" - 0.4M - 0°",2,,BRAZO 1 - 0.4M - 0°,"Tablas 1 al 392_2025.pdf, pagina 362",5200231
2025,362,SN,1134004,SMAP 0119-25 CL 51 A CR 81 B - 6,5200270,LUM LED (KORELED) 44W,2,,LUM LED KORELED 44W,"Tablas 1 al 392_2025.pdf, pagina 362",5200270
2025,363,SN,1134024,SMAP 0122-25 CR 82 CL 51 A - 28,5200231,"UCAP BRAZO 1"" - 0.4M - 0°",3,,BRAZO 1 - 0.4M - 0°,"Tablas 1 al 392_2025.pdf, pagina 363",5200231
2025,363,SN,1134024,SMAP 0122-25 CR 82 CL 51 A - 28,5200270,LUM LED (KORELED) 44W,3,,LUM LED KORELED 44W,"Tablas 1 al 392_2025.pdf, pagina 363",5200270
2025,363,SN,1134024,SMAP 0122-25 CR 82 CL 51 A - 28,5200308,UCAP POSTE CONCRETO OCTOG 8M,1,,POSTE CONCRETO OCTOG 8M,"Tablas 1 al 392_2025.pdf, pagina 363",5200308
2025,364,SN,1134456,Parque Cl 14 A Cr 43 D - 56,5200293,LUM LED (OMEGA II) 64.5W,1,,LUM LED OMEGA II 64.5W,"Tablas 1 al 392_2025.pdf, pagina 364",5200293
2025,364,SN,1134456,Parque Cl 14 A Cr 43 D - 56,5200302,UCAP POSTE CONCRETO CARABOBO 5M,1,,POSTE CONCRETO CARABOBO 5M,"Tablas 1 al 392_2025.pdf, pagina 364",5200302
2025,364,SN,1134456,Parque Cl 14 A Cr 43 D - 56,5200464,UCAP CABLE CU ENCAUCHETADO 3X14 CU,1,,CABLE CU ENCAUCHETADO 3X14 CU,"Tablas 1 al 392_2025.pdf, pagina 364",5200464
2025,364,SN,1134456,Parque Cl 14 A Cr 43 D - 56,5200501,UCAP CAJA CONCRETO 50X50 CM,1,,CAJA CONCRETO 50X50 CM,"Tablas 1 al 392_2025.pdf, pagina 364",5200501
2025,364,SN,1134456,Parque Cl 14 A Cr 43 D - 56,5200503,"UCAP CANAL ANDEN TUBERIA PVC 2""",15,,CANAL ANDEN TUBERIA PVC 2,"Tablas 1 al 392_2025.pdf, pagina 364",5200503
2025,364,SN,1134456,Parque Cl 14 A Cr 43 D - 56,5200238,BRAZO CARABOBO SENCILLO,1,,BRAZO CARABOBO SENCILLO,"Tablas 1 al 392_2025.pdf, pagina 364",5200238
2025,365,SN,1136801,Escalas Cr 46 Cl 65 - 6,5200232,"UCAP BRAZO 1"" - 1.5M - 52°/0°",1,,BRAZO 1 - 1.5M - 52°/0°,"Tablas 1 al 392_2025.pdf, pagina 365",5200232
2025,365,SN,1136801,Escalas Cr 46 Cl 65 - 6,5200270,LUM LED (KORELED) 44W,1,,LUM LED KORELED 44W,"Tablas 1 al 392_2025.pdf, pagina 365",5200270
2025,366,SN,1137492,Broche San Carbon CL 16 x CR 30 - Av las Palmas x La Inferior,5200231,"UCAP BRAZO 1"" - 0.4M - 0°",6,,BRAZO 1 - 0.4M - 0°,"Tablas 1 al 392_2025.pdf, pagina 366",5200231
2025,366,SN,1137492,Broche San Carbon CL 16 x CR 30 - Av las Palmas x La Inferior,5200232,"UCAP BRAZO 1"" - 1.5M - 52°/0°",2,,BRAZO 1 - 1.5M - 52°/0°,"Tablas 1 al 392_2025.pdf, pagina 366",5200232
2025,366,SN,1137492,Broche San Carbon CL 16 x CR 30 - Av las Palmas x La Inferior,5200235,"UCAP BRAZO 1 1/2"" - 1.5M - 52°/0°",1,4,BRAZO 1 1/2 - 1.5M - 52°/0°,"Tablas 1 al 392_2025.pdf, pagina 366",5200235
2025,366,SN,1137492,Broche San Carbon CL 16 x CR 30 - Av las Palmas x La Inferior,5200241,UCAP BRAZO CURVO 3000M,4,,BRAZO CURVO 3000M,"Tablas 1 al 392_2025.pdf, pagina 366",5200241
2025,366,SN,1137492,Broche San Carbon CL 16 x CR 30 - Av las Palmas x La Inferior,5200269,LUM LED 110-1 (RALED II),5,,LUM LED 110-1 RALED II,"Tablas 1 al 392_2025.pdf, pagina 366",5200269
2025,366,SN,1137492,Broche San Carbon CL 16 x CR 30 - Av las Palmas x La Inferior,5200270,LUM LED (KORELED) 44W,6,,LUM LED KORELED 44W,"Tablas 1 al 392_2025.pdf, pagina 366",5200270
2025,366,SN,1137492,Broche San Carbon CL 16 x CR 30 - Av las Palmas x La Inferior,5200293,LUM LED (OMEGA II) 64.5W,2,,LUM LED OMEGA II 64.5W,"Tablas 1 al 392_2025.pdf, pagina 366",5200293
2025,366,SN,1137492,Broche San Carbon CL 16 x CR 30 - Av las Palmas x La Inferior,5200301,UCAP POSTE CONCRETO REDONDO 9M.,4,,POSTE CONCRETO REDONDO 9M,"Tablas 1 al 392_2025.pdf, pagina 366",5200301
2025,366,SN,1137492,Broche San Carbon CL 16 x CR 30 - Av las Palmas x La Inferior,5200422,CABLE FZA AL 3X6 AWG XLPE 600V 90°C ENTERRADO,175,,CABLE FZA AL 3X6 AWG XLPE 600V 90°C ENTERRADO,"Tablas 1 al 392_2025.pdf, pagina 366",5200422
2025,366,SN,1137492,Broche San Carbon CL 16 x CR 30 - Av las Palmas x La Inferior,5200224,UCAP LUMINARIA LED 74W,,4,LUMINARIA LED 74W,"Tablas 1 al 392_2025.pdf, pagina 366",5200224
2025,366,SN,1137492,Broche San Carbon CL 16 x CR 30 - Av las Palmas x La Inferior,5200308,UCAP POSTE CONCRETO OCTOG 8M,,3,POSTE CONCRETO OCTOG 8M,"Tablas 1 al 392_2025.pdf, pagina 366",5200308
2025,366,SN,1137492,Broche San Carbon CL 16 x CR 30 - Av las Palmas x La Inferior,5200420,UCAP CABLE 3X8 AWG (ENCAUCHETADO) CANAL EXIST.,,69,CABLE 3X8 AWG ENCAUCHETADO CANAL EXIST,"Tablas 1 al 392_2025.pdf, pagina 366",5200420
2025,366,SN,1137492,Broche San Carbon CL 16 x CR 30 - Av las Palmas x La Inferior,5200501,Caja de Distribución - RS3-001/RS4-001,,4,CAJA DE DISTRIBUCION - RS3-001/RS4-001,"Tablas 1 al 392_2025.pdf, pagina 366",5200501
2025,367,SN,1143189,Anden Cl 10 Cr 30,5200232,"UCAP BRAZO 1"" - 1.5M - 52°/0°",1,,BRAZO 1 - 1.5M - 52°/0°,"Tablas 1 al 392_2025.pdf, pagina 367",5200232
2025,367,SN,1143189,Anden Cl 10 Cr 30,5200270,LUM LED (KORELED) 44W,1,,LUM LED KORELED 44W,"Tablas 1 al 392_2025.pdf, pagina 367",5200270
2025,368,SN,1145356,Sendero Cr 24 AA Cl 56 E - 203,5200231,"UCAP BRAZO 1"" - 0.4M - 0°",1,,BRAZO 1 - 0.4M - 0°,"Tablas 1 al 392_2025.pdf, pagina 368",5200231
2025,368,SN,1145356,Sendero Cr 24 AA Cl 56 E - 203,5200270,LUM LED (KORELED) 44W,1,,LUM LED KORELED 44W,"Tablas 1 al 392_2025.pdf, pagina 368",5200270
2025,368,SN,1145356,Sendero Cr 24 AA Cl 56 E - 203,5200419,UCAP POSTE PRFV 8M (ENTERRAR),1,,POSTE PRFV 8M ENTERRAR,"Tablas 1 al 392_2025.pdf, pagina 368",5200419
2025,368,SN,1145356,Sendero Cr 24 AA Cl 56 E - 203,5200464,UCAP CABLE CU ENCAUCHETADO 3X14 CU,30,,CABLE CU ENCAUCHETADO 3X14 CU,"Tablas 1 al 392_2025.pdf, pagina 368",5200464
2025,369,SS,1150304,SMAP-CIL-0128-25 CR66 CL92D,5020117,UCAP POSTE PRFV 9M (ENTERRAR),1,,POSTE PRFV 9M ENTERRAR,"Tablas 1 al 392_2025.pdf, pagina 369",5020117
2025,369,SS,1150304,SMAP-CIL-0128-25 CR66 CL92D,5200235,"UCAP BRAZO 1 1/2"" - 1.5M - 52°/0°",1,,BRAZO 1 1/2 - 1.5M - 52°/0°,"Tablas 1 al 392_2025.pdf, pagina 369",5200235
2025,369,SS,1150304,SMAP-CIL-0128-25 CR66 CL92D,5200272,LUM LED (SEPIALED II) 128W,1,,LUM LED SEPIALED II 128W,"Tablas 1 al 392_2025.pdf, pagina 369",5200272
2025,369,SS,1150304,SMAP-CIL-0128-25 CR66 CL92D,5200464,UCAP CABLE CU ENCAUCHETADO 3X14 CU,21,,CABLE CU ENCAUCHETADO 3X14 CU,"Tablas 1 al 392_2025.pdf, pagina 369",5200464
2025,370,SS,1150430,Cancha Polideportiva Cr 66 G Cl 17 A,5090208,CAJA DE PASO METÁLICA,24,,CAJA DE PASO METALICA,"Tablas 1 al 392_2025.pdf, pagina 370",5090208
2025,370,SS,1150430,Cancha Polideportiva Cr 66 G Cl 17 A,5200905,(cid:9)PROYECTOR LED 25W SIMETRICO 5000K (ACROLED),18,,CID 9 PROYECTOR LED 25W SIMETRICO 5000K ACROLED,"Tablas 1 al 392_2025.pdf, pagina 370",5200905
2025,370,SS,1150430,Cancha Polideportiva Cr 66 G Cl 17 A,5200407,"UCAP TRIPLEX AL 2X4+1X4 XLP,AEREO",7,,TRIPLEX AL 2X4+1X4 XLP AEREO,"Tablas 1 al 392_2025.pdf, pagina 370",5200407
2025,370,SS,1150430,Cancha Polideportiva Cr 66 G Cl 17 A,5200421,CABLE FZA AL 3X6 AWG XLPE 600V 90°C,133,,CABLE FZA AL 3X6 AWG XLPE 600V 90°C,"Tablas 1 al 392_2025.pdf, pagina 370",5200421
2025,370,SS,1150430,Cancha Polideportiva Cr 66 G Cl 17 A,5200529,Tuberia IMC 1 1/2,109,,TUBERIA IMC 1 1/2,"Tablas 1 al 392_2025.pdf, pagina 370",5200529
2025,371,SN,1150475,SMAP-0150-25 Cr 87 F Cl 28,5200231,"UCAP BRAZO 1"" - 0.4M - 0°",1,,BRAZO 1 - 0.4M - 0°,"Tablas 1 al 392_2025.pdf, pagina 371",5200231
2025,371,SN,1150475,SMAP-0150-25 Cr 87 F Cl 28,5200232,"UCAP BRAZO 1"" - 1.5M - 52°/0°",1,,BRAZO 1 - 1.5M - 52°/0°,"Tablas 1 al 392_2025.pdf, pagina 371",5200232
2025,371,SN,1150475,SMAP-0150-25 Cr 87 F Cl 28,5200239,UCAP BRAZO DOBLE CARABOBO,2,,BRAZO DOBLE CARABOBO,"Tablas 1 al 392_2025.pdf, pagina 371",5200239
2025,371,SN,1150475,SMAP-0150-25 Cr 87 F Cl 28,5200270,LUM LED (KORELED) 44W,7,,LUM LED KORELED 44W,"Tablas 1 al 392_2025.pdf, pagina 371",5200270
2025,371,SN,1150475,SMAP-0150-25 Cr 87 F Cl 28,5200293,LUM LED (OMEGA II) 64.5W,1,,LUM LED OMEGA II 64.5W,"Tablas 1 al 392_2025.pdf, pagina 371",5200293
2025,371,SN,1150475,SMAP-0150-25 Cr 87 F Cl 28,5200302,UCAP POSTE CONCRETO CARABOBO 5M,2,,POSTE CONCRETO CARABOBO 5M,"Tablas 1 al 392_2025.pdf, pagina 371",5200302
2025,371,SN,1150475,SMAP-0150-25 Cr 87 F Cl 28,5200422,CABLE FZA AL 3X6 AWG XLPE 600V 90°C ENTERRADO,10,,CABLE FZA AL 3X6 AWG XLPE 600V 90°C ENTERRADO,"Tablas 1 al 392_2025.pdf, pagina 371",5200422
2025,371,SN,1150475,SMAP-0150-25 Cr 87 F Cl 28,5200501,UCAP CAJA CONCRETO 50X50 CM,1,,CAJA CONCRETO 50X50 CM,"Tablas 1 al 392_2025.pdf, pagina 371",5200501
2025,371,SN,1150475,SMAP-0150-25 Cr 87 F Cl 28,5200238,BRAZO CARABOBO SENCILLO,4,,BRAZO CARABOBO SENCILLO,"Tablas 1 al 392_2025.pdf, pagina 371",5200238
2025,371,SN,1150475,SMAP-0150-25 Cr 87 F Cl 28,5200217,UCAP LUMINARIA 70W,,8,LUMINARIA 70W,"Tablas 1 al 392_2025.pdf, pagina 371",5200217
2025,371,SN,1150475,SMAP-0150-25 Cr 87 F Cl 28,5200201,UCAP BOMBILLO 70W,,8,BOMBILLO 70W,"Tablas 1 al 392_2025.pdf, pagina 371",5200201
2025,371,SN,1150475,SMAP-0150-25 Cr 87 F Cl 28,5200219,UCAP LUMINARIA 250W,,1,LUMINARIA 250W,"Tablas 1 al 392_2025.pdf, pagina 371",5200219
2025,371,SN,1150475,SMAP-0150-25 Cr 87 F Cl 28,5200203,UCAP BOMBILLO 250W,,1,BOMBILLO 250W,"Tablas 1 al 392_2025.pdf, pagina 371",5200203
2025,371,SN,1150475,SMAP-0150-25 Cr 87 F Cl 28,5200230,UCAP BRAZO DOBLE BAILARINA,,8,BRAZO DOBLE BAILARINA,"Tablas 1 al 392_2025.pdf, pagina 371",5200230
2025,371,SN,1150475,SMAP-0150-25 Cr 87 F Cl 28,5200235,"UCAP BRAZO 1 1/2"" - 1.5M - 52°/0°",,1,BRAZO 1 1/2 - 1.5M - 52°/0°,"Tablas 1 al 392_2025.pdf, pagina 371",5200235
2025,371,SN,1150475,SMAP-0150-25 Cr 87 F Cl 28,5200303,UCAP POSTE CONCRETO TIPO METRO 5M,,1,POSTE CONCRETO TIPO METRO 5M,"Tablas 1 al 392_2025.pdf, pagina 371",5200303
2025,371,SN,1150475,SMAP-0150-25 Cr 87 F Cl 28,5200410,UCAP DUPLEX CU 14 AWG-THW 300V,,10,DUPLEX CU 14 AWG-THW 300V,"Tablas 1 al 392_2025.pdf, pagina 371",5200410
2025,372,SN,1150508,SMAP-0153-25 Cl 29 Cr 54 - 41,5200231,"UCAP BRAZO 1"" - 0.4M - 0°",2,,BRAZO 1 - 0.4M - 0°,"Tablas 1 al 392_2025.pdf, pagina 372",5200231
2025,372,SN,1150508,SMAP-0153-25 Cl 29 Cr 54 - 41,5200241,UCAP BRAZO CURVO 3000M,1,,BRAZO CURVO 3000M,"Tablas 1 al 392_2025.pdf, pagina 372",5200241
2025,372,SN,1150508,SMAP-0153-25 Cl 29 Cr 54 - 41,5200270,LUM LED (KORELED) 44W,2,,LUM LED KORELED 44W,"Tablas 1 al 392_2025.pdf, pagina 372",5200270
2025,372,SN,1150508,SMAP-0153-25 Cl 29 Cr 54 - 41,5200272,LUM LED (SEPIALED II) 128W,1,,LUM LED SEPIALED II 128W,"Tablas 1 al 392_2025.pdf, pagina 372",5200272
2025,372,SN,1150508,SMAP-0153-25 Cl 29 Cr 54 - 41,5200218,UCAP LUMINARIA 150W,,1,LUMINARIA 150W,"Tablas 1 al 392_2025.pdf, pagina 372",5200218
2025,372,SN,1150508,SMAP-0153-25 Cl 29 Cr 54 - 41,5200202,UCAP BOMBILLO 150W,,1,BOMBILLO 150W,"Tablas 1 al 392_2025.pdf, pagina 372",5200202
2025,372,SN,1150508,SMAP-0153-25 Cl 29 Cr 54 - 41,5200236,"UCAP BRAZO 1 1/2"" - 1.5M - 52°/20°",,1,BRAZO 1 1/2 - 1.5M - 52°/20°,"Tablas 1 al 392_2025.pdf, pagina 372",5200236
2025,373,SN,1159521,SMAP-0167-25 CR 53 CL 94 A - 47,5200231,"UCAP BRAZO 1"" - 0.4M - 0°",1,,BRAZO 1 - 0.4M - 0°,"Tablas 1 al 392_2025.pdf, pagina 373",5200231
2025,373,SN,1159521,SMAP-0167-25 CR 53 CL 94 A - 47,5200270,LUM LED (KORELED) 44W,1,,LUM LED KORELED 44W,"Tablas 1 al 392_2025.pdf, pagina 373",5200270
2025,373,SN,1159521,SMAP-0167-25 CR 53 CL 94 A - 47,5200217,UCAP LUMINARIA 70W,,1,LUMINARIA 70W,"Tablas 1 al 392_2025.pdf, pagina 373",5200217
2025,373,SN,1159521,SMAP-0167-25 CR 53 CL 94 A - 47,5200201,UCAP BOMBILLO 70W,,1,BOMBILLO 70W,"Tablas 1 al 392_2025.pdf, pagina 373",5200201
2025,373,SN,1159521,SMAP-0167-25 CR 53 CL 94 A - 47,5200230,UCAP BRAZO DOBLE BAILARINA,,1,BRAZO DOBLE BAILARINA,"Tablas 1 al 392_2025.pdf, pagina 373",5200230
2025,373,SN,1159521,SMAP-0167-25 CR 53 CL 94 A - 47,5200303,UCAP POSTE CONCRETO TIPO METRO 5M,,1,POSTE CONCRETO TIPO METRO 5M,"Tablas 1 al 392_2025.pdf, pagina 373",5200303
2025,374,SS,1160195,Sendero Teatro Metropolitano CR62 CL41,5200232,"UCAP BRAZO 1"" - 1.5M - 52°/0°",13,,BRAZO 1 - 1.5M - 52°/0°,"Tablas 1 al 392_2025.pdf, pagina 374",5200232
2025,374,SS,1160195,Sendero Teatro Metropolitano CR62 CL41,5200293,LUM LED (OMEGA II) 64.5W,13,,LUM LED OMEGA II 64.5W,"Tablas 1 al 392_2025.pdf, pagina 374",5200293
2025,374,SS,1160195,Sendero Teatro Metropolitano CR62 CL41,5200421,CABLE FZA AL 3X6 AWG XLPE 600V 90°C,226,,CABLE FZA AL 3X6 AWG XLPE 600V 90°C,"Tablas 1 al 392_2025.pdf, pagina 374",5200421
2025,374,SS,1160195,Sendero Teatro Metropolitano CR62 CL41,5200501,UCAP CAJA CONCRETO 50X50 CM,13,,CAJA CONCRETO 50X50 CM,"Tablas 1 al 392_2025.pdf, pagina 374",5200501
2025,374,SS,1160195,Sendero Teatro Metropolitano CR62 CL41,5020117,UCAP POSTE PRFV 9M (ENTERRAR),,7,POSTE PRFV 9M ENTERRAR,"Tablas 1 al 392_2025.pdf, pagina 374",5020117
2025,374,SS,1160195,Sendero Teatro Metropolitano CR62 CL41,5200207,UCAP LUMINARIA LED 110W HORIZONTAL,,7,LUMINARIA LED 110W HORIZONTAL,"Tablas 1 al 392_2025.pdf, pagina 374",5200207
2025,374,SS,1160195,Sendero Teatro Metropolitano CR62 CL41,5200235,"UCAP BRAZO 1 1/2"" - 1.5M - 52°/0°",,7,BRAZO 1 1/2 - 1.5M - 52°/0°,"Tablas 1 al 392_2025.pdf, pagina 374",5200235
2025,375,SS,1165353,Zona de Parqueo Cl 104 B Cr 48 - 60,5200231,"UCAP BRAZO 1"" - 0.4M - 0°",3,,BRAZO 1 - 0.4M - 0°,"Tablas 1 al 392_2025.pdf, pagina 375",5200231
2025,375,SS,1165353,Zona de Parqueo Cl 104 B Cr 48 - 60,5200241,UCAP BRAZO CURVO 3000M,4,,BRAZO CURVO 3000M,"Tablas 1 al 392_2025.pdf, pagina 375",5200241
2025,375,SS,1165353,Zona de Parqueo Cl 104 B Cr 48 - 60,5200270,LUM LED (KORELED) 44W,3,,LUM LED KORELED 44W,"Tablas 1 al 392_2025.pdf, pagina 375",5200270
2025,375,SS,1165353,Zona de Parqueo Cl 104 B Cr 48 - 60,5200272,LUM LED (SEPIALED II) 128W,4,4,LUM LED SEPIALED II 128W,"Tablas 1 al 392_2025.pdf, pagina 375",5200272
2025,375,SS,1165353,Zona de Parqueo Cl 104 B Cr 48 - 60,5200308,UCAP POSTE CONCRETO OCTOG 8M,1,,POSTE CONCRETO OCTOG 8M,"Tablas 1 al 392_2025.pdf, pagina 375",5200308
2025,375,SS,1165353,Zona de Parqueo Cl 104 B Cr 48 - 60,5200464,UCAP CABLE CU ENCAUCHETADO 3X14 CU,10,,CABLE CU ENCAUCHETADO 3X14 CU,"Tablas 1 al 392_2025.pdf, pagina 375",5200464
2025,375,SS,1165353,Zona de Parqueo Cl 104 B Cr 48 - 60,5200235,"UCAP BRAZO 1 1/2"" - 1.5M - 52°/0°",,4,BRAZO 1 1/2 - 1.5M - 52°/0°,"Tablas 1 al 392_2025.pdf, pagina 375",5200235
2025,376,SN,1167861,VÍA CON ANDÉN PEATONAL ADYACENTE CL 33 CR 43-82,5200232,"UCAP BRAZO 1"" - 1.5M - 52°/0°",2,1,BRAZO 1 - 1.5M - 52°/0°,"Tablas 1 al 392_2025.pdf, pagina 376",5200232
2025,376,SN,1167861,VÍA CON ANDÉN PEATONAL ADYACENTE CL 33 CR 43-82,5200293,LUM LED (OMEGA II) 64.5W,2,1,LUM LED OMEGA II 64.5W,"Tablas 1 al 392_2025.pdf, pagina 376",5200293
2025,376,SN,1167861,VÍA CON ANDÉN PEATONAL ADYACENTE CL 33 CR 43-82,5200308,UCAP POSTE CONCRETO OCTOG 8M,2,,POSTE CONCRETO OCTOG 8M,"Tablas 1 al 392_2025.pdf, pagina 376",5200308
2025,376,SN,1167861,VÍA CON ANDÉN PEATONAL ADYACENTE CL 33 CR 43-82,5200464,UCAP CABLE CU ENCAUCHETADO 3X14 CU,36,,CABLE CU ENCAUCHETADO 3X14 CU,"Tablas 1 al 392_2025.pdf, pagina 376",5200464
2025,377,SS,1168418,ESCALAS CR 32 A CL 84 - 78,5200231,"UCAP BRAZO 1"" - 0.4M - 0°",1,,BRAZO 1 - 0.4M - 0°,"Tablas 1 al 392_2025.pdf, pagina 377",5200231
2025,377,SS,1168418,ESCALAS CR 32 A CL 84 - 78,5200270,LUM LED (KORELED) 44W,1,,LUM LED KORELED 44W,"Tablas 1 al 392_2025.pdf, pagina 377",5200270
2025,377,SS,1168418,ESCALAS CR 32 A CL 84 - 78,5200464,UCAP CABLE CU ENCAUCHETADO 3X14 CU,16,,CABLE CU ENCAUCHETADO 3X14 CU,"Tablas 1 al 392_2025.pdf, pagina 377",5200464
2025,378,SS,1168902,Mejoramiento Urbano UNAULA Cr 55A Cl 49A,5200235,"UCAP BRAZO 1 1/2"" - 1.5M - 52°/0°",1,,BRAZO 1 1/2 - 1.5M - 52°/0°,"Tablas 1 al 392_2025.pdf, pagina 378",5200235
2025,378,SS,1168902,Mejoramiento Urbano UNAULA Cr 55A Cl 49A,5200270,LUM LED (KORELED) 44W,3,,LUM LED KORELED 44W,"Tablas 1 al 392_2025.pdf, pagina 378",5200270
2025,378,SS,1168902,Mejoramiento Urbano UNAULA Cr 55A Cl 49A,5200301,UCAP POSTE CONCRETO REDONDO 9M.,1,,POSTE CONCRETO REDONDO 9M,"Tablas 1 al 392_2025.pdf, pagina 378",5200301
2025,378,SS,1168902,Mejoramiento Urbano UNAULA Cr 55A Cl 49A,5200302,UCAP POSTE CONCRETO CARABOBO 5M,3,,POSTE CONCRETO CARABOBO 5M,"Tablas 1 al 392_2025.pdf, pagina 378",5200302
2025,378,SS,1168902,Mejoramiento Urbano UNAULA Cr 55A Cl 49A,5200304,UCAP POSTE CONCRETO REDONDO 12M,1,,POSTE CONCRETO REDONDO 12M,"Tablas 1 al 392_2025.pdf, pagina 378",5200304
2025,378,SS,1168902,Mejoramiento Urbano UNAULA Cr 55A Cl 49A,5200407,"UCAP TRIPLEX AL 2X4+1X4 XLP,AEREO",14,,TRIPLEX AL 2X4+1X4 XLP AEREO,"Tablas 1 al 392_2025.pdf, pagina 378",5200407
2025,378,SS,1168902,Mejoramiento Urbano UNAULA Cr 55A Cl 49A,5200421,CABLE FZA AL 3X6 AWG XLPE 600V 90°C,176,,CABLE FZA AL 3X6 AWG XLPE 600V 90°C,"Tablas 1 al 392_2025.pdf, pagina 378",5200421
2025,378,SS,1168902,Mejoramiento Urbano UNAULA Cr 55A Cl 49A,5200238,BRAZO CARABOBO SENCILLO,3,,BRAZO CARABOBO SENCILLO,"Tablas 1 al 392_2025.pdf, pagina 378",5200238
2025,378,SS,1168902,Mejoramiento Urbano UNAULA Cr 55A Cl 49A,5200241,UCAP BRAZO CURVO 3000M,,1,BRAZO CURVO 3000M,"Tablas 1 al 392_2025.pdf, pagina 378",5200241
2025,378,SS,1168902,Mejoramiento Urbano UNAULA Cr 55A Cl 49A,,Caja concreto 50x50 cm,10,,CAJA CONCRETO 50X50 CM,"Tablas 1 al 392_2025.pdf, pagina 378",SIN CODIGO|CAJA CONCRETO 50X50 CM
2025,378,SS,1168902,Mejoramiento Urbano UNAULA Cr 55A Cl 49A,,"Tubo PVC 2""",14,,TUBO PVC 2,"Tablas 1 al 392_2025.pdf, pagina 378",SIN CODIGO|TUBO PVC 2
2025,379,SS,1169177,SMAP-CIL-0174-25 CR66 CL92D,5200231,"UCAP BRAZO 1"" - 0.4M - 0°",1,,BRAZO 1 - 0.4M - 0°,"Tablas 1 al 392_2025.pdf, pagina 379",5200231
2025,379,SS,1169177,SMAP-CIL-0174-25 CR66 CL92D,5200232,"UCAP BRAZO 1"" - 1.5M - 52°/0°",1,1,BRAZO 1 - 1.5M - 52°/0°,"Tablas 1 al 392_2025.pdf, pagina 379",5200232
2025,379,SS,1169177,SMAP-CIL-0174-25 CR66 CL92D,5200270,LUM LED (KORELED) 44W,1,,LUM LED KORELED 44W,"Tablas 1 al 392_2025.pdf, pagina 379",5200270
2025,379,SS,1169177,SMAP-CIL-0174-25 CR66 CL92D,5200293,LUM LED (OMEGA II) 64.5W,1,1,LUM LED OMEGA II 64.5W,"Tablas 1 al 392_2025.pdf, pagina 379",5200293
2025,379,SS,1169177,SMAP-CIL-0174-25 CR66 CL92D,5200301,UCAP POSTE CONCRETO REDONDO 9M.,1,,POSTE CONCRETO REDONDO 9M,"Tablas 1 al 392_2025.pdf, pagina 379",5200301
2025,379,SS,1169177,SMAP-CIL-0174-25 CR66 CL92D,5200464,UCAP CABLE CU ENCAUCHETADO 3X14 CU,20,,CABLE CU ENCAUCHETADO 3X14 CU,"Tablas 1 al 392_2025.pdf, pagina 379",5200464
2025,380,SS,1169188,SMAP-0175-25 CL 30 CR 65,5200270,LUM LED (KORELED) 44W,2,,LUM LED KORELED 44W,"Tablas 1 al 392_2025.pdf, pagina 380",5200270
2025,380,SS,1169188,SMAP-0175-25 CL 30 CR 65,5200217,UCAP LUMINARIA 70W,,2,LUMINARIA 70W,"Tablas 1 al 392_2025.pdf, pagina 380",5200217
2025,380,SS,1169188,SMAP-0175-25 CL 30 CR 65,5200201,UCAP BOMBILLO 70W,,2,BOMBILLO 70W,"Tablas 1 al 392_2025.pdf, pagina 380",5200201
2025,381,SS,1169482,SMAP-CIL-0183-25 CR 24B CL 17-110,5200235,"UCAP BRAZO 1 1/2"" - 1.5M - 52°/0°",1,,BRAZO 1 1/2 - 1.5M - 52°/0°,"Tablas 1 al 392_2025.pdf, pagina 381",5200235
2025,381,SS,1169482,SMAP-CIL-0183-25 CR 24B CL 17-110,5200272,LUM LED (SEPIALED II) 128W,1,,LUM LED SEPIALED II 128W,"Tablas 1 al 392_2025.pdf, pagina 381",5200272
2025,381,SS,1169482,SMAP-CIL-0183-25 CR 24B CL 17-110,5200218,UCAP LUMINARIA 150W,,1,LUMINARIA 150W,"Tablas 1 al 392_2025.pdf, pagina 381",5200218
2025,381,SS,1169482,SMAP-CIL-0183-25 CR 24B CL 17-110,5200202,UCAP BOMBILLO 150W,,1,BOMBILLO 150W,"Tablas 1 al 392_2025.pdf, pagina 381",5200202
2025,381,SS,1169482,SMAP-CIL-0183-25 CR 24B CL 17-110,5200236,"UCAP BRAZO 1 1/2"" - 1.5M - 52°/20°",,1,BRAZO 1 1/2 - 1.5M - 52°/20°,"Tablas 1 al 392_2025.pdf, pagina 381",5200236
2025,382,SS,1169486,SMAP-0185-25 TV 5 # 1A - 83,5200232,"UCAP BRAZO 1"" - 1.5M - 52°/0°",1,,BRAZO 1 - 1.5M - 52°/0°,"Tablas 1 al 392_2025.pdf, pagina 382",5200232
2025,382,SS,1169486,SMAP-0185-25 TV 5 # 1A - 83,5200270,LUM LED (KORELED) 44W,1,,LUM LED KORELED 44W,"Tablas 1 al 392_2025.pdf, pagina 382",5200270
2025,382,SS,1169486,SMAP-0185-25 TV 5 # 1A - 83,5200419,UCAP POSTE PRFV 8M (ENTERRAR),1,,POSTE PRFV 8M ENTERRAR,"Tablas 1 al 392_2025.pdf, pagina 382",5200419
2025,382,SS,1169486,SMAP-0185-25 TV 5 # 1A - 83,5200464,UCAP CABLE CU ENCAUCHETADO 3X14 CU,23,,CABLE CU ENCAUCHETADO 3X14 CU,"Tablas 1 al 392_2025.pdf, pagina 382",5200464
2025,383,SS,1169495,SMAP-CIL-0188-25 CR 63 CC CL 103 D- 61,5020117,UCAP POSTE PRFV 9M (ENTERRAR),1,,POSTE PRFV 9M ENTERRAR,"Tablas 1 al 392_2025.pdf, pagina 383",5020117
2025,383,SS,1169495,SMAP-CIL-0188-25 CR 63 CC CL 103 D- 61,5200231,"UCAP BRAZO 1"" - 0.4M - 0°",1,,BRAZO 1 - 0.4M - 0°,"Tablas 1 al 392_2025.pdf, pagina 383",5200231
2025,383,SS,1169495,SMAP-CIL-0188-25 CR 63 CC CL 103 D- 61,5200232,"UCAP BRAZO 1"" - 1.5M - 52°/0°",1,,BRAZO 1 - 1.5M - 52°/0°,"Tablas 1 al 392_2025.pdf, pagina 383",5200232
2025,383,SS,1169495,SMAP-CIL-0188-25 CR 63 CC CL 103 D- 61,5200270,LUM LED (KORELED) 44W,2,,LUM LED KORELED 44W,"Tablas 1 al 392_2025.pdf, pagina 383",5200270
2025,383,SS,1169495,SMAP-CIL-0188-25 CR 63 CC CL 103 D- 61,5200464,UCAP CABLE CU ENCAUCHETADO 3X14 CU,13,,CABLE CU ENCAUCHETADO 3X14 CU,"Tablas 1 al 392_2025.pdf, pagina 383",5200464
2025,384,SS,1169496,SMAP-0189-25 CR 63DA CL 103DD - 31,5020117,UCAP POSTE PRFV 9M (ENTERRAR),1,,POSTE PRFV 9M ENTERRAR,"Tablas 1 al 392_2025.pdf, pagina 384",5020117
2025,384,SS,1169496,SMAP-0189-25 CR 63DA CL 103DD - 31,5200231,"UCAP BRAZO 1"" - 0.4M - 0°",1,,BRAZO 1 - 0.4M - 0°,"Tablas 1 al 392_2025.pdf, pagina 384",5200231
2025,384,SS,1169496,SMAP-0189-25 CR 63DA CL 103DD - 31,5200270,LUM LED (KORELED) 44W,1,,LUM LED KORELED 44W,"Tablas 1 al 392_2025.pdf, pagina 384",5200270
2025,384,SS,1169496,SMAP-0189-25 CR 63DA CL 103DD - 31,5200464,UCAP CABLE CU ENCAUCHETADO 3X14 CU,8,,CABLE CU ENCAUCHETADO 3X14 CU,"Tablas 1 al 392_2025.pdf, pagina 384",5200464
2025,385,SS,1169501,SMAP-CIL-0190-25 CR66 CL92D,5200231,"UCAP BRAZO 1"" - 0.4M - 0°",2,,BRAZO 1 - 0.4M - 0°,"Tablas 1 al 392_2025.pdf, pagina 385",5200231
2025,385,SS,1169501,SMAP-CIL-0190-25 CR66 CL92D,5200270,LUM LED (KORELED) 44W,2,,LUM LED KORELED 44W,"Tablas 1 al 392_2025.pdf, pagina 385",5200270
2025,386,SN,1171120,Sendero Cr 8 A Cl 58 B - 101 Int 173,5200231,"UCAP BRAZO 1"" - 52/0 - 0°",1,1,BRAZO 1 - 52/0 - 0°,"Tablas 1 al 392_2025.pdf, pagina 386",5200231
2025,386,SN,1171120,Sendero Cr 8 A Cl 58 B - 101 Int 173,5200270,LUM LED (KORELED) 44W,1,1,LUM LED KORELED 44W,"Tablas 1 al 392_2025.pdf, pagina 386",5200270
2025,386,SN,1171120,Sendero Cr 8 A Cl 58 B - 101 Int 173,5200464,UCAP CABLE CU ENCAUCHETADO 3X14 CU,42,,CABLE CU ENCAUCHETADO 3X14 CU,"Tablas 1 al 392_2025.pdf, pagina 386",5200464
2025,386,SN,1171120,Sendero Cr 8 A Cl 58 B - 101 Int 173,5200407,"UCAP TRIPLEX AL 2X4+1X4 XLP,AEREO",,62,TRIPLEX AL 2X4+1X4 XLP AEREO,"Tablas 1 al 392_2025.pdf, pagina 386",5200407
2025,386,SN,1171120,Sendero Cr 8 A Cl 58 B - 101 Int 173,5200419,UCAP POSTE PRFV 8M (ENTERRAR),,1,POSTE PRFV 8M ENTERRAR,"Tablas 1 al 392_2025.pdf, pagina 386",5200419
2025,387,SS,1173167,SMAP-0201-25 CR 52 ENTRE CL 89 Y 87,5200231,"UCAP BRAZO 1"" - 0.4M - 0°",4,,BRAZO 1 - 0.4M - 0°,"Tablas 1 al 392_2025.pdf, pagina 387",5200231
2025,387,SS,1173167,SMAP-0201-25 CR 52 ENTRE CL 89 Y 87,5200232,"UCAP BRAZO 1"" - 1.5M - 52°/0°",2,,BRAZO 1 - 1.5M - 52°/0°,"Tablas 1 al 392_2025.pdf, pagina 387",5200232
2025,387,SS,1173167,SMAP-0201-25 CR 52 ENTRE CL 89 Y 87,5200270,LUM LED (KORELED) 44W,6,,LUM LED KORELED 44W,"Tablas 1 al 392_2025.pdf, pagina 387",5200270
2025,387,SS,1173167,SMAP-0201-25 CR 52 ENTRE CL 89 Y 87,5200419,UCAP POSTE PRFV 8M (ENTERRAR),3,,POSTE PRFV 8M ENTERRAR,"Tablas 1 al 392_2025.pdf, pagina 387",5200419
2025,387,SS,1173167,SMAP-0201-25 CR 52 ENTRE CL 89 Y 87,5200464,UCAP CABLE CU ENCAUCHETADO 3X14 CU,44,,CABLE CU ENCAUCHETADO 3X14 CU,"Tablas 1 al 392_2025.pdf, pagina 387",5200464
2025,388,SS,1175502,Vía M4 Cl 71 B Cr 24 DF - 54,5200232,"UCAP BRAZO 1"" - 1.5M - 52°/0°",1,,BRAZO 1 - 1.5M - 52°/0°,"Tablas 1 al 392_2025.pdf, pagina 388",5200232
2025,388,SS,1175502,Vía M4 Cl 71 B Cr 24 DF - 54,5200293,LUM LED (OMEGA II) 64.5W,1,,LUM LED OMEGA II 64.5W,"Tablas 1 al 392_2025.pdf, pagina 388",5200293
2025,389,SS,1176887,Sendero Cl 45 F Cr 14 C - 3,5200231,"UCAP BRAZO 1"" - 0.4M - 0°",1,,BRAZO 1 - 0.4M - 0°,"Tablas 1 al 392_2025.pdf, pagina 389",5200231
2025,389,SS,1176887,Sendero Cl 45 F Cr 14 C - 3,5200270,LUM LED (KORELED) 44W,1,,LUM LED KORELED 44W,"Tablas 1 al 392_2025.pdf, pagina 389",5200270
2025,389,SS,1176887,Sendero Cl 45 F Cr 14 C - 3,5200419,UCAP POSTE PRFV 8M (ENTERRAR),1,,POSTE PRFV 8M ENTERRAR,"Tablas 1 al 392_2025.pdf, pagina 389",5200419
2025,389,SS,1176887,Sendero Cl 45 F Cr 14 C - 3,5200464,UCAP CABLE CU ENCAUCHETADO 3X14 CU,13,,CABLE CU ENCAUCHETADO 3X14 CU,"Tablas 1 al 392_2025.pdf, pagina 389",5200464
2025,390,SS,1178676,DERECHO PETICION VIA Y SENDERO PEATONAL CL 17 CR 27 A -37 (INTERIOR 5 ),5200232,"UCAP BRAZO 1"" - 1.5M - 52°/0°",1,,BRAZO 1 - 1.5M - 52°/0°,"Tablas 1 al 392_2025.pdf, pagina 390",5200232
2025,390,SS,1178676,DERECHO PETICION VIA Y SENDERO PEATONAL CL 17 CR 27 A -37 (INTERIOR 5 ),5200293,LUM LED (OMEGA II) 64.5W,1,,LUM LED OMEGA II 64.5W,"Tablas 1 al 392_2025.pdf, pagina 390",5200293
2025,390,SS,1178676,DERECHO PETICION VIA Y SENDERO PEATONAL CL 17 CR 27 A -37 (INTERIOR 5 ),5200301,UCAP POSTE CONCRETO REDONDO 9M.,1,,POSTE CONCRETO REDONDO 9M,"Tablas 1 al 392_2025.pdf, pagina 390",5200301
2025,390,SS,1178676,DERECHO PETICION VIA Y SENDERO PEATONAL CL 17 CR 27 A -37 (INTERIOR 5 ),5200421,CABLE FZA AL 3X6 AWG XLPE 600V 90°C,22,,CABLE FZA AL 3X6 AWG XLPE 600V 90°C,"Tablas 1 al 392_2025.pdf, pagina 390",5200421
2025,391,SS,1182513,SMAP-0180-25 CR 43G CL 18 - 61,5200270,LUM LED (KORELED) 44W,2,1,LUM LED KORELED 44W,"Tablas 1 al 392_2025.pdf, pagina 391",5200270
2025,391,SS,1182513,SMAP-0180-25 CR 43G CL 18 - 61,5200238,UCAP BRAZO SENCILLO CARABOBO,2,1,BRAZO SENCILLO CARABOBO,"Tablas 1 al 392_2025.pdf, pagina 391",5200238
2025,391,SS,1182513,SMAP-0180-25 CR 43G CL 18 - 61,5200239,UCAP BRAZO DOBLE CARABOBO,,1,BRAZO DOBLE CARABOBO,"Tablas 1 al 392_2025.pdf, pagina 391",5200239
2025,392,SS,1184181,SMAP-0240-25 CR 35A entre CL5E y CL 7,5200231,"UCAP BRAZO 1"" - 0.4M - 0°",1,,BRAZO 1 - 0.4M - 0°,"Tablas 1 al 392_2025.pdf, pagina 392",5200231
2025,392,SS,1184181,SMAP-0240-25 CR 35A entre CL5E y CL 7,5200235,"UCAP BRAZO 1 1/2"" - 1.5M - 52°/0°",1,1,BRAZO 1 1/2 - 1.5M - 52°/0°,"Tablas 1 al 392_2025.pdf, pagina 392",5200235
2025,392,SS,1184181,SMAP-0240-25 CR 35A entre CL5E y CL 7,5200241,UCAP BRAZO CURVO 3000M,2,,BRAZO CURVO 3000M,"Tablas 1 al 392_2025.pdf, pagina 392",5200241
2025,392,SS,1184181,SMAP-0240-25 CR 35A entre CL5E y CL 7,5200269,"LUM LED 110,7 (RALED II)",2,,LUM LED 110 7 RALED II,"Tablas 1 al 392_2025.pdf, pagina 392",5200269
2025,392,SS,1184181,SMAP-0240-25 CR 35A entre CL5E y CL 7,5200270,LUM LED (KORELED) 44W,1,,LUM LED KORELED 44W,"Tablas 1 al 392_2025.pdf, pagina 392",5200270
2025,392,SS,1184181,SMAP-0240-25 CR 35A entre CL5E y CL 7,5200308,UCAP POSTE CONCRETO OCTOG 8M,2,,POSTE CONCRETO OCTOG 8M,"Tablas 1 al 392_2025.pdf, pagina 392",5200308
2025,392,SS,1184181,SMAP-0240-25 CR 35A entre CL5E y CL 7,5200464,UCAP CABLE CU ENCAUCHETADO 3X14 CU,22,,CABLE CU ENCAUCHETADO 3X14 CU,"Tablas 1 al 392_2025.pdf, pagina 392",5200464
