Pagina,Tipo,SS/SN,Proyecto,codigo UCAP,Descripcion UCAP,Colocar,Quitar,Descripcion Normalizada,Fuente,Clave Consolidacion
1,SS,567386,Cancha Arena Cincuentenario CR 53 con CL 73,5090209,PUESTA A TIERRA,4,,PUESTA A TIERRA,"Tabla 1 al 331_2026.pdf, pagina 1",5090209
1,SS,567386,Cancha Arena Cincuentenario CR 53 con CL 73,5200407,"UCAP TRIPLEX AL 2X4+1X4 XLP,AEREO",133,,TRIPLEX AL 2X4+1X4 XLP AEREO,"Tabla 1 al 331_2026.pdf, pagina 1",5200407
1,SS,567386,Cancha Arena Cincuentenario CR 53 con CL 73,5200418,UCAP POSTE PRFV 18M (ENTERRAR),4,,POSTE PRFV 18M ENTERRAR,"Tabla 1 al 331_2026.pdf, pagina 1",5200418
1,SS,567386,Cancha Arena Cincuentenario CR 53 con CL 73,5200403,"PROYEC LED 168W TIPO V MEDIA (MEDIUM ""M"") 5000K",96,,PROYEC LED 168W TIPO V MEDIA MEDIUM M 5000K,"Tabla 1 al 331_2026.pdf, pagina 1",5200403
1,SS,567386,Cancha Arena Cincuentenario CR 53 con CL 73,5200127,UCAP PROY. 1000W.,,24,PROY 1000W,"Tabla 1 al 331_2026.pdf, pagina 1",5200127
1,SS,567386,Cancha Arena Cincuentenario CR 53 con CL 73,5200214,UCAP BOMBILLO 1000W,,24,BOMBILLO 1000W,"Tabla 1 al 331_2026.pdf, pagina 1",5200214
1,SS,567386,Cancha Arena Cincuentenario CR 53 con CL 73,5200304,UCAP POSTE CONCRETO REDONDO 12M,,6,POSTE CONCRETO REDONDO 12M,"Tabla 1 al 331_2026.pdf, pagina 1",5200304
1,SS,567386,Cancha Arena Cincuentenario CR 53 con CL 73,5200409,"UCAP TRIPLEX AL 2X1/0+1X2 XLP,AEREO",,136,TRIPLEX AL 2X1/0+1X2 XLP AEREO,"Tabla 1 al 331_2026.pdf, pagina 1",5200409
1,SS,567386,Cancha Arena Cincuentenario CR 53 con CL 73,,Cruceta 3600 mm,16,,CRUCETA 3600 MM,"Tabla 1 al 331_2026.pdf, pagina 1",SIN CODIGO|CRUCETA 3600 MM
1,SS,567386,Cancha Arena Cincuentenario CR 53 con CL 73,,Cruceta 1500 mm,,12,CRUCETA 1500 MM,"Tabla 1 al 331_2026.pdf, pagina 1",SIN CODIGO|CRUCETA 1500 MM
1,SS,567386,Cancha Arena Cincuentenario CR 53 con CL 73,,Punta captadora Franklin,4,,PUNTA CAPTADORA FRANKLIN,"Tabla 1 al 331_2026.pdf, pagina 1",SIN CODIGO|PUNTA CAPTADORA FRANKLIN
2,SN,1088440,SMAP-CIL-0021-25 CALLE 10 N° 43F 70,5200270,LUM LED (KORELED) 44W,1,,LUM LED KORELED 44W,"Tabla 1 al 331_2026.pdf, pagina 2",5200270
2,SN,1088440,SMAP-CIL-0021-25 CALLE 10 N° 43F 70,5200231,"BR 1"" - 0.4M - 0°",1,,BR 1 - 0.4M - 0°,"Tabla 1 al 331_2026.pdf, pagina 2",5200231
2,SN,1088440,SMAP-CIL-0021-25 CALLE 10 N° 43F 70,5200464,Cable Cu encauchetado 3X14 AWG,15,,CABLE CU ENCAUCHETADO 3X14 AWG,"Tabla 1 al 331_2026.pdf, pagina 2",5200464
2,SN,1088440,SMAP-CIL-0021-25 CALLE 10 N° 43F 70,5200419,Poste PRFV 8m (Enterrar),1,,POSTE PRFV 8M ENTERRAR,"Tabla 1 al 331_2026.pdf, pagina 2",5200419
3,SN,1088457,SMAP-CIL-0022-25 CARRERA 43 N° 11 28,5200270,LUM LED (KORELED) 44W,1,,LUM LED KORELED 44W,"Tabla 1 al 331_2026.pdf, pagina 3",5200270
3,SN,1088457,SMAP-CIL-0022-25 CARRERA 43 N° 11 28,5200231,"BR 1"" - 0.4M - 0°",1,,BR 1 - 0.4M - 0°,"Tabla 1 al 331_2026.pdf, pagina 3",5200231
3,SN,1088457,SMAP-CIL-0022-25 CARRERA 43 N° 11 28,5200464,Cable Cu encauchetado 3X14 AWG,12,,CABLE CU ENCAUCHETADO 3X14 AWG,"Tabla 1 al 331_2026.pdf, pagina 3",5200464
4,SS,1111246,Sendero Vereda el Corazón,5200231,"UCAP BRAZO 1"" - 0.4M - 0°",2,,BRAZO 1 - 0.4M - 0°,"Tabla 1 al 331_2026.pdf, pagina 4",5200231
4,SS,1111246,Sendero Vereda el Corazón,5200270,LUM LED (KORELED) 44W,2,,LUM LED KORELED 44W,"Tabla 1 al 331_2026.pdf, pagina 4",5200270
5,SS,1123301,Sendero Cl 65 A Cr 97 - 143,5200231,"UCAP BRAZO 1"" - 0.4M - 0°",1,,BRAZO 1 - 0.4M - 0°,"Tabla 1 al 331_2026.pdf, pagina 5",5200231
5,SS,1123301,Sendero Cl 65 A Cr 97 - 143,5200270,LUM LED (KORELED) 44W,1,,LUM LED KORELED 44W,"Tabla 1 al 331_2026.pdf, pagina 5",5200270
5,SS,1123301,Sendero Cl 65 A Cr 97 - 143,5200419,UCAP POSTE PRFV 8M (ENTERRAR),1,,POSTE PRFV 8M ENTERRAR,"Tabla 1 al 331_2026.pdf, pagina 5",5200419
5,SS,1123301,Sendero Cl 65 A Cr 97 - 143,5200464,UCAP CABLE CU ENCAUCHETADO 3X14 CU,13,,CABLE CU ENCAUCHETADO 3X14 CU,"Tabla 1 al 331_2026.pdf, pagina 5",5200464
6,SS,1128468,Sendero Cr 92 A Cl 78 B - 124,5200231,"UCAP BRAZO 1"" - 0.4M - 0°",1,,BRAZO 1 - 0.4M - 0°,"Tabla 1 al 331_2026.pdf, pagina 6",5200231
6,SS,1128468,Sendero Cr 92 A Cl 78 B - 124,5200232,"UCAP BRAZO 1"" - 1.5M - 52°/0°",1,,BRAZO 1 - 1.5M - 52°/0°,"Tabla 1 al 331_2026.pdf, pagina 6",5200232
6,SS,1128468,Sendero Cr 92 A Cl 78 B - 124,5200270,LUM LED (KORELED) 44W,2,,LUM LED KORELED 44W,"Tabla 1 al 331_2026.pdf, pagina 6",5200270
7,SS,1141140,Sendero Cr 44 Entre Cl 45 y 46,5200232,"UCAP BRAZO 1"" - 1.5M - 52°/0°",3,,BRAZO 1 - 1.5M - 52°/0°,"Tabla 1 al 331_2026.pdf, pagina 7",5200232
7,SS,1141140,Sendero Cr 44 Entre Cl 45 y 46,5200270,LUM LED (KORELED) 44W,3,,LUM LED KORELED 44W,"Tabla 1 al 331_2026.pdf, pagina 7",5200270
7,SS,1141140,Sendero Cr 44 Entre Cl 45 y 46,5200407,"UCAP TRIPLEX AL 2X4+1X4 XLP,AEREO",47,37,TRIPLEX AL 2X4+1X4 XLP AEREO,"Tabla 1 al 331_2026.pdf, pagina 7",5200407
7,SS,1141140,Sendero Cr 44 Entre Cl 45 y 46,5200419,UCAP POSTE PRFV 8M (ENTERRAR),1,,POSTE PRFV 8M ENTERRAR,"Tabla 1 al 331_2026.pdf, pagina 7",5200419
7,SS,1141140,Sendero Cr 44 Entre Cl 45 y 46,5200218,UCAP LUMINARIA 150W,,4,LUMINARIA 150W,"Tabla 1 al 331_2026.pdf, pagina 7",5200218
7,SS,1141140,Sendero Cr 44 Entre Cl 45 y 46,5200202,UCAP BOMBILLO 150W,,4,BOMBILLO 150W,"Tabla 1 al 331_2026.pdf, pagina 7",5200202
7,SS,1141140,Sendero Cr 44 Entre Cl 45 y 46,5200235,"UCAP BRAZO 1 1/2"" - 1.5M - 52°/0°",,4,BRAZO 1 1/2 - 1.5M - 52°/0°,"Tabla 1 al 331_2026.pdf, pagina 7",5200235
7,SS,1141140,Sendero Cr 44 Entre Cl 45 y 46,5200301,UCAP POSTE CONCRETO REDONDO 9M.,,1,POSTE CONCRETO REDONDO 9M,"Tabla 1 al 331_2026.pdf, pagina 7",5200301
8,SS,1151938,Sendero Cl 81 A Cr 91 A - 9,5200231,"UCAP BRAZO 1"" - 0.4M - 0°",3,,BRAZO 1 - 0.4M - 0°,"Tabla 1 al 331_2026.pdf, pagina 8",5200231
8,SS,1151938,Sendero Cl 81 A Cr 91 A - 9,5200270,LUM LED (KORELED) 44W,3,2,LUM LED KORELED 44W,"Tabla 1 al 331_2026.pdf, pagina 8",5200270
8,SS,1151938,Sendero Cl 81 A Cr 91 A - 9,5200419,UCAP POSTE PRFV 8M (ENTERRAR),1,,POSTE PRFV 8M ENTERRAR,"Tabla 1 al 331_2026.pdf, pagina 8",5200419
8,SS,1151938,Sendero Cl 81 A Cr 91 A - 9,5200464,UCAP CABLE CU ENCAUCHETADO 3X14 CU,12,,CABLE CU ENCAUCHETADO 3X14 CU,"Tabla 1 al 331_2026.pdf, pagina 8",5200464
8,SS,1151938,Sendero Cl 81 A Cr 91 A - 9,5200232,"UCAP BRAZO 1"" - 1.5M - 52°/0°",,2,BRAZO 1 - 1.5M - 52°/0°,"Tabla 1 al 331_2026.pdf, pagina 8",5200232
9,SS,1208632,Sendero y Plazoletas Cl 94 A Cr 64 A,5200270,LUM LED (KORELED) 44W,23,,LUM LED KORELED 44W,"Tabla 1 al 331_2026.pdf, pagina 9",5200270
9,SS,1208632,Sendero y Plazoletas Cl 94 A Cr 64 A,5200302,UCAP POSTE CONCRETO CARABOBO 5M,23,,POSTE CONCRETO CARABOBO 5M,"Tabla 1 al 331_2026.pdf, pagina 9",5200302
9,SS,1208632,Sendero y Plazoletas Cl 94 A Cr 64 A,5200420,UCAP CABLE 3X8 AWG (ENCAUCHETADO) CANAL EXIST.,8,,CABLE 3X8 AWG ENCAUCHETADO CANAL EXIST,"Tabla 1 al 331_2026.pdf, pagina 9",5200420
9,SS,1208632,Sendero y Plazoletas Cl 94 A Cr 64 A,5200464,UCAP CABLE CU ENCAUCHETADO 3X14 CU,138,,CABLE CU ENCAUCHETADO 3X14 CU,"Tabla 1 al 331_2026.pdf, pagina 9",5200464
9,SS,1208632,Sendero y Plazoletas Cl 94 A Cr 64 A,5200501,UCAP CAJA CONCRETO 50X50 CM,5,,CAJA CONCRETO 50X50 CM,"Tabla 1 al 331_2026.pdf, pagina 9",5200501
9,SS,1208632,Sendero y Plazoletas Cl 94 A Cr 64 A,5200238,BRAZO CARABOBO SENCILLO,23,,BRAZO CARABOBO SENCILLO,"Tabla 1 al 331_2026.pdf, pagina 9",5200238
9,SS,1208632,Sendero y Plazoletas Cl 94 A Cr 64 A,5200324,UCAP METÁLICO CIRCULAR 6M (BASE),,25,METALICO CIRCULAR 6M BASE,"Tabla 1 al 331_2026.pdf, pagina 9",5200324
9,SS,1208632,Sendero y Plazoletas Cl 94 A Cr 64 A,5000254,UCAP LUMINARIA LED 50W FIJACIÓN VERTICAL,,4,LUMINARIA LED 50W FIJACION VERTICAL,"Tabla 1 al 331_2026.pdf, pagina 9",5000254
10,SS,1213872,SMAP-CIL-0316-25 CR 52 entre CL 29 y 29A,5020117,UCAP POSTE PRFV 9M (ENTERRAR),2,,POSTE PRFV 9M ENTERRAR,"Tabla 1 al 331_2026.pdf, pagina 10",5020117
10,SS,1213872,SMAP-CIL-0316-25 CR 52 entre CL 29 y 29A,5200232,"UCAP BRAZO 1"" - 1.5M - 52°/0°",2,,BRAZO 1 - 1.5M - 52°/0°,"Tabla 1 al 331_2026.pdf, pagina 10",5200232
10,SS,1213872,SMAP-CIL-0316-25 CR 52 entre CL 29 y 29A,5200241,UCAP BRAZO CURVO 3000M,3,,BRAZO CURVO 3000M,"Tabla 1 al 331_2026.pdf, pagina 10",5200241
10,SS,1213872,SMAP-CIL-0316-25 CR 52 entre CL 29 y 29A,5200269,"LUM LED 110,7 (RALED II)",3,,LUM LED 110 7 RALED II,"Tabla 1 al 331_2026.pdf, pagina 10",5200269
10,SS,1213872,SMAP-CIL-0316-25 CR 52 entre CL 29 y 29A,5200293,LUM LED (OMEGA II) 64.5W,2,,LUM LED OMEGA II 64.5W,"Tabla 1 al 331_2026.pdf, pagina 10",5200293
10,SS,1213872,SMAP-CIL-0316-25 CR 52 entre CL 29 y 29A,5200464,UCAP CABLE CU ENCAUCHETADO 3X14 CU,58,,CABLE CU ENCAUCHETADO 3X14 CU,"Tabla 1 al 331_2026.pdf, pagina 10",5200464
11,SS,1217034,Sendero Cl 104 Cr 87 - 35 Int 1120,5200231,"UCAP BRAZO 1"" - 0.4M - 0°",1,,BRAZO 1 - 0.4M - 0°,"Tabla 1 al 331_2026.pdf, pagina 11",5200231
11,SS,1217034,Sendero Cl 104 Cr 87 - 35 Int 1120,5200270,LUM LED (KORELED) 44W,1,,LUM LED KORELED 44W,"Tabla 1 al 331_2026.pdf, pagina 11",5200270
12,SS,1217780,Sendero Cr 49 Cl 63 - 67,5200231,"UCAP BRAZO 1"" - 0.4M - 0°",1,,BRAZO 1 - 0.4M - 0°,"Tabla 1 al 331_2026.pdf, pagina 12",5200231
12,SS,1217780,Sendero Cr 49 Cl 63 - 67,5200270,LUM LED (KORELED) 44W,1,,LUM LED KORELED 44W,"Tabla 1 al 331_2026.pdf, pagina 12",5200270
13,SS,1221330,SMAP-CIL-0319-25 CR 111 CL 34CC -147,5200231,"UCAP BRAZO 1"" - 0.4M - 0°",1,,BRAZO 1 - 0.4M - 0°,"Tabla 1 al 331_2026.pdf, pagina 13",5200231
13,SS,1221330,SMAP-CIL-0319-25 CR 111 CL 34CC -147,5200270,LUM LED (KORELED) 44W,1,,LUM LED KORELED 44W,"Tabla 1 al 331_2026.pdf, pagina 13",5200270
14,SS,1221636,Sendero Peatonal CL 34 B CR 118 -132,5200231,"UCAP BRAZO 1"" - 0.4M - 0°",3,,BRAZO 1 - 0.4M - 0°,"Tabla 1 al 331_2026.pdf, pagina 14",5200231
14,SS,1221636,Sendero Peatonal CL 34 B CR 118 -132,5200270,LUM LED (KORELED) 44W,3,,LUM LED KORELED 44W,"Tabla 1 al 331_2026.pdf, pagina 14",5200270
15,SS,1224420,Zona Verde Recreacional San Pablo Cl 98 x Cr 34B,5000264,"LUMINARIA LED 62,4W ASIMÉTRICA 4000K HORIZONTAL",3,,LUMINARIA LED 62 4W ASIMETRICA 4000K HORIZONTAL,"Tabla 1 al 331_2026.pdf, pagina 15",5000264
15,SS,1224420,Zona Verde Recreacional San Pablo Cl 98 x Cr 34B,5200271,LUM LED (MAXIMO M) 59.16W,,2,LUM LED MAXIMO M 59.16W,"Tabla 1 al 331_2026.pdf, pagina 15",5200271
15,SS,1224420,Zona Verde Recreacional San Pablo Cl 98 x Cr 34B,5200419,Poste PRFV 8m (Enterrar),2,1,POSTE PRFV 8M ENTERRAR,"Tabla 1 al 331_2026.pdf, pagina 15",5200419
15,SS,1224420,Zona Verde Recreacional San Pablo Cl 98 x Cr 34B,5200308,Poste concreto octog 8m,,1,POSTE CONCRETO OCTOG 8M,"Tabla 1 al 331_2026.pdf, pagina 15",5200308
15,SS,1224420,Zona Verde Recreacional San Pablo Cl 98 x Cr 34B,5200232,"BRAZO 1"" - 1.5m - 52°/0°",,2,BRAZO 1 - 1.5M - 52°/0°,"Tabla 1 al 331_2026.pdf, pagina 15",5200232
15,SS,1224420,Zona Verde Recreacional San Pablo Cl 98 x Cr 34B,5200235,"BRAZO 1 1/2"" - 1.5M - 52°/0°",3,,BRAZO 1 1/2 - 1.5M - 52°/0°,"Tabla 1 al 331_2026.pdf, pagina 15",5200235
15,SS,1224420,Zona Verde Recreacional San Pablo Cl 98 x Cr 34B,5200422,CABLE FZA AL 3X6 AWG XLPE 600V 90°C ENTERRADO,19,,CABLE FZA AL 3X6 AWG XLPE 600V 90°C ENTERRADO,"Tabla 1 al 331_2026.pdf, pagina 15",5200422
15,SS,1224420,Zona Verde Recreacional San Pablo Cl 98 x Cr 34B,5200407,"triplex Al 2x4+1x4 xlp,aereo",10,,TRIPLEX AL 2X4+1X4 XLP AEREO,"Tabla 1 al 331_2026.pdf, pagina 15",5200407
15,SS,1224420,Zona Verde Recreacional San Pablo Cl 98 x Cr 34B,,UCAP CAJA CONCRETO DIRECTAMENTE ENT,2,,CAJA CONCRETO DIRECTAMENTE ENT,"Tabla 1 al 331_2026.pdf, pagina 15",SIN CODIGO|CAJA CONCRETO DIRECTAMENTE ENT
15,SS,1224420,Zona Verde Recreacional San Pablo Cl 98 x Cr 34B,,"canal anden tuberia PVC 2""",20,,CANAL ANDEN TUBERIA PVC 2,"Tabla 1 al 331_2026.pdf, pagina 15",SIN CODIGO|CANAL ANDEN TUBERIA PVC 2
15,SS,1224420,Zona Verde Recreacional San Pablo Cl 98 x Cr 34B,,"Tuberia 2"" IMC x 6m, incluye Capacete",1,,TUBERIA 2 IMC X 6M INCLUYE CAPACETE,"Tabla 1 al 331_2026.pdf, pagina 15",SIN CODIGO|TUBERIA 2 IMC X 6M INCLUYE CAPACETE
16,SS,1228328,SMAP-CIL-0343-25 CR 42 CL 5 SUR-141,5200231,"UCAP BRAZO 1"" - 0.4M - 0°",1,,BRAZO 1 - 0.4M - 0°,"Tabla 1 al 331_2026.pdf, pagina 16",5200231
16,SS,1228328,SMAP-CIL-0343-25 CR 42 CL 5 SUR-141,5200232,"UCAP BRAZO 1"" - 1.5M - 52°/0°",1,,BRAZO 1 - 1.5M - 52°/0°,"Tabla 1 al 331_2026.pdf, pagina 16",5200232
16,SS,1228328,SMAP-CIL-0343-25 CR 42 CL 5 SUR-141,5200270,LUM LED (KORELED) 44W,1,2,LUM LED KORELED 44W,"Tabla 1 al 331_2026.pdf, pagina 16",5200270
16,SS,1228328,SMAP-CIL-0343-25 CR 42 CL 5 SUR-141,5200271,LUM LED (MAXIMO M) 59.16W,3,,LUM LED MAXIMO M 59.16W,"Tabla 1 al 331_2026.pdf, pagina 16",5200271
16,SS,1228328,SMAP-CIL-0343-25 CR 42 CL 5 SUR-141,5200308,UCAP POSTE CONCRETO OCTOG 8M,1,,POSTE CONCRETO OCTOG 8M,"Tabla 1 al 331_2026.pdf, pagina 16",5200308
16,SS,1228328,SMAP-CIL-0343-25 CR 42 CL 5 SUR-141,5200464,UCAP CABLE CU ENCAUCHETADO 3X14 CU,14,,CABLE CU ENCAUCHETADO 3X14 CU,"Tabla 1 al 331_2026.pdf, pagina 16",5200464
17,SS,1229658,Andén CR 39 A CL 18 B SUR -154,5200231,"UCAP BRAZO 1"" - 0.4M - 0°",1,,BRAZO 1 - 0.4M - 0°,"Tabla 1 al 331_2026.pdf, pagina 17",5200231
17,SS,1229658,Andén CR 39 A CL 18 B SUR -154,5200270,LUM LED (KORELED) 44W,1,,LUM LED KORELED 44W,"Tabla 1 al 331_2026.pdf, pagina 17",5200270
18,SS,1229695,Anden Cl 48 Cr 38 - 29,5200231,"UCAP BRAZO 1"" - 0.4M - 0°",1,,BRAZO 1 - 0.4M - 0°,"Tabla 1 al 331_2026.pdf, pagina 18",5200231
18,SS,1229695,Anden Cl 48 Cr 38 - 29,5200270,LUM LED (KORELED) 44W,1,,LUM LED KORELED 44W,"Tabla 1 al 331_2026.pdf, pagina 18",5200270
19,SS,1229896,Sendero CR 31B CL 82 - 49,5200231,"UCAP BRAZO 1"" - 0.4M - 0°",1,,BRAZO 1 - 0.4M - 0°,"Tabla 1 al 331_2026.pdf, pagina 19",5200231
19,SS,1229896,Sendero CR 31B CL 82 - 49,5200270,LUM LED (KORELED) 44W,1,,LUM LED KORELED 44W,"Tabla 1 al 331_2026.pdf, pagina 19",5200270
20,SS,1230992,Sendero Cr 26 H Cl 37 - 40,5200232,"UCAP BRAZO 1"" - 1.5M - 52°/0°",1,,BRAZO 1 - 1.5M - 52°/0°,"Tabla 1 al 331_2026.pdf, pagina 20",5200232
20,SS,1230992,Sendero Cr 26 H Cl 37 - 40,5200270,LUM LED (KORELED) 44W,1,,LUM LED KORELED 44W,"Tabla 1 al 331_2026.pdf, pagina 20",5200270
20,SS,1230992,Sendero Cr 26 H Cl 37 - 40,5200419,UCAP POSTE PRFV 8M (ENTERRAR),1,,POSTE PRFV 8M ENTERRAR,"Tabla 1 al 331_2026.pdf, pagina 20",5200419
20,SS,1230992,Sendero Cr 26 H Cl 37 - 40,5200464,UCAP CABLE CU ENCAUCHETADO 3X14 CU,17,,CABLE CU ENCAUCHETADO 3X14 CU,"Tabla 1 al 331_2026.pdf, pagina 20",5200464
21,SS,1231219,Sendero Cr 43 Cl 83 - 61 Int 101,5200231,"UCAP BRAZO 1"" - 0.4M - 0°",1,,BRAZO 1 - 0.4M - 0°,"Tabla 1 al 331_2026.pdf, pagina 21",5200231
21,SS,1231219,Sendero Cr 43 Cl 83 - 61 Int 101,5200270,LUM LED (KORELED) 44W,1,,LUM LED KORELED 44W,"Tabla 1 al 331_2026.pdf, pagina 21",5200270
22,SS,1232792,Sendero Peatonal-Villa Café CR 89 CL 27-57,5200231,"UCAP BRAZO 1"" - 0.4M - 0°",2,,BRAZO 1 - 0.4M - 0°,"Tabla 1 al 331_2026.pdf, pagina 22",5200231
22,SS,1232792,Sendero Peatonal-Villa Café CR 89 CL 27-57,5200270,LUM LED (KORELED) 44W,2,,LUM LED KORELED 44W,"Tabla 1 al 331_2026.pdf, pagina 22",5200270
23,SS,1235650,PUENTE PEATONAL CL 45 G # 78 G -84,5200231,"UCAP BRAZO 1"" - 0.4M - 0°",1,,BRAZO 1 - 0.4M - 0°,"Tabla 1 al 331_2026.pdf, pagina 23",5200231
23,SS,1235650,PUENTE PEATONAL CL 45 G # 78 G -84,5200270,LUM LED (KORELED) 44W,1,,LUM LED KORELED 44W,"Tabla 1 al 331_2026.pdf, pagina 23",5200270
23,SS,1235650,PUENTE PEATONAL CL 45 G # 78 G -84,5200419,UCAP POSTE PRFV 8M (ENTERRAR),1,,POSTE PRFV 8M ENTERRAR,"Tabla 1 al 331_2026.pdf, pagina 23",5200419
23,SS,1235650,PUENTE PEATONAL CL 45 G # 78 G -84,5200464,UCAP CABLE CU ENCAUCHETADO 3X14 CU,15,,CABLE CU ENCAUCHETADO 3X14 CU,"Tabla 1 al 331_2026.pdf, pagina 23",5200464
24,SS,1237047,Anden Cl 45 F Cr 76 - 57,5200231,"UCAP BRAZO 1"" - 0.4M - 0°",1,,BRAZO 1 - 0.4M - 0°,"Tabla 1 al 331_2026.pdf, pagina 24",5200231
24,SS,1237047,Anden Cl 45 F Cr 76 - 57,5200232,"UCAP BRAZO 1"" - 1.5M - 52°/0°",1,,BRAZO 1 - 1.5M - 52°/0°,"Tabla 1 al 331_2026.pdf, pagina 24",5200232
24,SS,1237047,Anden Cl 45 F Cr 76 - 57,5200270,LUM LED (KORELED) 44W,2,,LUM LED KORELED 44W,"Tabla 1 al 331_2026.pdf, pagina 24",5200270
24,SS,1237047,Anden Cl 45 F Cr 76 - 57,5200464,UCAP CABLE CU ENCAUCHETADO 3X14 CU,10,,CABLE CU ENCAUCHETADO 3X14 CU,"Tabla 1 al 331_2026.pdf, pagina 24",5200464
25,SS,1238738,Vía M4 Cr 80 AA Cl 37,5200308,UCAP POSTE CONCRETO OCTOG 8M,1,,POSTE CONCRETO OCTOG 8M,"Tabla 1 al 331_2026.pdf, pagina 25",5200308
25,SS,1238738,Vía M4 Cr 80 AA Cl 37,5200464,UCAP CABLE CU ENCAUCHETADO 3X14 CU,12,,CABLE CU ENCAUCHETADO 3X14 CU,"Tabla 1 al 331_2026.pdf, pagina 25",5200464
26,SS,1238893,Sendero Cr 42 C Cr 107 - 35,5200232,"UCAP BRAZO 1"" - 1.5M - 52°/0°",1,1,BRAZO 1 - 1.5M - 52°/0°,"Tabla 1 al 331_2026.pdf, pagina 26",5200232
26,SS,1238893,Sendero Cr 42 C Cr 107 - 35,5200270,LUM LED (KORELED) 44W,1,,LUM LED KORELED 44W,"Tabla 1 al 331_2026.pdf, pagina 26",5200270
26,SS,1238893,Sendero Cr 42 C Cr 107 - 35,5200217,UCAP LUMINARIA 70W,,1,LUMINARIA 70W,"Tabla 1 al 331_2026.pdf, pagina 26",5200217
26,SS,1238893,Sendero Cr 42 C Cr 107 - 35,5200201,UCAP BOMBILLO 70W,,1,BOMBILLO 70W,"Tabla 1 al 331_2026.pdf, pagina 26",5200201
27,SS,1238921,SMAP-0360-25 CL 107 FD CR 27 E - 39 INT 101,5200231,"UCAP BRAZO 1"" - 0.4M - 0°",1,1,BRAZO 1 - 0.4M - 0°,"Tabla 1 al 331_2026.pdf, pagina 27",5200231
27,SS,1238921,SMAP-0360-25 CL 107 FD CR 27 E - 39 INT 101,5200270,LUM LED (KORELED) 44W,1,,LUM LED KORELED 44W,"Tabla 1 al 331_2026.pdf, pagina 27",5200270
27,SS,1238921,SMAP-0360-25 CL 107 FD CR 27 E - 39 INT 101,5200217,UCAP LUMINARIA 70W,,1,LUMINARIA 70W,"Tabla 1 al 331_2026.pdf, pagina 27",5200217
27,SS,1238921,SMAP-0360-25 CL 107 FD CR 27 E - 39 INT 101,5200201,UCAP BOMBILLO 70W,,1,BOMBILLO 70W,"Tabla 1 al 331_2026.pdf, pagina 27",5200201
28,SS,1238934,SMAP-CIL-0362-25 CR 83A CL 32B-47,5200232,"UCAP BRAZO 1"" - 1.5M - 52°/0°",1,,BRAZO 1 - 1.5M - 52°/0°,"Tabla 1 al 331_2026.pdf, pagina 28",5200232
28,SS,1238934,SMAP-CIL-0362-25 CR 83A CL 32B-47,5200293,LUM LED (OMEGA II) 64.5W,1,,LUM LED OMEGA II 64.5W,"Tabla 1 al 331_2026.pdf, pagina 28",5200293
28,SS,1238934,SMAP-CIL-0362-25 CR 83A CL 32B-47,5200308,UCAP POSTE CONCRETO OCTOG 8M,1,,POSTE CONCRETO OCTOG 8M,"Tabla 1 al 331_2026.pdf, pagina 28",5200308
28,SS,1238934,SMAP-CIL-0362-25 CR 83A CL 32B-47,5200464,UCAP CABLE CU ENCAUCHETADO 3X14 CU,9,,CABLE CU ENCAUCHETADO 3X14 CU,"Tabla 1 al 331_2026.pdf, pagina 28",5200464
28,SS,1238934,SMAP-CIL-0362-25 CR 83A CL 32B-47,5200217,UCAP LUMINARIA 70W,,1,LUMINARIA 70W,"Tabla 1 al 331_2026.pdf, pagina 28",5200217
28,SS,1238934,SMAP-CIL-0362-25 CR 83A CL 32B-47,5200201,UCAP BOMBILLO 70W,,1,BOMBILLO 70W,"Tabla 1 al 331_2026.pdf, pagina 28",5200201
28,SS,1238934,SMAP-CIL-0362-25 CR 83A CL 32B-47,5200233,"UCAP BRAZO 1"" - 1.5M - 52°/20°",,1,BRAZO 1 - 1.5M - 52°/20°,"Tabla 1 al 331_2026.pdf, pagina 28",5200233
29,SS,1238944,SMAP-CIL-0364-25 Cl 53B 85E-31,5200235,"UCAP BRAZO 1 1/2"" - 1.5M - 52°/0°",1,,BRAZO 1 1/2 - 1.5M - 52°/0°,"Tabla 1 al 331_2026.pdf, pagina 29",5200235
29,SS,1238944,SMAP-CIL-0364-25 Cl 53B 85E-31,5200272,LUM LED (SEPIALED II) 128W,1,,LUM LED SEPIALED II 128W,"Tabla 1 al 331_2026.pdf, pagina 29",5200272
29,SS,1238944,SMAP-CIL-0364-25 Cl 53B 85E-31,5200308,UCAP POSTE CONCRETO OCTOG 8M,1,,POSTE CONCRETO OCTOG 8M,"Tabla 1 al 331_2026.pdf, pagina 29",5200308
29,SS,1238944,SMAP-CIL-0364-25 Cl 53B 85E-31,5200464,UCAP CABLE CU ENCAUCHETADO 3X14 CU,12,,CABLE CU ENCAUCHETADO 3X14 CU,"Tabla 1 al 331_2026.pdf, pagina 29",5200464
29,SS,1238944,SMAP-CIL-0364-25 Cl 53B 85E-31,5200243,UCAP BRAZO RECTO 4500M,,1,BRAZO RECTO 4500M,"Tabla 1 al 331_2026.pdf, pagina 29",5200243
30,SS,1238979,SMAP-CIL-0370-25 CR 92 CC # 15A-07,5200231,"UCAP BRAZO 1"" - 0.4M - 0°",1,,BRAZO 1 - 0.4M - 0°,"Tabla 1 al 331_2026.pdf, pagina 30",5200231
30,SS,1238979,SMAP-CIL-0370-25 CR 92 CC # 15A-07,5200270,LUM LED (KORELED) 44W,1,,LUM LED KORELED 44W,"Tabla 1 al 331_2026.pdf, pagina 30",5200270
30,SS,1238979,SMAP-CIL-0370-25 CR 92 CC # 15A-07,5200217,UCAP LUMINARIA 70W,,1,LUMINARIA 70W,"Tabla 1 al 331_2026.pdf, pagina 30",5200217
30,SS,1238979,SMAP-CIL-0370-25 CR 92 CC # 15A-07,5200201,UCAP BOMBILLO 70W,,1,BOMBILLO 70W,"Tabla 1 al 331_2026.pdf, pagina 30",5200201
30,SS,1238979,SMAP-CIL-0370-25 CR 92 CC # 15A-07,5200233,"UCAP BRAZO 1"" - 1.5M - 52°/20°",,1,BRAZO 1 - 1.5M - 52°/20°,"Tabla 1 al 331_2026.pdf, pagina 30",5200233
31,SS,1238994,SMAP-0372-25 CL 43 D CR 8 B,5200232,"UCAP BRAZO 1"" - 1.5M - 52°/0°",1,,BRAZO 1 - 1.5M - 52°/0°,"Tabla 1 al 331_2026.pdf, pagina 31",5200232
31,SS,1238994,SMAP-0372-25 CL 43 D CR 8 B,5200469,PROYECTOR LED ACROLED 32W 120-277VCA ASIMETRICO 5000K,3,,PROYECTOR LED ACROLED 32W 120-277VCA ASIMETRICO 5000K,"Tabla 1 al 331_2026.pdf, pagina 31",5200469
31,SS,1238994,SMAP-0372-25 CL 43 D CR 8 B,5200270,LUM LED (KORELED) 44W,1,,LUM LED KORELED 44W,"Tabla 1 al 331_2026.pdf, pagina 31",5200270
31,SS,1238994,SMAP-0372-25 CL 43 D CR 8 B,5200464,UCAP CABLE CU ENCAUCHETADO 3X14 CU,93,,CABLE CU ENCAUCHETADO 3X14 CU,"Tabla 1 al 331_2026.pdf, pagina 31",5200464
31,SS,1238994,SMAP-0372-25 CL 43 D CR 8 B,5200528,"UCAP TUBERIA 1"" IMC",60,,TUBERIA 1 IMC,"Tabla 1 al 331_2026.pdf, pagina 31",5200528
32,SS,1239685,Cruce y Sendero Cl 52 Cr 49,5200232,"UCAP BRAZO 1"" - 1.5M - 52°/0°",1,,BRAZO 1 - 1.5M - 52°/0°,"Tabla 1 al 331_2026.pdf, pagina 32",5200232
32,SS,1239685,Cruce y Sendero Cl 52 Cr 49,5200270,LUM LED (KORELED) 44W,1,,LUM LED KORELED 44W,"Tabla 1 al 331_2026.pdf, pagina 32",5200270
32,SS,1239685,Cruce y Sendero Cl 52 Cr 49,5200403,"PROYEC LED 168W TIPO V MEDIA (MEDIUM ""M"") 5000K",1,,PROYEC LED 168W TIPO V MEDIA MEDIUM M 5000K,"Tabla 1 al 331_2026.pdf, pagina 32",5200403
33,SS,1239713,Sendero Cr 10 Cl 55 - 73 Int 116,5200231,"UCAP BRAZO 1"" - 0.4M - 0°",1,,BRAZO 1 - 0.4M - 0°,"Tabla 1 al 331_2026.pdf, pagina 33",5200231
33,SS,1239713,Sendero Cr 10 Cl 55 - 73 Int 116,5200270,LUM LED (KORELED) 44W,1,1,LUM LED KORELED 44W,"Tabla 1 al 331_2026.pdf, pagina 33",5200270
33,SS,1239713,Sendero Cr 10 Cl 55 - 73 Int 116,5200232,"UCAP BRAZO 1"" - 1.5M - 52°/0°",,1,BRAZO 1 - 1.5M - 52°/0°,"Tabla 1 al 331_2026.pdf, pagina 33",5200232
34,SS,1239785,Sendero Cr 42 Cl 34 - 10,5200231,"UCAP BRAZO 1"" - 0.4M - 0°",4,,BRAZO 1 - 0.4M - 0°,"Tabla 1 al 331_2026.pdf, pagina 34",5200231
34,SS,1239785,Sendero Cr 42 Cl 34 - 10,5200232,"UCAP BRAZO 1"" - 1.5M - 52°/0°",1,,BRAZO 1 - 1.5M - 52°/0°,"Tabla 1 al 331_2026.pdf, pagina 34",5200232
34,SS,1239785,Sendero Cr 42 Cl 34 - 10,5200270,LUM LED (KORELED) 44W,5,,LUM LED KORELED 44W,"Tabla 1 al 331_2026.pdf, pagina 34",5200270
34,SS,1239785,Sendero Cr 42 Cl 34 - 10,5200217,UCAP LUMINARIA 70W,,5,LUMINARIA 70W,"Tabla 1 al 331_2026.pdf, pagina 34",5200217
34,SS,1239785,Sendero Cr 42 Cl 34 - 10,5200201,UCAP BOMBILLO 70W,,5,BOMBILLO 70W,"Tabla 1 al 331_2026.pdf, pagina 34",5200201
35,SS,1239928,Sendero Cl 93 DD Cr 21 D - 94 Int 110,5200232,"UCAP BRAZO 1"" - 1.5M - 52°/0°",2,1,BRAZO 1 - 1.5M - 52°/0°,"Tabla 1 al 331_2026.pdf, pagina 35",5200232
35,SS,1239928,Sendero Cl 93 DD Cr 21 D - 94 Int 110,5200270,LUM LED (KORELED) 44W,2,,LUM LED KORELED 44W,"Tabla 1 al 331_2026.pdf, pagina 35",5200270
35,SS,1239928,Sendero Cl 93 DD Cr 21 D - 94 Int 110,5200464,UCAP CABLE CU ENCAUCHETADO 3X14 CU,25,,CABLE CU ENCAUCHETADO 3X14 CU,"Tabla 1 al 331_2026.pdf, pagina 35",5200464
35,SS,1239928,Sendero Cl 93 DD Cr 21 D - 94 Int 110,5200217,UCAP LUMINARIA 70W,,1,LUMINARIA 70W,"Tabla 1 al 331_2026.pdf, pagina 35",5200217
35,SS,1239928,Sendero Cl 93 DD Cr 21 D - 94 Int 110,5200201,UCAP BOMBILLO 70W,,1,BOMBILLO 70W,"Tabla 1 al 331_2026.pdf, pagina 35",5200201
36,SS,1245235,Sendero Cl 70 E Cr 95 - 104,5200231,"UCAP BRAZO 1"" - 0.4M - 0°",1,,BRAZO 1 - 0.4M - 0°,"Tabla 1 al 331_2026.pdf, pagina 36",5200231
36,SS,1245235,Sendero Cl 70 E Cr 95 - 104,5200270,LUM LED (KORELED) 44W,1,,LUM LED KORELED 44W,"Tabla 1 al 331_2026.pdf, pagina 36",5200270
36,SS,1245235,Sendero Cl 70 E Cr 95 - 104,5200419,UCAP POSTE PRFV 8M (ENTERRAR),1,,POSTE PRFV 8M ENTERRAR,"Tabla 1 al 331_2026.pdf, pagina 36",5200419
36,SS,1245235,Sendero Cl 70 E Cr 95 - 104,5200464,UCAP CABLE CU ENCAUCHETADO 3X14 CU,18,,CABLE CU ENCAUCHETADO 3X14 CU,"Tabla 1 al 331_2026.pdf, pagina 36",5200464
37,SS,1245646,Sendero CR 52 CL 125,5200231,"UCAP BRAZO 1"" - 0.4M - 0°",1,,BRAZO 1 - 0.4M - 0°,"Tabla 1 al 331_2026.pdf, pagina 37",5200231
37,SS,1245646,Sendero CR 52 CL 125,5200232,"UCAP BRAZO 1"" - 1.5M - 52°/0°",1,,BRAZO 1 - 1.5M - 52°/0°,"Tabla 1 al 331_2026.pdf, pagina 37",5200232
37,SS,1245646,Sendero CR 52 CL 125,5200270,LUM LED (KORELED) 44W,2,,LUM LED KORELED 44W,"Tabla 1 al 331_2026.pdf, pagina 37",5200270
37,SS,1245646,Sendero CR 52 CL 125,5200464,UCAP CABLE CU ENCAUCHETADO 3X14 CU,58,,CABLE CU ENCAUCHETADO 3X14 CU,"Tabla 1 al 331_2026.pdf, pagina 37",5200464
38,SS,1248430,Andén-Paradero buses CR 64C CL 101A-01,5200232,"UCAP BRAZO 1"" - 1.5M - 52°/0°",1,,BRAZO 1 - 1.5M - 52°/0°,"Tabla 1 al 331_2026.pdf, pagina 38",5200232
38,SS,1248430,Andén-Paradero buses CR 64C CL 101A-01,5200270,LUM LED (KORELED) 44W,1,,LUM LED KORELED 44W,"Tabla 1 al 331_2026.pdf, pagina 38",5200270
38,SS,1248430,Andén-Paradero buses CR 64C CL 101A-01,5200308,UCAP POSTE CONCRETO OCTOG 8M,1,,POSTE CONCRETO OCTOG 8M,"Tabla 1 al 331_2026.pdf, pagina 38",5200308
38,SS,1248430,Andén-Paradero buses CR 64C CL 101A-01,5200464,UCAP CABLE CU ENCAUCHETADO 3X14 CU,17,,CABLE CU ENCAUCHETADO 3X14 CU,"Tabla 1 al 331_2026.pdf, pagina 38",5200464
39,SS,1249304,VIA SMAP-CIL-0391-25 VIA PALMITAS POR TUTAINA,5200232,"UCAP BRAZO 1"" - 1.5M - 52°/0°",2,,BRAZO 1 - 1.5M - 52°/0°,"Tabla 1 al 331_2026.pdf, pagina 39",5200232
39,SS,1249304,VIA SMAP-CIL-0391-25 VIA PALMITAS POR TUTAINA,5200270,LUM LED (KORELED) 44W,2,,LUM LED KORELED 44W,"Tabla 1 al 331_2026.pdf, pagina 39",5200270
39,SS,1249304,VIA SMAP-CIL-0391-25 VIA PALMITAS POR TUTAINA,5200217,UCAP LUMINARIA 70W,,1,LUMINARIA 70W,"Tabla 1 al 331_2026.pdf, pagina 39",5200217
39,SS,1249304,VIA SMAP-CIL-0391-25 VIA PALMITAS POR TUTAINA,5200201,UCAP BOMBILLO 70W,,1,BOMBILLO 70W,"Tabla 1 al 331_2026.pdf, pagina 39",5200201
39,SS,1249304,VIA SMAP-CIL-0391-25 VIA PALMITAS POR TUTAINA,5200233,"UCAP BRAZO 1"" - 1.5M - 52°/20°",,1,BRAZO 1 - 1.5M - 52°/20°,"Tabla 1 al 331_2026.pdf, pagina 39",5200233
40,SS,1249976,CR 45 postes traslúcidos CR 45 entre CL67 A CL81,5200232,"UCAP BRAZO 1"" - 1.5M - 52°/0°",12,3,BRAZO 1 - 1.5M - 52°/0°,"Tabla 1 al 331_2026.pdf, pagina 40",5200232
40,SS,1249976,CR 45 postes traslúcidos CR 45 entre CL67 A CL81,5200235,"UCAP BRAZO 1 1/2"" - 1.5M - 52°/0°",41,37,BRAZO 1 1/2 - 1.5M - 52°/0°,"Tabla 1 al 331_2026.pdf, pagina 40",5200235
40,SS,1249976,CR 45 postes traslúcidos CR 45 entre CL67 A CL81,5200271,LUM LED (MAXIMO M) 59.16W,12,3,LUM LED MAXIMO M 59.16W,"Tabla 1 al 331_2026.pdf, pagina 40",5200271
40,SS,1249976,CR 45 postes traslúcidos CR 45 entre CL67 A CL81,5200272,LUM LED (SEPIALED II) 128W,41,54,LUM LED SEPIALED II 128W,"Tabla 1 al 331_2026.pdf, pagina 40",5200272
40,SS,1249976,CR 45 postes traslúcidos CR 45 entre CL67 A CL81,5200325,UCAP POSTE PRFV 9M TRASLUCIDO (BASE),96,,POSTE PRFV 9M TRASLUCIDO BASE,"Tabla 1 al 331_2026.pdf, pagina 40",5200325
40,SS,1249976,CR 45 postes traslúcidos CR 45 entre CL67 A CL81,5200464,UCAP CABLE CU ENCAUCHETADO 3X14 CU,553,,CABLE CU ENCAUCHETADO 3X14 CU,"Tabla 1 al 331_2026.pdf, pagina 40",5200464
40,SS,1249976,CR 45 postes traslúcidos CR 45 entre CL67 A CL81,5200231,"UCAP BRAZO 1"" - 0.4M - 0°",,18,BRAZO 1 - 0.4M - 0°,"Tabla 1 al 331_2026.pdf, pagina 40",5200231
40,SS,1249976,CR 45 postes traslúcidos CR 45 entre CL67 A CL81,5200241,UCAP BRAZO CURVO 3000M,,17,BRAZO CURVO 3000M,"Tabla 1 al 331_2026.pdf, pagina 40",5200241
40,SS,1249976,CR 45 postes traslúcidos CR 45 entre CL67 A CL81,5200270,LUM LED (KORELED) 44W,,18,LUM LED KORELED 44W,"Tabla 1 al 331_2026.pdf, pagina 40",5200270
41,SS,1164649,Sendero Cr 97 AB Cl 64 AC - 64,5200231,"UCAP BRAZO 1"" - 0.4M - 0°",1,1,BRAZO 1 - 0.4M - 0°,"Tabla 1 al 331_2026.pdf, pagina 41",5200231
41,SS,1164649,Sendero Cr 97 AB Cl 64 AC - 64,5200232,"UCAP BRAZO 1"" - 1.5M - 52°/0°",1,,BRAZO 1 - 1.5M - 52°/0°,"Tabla 1 al 331_2026.pdf, pagina 41",5200232
41,SS,1164649,Sendero Cr 97 AB Cl 64 AC - 64,5200270,LUM LED (KORELED) 44W,2,1,LUM LED KORELED 44W,"Tabla 1 al 331_2026.pdf, pagina 41",5200270
41,SS,1164649,Sendero Cr 97 AB Cl 64 AC - 64,5200419,UCAP POSTE PRFV 8M (ENTERRAR),1,,POSTE PRFV 8M ENTERRAR,"Tabla 1 al 331_2026.pdf, pagina 41",5200419
41,SS,1164649,Sendero Cr 97 AB Cl 64 AC - 64,5200464,UCAP CABLE CU ENCAUCHETADO 3X14 CU,9,,CABLE CU ENCAUCHETADO 3X14 CU,"Tabla 1 al 331_2026.pdf, pagina 41",5200464
42,SS,1165687,Juegos y Sendero Cl 106 C Cr 67 - 55,5200239,UCAP BRAZO DOBLE CARABOBO,1,,BRAZO DOBLE CARABOBO,"Tabla 1 al 331_2026.pdf, pagina 42",5200239
42,SS,1165687,Juegos y Sendero Cl 106 C Cr 67 - 55,5200270,LUM LED (KORELED) 44W,2,1,LUM LED KORELED 44W,"Tabla 1 al 331_2026.pdf, pagina 42",5200270
42,SS,1165687,Juegos y Sendero Cl 106 C Cr 67 - 55,5200238,UCAP BRAZO SENCILLO CARABOBO,,1,BRAZO SENCILLO CARABOBO,"Tabla 1 al 331_2026.pdf, pagina 42",5200238
43,SS,1185067,Anden Cl 112 Cr 67 - 62,5200231,"UCAP BRAZO 1"" - 0.4M - 0°",1,,BRAZO 1 - 0.4M - 0°,"Tabla 1 al 331_2026.pdf, pagina 43",5200231
43,SS,1185067,Anden Cl 112 Cr 67 - 62,5200270,LUM LED (KORELED) 44W,1,,LUM LED KORELED 44W,"Tabla 1 al 331_2026.pdf, pagina 43",5200270
44,SS,1195694,Sendero y Ciclorruta Cl 64 Cr 105 - 185 Int 408,5200232,"UCAP BRAZO 1"" - 1.5M - 52°/0°",1,1,BRAZO 1 - 1.5M - 52°/0°,"Tabla 1 al 331_2026.pdf, pagina 44",5200232
44,SS,1195694,Sendero y Ciclorruta Cl 64 Cr 105 - 185 Int 408,5200270,LUM LED (KORELED) 44W,1,,LUM LED KORELED 44W,"Tabla 1 al 331_2026.pdf, pagina 44",5200270
44,SS,1195694,Sendero y Ciclorruta Cl 64 Cr 105 - 185 Int 408,5200217,UCAP LUMINARIA 70W,,1,LUMINARIA 70W,"Tabla 1 al 331_2026.pdf, pagina 44",5200217
44,SS,1195694,Sendero y Ciclorruta Cl 64 Cr 105 - 185 Int 408,5200201,UCAP BOMBILLO 70W,,1,BOMBILLO 70W,"Tabla 1 al 331_2026.pdf, pagina 44",5200201
45,SS,1238982,SMAP-0371-25 Cr 42 Este Cl 82 Vereda Piedras Blancas Matasano,5200232,"UCAP BRAZO 1"" - 1.5M - 52°/0°",12,,BRAZO 1 - 1.5M - 52°/0°,"Tabla 1 al 331_2026.pdf, pagina 45",5200232
45,SS,1238982,SMAP-0371-25 Cr 42 Este Cl 82 Vereda Piedras Blancas Matasano,5200270,LUM LED (KORELED) 44W,12,,LUM LED KORELED 44W,"Tabla 1 al 331_2026.pdf, pagina 45",5200270
45,SS,1238982,SMAP-0371-25 Cr 42 Este Cl 82 Vereda Piedras Blancas Matasano,5200419,UCAP POSTE PRFV 8M (ENTERRAR),8,,POSTE PRFV 8M ENTERRAR,"Tabla 1 al 331_2026.pdf, pagina 45",5200419
45,SS,1238982,SMAP-0371-25 Cr 42 Este Cl 82 Vereda Piedras Blancas Matasano,5200464,UCAP CABLE CU ENCAUCHETADO 3X14 CU,302,,CABLE CU ENCAUCHETADO 3X14 CU,"Tabla 1 al 331_2026.pdf, pagina 45",5200464
46,SS,1248589,SMAP-0384-25 Cr 94 Cl 36 - 30,5200231,"UCAP BRAZO 1"" - 0.4M - 0°",1,,BRAZO 1 - 0.4M - 0°,"Tabla 1 al 331_2026.pdf, pagina 46",5200231
46,SS,1248589,SMAP-0384-25 Cr 94 Cl 36 - 30,5200232,"UCAP BRAZO 1"" - 1.5M - 52°/0°",1,,BRAZO 1 - 1.5M - 52°/0°,"Tabla 1 al 331_2026.pdf, pagina 46",5200232
46,SS,1248589,SMAP-0384-25 Cr 94 Cl 36 - 30,5200270,LUM LED (KORELED) 44W,2,,LUM LED KORELED 44W,"Tabla 1 al 331_2026.pdf, pagina 46",5200270
46,SS,1248589,SMAP-0384-25 Cr 94 Cl 36 - 30,5200464,UCAP CABLE CU ENCAUCHETADO 3X14 CU,26,,CABLE CU ENCAUCHETADO 3X14 CU,"Tabla 1 al 331_2026.pdf, pagina 46",5200464
47,SS,1248602,SMAP-0383-25 Cl 48 Entre Cr 43 y Cr 44,5200231,"UCAP BRAZO 1"" - 0.4M - 0°",3,,BRAZO 1 - 0.4M - 0°,"Tabla 1 al 331_2026.pdf, pagina 47",5200231
47,SS,1248602,SMAP-0383-25 Cl 48 Entre Cr 43 y Cr 44,5200270,LUM LED (KORELED) 44W,3,,LUM LED KORELED 44W,"Tabla 1 al 331_2026.pdf, pagina 47",5200270
48,SS,1248620,SMAP-0368-25 Cr 31 Cl 87 D,5200231,"UCAP BRAZO 1"" - 0.4M - 0°",2,,BRAZO 1 - 0.4M - 0°,"Tabla 1 al 331_2026.pdf, pagina 48",5200231
48,SS,1248620,SMAP-0368-25 Cr 31 Cl 87 D,5200270,LUM LED (KORELED) 44W,2,,LUM LED KORELED 44W,"Tabla 1 al 331_2026.pdf, pagina 48",5200270
49,SS,1249222,Sendero Cr 23 Cl 102 C - 90 Int 130,5200217,UCAP LUMINARIA 70W,,1,LUMINARIA 70W,"Tabla 1 al 331_2026.pdf, pagina 49",5200217
49,SS,1249222,Sendero Cr 23 Cl 102 C - 90 Int 130,5200201,UCAP BOMBILLO 70W,,1,BOMBILLO 70W,"Tabla 1 al 331_2026.pdf, pagina 49",5200201
49,SS,1249222,Sendero Cr 23 Cl 102 C - 90 Int 130,5200232,"UCAP BRAZO 1"" - 1.5M - 52°/0°",,1,BRAZO 1 - 1.5M - 52°/0°,"Tabla 1 al 331_2026.pdf, pagina 49",5200232
50,SS,1249229,Vía y Andén Cl 106 A Cr 32 - 14,5200218,UCAP LUMINARIA 150W,,1,LUMINARIA 150W,"Tabla 1 al 331_2026.pdf, pagina 50",5200218
50,SS,1249229,Vía y Andén Cl 106 A Cr 32 - 14,5200202,UCAP BOMBILLO 150W,,1,BOMBILLO 150W,"Tabla 1 al 331_2026.pdf, pagina 50",5200202
50,SS,1249229,Vía y Andén Cl 106 A Cr 32 - 14,5200235,"UCAP BRAZO 1 1/2"" - 1.5M - 52°/0°",,1,BRAZO 1 1/2 - 1.5M - 52°/0°,"Tabla 1 al 331_2026.pdf, pagina 50",5200235
51,SS,1249236,SMAP-0395-25 CR 46 TRAV 14 - 09,5200219,UCAP LUMINARIA 250W,,1,LUMINARIA 250W,"Tabla 1 al 331_2026.pdf, pagina 51",5200219
51,SS,1249236,SMAP-0395-25 CR 46 TRAV 14 - 09,5200203,UCAP BOMBILLO 250W,,1,BOMBILLO 250W,"Tabla 1 al 331_2026.pdf, pagina 51",5200203
51,SS,1249236,SMAP-0395-25 CR 46 TRAV 14 - 09,5200235,"UCAP BRAZO 1 1/2"" - 1.5M - 52°/0°",,1,BRAZO 1 1/2 - 1.5M - 52°/0°,"Tabla 1 al 331_2026.pdf, pagina 51",5200235
52,SS,1249251,SMAP-0398-25 CL 39 CR 38 - 59,5200231,"UCAP BRAZO 1"" - 0.4M - 0°",2,2,BRAZO 1 - 0.4M - 0°,"Tabla 1 al 331_2026.pdf, pagina 52",5200231
52,SS,1249251,SMAP-0398-25 CL 39 CR 38 - 59,5200232,"UCAP BRAZO 1"" - 1.5M - 52°/0°",1,1,BRAZO 1 - 1.5M - 52°/0°,"Tabla 1 al 331_2026.pdf, pagina 52",5200232
52,SS,1249251,SMAP-0398-25 CL 39 CR 38 - 59,5200270,LUM LED (KORELED) 44W,3,,LUM LED KORELED 44W,"Tabla 1 al 331_2026.pdf, pagina 52",5200270
52,SS,1249251,SMAP-0398-25 CL 39 CR 38 - 59,5200217,UCAP LUMINARIA 70W,,3,LUMINARIA 70W,"Tabla 1 al 331_2026.pdf, pagina 52",5200217
52,SS,1249251,SMAP-0398-25 CL 39 CR 38 - 59,5200201,UCAP BOMBILLO 70W,,3,BOMBILLO 70W,"Tabla 1 al 331_2026.pdf, pagina 52",5200201
53,SS,1249257,SMAP-0399-25 Cl 34 Cr 38 A,5200218,UCAP LUMINARIA 150W,,2,LUMINARIA 150W,"Tabla 1 al 331_2026.pdf, pagina 53",5200218
53,SS,1249257,SMAP-0399-25 Cl 34 Cr 38 A,5200202,UCAP BOMBILLO 150W,,2,BOMBILLO 150W,"Tabla 1 al 331_2026.pdf, pagina 53",5200202
53,SS,1249257,SMAP-0399-25 Cl 34 Cr 38 A,5200235,"UCAP BRAZO 1 1/2"" - 1.5M - 52°/0°",,2,BRAZO 1 1/2 - 1.5M - 52°/0°,"Tabla 1 al 331_2026.pdf, pagina 53",5200235
54,SS,1249260,SMAP-0400-25 Cr 45 Cl 7 - 159,5200231,"UCAP BRAZO 1"" - 0.4M - 0°",4,,BRAZO 1 - 0.4M - 0°,"Tabla 1 al 331_2026.pdf, pagina 54",5200231
54,SS,1249260,SMAP-0400-25 Cr 45 Cl 7 - 159,5200270,LUM LED (KORELED) 44W,4,,LUM LED KORELED 44W,"Tabla 1 al 331_2026.pdf, pagina 54",5200270
54,SS,1249260,SMAP-0400-25 Cr 45 Cl 7 - 159,5200308,UCAP POSTE CONCRETO OCTOG 8M,2,,POSTE CONCRETO OCTOG 8M,"Tabla 1 al 331_2026.pdf, pagina 54",5200308
54,SS,1249260,SMAP-0400-25 Cr 45 Cl 7 - 159,5200464,UCAP CABLE CU ENCAUCHETADO 3X14 CU,21,,CABLE CU ENCAUCHETADO 3X14 CU,"Tabla 1 al 331_2026.pdf, pagina 54",5200464
55,SS,1249263,SMAP-0401-25 Cr 43 F Cl 14 A,5200231,"UCAP BRAZO 1"" - 0.4M - 0°",1,1,BRAZO 1 - 0.4M - 0°,"Tabla 1 al 331_2026.pdf, pagina 55",5200231
55,SS,1249263,SMAP-0401-25 Cr 43 F Cl 14 A,5200270,LUM LED (KORELED) 44W,1,,LUM LED KORELED 44W,"Tabla 1 al 331_2026.pdf, pagina 55",5200270
55,SS,1249263,SMAP-0401-25 Cr 43 F Cl 14 A,5200217,UCAP LUMINARIA 70W,,1,LUMINARIA 70W,"Tabla 1 al 331_2026.pdf, pagina 55",5200217
55,SS,1249263,SMAP-0401-25 Cr 43 F Cl 14 A,5200201,UCAP BOMBILLO 70W,,1,BOMBILLO 70W,"Tabla 1 al 331_2026.pdf, pagina 55",5200201
56,SS,1249295,ANDEN SMAP-CIL-0387-25 CL 34 CR 80,5200231,"UCAP BRAZO 1"" - 0.4M - 0°",1,,BRAZO 1 - 0.4M - 0°,"Tabla 1 al 331_2026.pdf, pagina 56",5200231
56,SS,1249295,ANDEN SMAP-CIL-0387-25 CL 34 CR 80,5200270,LUM LED (KORELED) 44W,1,,LUM LED KORELED 44W,"Tabla 1 al 331_2026.pdf, pagina 56",5200270
56,SS,1249295,ANDEN SMAP-CIL-0387-25 CL 34 CR 80,5200308,UCAP POSTE CONCRETO OCTOG 8M,1,,POSTE CONCRETO OCTOG 8M,"Tabla 1 al 331_2026.pdf, pagina 56",5200308
56,SS,1249295,ANDEN SMAP-CIL-0387-25 CL 34 CR 80,5200464,UCAP CABLE CU ENCAUCHETADO 3X14 CU,20,,CABLE CU ENCAUCHETADO 3X14 CU,"Tabla 1 al 331_2026.pdf, pagina 56",5200464
57,SS,1250370,Sendero Peatonal CL 48 FF CR 100AE-64 (INTERIOR 105),5200231,"UCAP BRAZO 1"" - 0.4M - 0°",1,,BRAZO 1 - 0.4M - 0°,"Tabla 1 al 331_2026.pdf, pagina 57",5200231
57,SS,1250370,Sendero Peatonal CL 48 FF CR 100AE-64 (INTERIOR 105),5200270,LUM LED (KORELED) 44W,1,,LUM LED KORELED 44W,"Tabla 1 al 331_2026.pdf, pagina 57",5200270
58,SS,1252513,SMAP-0411-25 Cr 44 A Cl 89 - 140,5200231,"UCAP BRAZO 1"" - 0.4M - 0°",2,2,BRAZO 1 - 0.4M - 0°,"Tabla 1 al 331_2026.pdf, pagina 58",5200231
58,SS,1252513,SMAP-0411-25 Cr 44 A Cl 89 - 140,5200270,LUM LED (KORELED) 44W,2,,LUM LED KORELED 44W,"Tabla 1 al 331_2026.pdf, pagina 58",5200270
58,SS,1252513,SMAP-0411-25 Cr 44 A Cl 89 - 140,5200217,UCAP LUMINARIA 70W,,2,LUMINARIA 70W,"Tabla 1 al 331_2026.pdf, pagina 58",5200217
58,SS,1252513,SMAP-0411-25 Cr 44 A Cl 89 - 140,5200201,UCAP BOMBILLO 70W,,2,BOMBILLO 70W,"Tabla 1 al 331_2026.pdf, pagina 58",5200201
59,SS,1253710,Sendero Cr 48 Cl 118 - 20 Int 103,5200231,"UCAP BRAZO 1"" - 0.4M - 0°",1,,BRAZO 1 - 0.4M - 0°,"Tabla 1 al 331_2026.pdf, pagina 59",5200231
59,SS,1253710,Sendero Cr 48 Cl 118 - 20 Int 103,5200270,LUM LED (KORELED) 44W,1,,LUM LED KORELED 44W,"Tabla 1 al 331_2026.pdf, pagina 59",5200270
60,SS,1256364,SMAP-0019-25 CR 43C entre CL 6 y 7D,5200235,"UCAP BRAZO 1 1/2"" - 1.5M - 52°/0°",3,,BRAZO 1 1/2 - 1.5M - 52°/0°,"Tabla 1 al 331_2026.pdf, pagina 60",5200235
60,SS,1256364,SMAP-0019-25 CR 43C entre CL 6 y 7D,5200269,"LUM LED 110,7 (RALED II)",3,,LUM LED 110 7 RALED II,"Tabla 1 al 331_2026.pdf, pagina 60",5200269
60,SS,1256364,SMAP-0019-25 CR 43C entre CL 6 y 7D,5200394,"UCAP POSTE DE FIBRA 7,5 M ANCLAJE",3,,POSTE DE FIBRA 7 5 M ANCLAJE,"Tabla 1 al 331_2026.pdf, pagina 60",5200394
60,SS,1256364,SMAP-0019-25 CR 43C entre CL 6 y 7D,5200464,UCAP CABLE CU ENCAUCHETADO 3X14 CU,82,,CABLE CU ENCAUCHETADO 3X14 CU,"Tabla 1 al 331_2026.pdf, pagina 60",5200464
61,SN,1052703,ANDEN CR 65 E CL 32 D -59,5200419,POST PRFV 8M 510KGF,1,,POST PRFV 8M 510KGF,"Tabla 1 al 331_2026.pdf, pagina 61",5200419
61,SN,1052703,ANDEN CR 65 E CL 32 D -59,5200270,LUM LED (KORELED) 44W,2,,LUM LED KORELED 44W,"Tabla 1 al 331_2026.pdf, pagina 61",5200270
61,SN,1052703,ANDEN CR 65 E CL 32 D -59,5200231,"BR 1"" - 0.4M - 0°",2,,BR 1 - 0.4M - 0°,"Tabla 1 al 331_2026.pdf, pagina 61",5200231
61,SN,1052703,ANDEN CR 65 E CL 32 D -59,5200464,CABL CU 3X14 (ENCAU),12,,CABL CU 3X14 ENCAU,"Tabla 1 al 331_2026.pdf, pagina 61",5200464
62,SN,1150932,Vía y Anden Cl 38 A Cr 25 - 13,5200235,"UCAP BRAZO 1 1/2"" - 1.5M - 52°/0°",1,1,BRAZO 1 1/2 - 1.5M - 52°/0°,"Tabla 1 al 331_2026.pdf, pagina 62",5200235
62,SN,1150932,Vía y Anden Cl 38 A Cr 25 - 13,5200272,LUM LED (SEPIALED II) 128W,1,1,LUM LED SEPIALED II 128W,"Tabla 1 al 331_2026.pdf, pagina 62",5200272
62,SN,1150932,Vía y Anden Cl 38 A Cr 25 - 13,55220000431089,UPCoAsPte P PORSTFEV C 8OmN CRETO OCTOG 8M,1,,UPCOASPTE P PORSTFEV C 8OMN CRETO OCTOG 8M,"Tabla 1 al 331_2026.pdf, pagina 62",55220000431089
62,SN,1150932,Vía y Anden Cl 38 A Cr 25 - 13,5200464,(Enterrar) UCAP CABLE CU ENCAUCHETADO 3X14 CU,6,,ENTERRAR UCAP CABLE CU ENCAUCHETADO 3X14 CU,"Tabla 1 al 331_2026.pdf, pagina 62",5200464
63,SS,1185130,SMAP-CIL-0230-25 CR 107B CL 45B -108,5200231,"UCAP BRAZO 1"" - 0.4M - 0°",1,,BRAZO 1 - 0.4M - 0°,"Tabla 1 al 331_2026.pdf, pagina 63",5200231
63,SS,1185130,SMAP-CIL-0230-25 CR 107B CL 45B -108,5200270,LUM LED (KORELED) 44W,1,,LUM LED KORELED 44W,"Tabla 1 al 331_2026.pdf, pagina 63",5200270
64,SS,1218023,Cancha de Tejo Limonar 1 CR 61D CL 57 SUR - 7,5020117,UCAP POSTE PRFV 9M (ENTERRAR),4,,POSTE PRFV 9M ENTERRAR,"Tabla 1 al 331_2026.pdf, pagina 64",5020117
64,SS,1218023,Cancha de Tejo Limonar 1 CR 61D CL 57 SUR - 7,5200235,"UCAP BRAZO 1 1/2"" - 1.5M - 52°/0°",4,,BRAZO 1 1/2 - 1.5M - 52°/0°,"Tabla 1 al 331_2026.pdf, pagina 64",5200235
64,SS,1218023,Cancha de Tejo Limonar 1 CR 61D CL 57 SUR - 7,5200272,LUM LED (SEPIALED II) 128W,4,,LUM LED SEPIALED II 128W,"Tabla 1 al 331_2026.pdf, pagina 64",5200272
64,SS,1218023,Cancha de Tejo Limonar 1 CR 61D CL 57 SUR - 7,5200422,CABLE FZA AL 3X6 AWG XLPE 600V 90°C ENTERRADO,31,,CABLE FZA AL 3X6 AWG XLPE 600V 90°C ENTERRADO,"Tabla 1 al 331_2026.pdf, pagina 64",5200422
64,SS,1218023,Cancha de Tejo Limonar 1 CR 61D CL 57 SUR - 7,5200464,UCAP CABLE CU ENCAUCHETADO 3X14 CU,9,,CABLE CU ENCAUCHETADO 3X14 CU,"Tabla 1 al 331_2026.pdf, pagina 64",5200464
64,SS,1218023,Cancha de Tejo Limonar 1 CR 61D CL 57 SUR - 7,5200502,UCAP CAJA CONCRETO DIRECTAMENTE ENT,6,,CAJA CONCRETO DIRECTAMENTE ENT,"Tabla 1 al 331_2026.pdf, pagina 64",5200502
65,SS,1218026,Cancha de Tejo Santa Lucía-Danubio CL 44 C CR 92 - 09,5090208,CAJA DE PASO METÁLICA,8,,CAJA DE PASO METALICA,"Tabla 1 al 331_2026.pdf, pagina 65",5090208
65,SS,1218026,Cancha de Tejo Santa Lucía-Danubio CL 44 C CR 92 - 09,5200235,"UCAP BRAZO 1 1/2"" - 1.5M - 52°/0°",2,,BRAZO 1 1/2 - 1.5M - 52°/0°,"Tabla 1 al 331_2026.pdf, pagina 65",5200235
65,SS,1218026,Cancha de Tejo Santa Lucía-Danubio CL 44 C CR 92 - 09,5200905,(cid:9)PROYECTOR LED 25W SIMETRICO 5000K (ACROLED),8,,CID 9 PROYECTOR LED 25W SIMETRICO 5000K ACROLED,"Tabla 1 al 331_2026.pdf, pagina 65",5200905
65,SS,1218026,Cancha de Tejo Santa Lucía-Danubio CL 44 C CR 92 - 09,5200272,LUM LED (SEPIALED II) 128W,2,,LUM LED SEPIALED II 128W,"Tabla 1 al 331_2026.pdf, pagina 65",5200272
65,SS,1218026,Cancha de Tejo Santa Lucía-Danubio CL 44 C CR 92 - 09,5200419,UCAP POSTE PRFV 8M (ENTERRAR),2,,POSTE PRFV 8M ENTERRAR,"Tabla 1 al 331_2026.pdf, pagina 65",5200419
65,SS,1218026,Cancha de Tejo Santa Lucía-Danubio CL 44 C CR 92 - 09,5200464,UCAP CABLE CU ENCAUCHETADO 3X14 CU,48,,CABLE CU ENCAUCHETADO 3X14 CU,"Tabla 1 al 331_2026.pdf, pagina 65",5200464
66,SS,1175383,SMAP-UDEA-0589-23 CR 102 A # 58 - 87 - Sendero Peatonal,5200232,"UCAP BRAZO 1"" - 1.5M - 52°/0°",1,,BRAZO 1 - 1.5M - 52°/0°,"Tabla 1 al 331_2026.pdf, pagina 66",5200232
66,SS,1175383,SMAP-UDEA-0589-23 CR 102 A # 58 - 87 - Sendero Peatonal,5000263,LUM LED 48W ASIMÉTRICA 4000K HORIZONTAL,1,,LUM LED 48W ASIMETRICA 4000K HORIZONTAL,"Tabla 1 al 331_2026.pdf, pagina 66",5000263
66,SS,1175383,SMAP-UDEA-0589-23 CR 102 A # 58 - 87 - Sendero Peatonal,5200464,UCAP CABLE CU ENCAUCHETADO 3X14 CU,55,,CABLE CU ENCAUCHETADO 3X14 CU,"Tabla 1 al 331_2026.pdf, pagina 66",5200464
67,SS,1206407,SMAP-CIL-0293-25 CL 64AC #106 -107 - Sendero Peatonal,5200231,"UCAP BRAZO 1"" - 0.4M - 0°",1,,BRAZO 1 - 0.4M - 0°,"Tabla 1 al 331_2026.pdf, pagina 67",5200231
67,SS,1206407,SMAP-CIL-0293-25 CL 64AC #106 -107 - Sendero Peatonal,5000263,LUM LED 48W ASIMÉTRICA 4000K HORIZONTAL,1,,LUM LED 48W ASIMETRICA 4000K HORIZONTAL,"Tabla 1 al 331_2026.pdf, pagina 67",5000263
67,SS,1206407,SMAP-CIL-0293-25 CL 64AC #106 -107 - Sendero Peatonal,5200419,UCAP POSTE PRFV 8M (ENTERRAR),1,,POSTE PRFV 8M ENTERRAR,"Tabla 1 al 331_2026.pdf, pagina 67",5200419
67,SS,1206407,SMAP-CIL-0293-25 CL 64AC #106 -107 - Sendero Peatonal,5200464,UCAP CABLE CU ENCAUCHETADO 3X14 CU,20,,CABLE CU ENCAUCHETADO 3X14 CU,"Tabla 1 al 331_2026.pdf, pagina 67",5200464
68,SS,1262052,VIA VDA PAJARITO JUNTO A FUNDACIÓN REMAR,5200232,"UCAP BRAZO 1"" - 1.5M - 52°/0°",1,,BRAZO 1 - 1.5M - 52°/0°,"Tabla 1 al 331_2026.pdf, pagina 68",5200232
68,SS,1262052,VIA VDA PAJARITO JUNTO A FUNDACIÓN REMAR,5000263,LUM LED 48W ASIMÉTRICA 4000K HORIZONTAL,1,,LUM LED 48W ASIMETRICA 4000K HORIZONTAL,"Tabla 1 al 331_2026.pdf, pagina 68",5000263
69,SS,1272741,Sendero Peatonal-El Salado CR 120 CL 39 FF -32 (INTERIOR 109),5200231,"UCAP BRAZO 1"" - 0.4M - 0°",1,,BRAZO 1 - 0.4M - 0°,"Tabla 1 al 331_2026.pdf, pagina 69",5200231
69,SS,1272741,Sendero Peatonal-El Salado CR 120 CL 39 FF -32 (INTERIOR 109),5000263,LUM LED 48W ASIMÉTRICA 4000K HORIZONTAL,1,,LUM LED 48W ASIMETRICA 4000K HORIZONTAL,"Tabla 1 al 331_2026.pdf, pagina 69",5000263
70,SS,1097654,SENDERO PEATONAL CR 97 AB CL 55 -62 Urb Altos de Calazans,5020117,UCAP POSTE PRFV 9M (ENTERRAR),4,,POSTE PRFV 9M ENTERRAR,"Tabla 1 al 331_2026.pdf, pagina 70",5020117
70,SS,1097654,SENDERO PEATONAL CR 97 AB CL 55 -62 Urb Altos de Calazans,5090209,PUESTA A TIERRA,2,,PUESTA A TIERRA,"Tabla 1 al 331_2026.pdf, pagina 70",5090209
70,SS,1097654,SENDERO PEATONAL CR 97 AB CL 55 -62 Urb Altos de Calazans,5200231,"UCAP BRAZO 1"" - 0.4M - 0°",4,,BRAZO 1 - 0.4M - 0°,"Tabla 1 al 331_2026.pdf, pagina 70",5200231
70,SS,1097654,SENDERO PEATONAL CR 97 AB CL 55 -62 Urb Altos de Calazans,5000263,LUM LED 48W ASIMÉTRICA 4000K HORIZONTAL,4,,LUM LED 48W ASIMETRICA 4000K HORIZONTAL,"Tabla 1 al 331_2026.pdf, pagina 70",5000263
70,SS,1097654,SENDERO PEATONAL CR 97 AB CL 55 -62 Urb Altos de Calazans,5200407,"UCAP TRIPLEX AL 2X4+1X4 XLP,AEREO",82,,TRIPLEX AL 2X4+1X4 XLP AEREO,"Tabla 1 al 331_2026.pdf, pagina 70",5200407
71,SS,1082476,VIA - RIELES Reversadero vda la Volcana por el Cementerio,5090209,PUESTA A TIERRA,1,,PUESTA A TIERRA,"Tabla 1 al 331_2026.pdf, pagina 71",5090209
71,SS,1082476,VIA - RIELES Reversadero vda la Volcana por el Cementerio,5200232,"UCAP BRAZO 1"" - 1.5M - 52°/0°",6,,BRAZO 1 - 1.5M - 52°/0°,"Tabla 1 al 331_2026.pdf, pagina 71",5200232
71,SS,1082476,VIA - RIELES Reversadero vda la Volcana por el Cementerio,5000263,LUM LED 48W ASIMÉTRICA 4000K HORIZONTAL,6,,LUM LED 48W ASIMETRICA 4000K HORIZONTAL,"Tabla 1 al 331_2026.pdf, pagina 71",5000263
71,SS,1082476,VIA - RIELES Reversadero vda la Volcana por el Cementerio,5200407,"UCAP TRIPLEX AL 2X4+1X4 XLP,AEREO",64,,TRIPLEX AL 2X4+1X4 XLP AEREO,"Tabla 1 al 331_2026.pdf, pagina 71",5200407
71,SS,1082476,VIA - RIELES Reversadero vda la Volcana por el Cementerio,5200419,UCAP POSTE PRFV 8M (ENTERRAR),3,,POSTE PRFV 8M ENTERRAR,"Tabla 1 al 331_2026.pdf, pagina 71",5200419
72,SS,1226204,PUENTE PEATONAL CL 50 POR CR 66,5200232,"UCAP BRAZO 1"" - 1.5M - 52°/0°",4,,BRAZO 1 - 1.5M - 52°/0°,"Tabla 1 al 331_2026.pdf, pagina 72",5200232
72,SS,1226204,PUENTE PEATONAL CL 50 POR CR 66,5000263,LUM LED 48W ASIMÉTRICA 4000K HORIZONTAL,4,,LUM LED 48W ASIMETRICA 4000K HORIZONTAL,"Tabla 1 al 331_2026.pdf, pagina 72",5000263
72,SS,1226204,PUENTE PEATONAL CL 50 POR CR 66,5200407,"UCAP TRIPLEX AL 2X4+1X4 XLP,AEREO",51,,TRIPLEX AL 2X4+1X4 XLP AEREO,"Tabla 1 al 331_2026.pdf, pagina 72",5200407
72,SS,1226204,PUENTE PEATONAL CL 50 POR CR 66,5200217,UCAP LUMINARIA 70W,,2,LUMINARIA 70W,"Tabla 1 al 331_2026.pdf, pagina 72",5200217
72,SS,1226204,PUENTE PEATONAL CL 50 POR CR 66,5200201,UCAP BOMBILLO 70W,,2,BOMBILLO 70W,"Tabla 1 al 331_2026.pdf, pagina 72",5200201
72,SS,1226204,PUENTE PEATONAL CL 50 POR CR 66,5200231,"UCAP BRAZO 1"" - 0.4M - 0°",,2,BRAZO 1 - 0.4M - 0°,"Tabla 1 al 331_2026.pdf, pagina 72",5200231
72,SS,1226204,PUENTE PEATONAL CL 50 POR CR 66,5200410,duplex cu 14 awg-thw 300v,,48,DUPLEX CU 14 AWG-THW 300V,"Tabla 1 al 331_2026.pdf, pagina 72",5200410
73,SS,1267719,PARQUE CR 66 B ENTRE CL 27 Y CL 28,5200235,"UCAP BRAZO 1 1/2"" - 1.5M - 52°/0°",1,,BRAZO 1 1/2 - 1.5M - 52°/0°,"Tabla 1 al 331_2026.pdf, pagina 73",5200235
73,SS,1267719,PARQUE CR 66 B ENTRE CL 27 Y CL 28,5000263,LUM LED 48W ASIMÉTRICA 4000K HORIZONTAL,4,,LUM LED 48W ASIMETRICA 4000K HORIZONTAL,"Tabla 1 al 331_2026.pdf, pagina 73",5000263
73,SS,1267719,PARQUE CR 66 B ENTRE CL 27 Y CL 28,5000264,"LUM LED 62,4W ASIMÉTRICA 4000K HORIZONTAL",1,,LUM LED 62 4W ASIMETRICA 4000K HORIZONTAL,"Tabla 1 al 331_2026.pdf, pagina 73",5000264
73,SS,1267719,PARQUE CR 66 B ENTRE CL 27 Y CL 28,5200302,UCAP POSTE CONCRETO CARABOBO 5M,4,,POSTE CONCRETO CARABOBO 5M,"Tabla 1 al 331_2026.pdf, pagina 73",5200302
73,SS,1267719,PARQUE CR 66 B ENTRE CL 27 Y CL 28,5200419,UCAP POSTE PRFV 8M (ENTERRAR),1,,POSTE PRFV 8M ENTERRAR,"Tabla 1 al 331_2026.pdf, pagina 73",5200419
73,SS,1267719,PARQUE CR 66 B ENTRE CL 27 Y CL 28,5200422,CABLE FZA AL 3X6 AWG XLPE 600V 90°C ENTERRADO,51,,CABLE FZA AL 3X6 AWG XLPE 600V 90°C ENTERRADO,"Tabla 1 al 331_2026.pdf, pagina 73",5200422
73,SS,1267719,PARQUE CR 66 B ENTRE CL 27 Y CL 28,5200501,UCAP CAJA CONCRETO 50X50 CM,5,,CAJA CONCRETO 50X50 CM,"Tabla 1 al 331_2026.pdf, pagina 73",5200501
73,SS,1267719,PARQUE CR 66 B ENTRE CL 27 Y CL 28,5200238,BRAZO CARABOBO SENCILLO,4,,BRAZO CARABOBO SENCILLO,"Tabla 1 al 331_2026.pdf, pagina 73",5200238
74,SS,1237662,SENDERO PEATONAL CR 83 CL 104 DA -15,5200231,"UCAP BRAZO 1"" - 0.4M - 0°",4,,BRAZO 1 - 0.4M - 0°,"Tabla 1 al 331_2026.pdf, pagina 74",5200231
74,SS,1237662,SENDERO PEATONAL CR 83 CL 104 DA -15,5000263,LUM LED 48W ASIMÉTRICA 4000K HORIZONTAL,4,,LUM LED 48W ASIMETRICA 4000K HORIZONTAL,"Tabla 1 al 331_2026.pdf, pagina 74",5000263
74,SS,1237662,SENDERO PEATONAL CR 83 CL 104 DA -15,5200464,UCAP CABLE CU ENCAUCHETADO 3X14 CU,2,,CABLE CU ENCAUCHETADO 3X14 CU,"Tabla 1 al 331_2026.pdf, pagina 74",5200464
74,SS,1237662,SENDERO PEATONAL CR 83 CL 104 DA -15,5200217,UCAP LUMINARIA 70W,,3,LUMINARIA 70W,"Tabla 1 al 331_2026.pdf, pagina 74",5200217
74,SS,1237662,SENDERO PEATONAL CR 83 CL 104 DA -15,5200201,UCAP BOMBILLO 70W,,3,BOMBILLO 70W,"Tabla 1 al 331_2026.pdf, pagina 74",5200201
74,SS,1237662,SENDERO PEATONAL CR 83 CL 104 DA -15,5200232,"UCAP BRAZO 1"" - 1.5M - 52°/0°",,3,BRAZO 1 - 1.5M - 52°/0°,"Tabla 1 al 331_2026.pdf, pagina 74",5200232
75,SS,1280377,Sendero peatonal-Salado parte alta CL 39DA CR 119C-162,5200231,"UCAP BRAZO 1"" - 0.4M - 0°",2,,BRAZO 1 - 0.4M - 0°,"Tabla 1 al 331_2026.pdf, pagina 75",5200231
75,SS,1280377,Sendero peatonal-Salado parte alta CL 39DA CR 119C-162,5000263,LUM LED 48W ASIMÉTRICA 4000K HORIZONTAL,2,,LUM LED 48W ASIMETRICA 4000K HORIZONTAL,"Tabla 1 al 331_2026.pdf, pagina 75",5000263
76,SS,1150388,SENDERO PEATONAL SMAP-CIL-0138-25 CR 119 CR 55-40,5000263,LUM LED 48W ASIMÉTRICA 4000K HORIZONTAL,3,,LUM LED 48W ASIMETRICA 4000K HORIZONTAL,"Tabla 1 al 331_2026.pdf, pagina 76",5000263
76,SS,1150388,SENDERO PEATONAL SMAP-CIL-0138-25 CR 119 CR 55-40,5200422,CABLE FZA AL 3X6 AWG XLPE 600V 90°C ENTERRADO,25,,CABLE FZA AL 3X6 AWG XLPE 600V 90°C ENTERRADO,"Tabla 1 al 331_2026.pdf, pagina 76",5200422
76,SS,1150388,SENDERO PEATONAL SMAP-CIL-0138-25 CR 119 CR 55-40,5200464,UCAP CABLE CU ENCAUCHETADO 3X14 CU,18,,CABLE CU ENCAUCHETADO 3X14 CU,"Tabla 1 al 331_2026.pdf, pagina 76",5200464
76,SS,1150388,SENDERO PEATONAL SMAP-CIL-0138-25 CR 119 CR 55-40,5200238,UCAP BRAZO SENCILLO CARABOBO,3,3,BRAZO SENCILLO CARABOBO,"Tabla 1 al 331_2026.pdf, pagina 76",5200238
76,SS,1150388,SENDERO PEATONAL SMAP-CIL-0138-25 CR 119 CR 55-40,5200217,UCAP LUMINARIA 70W,,3,LUMINARIA 70W,"Tabla 1 al 331_2026.pdf, pagina 76",5200217
76,SS,1150388,SENDERO PEATONAL SMAP-CIL-0138-25 CR 119 CR 55-40,5200201,UCAP BOMBILLO 70W,,3,BOMBILLO 70W,"Tabla 1 al 331_2026.pdf, pagina 76",5200201
76,SS,1150388,SENDERO PEATONAL SMAP-CIL-0138-25 CR 119 CR 55-40,5200410,UCAP DUPLEX CU 14 AWG-THW 300V,,28,DUPLEX CU 14 AWG-THW 300V,"Tabla 1 al 331_2026.pdf, pagina 76",5200410
77,SS,1159481,SENDERO CL 91 # 65,5200231,"UCAP BRAZO 1"" - 0.4M - 0°",2,,BRAZO 1 - 0.4M - 0°,"Tabla 1 al 331_2026.pdf, pagina 77",5200231
77,SS,1159481,SENDERO CL 91 # 65,5000263,LUM LED 48W ASIMÉTRICA 4000K HORIZONTAL,2,,LUM LED 48W ASIMETRICA 4000K HORIZONTAL,"Tabla 1 al 331_2026.pdf, pagina 77",5000263
77,SS,1159481,SENDERO CL 91 # 65,5200419,UCAP POSTE PRFV 8M (ENTERRAR),2,,POSTE PRFV 8M ENTERRAR,"Tabla 1 al 331_2026.pdf, pagina 77",5200419
77,SS,1159481,SENDERO CL 91 # 65,5200464,UCAP CABLE CU ENCAUCHETADO 3X14 CU,20,,CABLE CU ENCAUCHETADO 3X14 CU,"Tabla 1 al 331_2026.pdf, pagina 77",5200464
78,SS,1280978,Canchas Polideportivas 1 y 2 San Germán Carrera 74B # 62 206,5200464,UCAP CABLE CU ENCAUCHETADO 3X14 CU,28,,CABLE CU ENCAUCHETADO 3X14 CU,"Tabla 1 al 331_2026.pdf, pagina 78",5200464
78,SS,1280978,Canchas Polideportivas 1 y 2 San Germán Carrera 74B # 62 206,5200799,CONTROL TEMPORIZADO 25 A,2,,CONTROL TEMPORIZADO 25 A,"Tabla 1 al 331_2026.pdf, pagina 78",5200799
79,SS,1280954,SENDERO PEATONAL CL 70 F CR 99 -46 INTERIOR 9803,5200231,"UCAP BRAZO 1"" - 0.4M - 0°",1,,BRAZO 1 - 0.4M - 0°,"Tabla 1 al 331_2026.pdf, pagina 79",5200231
79,SS,1280954,SENDERO PEATONAL CL 70 F CR 99 -46 INTERIOR 9803,5000263,LUM LED 48W ASIMÉTRICA 4000K HORIZONTAL,1,,LUM LED 48W ASIMETRICA 4000K HORIZONTAL,"Tabla 1 al 331_2026.pdf, pagina 79",5000263
80,SS,1293126,Andén DIAG 79 A CL 5 -299,5200231,"UCAP BRAZO 1"" - 0.4M - 0°",1,,BRAZO 1 - 0.4M - 0°,"Tabla 1 al 331_2026.pdf, pagina 80",5200231
80,SS,1293126,Andén DIAG 79 A CL 5 -299,5000263,LUM LED 48W ASIMÉTRICA 4000K HORIZONTAL,4,,LUM LED 48W ASIMETRICA 4000K HORIZONTAL,"Tabla 1 al 331_2026.pdf, pagina 80",5000263
80,SS,1293126,Andén DIAG 79 A CL 5 -299,5200302,UCAP POSTE CONCRETO CARABOBO 5M,3,,POSTE CONCRETO CARABOBO 5M,"Tabla 1 al 331_2026.pdf, pagina 80",5200302
80,SS,1293126,Andén DIAG 79 A CL 5 -299,5200422,CABLE FZA AL 3X6 AWG XLPE 600V 90°C ENTERRADO,71,,CABLE FZA AL 3X6 AWG XLPE 600V 90°C ENTERRADO,"Tabla 1 al 331_2026.pdf, pagina 80",5200422
80,SS,1293126,Andén DIAG 79 A CL 5 -299,5200502,UCAP CAJA CONCRETO DIRECTAMENTE ENT,3,,CAJA CONCRETO DIRECTAMENTE ENT,"Tabla 1 al 331_2026.pdf, pagina 80",5200502
80,SS,1293126,Andén DIAG 79 A CL 5 -299,5200238,BRAZO CARABOBO SENCILLO,3,,BRAZO CARABOBO SENCILLO,"Tabla 1 al 331_2026.pdf, pagina 80",5200238
81,SS,1280906,SENDERO PEATONAL VDA PAJARITO POR LA FABRICA DE VELAS DON PEDRO,5200231,"UCAP BRAZO 1"" - 0.4M - 0°",1,,BRAZO 1 - 0.4M - 0°,"Tabla 1 al 331_2026.pdf, pagina 81",5200231
81,SS,1280906,SENDERO PEATONAL VDA PAJARITO POR LA FABRICA DE VELAS DON PEDRO,5000263,LUM LED 48W ASIMÉTRICA 4000K HORIZONTAL,1,,LUM LED 48W ASIMETRICA 4000K HORIZONTAL,"Tabla 1 al 331_2026.pdf, pagina 81",5000263
82,SS,1292879,Andén CL 7 SUR CR 51-41,5200231,"UCAP BRAZO 1"" - 0.4M - 0°",1,,BRAZO 1 - 0.4M - 0°,"Tabla 1 al 331_2026.pdf, pagina 82",5200231
82,SS,1292879,Andén CL 7 SUR CR 51-41,5000263,LUM LED 48W ASIMÉTRICA 4000K HORIZONTAL,1,,LUM LED 48W ASIMETRICA 4000K HORIZONTAL,"Tabla 1 al 331_2026.pdf, pagina 82",5000263
83,SS,1280065,VIA VDA FRISOLA VIA TELEFERICO # 77 CL 120 # 228 - 77,5200232,"UCAP BRAZO 1"" - 1.5M - 52°/0°",2,,BRAZO 1 - 1.5M - 52°/0°,"Tabla 1 al 331_2026.pdf, pagina 83",5200232
83,SS,1280065,VIA VDA FRISOLA VIA TELEFERICO # 77 CL 120 # 228 - 77,5000263,LUM LED 48W ASIMÉTRICA 4000K HORIZONTAL,2,,LUM LED 48W ASIMETRICA 4000K HORIZONTAL,"Tabla 1 al 331_2026.pdf, pagina 83",5000263
83,SS,1280065,VIA VDA FRISOLA VIA TELEFERICO # 77 CL 120 # 228 - 77,5200419,UCAP POSTE PRFV 8M (ENTERRAR),2,,POSTE PRFV 8M ENTERRAR,"Tabla 1 al 331_2026.pdf, pagina 83",5200419
83,SS,1280065,VIA VDA FRISOLA VIA TELEFERICO # 77 CL 120 # 228 - 77,5200464,UCAP CABLE CU ENCAUCHETADO 3X14 CU,49,,CABLE CU ENCAUCHETADO 3X14 CU,"Tabla 1 al 331_2026.pdf, pagina 83",5200464
84,SS,1290975,Sendero Peatonal CL 58 A CR 85E -87 (INTERIOR 201),5200231,"UCAP BRAZO 1"" - 0.4M - 0°",1,,BRAZO 1 - 0.4M - 0°,"Tabla 1 al 331_2026.pdf, pagina 84",5200231
84,SS,1290975,Sendero Peatonal CL 58 A CR 85E -87 (INTERIOR 201),5000263,LUM LED 48W ASIMÉTRICA 4000K HORIZONTAL,1,,LUM LED 48W ASIMETRICA 4000K HORIZONTAL,"Tabla 1 al 331_2026.pdf, pagina 84",5000263
84,SS,1290975,Sendero Peatonal CL 58 A CR 85E -87 (INTERIOR 201),5200419,UCAP POSTE PRFV 8M (ENTERRAR),1,,POSTE PRFV 8M ENTERRAR,"Tabla 1 al 331_2026.pdf, pagina 84",5200419
84,SS,1290975,Sendero Peatonal CL 58 A CR 85E -87 (INTERIOR 201),5200464,UCAP CABLE CU ENCAUCHETADO 3X14 CU,9,,CABLE CU ENCAUCHETADO 3X14 CU,"Tabla 1 al 331_2026.pdf, pagina 84",5200464
85,SS,1292290,PLACA POLIDEPORTIVA CR80 B CL 34 C,5200421,CABLE FZA AL 3X6 AWG XLPE 600V 90°C,28,,CABLE FZA AL 3X6 AWG XLPE 600V 90°C,"Tabla 1 al 331_2026.pdf, pagina 85",5200421
85,SS,1292290,PLACA POLIDEPORTIVA CR80 B CL 34 C,5200799,CONTROL TEMPORIZADO 25 A,1,,CONTROL TEMPORIZADO 25 A,"Tabla 1 al 331_2026.pdf, pagina 85",5200799
86,SS,1292629,SENDERO PEATONAL CL 118 # 64 CC – 68,5200232,"UCAP BRAZO 1"" - 1.5M - 52°/0°",1,,BRAZO 1 - 1.5M - 52°/0°,"Tabla 1 al 331_2026.pdf, pagina 86",5200232
86,SS,1292629,SENDERO PEATONAL CL 118 # 64 CC – 68,5000263,LUM LED 48W ASIMÉTRICA 4000K HORIZONTAL,1,,LUM LED 48W ASIMETRICA 4000K HORIZONTAL,"Tabla 1 al 331_2026.pdf, pagina 86",5000263
87,SS,1159336,SENDERO PEATONAL - PARQUE INFANTIL CL 92A #67A-35_SMAP- CIL-0158-25,5000263,LUM LED 48W ASIMÉTRICA 4000K HORIZONTAL,5,,LUM LED 48W ASIMETRICA 4000K HORIZONTAL,"Tabla 1 al 331_2026.pdf, pagina 87",5000263
87,SS,1159336,SENDERO PEATONAL - PARQUE INFANTIL CL 92A #67A-35_SMAP- CIL-0158-25,5000264,"LUM LED 62,4W ASIMÉTRICA 4000K HORIZONTAL",1,,LUM LED 62 4W ASIMETRICA 4000K HORIZONTAL,"Tabla 1 al 331_2026.pdf, pagina 87",5000264
87,SS,1159336,SENDERO PEATONAL - PARQUE INFANTIL CL 92A #67A-35_SMAP- CIL-0158-25,5200302,UCAP POSTE CONCRETO CARABOBO 5M,6,,POSTE CONCRETO CARABOBO 5M,"Tabla 1 al 331_2026.pdf, pagina 87",5200302
87,SS,1159336,SENDERO PEATONAL - PARQUE INFANTIL CL 92A #67A-35_SMAP- CIL-0158-25,5200407,"UCAP TRIPLEX AL 2X4+1X4 XLP,AEREO",20,,TRIPLEX AL 2X4+1X4 XLP AEREO,"Tabla 1 al 331_2026.pdf, pagina 87",5200407
87,SS,1159336,SENDERO PEATONAL - PARQUE INFANTIL CL 92A #67A-35_SMAP- CIL-0158-25,5200411,UCAP CABLE 3X8 ENTERRADO Z.VERDE,81,,CABLE 3X8 ENTERRADO Z.VERDE,"Tabla 1 al 331_2026.pdf, pagina 87",5200411
87,SS,1159336,SENDERO PEATONAL - PARQUE INFANTIL CL 92A #67A-35_SMAP- CIL-0158-25,5200501,UCAP CAJA CONCRETO 50X50 CM,7,,CAJA CONCRETO 50X50 CM,"Tabla 1 al 331_2026.pdf, pagina 87",5200501
87,SS,1159336,SENDERO PEATONAL - PARQUE INFANTIL CL 92A #67A-35_SMAP- CIL-0158-25,5200238,BRAZO CARABOBO SENCILLO,6,,BRAZO CARABOBO SENCILLO,"Tabla 1 al 331_2026.pdf, pagina 87",5200238
88,SS,1133043,SMAP-CIL-0091-25 CL 54 A CR 81 B,5200231,"UCAP BRAZO 1"" - 0.4M - 0°",3,,BRAZO 1 - 0.4M - 0°,"Tabla 1 al 331_2026.pdf, pagina 88",5200231
88,SS,1133043,SMAP-CIL-0091-25 CL 54 A CR 81 B,5000263,LUM LED 48W ASIMÉTRICA 4000K HORIZONTAL,3,,LUM LED 48W ASIMETRICA 4000K HORIZONTAL,"Tabla 1 al 331_2026.pdf, pagina 88",5000263
89,SS,1133892,SMAP-CIL-0105-25 CL 48 E CR 103 B-84,5200232,"UCAP BRAZO 1"" - 1.5M - 52°/0°",1,,BRAZO 1 - 1.5M - 52°/0°,"Tabla 1 al 331_2026.pdf, pagina 89",5200232
89,SS,1133892,SMAP-CIL-0105-25 CL 48 E CR 103 B-84,5000263,LUM LED 48W ASIMÉTRICA 4000K HORIZONTAL,1,,LUM LED 48W ASIMETRICA 4000K HORIZONTAL,"Tabla 1 al 331_2026.pdf, pagina 89",5000263
90,SS,1221411,Vda. La Aldea Vía Palmitas CL 133 CR 193-185,5200232,"UCAP BRAZO 1"" - 1.5M - 52°/0°",1,1,BRAZO 1 - 1.5M - 52°/0°,"Tabla 1 al 331_2026.pdf, pagina 90",5200232
90,SS,1221411,Vda. La Aldea Vía Palmitas CL 133 CR 193-185,5000263,LUM LED 48W ASIMÉTRICA 4000K HORIZONTAL,1,,LUM LED 48W ASIMETRICA 4000K HORIZONTAL,"Tabla 1 al 331_2026.pdf, pagina 90",5000263
90,SS,1221411,Vda. La Aldea Vía Palmitas CL 133 CR 193-185,5200308,UCAP POSTE CONCRETO OCTOG 8M,1,,POSTE CONCRETO OCTOG 8M,"Tabla 1 al 331_2026.pdf, pagina 90",5200308
90,SS,1221411,Vda. La Aldea Vía Palmitas CL 133 CR 193-185,5200464,UCAP CABLE CU ENCAUCHETADO 3X14 CU,30,,CABLE CU ENCAUCHETADO 3X14 CU,"Tabla 1 al 331_2026.pdf, pagina 90",5200464
90,SS,1221411,Vda. La Aldea Vía Palmitas CL 133 CR 193-185,5200217,UCAP LUMINARIA 70W,,1,LUMINARIA 70W,"Tabla 1 al 331_2026.pdf, pagina 90",5200217
90,SS,1221411,Vda. La Aldea Vía Palmitas CL 133 CR 193-185,5200201,UCAP BOMBILLO 70W,,1,BOMBILLO 70W,"Tabla 1 al 331_2026.pdf, pagina 90",5200201
91,SS,1285564,Carlos E restrepo CL 57 DIAG 63AA,5200799,CONTROL TEMPORIZADO 25 A,2,,CONTROL TEMPORIZADO 25 A,"Tabla 1 al 331_2026.pdf, pagina 91",5200799
92,SS,1280964,SENDERO PEATONAL Circular 5 Carrera 66B - 179,5200799,CONTROL TEMPORIZADO 25 A,2,,CONTROL TEMPORIZADO 25 A,"Tabla 1 al 331_2026.pdf, pagina 92",5200799
93,SS,1280968,Cancha Polideportiva El Triángulo Calle 40 # 63C 65,5200464,UCAP CABLE CU ENCAUCHETADO 3X14 CU,34,,CABLE CU ENCAUCHETADO 3X14 CU,"Tabla 1 al 331_2026.pdf, pagina 93",5200464
93,SS,1280968,Cancha Polideportiva El Triángulo Calle 40 # 63C 65,5200799,CONTROL TEMPORIZADO 25 A,2,,CONTROL TEMPORIZADO 25 A,"Tabla 1 al 331_2026.pdf, pagina 93",5200799
94,SS,1280552,Cancha deportiva santa maria de la paz CR 71A CL 81,5200235,"UCAP BRAZO 1 1/2"" - 1.5M - 52°/0°",2,,BRAZO 1 1/2 - 1.5M - 52°/0°,"Tabla 1 al 331_2026.pdf, pagina 94",5200235
94,SS,1280552,Cancha deportiva santa maria de la paz CR 71A CL 81,5200241,UCAP BRAZO CURVO 3000M,,2,BRAZO CURVO 3000M,"Tabla 1 al 331_2026.pdf, pagina 94",5200241
95,SS,1285585,Sendero Peatonal CR 111B CL 34CC-84,5200231,"UCAP BRAZO 1"" - 0.4M - 0°",2,,BRAZO 1 - 0.4M - 0°,"Tabla 1 al 331_2026.pdf, pagina 95",5200231
95,SS,1285585,Sendero Peatonal CR 111B CL 34CC-84,5000263,LUM LED 48W ASIMÉTRICA 4000K HORIZONTAL,2,,LUM LED 48W ASIMETRICA 4000K HORIZONTAL,"Tabla 1 al 331_2026.pdf, pagina 95",5000263
95,SS,1285585,Sendero Peatonal CR 111B CL 34CC-84,5200419,UCAP POSTE PRFV 8M (ENTERRAR),1,,POSTE PRFV 8M ENTERRAR,"Tabla 1 al 331_2026.pdf, pagina 95",5200419
95,SS,1285585,Sendero Peatonal CR 111B CL 34CC-84,5200464,UCAP CABLE CU ENCAUCHETADO 3X14 CU,34,,CABLE CU ENCAUCHETADO 3X14 CU,"Tabla 1 al 331_2026.pdf, pagina 95",5200464
96,SS,1285885,Sendero Peatonal CL 3 A CR 80 A -26,5200232,"UCAP BRAZO 1"" - 1.5M - 52°/0°",1,,BRAZO 1 - 1.5M - 52°/0°,"Tabla 1 al 331_2026.pdf, pagina 96",5200232
96,SS,1285885,Sendero Peatonal CL 3 A CR 80 A -26,5000263,LUM LED 48W ASIMÉTRICA 4000K HORIZONTAL,1,,LUM LED 48W ASIMETRICA 4000K HORIZONTAL,"Tabla 1 al 331_2026.pdf, pagina 96",5000263
96,SS,1285885,Sendero Peatonal CL 3 A CR 80 A -26,5200419,UCAP POSTE PRFV 8M (ENTERRAR),1,,POSTE PRFV 8M ENTERRAR,"Tabla 1 al 331_2026.pdf, pagina 96",5200419
96,SS,1285885,Sendero Peatonal CL 3 A CR 80 A -26,5200464,UCAP CABLE CU ENCAUCHETADO 3X14 CU,15,,CABLE CU ENCAUCHETADO 3X14 CU,"Tabla 1 al 331_2026.pdf, pagina 96",5200464
97,SS,1279840,SENDERO PEATONAL CR 90 D CL 82 -8 INTERIOR 201,5200231,"UCAP BRAZO 1"" - 0.4M - 0°",1,,BRAZO 1 - 0.4M - 0°,"Tabla 1 al 331_2026.pdf, pagina 97",5200231
97,SS,1279840,SENDERO PEATONAL CR 90 D CL 82 -8 INTERIOR 201,5000263,LUM LED 48W ASIMÉTRICA 4000K HORIZONTAL,1,,LUM LED 48W ASIMETRICA 4000K HORIZONTAL,"Tabla 1 al 331_2026.pdf, pagina 97",5000263
97,SS,1279840,SENDERO PEATONAL CR 90 D CL 82 -8 INTERIOR 201,5200464,UCAP CABLE CU ENCAUCHETADO 3X14 CU,13,,CABLE CU ENCAUCHETADO 3X14 CU,"Tabla 1 al 331_2026.pdf, pagina 97",5200464
98,SS,,Unidad Belen Rincón CR 76A CL 1C-5,5200464,UCAP CABLE CU ENCAUCHETADO 3X14 CU,34,15,CABLE CU ENCAUCHETADO 3X14 CU,"Tabla 1 al 331_2026.pdf, pagina 98",5200464
98,SS,,Unidad Belen Rincón CR 76A CL 1C-5,5200799,CONTROL TEMPORIZADO 25 A,2,,CONTROL TEMPORIZADO 25 A,"Tabla 1 al 331_2026.pdf, pagina 98",5200799
98,SS,,Unidad Belen Rincón CR 76A CL 1C-5,5200206,UCAP LUMINARIA LED 56W HORIZONTAL,,2,LUMINARIA LED 56W HORIZONTAL,"Tabla 1 al 331_2026.pdf, pagina 98",5200206
98,SS,,Unidad Belen Rincón CR 76A CL 1C-5,5200231,"UCAP BRAZO 1"" - 0.4M - 0°",,2,BRAZO 1 - 0.4M - 0°,"Tabla 1 al 331_2026.pdf, pagina 98",5200231
98,SS,,Unidad Belen Rincón CR 76A CL 1C-5,5200419,UCAP POSTE PRFV 8M (ENTERRAR),,1,POSTE PRFV 8M ENTERRAR,"Tabla 1 al 331_2026.pdf, pagina 98",5200419
99,SS,1278366,SENDERO PEATONAL CL 114 CR 81 - 34 int 103,5200231,"UCAP BRAZO 1"" - 0.4M - 0°",1,,BRAZO 1 - 0.4M - 0°,"Tabla 1 al 331_2026.pdf, pagina 99",5200231
99,SS,1278366,SENDERO PEATONAL CL 114 CR 81 - 34 int 103,5000263,LUM LED 48W ASIMÉTRICA 4000K HORIZONTAL,1,,LUM LED 48W ASIMETRICA 4000K HORIZONTAL,"Tabla 1 al 331_2026.pdf, pagina 99",5000263
99,SS,1278366,SENDERO PEATONAL CL 114 CR 81 - 34 int 103,5200464,UCAP CABLE CU ENCAUCHETADO 3X14 CU,3,,CABLE CU ENCAUCHETADO 3X14 CU,"Tabla 1 al 331_2026.pdf, pagina 99",5200464
100,SS,1067492,Via San Antonio de Prado el Chuscal Calle 24sur Carrera 94-12,5090209,PUESTA A TIERRA,17,,PUESTA A TIERRA,"Tabla 1 al 331_2026.pdf, pagina 100",5090209
100,SS,1067492,Via San Antonio de Prado el Chuscal Calle 24sur Carrera 94-12,5200232,"UCAP BRAZO 1"" - 1.5M - 52°/0°",113,,BRAZO 1 - 1.5M - 52°/0°,"Tabla 1 al 331_2026.pdf, pagina 100",5200232
100,SS,1067492,Via San Antonio de Prado el Chuscal Calle 24sur Carrera 94-12,5000264,"LUM LED 62,4W ASIMÉTRICA 4000K HORIZONTAL",113,,LUM LED 62 4W ASIMETRICA 4000K HORIZONTAL,"Tabla 1 al 331_2026.pdf, pagina 100",5000264
100,SS,1067492,Via San Antonio de Prado el Chuscal Calle 24sur Carrera 94-12,5200301,UCAP POSTE CONCRETO REDONDO 9M.,113,,POSTE CONCRETO REDONDO 9M,"Tabla 1 al 331_2026.pdf, pagina 100",5200301
100,SS,1067492,Via San Antonio de Prado el Chuscal Calle 24sur Carrera 94-12,5200407,"UCAP TRIPLEX AL 2X4+1X4 XLP,AEREO",2738,,TRIPLEX AL 2X4+1X4 XLP AEREO,"Tabla 1 al 331_2026.pdf, pagina 100",5200407
100,SS,1067492,Via San Antonio de Prado el Chuscal Calle 24sur Carrera 94-12,5200408,UCAP TRIPLEX AL 2X2+1X4 XLP AEREO,613,,TRIPLEX AL 2X2+1X4 XLP AEREO,"Tabla 1 al 331_2026.pdf, pagina 100",5200408
100,SS,1067492,Via San Antonio de Prado el Chuscal Calle 24sur Carrera 94-12,5200464,UCAP CABLE CU ENCAUCHETADO 3X14 CU,,35,CABLE CU ENCAUCHETADO 3X14 CU,"Tabla 1 al 331_2026.pdf, pagina 100",5200464
100,SS,1067492,Via San Antonio de Prado el Chuscal Calle 24sur Carrera 94-12,5120201,UCAP - VIENTO SECUNDARIO CONVENCIONAL,24,,- VIENTO SECUNDARIO CONVENCIONAL,"Tabla 1 al 331_2026.pdf, pagina 100",5120201
101,SS,1218030,Cancha de tejo San Cristóbal 1 y 2 CR 130 B CL 64,5090208,CAJA DE PASO METÁLICA,18,,CAJA DE PASO METALICA,"Tabla 1 al 331_2026.pdf, pagina 101",5090208
101,SS,1218030,Cancha de tejo San Cristóbal 1 y 2 CR 130 B CL 64,5200905,(cid:9)PROYECTOR LED 25W SIMETRICO 5000K (ACROLED),16,,CID 9 PROYECTOR LED 25W SIMETRICO 5000K ACROLED,"Tabla 1 al 331_2026.pdf, pagina 101",5200905
101,SS,1218030,Cancha de tejo San Cristóbal 1 y 2 CR 130 B CL 64,5200464,UCAP CABLE CU ENCAUCHETADO 3X14 CU,76,,CABLE CU ENCAUCHETADO 3X14 CU,"Tabla 1 al 331_2026.pdf, pagina 101",5200464
101,SS,1218030,Cancha de tejo San Cristóbal 1 y 2 CR 130 B CL 64,5200232,"UCAP BRAZO 1"" - 1.5M - 52°/0°",,1,BRAZO 1 - 1.5M - 52°/0°,"Tabla 1 al 331_2026.pdf, pagina 101",5200232
101,SS,1218030,Cancha de tejo San Cristóbal 1 y 2 CR 130 B CL 64,5200270,LUM LED (KORELED) 44W,,1,LUM LED KORELED 44W,"Tabla 1 al 331_2026.pdf, pagina 101",5200270
102,SS,1227868,VIA VEREDA TRAVESIAS Corregimiento San Cristobal,5200232,"UCAP BRAZO 1"" - 1.5M - 52°/0°",5,,BRAZO 1 - 1.5M - 52°/0°,"Tabla 1 al 331_2026.pdf, pagina 102",5200232
102,SS,1227868,VIA VEREDA TRAVESIAS Corregimiento San Cristobal,5000263,LUM LED 48W ASIMÉTRICA 4000K HORIZONTAL,5,,LUM LED 48W ASIMETRICA 4000K HORIZONTAL,"Tabla 1 al 331_2026.pdf, pagina 102",5000263
103,SS,1228651,CRA 75 #49-36 Andén Peatonal Barrio Estadio,5200231,"UCAP BRAZO 1"" - 0.4M - 0°",2,,BRAZO 1 - 0.4M - 0°,"Tabla 1 al 331_2026.pdf, pagina 103",5200231
103,SS,1228651,CRA 75 #49-36 Andén Peatonal Barrio Estadio,5000263,LUM LED 48W ASIMÉTRICA 4000K HORIZONTAL,2,,LUM LED 48W ASIMETRICA 4000K HORIZONTAL,"Tabla 1 al 331_2026.pdf, pagina 103",5000263
104,SS,1237803,SENDERO PEATONAL VEREDA EL LLANO,5200231,"UCAP BRAZO 1"" - 0.4M - 0°",2,,BRAZO 1 - 0.4M - 0°,"Tabla 1 al 331_2026.pdf, pagina 104",5200231
104,SS,1237803,SENDERO PEATONAL VEREDA EL LLANO,5000263,LUM LED 48W ASIMÉTRICA 4000K HORIZONTAL,2,,LUM LED 48W ASIMETRICA 4000K HORIZONTAL,"Tabla 1 al 331_2026.pdf, pagina 104",5000263
105,SS,1265952,VIA SMAP 0420 CL 89 ENTRE CR 75B Y CR 76,5200232,"UCAP BRAZO 1"" - 1.5M - 52°/0°",2,2,BRAZO 1 - 1.5M - 52°/0°,"Tabla 1 al 331_2026.pdf, pagina 105",5200232
105,SS,1265952,VIA SMAP 0420 CL 89 ENTRE CR 75B Y CR 76,5000263,LUM LED 48W ASIMÉTRICA 4000K HORIZONTAL,2,,LUM LED 48W ASIMETRICA 4000K HORIZONTAL,"Tabla 1 al 331_2026.pdf, pagina 105",5000263
105,SS,1265952,VIA SMAP 0420 CL 89 ENTRE CR 75B Y CR 76,5200217,UCAP LUMINARIA 70W,,2,LUMINARIA 70W,"Tabla 1 al 331_2026.pdf, pagina 105",5200217
105,SS,1265952,VIA SMAP 0420 CL 89 ENTRE CR 75B Y CR 76,5200201,UCAP BOMBILLO 70W,,2,BOMBILLO 70W,"Tabla 1 al 331_2026.pdf, pagina 105",5200201
106,SS,1272584,SENDERO PEATONAL CR 98 D CL 67 C -18,5200231,"UCAP BRAZO 1"" - 0.4M - 0°",1,,BRAZO 1 - 0.4M - 0°,"Tabla 1 al 331_2026.pdf, pagina 106",5200231
106,SS,1272584,SENDERO PEATONAL CR 98 D CL 67 C -18,5000263,LUM LED 48W ASIMÉTRICA 4000K HORIZONTAL,1,,LUM LED 48W ASIMETRICA 4000K HORIZONTAL,"Tabla 1 al 331_2026.pdf, pagina 106",5000263
106,SS,1272584,SENDERO PEATONAL CR 98 D CL 67 C -18,5200464,UCAP CABLE CU ENCAUCHETADO 3X14 CU,2,,CABLE CU ENCAUCHETADO 3X14 CU,"Tabla 1 al 331_2026.pdf, pagina 106",5200464
107,SS,1273562,Sendero Peatonal CR 94 CL 57C -65 (INTERIOR 2142),5200231,"UCAP BRAZO 1"" - 0.4M - 0°",2,,BRAZO 1 - 0.4M - 0°,"Tabla 1 al 331_2026.pdf, pagina 107",5200231
107,SS,1273562,Sendero Peatonal CR 94 CL 57C -65 (INTERIOR 2142),5000263,LUM LED 48W ASIMÉTRICA 4000K HORIZONTAL,2,,LUM LED 48W ASIMETRICA 4000K HORIZONTAL,"Tabla 1 al 331_2026.pdf, pagina 107",5000263
108,SS,1273907,Sendero Peatonal-Palo Blanco CR 84 CL 41 A SUR -92 (INTERIOR 116),5200231,"UCAP BRAZO 1"" - 0.4M - 0°",1,,BRAZO 1 - 0.4M - 0°,"Tabla 1 al 331_2026.pdf, pagina 108",5200231
108,SS,1273907,Sendero Peatonal-Palo Blanco CR 84 CL 41 A SUR -92 (INTERIOR 116),5000263,LUM LED 48W ASIMÉTRICA 4000K HORIZONTAL,1,,LUM LED 48W ASIMETRICA 4000K HORIZONTAL,"Tabla 1 al 331_2026.pdf, pagina 108",5000263
109,SS,1234,Sendero Peatonal-Buga parte alta CR 137B -15A 191,5200232,"UCAP BRAZO 1"" - 1.5M - 52°/0°",1,,BRAZO 1 - 1.5M - 52°/0°,"Tabla 1 al 331_2026.pdf, pagina 109",5200232
109,SS,1234,Sendero Peatonal-Buga parte alta CR 137B -15A 191,5000263,LUM LED 48W ASIMÉTRICA 4000K HORIZONTAL,1,,LUM LED 48W ASIMETRICA 4000K HORIZONTAL,"Tabla 1 al 331_2026.pdf, pagina 109",5000263
110,SS,1279255,Vía-vereda la Verde CL 36 D SUR CR 55 E -22 (INTERIOR 301),5200232,"UCAP BRAZO 1"" - 1.5M - 52°/0°",4,,BRAZO 1 - 1.5M - 52°/0°,"Tabla 1 al 331_2026.pdf, pagina 110",5200232
110,SS,1279255,Vía-vereda la Verde CL 36 D SUR CR 55 E -22 (INTERIOR 301),5000263,LUM LED 48W ASIMÉTRICA 4000K HORIZONTAL,4,,LUM LED 48W ASIMETRICA 4000K HORIZONTAL,"Tabla 1 al 331_2026.pdf, pagina 110",5000263
110,SS,1279255,Vía-vereda la Verde CL 36 D SUR CR 55 E -22 (INTERIOR 301),5200308,UCAP POSTE CONCRETO OCTOG 8M,4,,POSTE CONCRETO OCTOG 8M,"Tabla 1 al 331_2026.pdf, pagina 110",5200308
110,SS,1279255,Vía-vereda la Verde CL 36 D SUR CR 55 E -22 (INTERIOR 301),5200407,"UCAP TRIPLEX AL 2X4+1X4 XLP,AEREO",123,,TRIPLEX AL 2X4+1X4 XLP AEREO,"Tabla 1 al 331_2026.pdf, pagina 110",5200407
111,SS,1279979,Sendero peatonal-La Cuchilla CL 48 D CR 99 B -621,5200231,"UCAP BRAZO 1"" - 0.4M - 0°",2,,BRAZO 1 - 0.4M - 0°,"Tabla 1 al 331_2026.pdf, pagina 111",5200231
111,SS,1279979,Sendero peatonal-La Cuchilla CL 48 D CR 99 B -621,5000263,LUM LED 48W ASIMÉTRICA 4000K HORIZONTAL,2,,LUM LED 48W ASIMETRICA 4000K HORIZONTAL,"Tabla 1 al 331_2026.pdf, pagina 111",5000263
111,SS,1279979,Sendero peatonal-La Cuchilla CL 48 D CR 99 B -621,5200419,UCAP POSTE PRFV 8M (ENTERRAR),1,,POSTE PRFV 8M ENTERRAR,"Tabla 1 al 331_2026.pdf, pagina 111",5200419
111,SS,1279979,Sendero peatonal-La Cuchilla CL 48 D CR 99 B -621,5200464,UCAP CABLE CU ENCAUCHETADO 3X14 CU,16,,CABLE CU ENCAUCHETADO 3X14 CU,"Tabla 1 al 331_2026.pdf, pagina 111",5200464
112,SS,1286701,Vía CL 47A CR 95,5200231,"UCAP BRAZO 1"" - 0.4M - 0°",2,,BRAZO 1 - 0.4M - 0°,"Tabla 1 al 331_2026.pdf, pagina 112",5200231
112,SS,1286701,Vía CL 47A CR 95,5200232,"UCAP BRAZO 1"" - 1.5M - 52°/0°",1,,BRAZO 1 - 1.5M - 52°/0°,"Tabla 1 al 331_2026.pdf, pagina 112",5200232
112,SS,1286701,Vía CL 47A CR 95,5200271,LUM LED (MAXIMO M) 59.16W,1,,LUM LED MAXIMO M 59.16W,"Tabla 1 al 331_2026.pdf, pagina 112",5200271
112,SS,1286701,Vía CL 47A CR 95,5000263,LUM LED 48W ASIMÉTRICA 4000K HORIZONTAL,2,,LUM LED 48W ASIMETRICA 4000K HORIZONTAL,"Tabla 1 al 331_2026.pdf, pagina 112",5000263
112,SS,1286701,Vía CL 47A CR 95,5200308,UCAP POSTE CONCRETO OCTOG 8M,1,,POSTE CONCRETO OCTOG 8M,"Tabla 1 al 331_2026.pdf, pagina 112",5200308
112,SS,1286701,Vía CL 47A CR 95,5200464,UCAP CABLE CU ENCAUCHETADO 3X14 CU,15,,CABLE CU ENCAUCHETADO 3X14 CU,"Tabla 1 al 331_2026.pdf, pagina 112",5200464
113,SS,1199156,ZONA VERDE CR 65 CL 101,5000269,"PROYEC LED 110W TIPO V LARGA (LONG ""L"") 5000K",4,,PROYEC LED 110W TIPO V LARGA LONG L 5000K,"Tabla 1 al 331_2026.pdf, pagina 113",5000269
113,SS,1199156,ZONA VERDE CR 65 CL 101,5200127,UCAP PROY. 1000W.,,4,PROY 1000W,"Tabla 1 al 331_2026.pdf, pagina 113",5200127
113,SS,1199156,ZONA VERDE CR 65 CL 101,5200214,UCAP BOMBILLO 1000W,,4,BOMBILLO 1000W,"Tabla 1 al 331_2026.pdf, pagina 113",5200214
114,SS,1213672,SENDERO PEATONAL CR 63 # 103EE-164,5200232,"UCAP BRAZO 1"" - 1.5M - 52°/0°",3,,BRAZO 1 - 1.5M - 52°/0°,"Tabla 1 al 331_2026.pdf, pagina 114",5200232
114,SS,1213672,SENDERO PEATONAL CR 63 # 103EE-164,5000263,LUM LED 48W ASIMÉTRICA 4000K HORIZONTAL,3,,LUM LED 48W ASIMETRICA 4000K HORIZONTAL,"Tabla 1 al 331_2026.pdf, pagina 114",5000263
114,SS,1213672,SENDERO PEATONAL CR 63 # 103EE-164,5200217,UCAP LUMINARIA 70W,,3,LUMINARIA 70W,"Tabla 1 al 331_2026.pdf, pagina 114",5200217
114,SS,1213672,SENDERO PEATONAL CR 63 # 103EE-164,5200201,UCAP BOMBILLO 70W,,3,BOMBILLO 70W,"Tabla 1 al 331_2026.pdf, pagina 114",5200201
115,SS,1228322,VIA SECUNDARIA CR 73A CL 100 -15,5200232,"UCAP BRAZO 1"" - 1.5M - 52°/0°",3,1,BRAZO 1 - 1.5M - 52°/0°,"Tabla 1 al 331_2026.pdf, pagina 115",5200232
115,SS,1228322,VIA SECUNDARIA CR 73A CL 100 -15,5000264,"LUM LED 62,4W ASIMÉTRICA 4000K HORIZONTAL",3,,LUM LED 62 4W ASIMETRICA 4000K HORIZONTAL,"Tabla 1 al 331_2026.pdf, pagina 115",5000264
115,SS,1228322,VIA SECUNDARIA CR 73A CL 100 -15,5200217,UCAP LUMINARIA 70W,,1,LUMINARIA 70W,"Tabla 1 al 331_2026.pdf, pagina 115",5200217
115,SS,1228322,VIA SECUNDARIA CR 73A CL 100 -15,5200201,UCAP BOMBILLO 70W,,1,BOMBILLO 70W,"Tabla 1 al 331_2026.pdf, pagina 115",5200201
116,SS,1240530,SENDERO PEATONAL CL 95 CR 84 -17,5200231,"UCAP BRAZO 1"" - 0.4M - 0°",1,,BRAZO 1 - 0.4M - 0°,"Tabla 1 al 331_2026.pdf, pagina 116",5200231
116,SS,1240530,SENDERO PEATONAL CL 95 CR 84 -17,5000263,LUM LED 48W ASIMÉTRICA 4000K HORIZONTAL,1,,LUM LED 48W ASIMETRICA 4000K HORIZONTAL,"Tabla 1 al 331_2026.pdf, pagina 116",5000263
116,SS,1240530,SENDERO PEATONAL CL 95 CR 84 -17,5200308,UCAP POSTE CONCRETO OCTOG 8M,1,,POSTE CONCRETO OCTOG 8M,"Tabla 1 al 331_2026.pdf, pagina 116",5200308
116,SS,1240530,SENDERO PEATONAL CL 95 CR 84 -17,5200464,UCAP CABLE CU ENCAUCHETADO 3X14 CU,8,,CABLE CU ENCAUCHETADO 3X14 CU,"Tabla 1 al 331_2026.pdf, pagina 116",5200464
117,SS,1262966,Vía y Andén Cr 36 Cl 90 - 6,5200235,"UCAP BRAZO 1 1/2"" - 1.5M - 52°/0°",1,1,BRAZO 1 1/2 - 1.5M - 52°/0°,"Tabla 1 al 331_2026.pdf, pagina 117",5200235
117,SS,1262966,Vía y Andén Cr 36 Cl 90 - 6,5200272,LUM LED (SEPIALED II) 128W,1,1,LUM LED SEPIALED II 128W,"Tabla 1 al 331_2026.pdf, pagina 117",5200272
117,SS,1262966,Vía y Andén Cr 36 Cl 90 - 6,5200419,UCAP POSTE PRFV 8M (ENTERRAR),1,1,POSTE PRFV 8M ENTERRAR,"Tabla 1 al 331_2026.pdf, pagina 117",5200419
117,SS,1262966,Vía y Andén Cr 36 Cl 90 - 6,5200464,UCAP CABLE CU ENCAUCHETADO 3X14 CU,18,16,CABLE CU ENCAUCHETADO 3X14 CU,"Tabla 1 al 331_2026.pdf, pagina 117",5200464
118,SS,1080964,SMAP-0004-25-Parque Superman CR 48 CL 26 -85,5200239,UCAP BRAZO DOBLE CARABOBO,6,,BRAZO DOBLE CARABOBO,"Tabla 1 al 331_2026.pdf, pagina 118",5200239
118,SS,1080964,SMAP-0004-25-Parque Superman CR 48 CL 26 -85,5000263,LUM LED 48W ASIMÉTRICA 4000K HORIZONTAL,14,,LUM LED 48W ASIMETRICA 4000K HORIZONTAL,"Tabla 1 al 331_2026.pdf, pagina 118",5000263
118,SS,1080964,SMAP-0004-25-Parque Superman CR 48 CL 26 -85,5200302,UCAP POSTE CONCRETO CARABOBO 5M,8,,POSTE CONCRETO CARABOBO 5M,"Tabla 1 al 331_2026.pdf, pagina 118",5200302
118,SS,1080964,SMAP-0004-25-Parque Superman CR 48 CL 26 -85,5200464,UCAP CABLE CU ENCAUCHETADO 3X14 CU,110,,CABLE CU ENCAUCHETADO 3X14 CU,"Tabla 1 al 331_2026.pdf, pagina 118",5200464
118,SS,1080964,SMAP-0004-25-Parque Superman CR 48 CL 26 -85,5200502,UCAP CAJA CONCRETO DIRECTAMENTE ENT,9,,CAJA CONCRETO DIRECTAMENTE ENT,"Tabla 1 al 331_2026.pdf, pagina 118",5200502
118,SS,1080964,SMAP-0004-25-Parque Superman CR 48 CL 26 -85,5200238,BRAZO CARABOBO SENCILLO,2,,BRAZO CARABOBO SENCILLO,"Tabla 1 al 331_2026.pdf, pagina 118",5200238
119,SS,1195524,"CANCHA DE MINIFUTBOL VILLA SOFIA #2 Cl. 85 # 90-5, SMAP-CIL- 0256-25",5000269,"PROYEC LED 110W TIPO V LARGA (LONG ""L"") 5000K",4,,PROYEC LED 110W TIPO V LARGA LONG L 5000K,"Tabla 1 al 331_2026.pdf, pagina 119",5000269
119,SS,1195524,"CANCHA DE MINIFUTBOL VILLA SOFIA #2 Cl. 85 # 90-5, SMAP-CIL- 0256-25",5200419,UCAP POSTE PRFV 8M (ENTERRAR),2,,POSTE PRFV 8M ENTERRAR,"Tabla 1 al 331_2026.pdf, pagina 119",5200419
119,SS,1195524,"CANCHA DE MINIFUTBOL VILLA SOFIA #2 Cl. 85 # 90-5, SMAP-CIL- 0256-25",5200235,"UCAP BRAZO 1 1/2"" - 1.5M - 52°/0°",,2,BRAZO 1 1/2 - 1.5M - 52°/0°,"Tabla 1 al 331_2026.pdf, pagina 119",5200235
119,SS,1195524,"CANCHA DE MINIFUTBOL VILLA SOFIA #2 Cl. 85 # 90-5, SMAP-CIL- 0256-25",5200272,LUM LED (SEPIALED II) 128W,,2,LUM LED SEPIALED II 128W,"Tabla 1 al 331_2026.pdf, pagina 119",5200272
119,SS,1195524,"CANCHA DE MINIFUTBOL VILLA SOFIA #2 Cl. 85 # 90-5, SMAP-CIL- 0256-25",5200306,UCAP POSTE MADERA REDONDO DE 8M,,2,POSTE MADERA REDONDO DE 8M,"Tabla 1 al 331_2026.pdf, pagina 119",5200306
120,SS,1257586,Sendero Cl 90 C Cr 24 C - 32 Int 9901,5200231,"UCAP BRAZO 1"" - 0.4M - 0°",2,,BRAZO 1 - 0.4M - 0°,"Tabla 1 al 331_2026.pdf, pagina 120",5200231
120,SS,1257586,Sendero Cl 90 C Cr 24 C - 32 Int 9901,5000263,LUM LED 48W ASIMÉTRICA 4000K HORIZONTAL,2,,LUM LED 48W ASIMETRICA 4000K HORIZONTAL,"Tabla 1 al 331_2026.pdf, pagina 120",5000263
121,SS,1265120,Andén Cr 34 Cl 57 B - 38,5200231,"UCAP BRAZO 1"" - 0.4M - 0°",2,,BRAZO 1 - 0.4M - 0°,"Tabla 1 al 331_2026.pdf, pagina 121",5200231
121,SS,1265120,Andén Cr 34 Cl 57 B - 38,5000263,LUM LED 48W ASIMÉTRICA 4000K HORIZONTAL,2,,LUM LED 48W ASIMETRICA 4000K HORIZONTAL,"Tabla 1 al 331_2026.pdf, pagina 121",5000263
122,SS,1265941,SMAP-CIL-0417-26 CR 52 CL 29 D,5090208,CAJA DE PASO METÁLICA,3,,CAJA DE PASO METALICA,"Tabla 1 al 331_2026.pdf, pagina 122",5090208
122,SS,1265941,SMAP-CIL-0417-26 CR 52 CL 29 D,5200469,PROYECTOR LED ACROLED 32W 120-277VCA ASIMETRICO 5000K,2,,PROYECTOR LED ACROLED 32W 120-277VCA ASIMETRICO 5000K,"Tabla 1 al 331_2026.pdf, pagina 122",5200469
122,SS,1265941,SMAP-CIL-0417-26 CR 52 CL 29 D,5200464,UCAP CABLE CU ENCAUCHETADO 3X14 CU,23,,CABLE CU ENCAUCHETADO 3X14 CU,"Tabla 1 al 331_2026.pdf, pagina 122",5200464
122,SS,1265941,SMAP-CIL-0417-26 CR 52 CL 29 D,5200218,UCAP LUMINARIA 150W,,2,LUMINARIA 150W,"Tabla 1 al 331_2026.pdf, pagina 122",5200218
122,SS,1265941,SMAP-CIL-0417-26 CR 52 CL 29 D,5200202,UCAP BOMBILLO 150W,,2,BOMBILLO 150W,"Tabla 1 al 331_2026.pdf, pagina 122",5200202
122,SS,1265941,SMAP-CIL-0417-26 CR 52 CL 29 D,5200410,UCAP DUPLEX CU 14 AWG-THW 300V,,20,DUPLEX CU 14 AWG-THW 300V,"Tabla 1 al 331_2026.pdf, pagina 122",5200410
123,SS,1265946,SMAP-CIL-0418-26 CL 29 entre CR 78 y CR 76,5200231,"UCAP BRAZO 1"" - 0.4M - 0°",2,,BRAZO 1 - 0.4M - 0°,"Tabla 1 al 331_2026.pdf, pagina 123",5200231
123,SS,1265946,SMAP-CIL-0418-26 CL 29 entre CR 78 y CR 76,5000263,LUM LED 48W ASIMÉTRICA 4000K HORIZONTAL,2,,LUM LED 48W ASIMETRICA 4000K HORIZONTAL,"Tabla 1 al 331_2026.pdf, pagina 123",5000263
123,SS,1265946,SMAP-CIL-0418-26 CL 29 entre CR 78 y CR 76,5200464,UCAP CABLE CU ENCAUCHETADO 3X14 CU,13,,CABLE CU ENCAUCHETADO 3X14 CU,"Tabla 1 al 331_2026.pdf, pagina 123",5200464
124,SS,1265975,Sendero Cl 40 Cr 34 - 1 Int 114,5200232,"UCAP BRAZO 1"" - 1.5M - 52°/0°",1,1,BRAZO 1 - 1.5M - 52°/0°,"Tabla 1 al 331_2026.pdf, pagina 124",5200232
124,SS,1265975,Sendero Cl 40 Cr 34 - 1 Int 114,5000263,LUM LED 48W ASIMÉTRICA 4000K HORIZONTAL,1,,LUM LED 48W ASIMETRICA 4000K HORIZONTAL,"Tabla 1 al 331_2026.pdf, pagina 124",5000263
124,SS,1265975,Sendero Cl 40 Cr 34 - 1 Int 114,5200217,UCAP LUMINARIA 70W,,1,LUMINARIA 70W,"Tabla 1 al 331_2026.pdf, pagina 124",5200217
124,SS,1265975,Sendero Cl 40 Cr 34 - 1 Int 114,5200201,UCAP BOMBILLO 70W,,1,BOMBILLO 70W,"Tabla 1 al 331_2026.pdf, pagina 124",5200201
125,SS,1265975,Callejón Cl 36 B Cr 33 B - 50 Int 304,5200231,"UCAP BRAZO 1"" - 0.4M - 0°",1,1,BRAZO 1 - 0.4M - 0°,"Tabla 1 al 331_2026.pdf, pagina 125",5200231
125,SS,1265975,Callejón Cl 36 B Cr 33 B - 50 Int 304,5000263,LUM LED 48W ASIMÉTRICA 4000K HORIZONTAL,1,,LUM LED 48W ASIMETRICA 4000K HORIZONTAL,"Tabla 1 al 331_2026.pdf, pagina 125",5000263
125,SS,1265975,Callejón Cl 36 B Cr 33 B - 50 Int 304,5200464,UCAP CABLE CU ENCAUCHETADO 3X14 CU,18,,CABLE CU ENCAUCHETADO 3X14 CU,"Tabla 1 al 331_2026.pdf, pagina 125",5200464
125,SS,1265975,Callejón Cl 36 B Cr 33 B - 50 Int 304,5200217,UCAP LUMINARIA 70W,,1,LUMINARIA 70W,"Tabla 1 al 331_2026.pdf, pagina 125",5200217
125,SS,1265975,Callejón Cl 36 B Cr 33 B - 50 Int 304,5200201,UCAP BOMBILLO 70W,,1,BOMBILLO 70W,"Tabla 1 al 331_2026.pdf, pagina 125",5200201
125,SS,1265975,Callejón Cl 36 B Cr 33 B - 50 Int 304,5200410,UCAP DUPLEX CU 14 AWG-THW 300V,,18,DUPLEX CU 14 AWG-THW 300V,"Tabla 1 al 331_2026.pdf, pagina 125",5200410
126,SS,1266688,Sendero Peatonal CL 20 C CR 83 -97 (INTERIOR 114),5200231,"UCAP BRAZO 1"" - 0.4M - 0°",1,,BRAZO 1 - 0.4M - 0°,"Tabla 1 al 331_2026.pdf, pagina 126",5200231
126,SS,1266688,Sendero Peatonal CL 20 C CR 83 -97 (INTERIOR 114),5000263,LUM LED 48W ASIMÉTRICA 4000K HORIZONTAL,1,,LUM LED 48W ASIMETRICA 4000K HORIZONTAL,"Tabla 1 al 331_2026.pdf, pagina 126",5000263
126,SS,1266688,Sendero Peatonal CL 20 C CR 83 -97 (INTERIOR 114),5200464,UCAP CABLE CU ENCAUCHETADO 3X14 CU,13,,CABLE CU ENCAUCHETADO 3X14 CU,"Tabla 1 al 331_2026.pdf, pagina 126",5200464
127,SS,1269412,Sendero Cl 71 B Cr 24 BB - 26,5200231,"UCAP BRAZO 1"" - 0.4M - 0°",2,,BRAZO 1 - 0.4M - 0°,"Tabla 1 al 331_2026.pdf, pagina 127",5200231
127,SS,1269412,Sendero Cl 71 B Cr 24 BB - 26,5000263,LUM LED 48W ASIMÉTRICA 4000K HORIZONTAL,2,,LUM LED 48W ASIMETRICA 4000K HORIZONTAL,"Tabla 1 al 331_2026.pdf, pagina 127",5000263
127,SS,1269412,Sendero Cl 71 B Cr 24 BB - 26,5200464,UCAP CABLE CU ENCAUCHETADO 3X14 CU,15,,CABLE CU ENCAUCHETADO 3X14 CU,"Tabla 1 al 331_2026.pdf, pagina 127",5200464
128,SS,1270451,Cancha Polideportiva Cr 62 Cl 80 C,5200235,"UCAP BRAZO 1 1/2"" - 1.5M - 52°/0°",2,4,BRAZO 1 1/2 - 1.5M - 52°/0°,"Tabla 1 al 331_2026.pdf, pagina 128",5200235
128,SS,1270451,Cancha Polideportiva Cr 62 Cl 80 C,5000266,LUM LED 176W ASIMÉTRICA 4000K HORIZONTAL,2,,LUM LED 176W ASIMETRICA 4000K HORIZONTAL,"Tabla 1 al 331_2026.pdf, pagina 128",5000266
128,SS,1270451,Cancha Polideportiva Cr 62 Cl 80 C,5200329,UCAP POSTE PRFV 10M - 6 PG (ENTERRAR),2,,POSTE PRFV 10M - 6 PG ENTERRAR,"Tabla 1 al 331_2026.pdf, pagina 128",5200329
128,SS,1270451,Cancha Polideportiva Cr 62 Cl 80 C,5200421,CABLE FZA AL 3X6 AWG XLPE 600V 90°C,14,,CABLE FZA AL 3X6 AWG XLPE 600V 90°C,"Tabla 1 al 331_2026.pdf, pagina 128",5200421
128,SS,1270451,Cancha Polideportiva Cr 62 Cl 80 C,5200464,UCAP CABLE CU ENCAUCHETADO 3X14 CU,20,,CABLE CU ENCAUCHETADO 3X14 CU,"Tabla 1 al 331_2026.pdf, pagina 128",5200464
128,SS,1270451,Cancha Polideportiva Cr 62 Cl 80 C,5200503,"UCAP CANAL ANDEN TUBERIA PVC 2""",10,,CANAL ANDEN TUBERIA PVC 2,"Tabla 1 al 331_2026.pdf, pagina 128",5200503
128,SS,1270451,Cancha Polideportiva Cr 62 Cl 80 C,5200799,CONTROL TEMPORIZADO 25 A,1,,CONTROL TEMPORIZADO 25 A,"Tabla 1 al 331_2026.pdf, pagina 128",5200799
128,SS,1270451,Cancha Polideportiva Cr 62 Cl 80 C,5200219,UCAP LUMINARIA 250W,,4,LUMINARIA 250W,"Tabla 1 al 331_2026.pdf, pagina 128",5200219
128,SS,1270451,Cancha Polideportiva Cr 62 Cl 80 C,5200203,UCAP BOMBILLO 250W,,4,BOMBILLO 250W,"Tabla 1 al 331_2026.pdf, pagina 128",5200203
128,SS,1270451,Cancha Polideportiva Cr 62 Cl 80 C,5200316,UCAP POSTE METÁLICO REDONDO 12M,,3,POSTE METALICO REDONDO 12M,"Tabla 1 al 331_2026.pdf, pagina 128",5200316
129,SS,1272759,Sendero Cl 93 DD Cr 21 D - 94 Int 110,5200231,"UCAP BRAZO 1"" - 0.4M - 0°",1,,BRAZO 1 - 0.4M - 0°,"Tabla 1 al 331_2026.pdf, pagina 129",5200231
129,SS,1272759,Sendero Cl 93 DD Cr 21 D - 94 Int 110,5000263,LUM LED 48W ASIMÉTRICA 4000K HORIZONTAL,1,,LUM LED 48W ASIMETRICA 4000K HORIZONTAL,"Tabla 1 al 331_2026.pdf, pagina 129",5000263
129,SS,1272759,Sendero Cl 93 DD Cr 21 D - 94 Int 110,5200464,UCAP CABLE CU ENCAUCHETADO 3X14 CU,19,,CABLE CU ENCAUCHETADO 3X14 CU,"Tabla 1 al 331_2026.pdf, pagina 129",5200464
130,SS,1276186,Sendero Cl 81A Cr 23 C -34 Int 105,5200231,"UCAP BRAZO 1"" - 0.4M - 0°",3,,BRAZO 1 - 0.4M - 0°,"Tabla 1 al 331_2026.pdf, pagina 130",5200231
130,SS,1276186,Sendero Cl 81A Cr 23 C -34 Int 105,5200232,"UCAP BRAZO 1"" - 1.5M - 52°/0°",1,,BRAZO 1 - 1.5M - 52°/0°,"Tabla 1 al 331_2026.pdf, pagina 130",5200232
130,SS,1276186,Sendero Cl 81A Cr 23 C -34 Int 105,5000263,LUM LED 48W ASIMÉTRICA 4000K HORIZONTAL,4,,LUM LED 48W ASIMETRICA 4000K HORIZONTAL,"Tabla 1 al 331_2026.pdf, pagina 130",5000263
130,SS,1276186,Sendero Cl 81A Cr 23 C -34 Int 105,5200419,UCAP POSTE PRFV 8M (ENTERRAR),1,,POSTE PRFV 8M ENTERRAR,"Tabla 1 al 331_2026.pdf, pagina 130",5200419
130,SS,1276186,Sendero Cl 81A Cr 23 C -34 Int 105,5200464,UCAP CABLE CU ENCAUCHETADO 3X14 CU,8,,CABLE CU ENCAUCHETADO 3X14 CU,"Tabla 1 al 331_2026.pdf, pagina 130",5200464
131,SS,1279880,Sendero Cr 24 Cl 72 - 164 Int 101,5200231,"UCAP BRAZO 1"" - 0.4M - 0°",2,,BRAZO 1 - 0.4M - 0°,"Tabla 1 al 331_2026.pdf, pagina 131",5200231
131,SS,1279880,Sendero Cr 24 Cl 72 - 164 Int 101,5000263,LUM LED 48W ASIMÉTRICA 4000K HORIZONTAL,2,,LUM LED 48W ASIMETRICA 4000K HORIZONTAL,"Tabla 1 al 331_2026.pdf, pagina 131",5000263
132,SS,1282130,Sendero Peatonal CL 34 C CR 118 -481 (INTERIOR 1111),5200231,"UCAP BRAZO 1"" - 0.4M - 0°",2,,BRAZO 1 - 0.4M - 0°,"Tabla 1 al 331_2026.pdf, pagina 132",5200231
132,SS,1282130,Sendero Peatonal CL 34 C CR 118 -481 (INTERIOR 1111),5000263,LUM LED 48W ASIMÉTRICA 4000K HORIZONTAL,2,,LUM LED 48W ASIMETRICA 4000K HORIZONTAL,"Tabla 1 al 331_2026.pdf, pagina 132",5000263
133,SS,1283401,Sendero CL 54 AA CR 7 A ESTE - 14 INT 120,5200231,"UCAP BRAZO 1"" - 0.4M - 0°",2,1,BRAZO 1 - 0.4M - 0°,"Tabla 1 al 331_2026.pdf, pagina 133",5200231
133,SS,1283401,Sendero CL 54 AA CR 7 A ESTE - 14 INT 120,5200270,LUM LED (KORELED) 44W,1,1,LUM LED KORELED 44W,"Tabla 1 al 331_2026.pdf, pagina 133",5200270
133,SS,1283401,Sendero CL 54 AA CR 7 A ESTE - 14 INT 120,5000263,LUM LED 48W ASIMÉTRICA 4000K HORIZONTAL,1,,LUM LED 48W ASIMETRICA 4000K HORIZONTAL,"Tabla 1 al 331_2026.pdf, pagina 133",5000263
133,SS,1283401,Sendero CL 54 AA CR 7 A ESTE - 14 INT 120,5200464,UCAP CABLE CU ENCAUCHETADO 3X14 CU,27,,CABLE CU ENCAUCHETADO 3X14 CU,"Tabla 1 al 331_2026.pdf, pagina 133",5200464
133,SS,1283401,Sendero CL 54 AA CR 7 A ESTE - 14 INT 120,5200410,UCAP DUPLEX CU 14 AWG-THW 300V,,12,DUPLEX CU 14 AWG-THW 300V,"Tabla 1 al 331_2026.pdf, pagina 133",5200410
134,SS,1285552,Zona Verde Cr 21 Cl 36,5200217,UCAP LUMINARIA 70W,,1,LUMINARIA 70W,"Tabla 1 al 331_2026.pdf, pagina 134",5200217
134,SS,1285552,Zona Verde Cr 21 Cl 36,5200201,UCAP BOMBILLO 70W,,1,BOMBILLO 70W,"Tabla 1 al 331_2026.pdf, pagina 134",5200201
134,SS,1285552,Zona Verde Cr 21 Cl 36,5200232,"UCAP BRAZO 1"" - 1.5M - 52°/0°",,1,BRAZO 1 - 1.5M - 52°/0°,"Tabla 1 al 331_2026.pdf, pagina 134",5200232
135,SS,1285998,Sendero Peatonal CR 101 B CL 31 B -87 (INTERIOR 106),5200231,"UCAP BRAZO 1"" - 0.4M - 0°",1,,BRAZO 1 - 0.4M - 0°,"Tabla 1 al 331_2026.pdf, pagina 135",5200231
135,SS,1285998,Sendero Peatonal CR 101 B CL 31 B -87 (INTERIOR 106),5000263,LUM LED 48W ASIMÉTRICA 4000K HORIZONTAL,1,,LUM LED 48W ASIMETRICA 4000K HORIZONTAL,"Tabla 1 al 331_2026.pdf, pagina 135",5000263
135,SS,1285998,Sendero Peatonal CR 101 B CL 31 B -87 (INTERIOR 106),5200464,UCAP CABLE CU ENCAUCHETADO 3X14 CU,15,,CABLE CU ENCAUCHETADO 3X14 CU,"Tabla 1 al 331_2026.pdf, pagina 135",5200464
136,SS,1292603,Sendero Cr 22 A Cl 84 - 50,5200231,"UCAP BRAZO 1"" - 0.4M - 0°",2,,BRAZO 1 - 0.4M - 0°,"Tabla 1 al 331_2026.pdf, pagina 136",5200231
136,SS,1292603,Sendero Cr 22 A Cl 84 - 50,5000263,LUM LED 48W ASIMÉTRICA 4000K HORIZONTAL,2,,LUM LED 48W ASIMETRICA 4000K HORIZONTAL,"Tabla 1 al 331_2026.pdf, pagina 136",5000263
137,SS,1311547,BOSTON CL 58 CR 39,5200464,UCAP CABLE CU ENCAUCHETADO 3X14 CU,15,,CABLE CU ENCAUCHETADO 3X14 CU,"Tabla 1 al 331_2026.pdf, pagina 137",5200464
138,SN,1051788,PARQUE CR 83 CL 97 - 59 INT 191,5200270,LUM LED (KORELED) 44W,2,,LUM LED KORELED 44W,"Tabla 1 al 331_2026.pdf, pagina 138",5200270
138,SN,1051788,PARQUE CR 83 CL 97 - 59 INT 191,5200232,"BR 1"" - 1.5M - 52°/0°",2,,BR 1 - 1.5M - 52°/0°,"Tabla 1 al 331_2026.pdf, pagina 138",5200232
138,SN,1051788,PARQUE CR 83 CL 97 - 59 INT 191,5200419,POST PRFV 8M 510KGF,1,,POST PRFV 8M 510KGF,"Tabla 1 al 331_2026.pdf, pagina 138",5200419
138,SN,1051788,PARQUE CR 83 CL 97 - 59 INT 191,5200464,CABL CU 3X14 (ENCAU),15,,CABL CU 3X14 ENCAU,"Tabla 1 al 331_2026.pdf, pagina 138",5200464
139,SN,1054097,Palmitas Sector Central RURAL_PALMITAS-VEREDA LA POTRERA,5200270,LUM LED (KORELED) 44W,2,,LUM LED KORELED 44W,"Tabla 1 al 331_2026.pdf, pagina 139",5200270
139,SN,1054097,Palmitas Sector Central RURAL_PALMITAS-VEREDA LA POTRERA,5200231,"BR 1"" - 0.4M - 0°",1,,BR 1 - 0.4M - 0°,"Tabla 1 al 331_2026.pdf, pagina 139",5200231
139,SN,1054097,Palmitas Sector Central RURAL_PALMITAS-VEREDA LA POTRERA,5200232,"BR 1"" - 1.5M - 52°/0°",1,,BR 1 - 1.5M - 52°/0°,"Tabla 1 al 331_2026.pdf, pagina 139",5200232
139,SN,1054097,Palmitas Sector Central RURAL_PALMITAS-VEREDA LA POTRERA,211333,"COLLARIN 180MM 7"" DOS SALIDAS",2,,COLLARIN 180MM 7 DOS SALIDAS,"Tabla 1 al 331_2026.pdf, pagina 139",211333
140,SN,1055686,CR 100A CL 47E-15 CR 100A CL 47E-15,5200293,LUM LED (OMEGA II) 64.5W,1,,LUM LED OMEGA II 64.5W,"Tabla 1 al 331_2026.pdf, pagina 140",5200293
140,SN,1055686,CR 100A CL 47E-15 CR 100A CL 47E-15,5200232,"BR 1"" - 1.5M - 52°/0°",1,,BR 1 - 1.5M - 52°/0°,"Tabla 1 al 331_2026.pdf, pagina 140",5200232
140,SN,1055686,CR 100A CL 47E-15 CR 100A CL 47E-15,5200308,POST CONC 8M 510KGF OCT,1,,POST CONC 8M 510KGF OCT,"Tabla 1 al 331_2026.pdf, pagina 140",5200308
140,SN,1055686,CR 100A CL 47E-15 CR 100A CL 47E-15,5200402,ADECUACION SEC RA4-003 TERMINAL,1,,ADECUACION SEC RA4-003 TERMINAL,"Tabla 1 al 331_2026.pdf, pagina 140",5200402
140,SN,1055686,CR 100A CL 47E-15 CR 100A CL 47E-15,5200464,CABL CU 3X14 (ENCAU),18,,CABL CU 3X14 ENCAU,"Tabla 1 al 331_2026.pdf, pagina 140",5200464
141,SN,1055695,CL 34 CR 118 -285 INT 166,5200270,LUM LED (KORELED) 44W,2,,LUM LED KORELED 44W,"Tabla 1 al 331_2026.pdf, pagina 141",5200270
141,SN,1055695,CL 34 CR 118 -285 INT 166,5200231,"BR 1"" - 0.4M - 0°",2,,BR 1 - 0.4M - 0°,"Tabla 1 al 331_2026.pdf, pagina 141",5200231
141,SN,1055695,CL 34 CR 118 -285 INT 166,5200419,POST PRFV 8M 510KGF,1,,POST PRFV 8M 510KGF,"Tabla 1 al 331_2026.pdf, pagina 141",5200419
141,SN,1055695,CL 34 CR 118 -285 INT 166,5200402,ADECUACION SEC RA4-003 TERMINAL,1,,ADECUACION SEC RA4-003 TERMINAL,"Tabla 1 al 331_2026.pdf, pagina 141",5200402
141,SN,1055695,CL 34 CR 118 -285 INT 166,5200464,CABL CU 3X14 (ENCAU),25,,CABL CU 3X14 ENCAU,"Tabla 1 al 331_2026.pdf, pagina 141",5200464
142,SN,1056115,SENDERO PEATONAL CL 49 CR 99 E 91 INT 130,5200270,LUM LED ( KORALED ) 44 W,1,,LUM LED KORALED 44 W,"Tabla 1 al 331_2026.pdf, pagina 142",5200270
142,SN,1056115,SENDERO PEATONAL CL 49 CR 99 E 91 INT 130,5200232,"BRAZO 1"" 1.5M - 52/0º",1,,BRAZO 1 1.5M - 52/0º,"Tabla 1 al 331_2026.pdf, pagina 142",5200232
143,SN,1059366,Barrio Naranjal CL 45A CR65-0,5200293,LUM LED (OMEGA II) 64.5W,1,,LUM LED OMEGA II 64.5W,"Tabla 1 al 331_2026.pdf, pagina 143",5200293
143,SN,1059366,Barrio Naranjal CL 45A CR65-0,5200232,"BR 1"" - 1.5M - 52°/0°",1,,BR 1 - 1.5M - 52°/0°,"Tabla 1 al 331_2026.pdf, pagina 143",5200232
143,SN,1059366,Barrio Naranjal CL 45A CR65-0,5200241,BR CURVO 3000M,1,,BR CURVO 3000M,"Tabla 1 al 331_2026.pdf, pagina 143",5200241
143,SN,1059366,Barrio Naranjal CL 45A CR65-0,R5200235,"RET - BR 1 1/2"" - 1.5M - 52°/0°",,1,RET - BR 1 1/2 - 1.5M - 52°/0°,"Tabla 1 al 331_2026.pdf, pagina 143",R5200235
144,SN,1059396,Suramericana CR 65 Entre CL 49B-CL 50,5200270,LUM LED (KORELED) 44W,1,,LUM LED KORELED 44W,"Tabla 1 al 331_2026.pdf, pagina 144",5200270
144,SN,1059396,Suramericana CR 65 Entre CL 49B-CL 50,5200238,BRAZO SENCILLO CARABOBO,1,,BRAZO SENCILLO CARABOBO,"Tabla 1 al 331_2026.pdf, pagina 144",5200238
144,SN,1059396,Suramericana CR 65 Entre CL 49B-CL 50,215795,SOPORTE BASE BRAZO CARABOBO,1,,SOPORTE BASE BRAZO CARABOBO,"Tabla 1 al 331_2026.pdf, pagina 144",215795
145,SN,1059541,Via Secundaria CL 61 AA CR 103 D -63 (INTERIOR 107 ),5200270,LUM LED (KORELED) 44W,3,,LUM LED KORELED 44W,"Tabla 1 al 331_2026.pdf, pagina 145",5200270
145,SN,1059541,Via Secundaria CL 61 AA CR 103 D -63 (INTERIOR 107 ),5200231,"BR 1"" - 0.4M - 0°",2,,BR 1 - 0.4M - 0°,"Tabla 1 al 331_2026.pdf, pagina 145",5200231
145,SN,1059541,Via Secundaria CL 61 AA CR 103 D -63 (INTERIOR 107 ),5200232,"BR 1"" - 1.5M - 52°/0°",1,,BR 1 - 1.5M - 52°/0°,"Tabla 1 al 331_2026.pdf, pagina 145",5200232
146,SN,1060341,CR 90A CL 45 – 102,5200270,LUM LED (KORELED) 44W,1,,LUM LED KORELED 44W,"Tabla 1 al 331_2026.pdf, pagina 146",5200270
146,SN,1060341,CR 90A CL 45 – 102,5200232,"BR 1"" - 1.5M - 52°/0°",1,,BR 1 - 1.5M - 52°/0°,"Tabla 1 al 331_2026.pdf, pagina 146",5200232
146,SN,1060341,CR 90A CL 45 – 102,5200308,POST CONC 8M 510KGF OCT,1,,POST CONC 8M 510KGF OCT,"Tabla 1 al 331_2026.pdf, pagina 146",5200308
146,SN,1060341,CR 90A CL 45 – 102,5200464,CABL CU 3X14 (ENCAU),20,,CABL CU 3X14 ENCAU,"Tabla 1 al 331_2026.pdf, pagina 146",5200464
147,SN,1062214,PARQUE CL 101 A CR 72 - 23,5200271,LUM LED (MAXIMO M) 59.16W,1,,LUM LED MAXIMO M 59.16W,"Tabla 1 al 331_2026.pdf, pagina 147",5200271
147,SN,1062214,PARQUE CL 101 A CR 72 - 23,5200232,"BR 1"" - 1.5M - 52°/0°",1,,BR 1 - 1.5M - 52°/0°,"Tabla 1 al 331_2026.pdf, pagina 147",5200232
148,SN,1065020,El Picacho CRA 83 CL 97-13 INT 202,5200270,LUM LED (KORELED) 44W,1,,LUM LED KORELED 44W,"Tabla 1 al 331_2026.pdf, pagina 148",5200270
148,SN,1065020,El Picacho CRA 83 CL 97-13 INT 202,5200231,"BR 1"" - 0.4M - 0°",1,,BR 1 - 0.4M - 0°,"Tabla 1 al 331_2026.pdf, pagina 148",5200231
148,SN,1065020,El Picacho CRA 83 CL 97-13 INT 202,5200464,CABL CU 3X14 (ENCAU),40,,CABL CU 3X14 ENCAU,"Tabla 1 al 331_2026.pdf, pagina 148",5200464
149,SN,1065212,SENDERO PEATONAL CL 48DD CR99-35,5200231,"BR 1"" - 0.4M - 0°",1,,BR 1 - 0.4M - 0°,"Tabla 1 al 331_2026.pdf, pagina 149",5200231
149,SN,1065212,SENDERO PEATONAL CL 48DD CR99-35,5200270,LUM LED (KORELED) 44W,1,,LUM LED KORELED 44W,"Tabla 1 al 331_2026.pdf, pagina 149",5200270
150,SN,1065673,Barrio Lopez De Mesa CR 70 CL 81 -158,5200270,LUM LED (KORELED) 44W,1,,LUM LED KORELED 44W,"Tabla 1 al 331_2026.pdf, pagina 150",5200270
150,SN,1065673,Barrio Lopez De Mesa CR 70 CL 81 -158,5200231,"BR 1"" - 0.4M - 0°",1,,BR 1 - 0.4M - 0°,"Tabla 1 al 331_2026.pdf, pagina 150",5200231
150,SN,1065673,Barrio Lopez De Mesa CR 70 CL 81 -158,5200464,CABL CU 3X14 (ENCAU),25,,CABL CU 3X14 ENCAU,"Tabla 1 al 331_2026.pdf, pagina 150",5200464
151,SN,1066397,SENDERO PEATONAL CL 71 CR 48 A 19,5200270,LUM LED (KORELED) 44W,1,,LUM LED KORELED 44W,"Tabla 1 al 331_2026.pdf, pagina 151",5200270
151,SN,1066397,SENDERO PEATONAL CL 71 CR 48 A 19,5200231,"BR 1"" - 0.4M - 0°",1,,BR 1 - 0.4M - 0°,"Tabla 1 al 331_2026.pdf, pagina 151",5200231
152,SN,1069760,ANDEN CR 38 CL 10 A - 04,5200270,LUM LED (KORELED) 44W,1,,LUM LED KORELED 44W,"Tabla 1 al 331_2026.pdf, pagina 152",5200270
152,SN,1069760,ANDEN CR 38 CL 10 A - 04,5200231,"BR 1"" - 0.4M - 0°",1,,BR 1 - 0.4M - 0°,"Tabla 1 al 331_2026.pdf, pagina 152",5200231
153,SN,1069764,ANDEN CL 10 CR 43 D - 60,5200270,LUM LED (KORELED) 44W,1,,LUM LED KORELED 44W,"Tabla 1 al 331_2026.pdf, pagina 153",5200270
153,SN,1069764,ANDEN CL 10 CR 43 D - 60,5200231,"BR 1"" - 0.4M - 0°",1,,BR 1 - 0.4M - 0°,"Tabla 1 al 331_2026.pdf, pagina 153",5200231
153,SN,1069764,ANDEN CL 10 CR 43 D - 60,5200308,POST CONC 8M 510KGF OCT,1,,POST CONC 8M 510KGF OCT,"Tabla 1 al 331_2026.pdf, pagina 153",5200308
153,SN,1069764,ANDEN CL 10 CR 43 D - 60,5200464,CABL CU 3X14 (ENCAU),11,,CABL CU 3X14 ENCAU,"Tabla 1 al 331_2026.pdf, pagina 153",5200464
154,SN,1072654,"SENDERO PEATONAL CR50D CL 84-92 INT 208, Aranjuez",5200270,LUM LED (KORELED) 44W,2,,LUM LED KORELED 44W,"Tabla 1 al 331_2026.pdf, pagina 154",5200270
154,SN,1072654,"SENDERO PEATONAL CR50D CL 84-92 INT 208, Aranjuez",5200231,"BR 1"" - 0.4M - 0°",2,,BR 1 - 0.4M - 0°,"Tabla 1 al 331_2026.pdf, pagina 154",5200231
154,SN,1072654,"SENDERO PEATONAL CR50D CL 84-92 INT 208, Aranjuez",5200419,POST PRFV 8M 510KGF,1,,POST PRFV 8M 510KGF,"Tabla 1 al 331_2026.pdf, pagina 154",5200419
154,SN,1072654,"SENDERO PEATONAL CR50D CL 84-92 INT 208, Aranjuez",R5200217,RET - LUM 70W,,2,RET - LUM 70W,"Tabla 1 al 331_2026.pdf, pagina 154",R5200217
154,SN,1072654,"SENDERO PEATONAL CR50D CL 84-92 INT 208, Aranjuez",R5200201,RET - BOMB 70W,,2,RET - BOMB 70W,"Tabla 1 al 331_2026.pdf, pagina 154",R5200201
154,SN,1072654,"SENDERO PEATONAL CR50D CL 84-92 INT 208, Aranjuez",R5200232,"RET - BR 1"" - 1.5M - 52°/0°",,2,RET - BR 1 - 1.5M - 52°/0°,"Tabla 1 al 331_2026.pdf, pagina 154",R5200232
154,SN,1072654,"SENDERO PEATONAL CR50D CL 84-92 INT 208, Aranjuez",R5200306,RET - DE POSTE MADERA 8M,,1,RET - DE POSTE MADERA 8M,"Tabla 1 al 331_2026.pdf, pagina 154",R5200306
155,SN,1073351,SENDERO PEATONAL CL 100B CR 30EE-14,5200270,LUM LED (KORELED) 44W,1,,LUM LED KORELED 44W,"Tabla 1 al 331_2026.pdf, pagina 155",5200270
155,SN,1073351,SENDERO PEATONAL CL 100B CR 30EE-14,5200231,"BR 1"" - 0.4M - 0°",1,,BR 1 - 0.4M - 0°,"Tabla 1 al 331_2026.pdf, pagina 155",5200231
155,SN,1073351,SENDERO PEATONAL CL 100B CR 30EE-14,5200464,CABL CU 3X14 (ENCAU),40,,CABL CU 3X14 ENCAU,"Tabla 1 al 331_2026.pdf, pagina 155",5200464
156,SN,1073867,ANDEN CR 78 A CL 49 AA - 36,5200270,LUM LED (KORELED) 44W,1,,LUM LED KORELED 44W,"Tabla 1 al 331_2026.pdf, pagina 156",5200270
156,SN,1073867,ANDEN CR 78 A CL 49 AA - 36,5200231,"BR 1"" - 0.4M - 0°",1,,BR 1 - 0.4M - 0°,"Tabla 1 al 331_2026.pdf, pagina 156",5200231
156,SN,1073867,ANDEN CR 78 A CL 49 AA - 36,5200419,POST PRFV 8M 510KGF,1,,POST PRFV 8M 510KGF,"Tabla 1 al 331_2026.pdf, pagina 156",5200419
156,SN,1073867,ANDEN CR 78 A CL 49 AA - 36,5200464,CABL CU 3X14 (ENCAU),18,,CABL CU 3X14 ENCAU,"Tabla 1 al 331_2026.pdf, pagina 156",5200464
157,SN,1074054,CR 17 CL 57A-87,5200270,LUM LED (KORELED) 44W,1,,LUM LED KORELED 44W,"Tabla 1 al 331_2026.pdf, pagina 157",5200270
157,SN,1074054,CR 17 CL 57A-87,5200231,"BR 1"" - 0.4M - 0°",1,,BR 1 - 0.4M - 0°,"Tabla 1 al 331_2026.pdf, pagina 157",5200231
158,SN,1074281,SENDERO PEATONAL CR 53 CL 67,5200206,LUM LED ROY ALPHA (OMEGA II) 56W SMD,2,,LUM LED ROY ALPHA OMEGA II 56W SMD,"Tabla 1 al 331_2026.pdf, pagina 158",5200206
158,SN,1074281,SENDERO PEATONAL CR 53 CL 67,,CONCERTINA ADOSADA AL BRAZO,10,,CONCERTINA ADOSADA AL BRAZO,"Tabla 1 al 331_2026.pdf, pagina 158",SIN CODIGO|CONCERTINA ADOSADA AL BRAZO
159,SN,1074638,SENDERO PEATONAL CR 28 CL 107 - 301 (INT 114 ),5200270,LUM LED (KORELED) 44W,1,,LUM LED KORELED 44W,"Tabla 1 al 331_2026.pdf, pagina 159",5200270
159,SN,1074638,SENDERO PEATONAL CR 28 CL 107 - 301 (INT 114 ),5200464,Cable Cu encauchetado 3X14 AWG,30,,CABLE CU ENCAUCHETADO 3X14 AWG,"Tabla 1 al 331_2026.pdf, pagina 159",5200464
159,SN,1074638,SENDERO PEATONAL CR 28 CL 107 - 301 (INT 114 ),5200231,"BRAZO 1"" - 0.4m - 0°",1,,BRAZO 1 - 0.4M - 0°,"Tabla 1 al 331_2026.pdf, pagina 159",5200231
160,SN,1076554,SENDERO PEATONAL CR 23- CL 102B- 33-INT 1267,5200270,LUM LED (KORELED) 44W,2,,LUM LED KORELED 44W,"Tabla 1 al 331_2026.pdf, pagina 160",5200270
160,SN,1076554,SENDERO PEATONAL CR 23- CL 102B- 33-INT 1267,5200231,"BRAZO 1"" - 0.4m - 0°",2,,BRAZO 1 - 0.4M - 0°,"Tabla 1 al 331_2026.pdf, pagina 160",5200231
160,SN,1076554,SENDERO PEATONAL CR 23- CL 102B- 33-INT 1267,5200402,ADECUACION SEC RA4-003 TERMINAL,1,,ADECUACION SEC RA4-003 TERMINAL,"Tabla 1 al 331_2026.pdf, pagina 160",5200402
161,SN,1076688,VIA - ANDEN CL 66 CR 48 A - 15,5200270,LUM LED (KORELED) 44W,1,,LUM LED KORELED 44W,"Tabla 1 al 331_2026.pdf, pagina 161",5200270
161,SN,1076688,VIA - ANDEN CL 66 CR 48 A - 15,5200231,"BR 1"" - 0.4M - 0°",1,,BR 1 - 0.4M - 0°,"Tabla 1 al 331_2026.pdf, pagina 161",5200231
161,SN,1076688,VIA - ANDEN CL 66 CR 48 A - 15,5200241,BR CURVO 3000M,1,,BR CURVO 3000M,"Tabla 1 al 331_2026.pdf, pagina 161",5200241
161,SN,1076688,VIA - ANDEN CL 66 CR 48 A - 15,5200235,"BR 1 1/2"" - 1.5M - 52°/0°",,1,BR 1 1/2 - 1.5M - 52°/0°,"Tabla 1 al 331_2026.pdf, pagina 161",5200235
162,SN,1078154,Sendero peatonal CR 21 A Cl 56 A 59,5200270,LUM LED (KORELED) 44W,1,,LUM LED KORELED 44W,"Tabla 1 al 331_2026.pdf, pagina 162",5200270
162,SN,1078154,Sendero peatonal CR 21 A Cl 56 A 59,5200231,"BRAZO 1"" - 0.4m - 0°",1,,BRAZO 1 - 0.4M - 0°,"Tabla 1 al 331_2026.pdf, pagina 162",5200231
163,SS,670209,"SENDERO PEATONAL, VRD NARANJAL",5200270,LUM LED (KORELED) 44W,1,,LUM LED KORELED 44W,"Tabla 1 al 331_2026.pdf, pagina 163",5200270
163,SS,670209,"SENDERO PEATONAL, VRD NARANJAL",5200231,"BRAZO 1"" - 0.4m - 0°",1,,BRAZO 1 - 0.4M - 0°,"Tabla 1 al 331_2026.pdf, pagina 163",5200231
163,SS,670209,"SENDERO PEATONAL, VRD NARANJAL",5200419,Poste PRFV 8m (Enterrar),1,,POSTE PRFV 8M ENTERRAR,"Tabla 1 al 331_2026.pdf, pagina 163",5200419
163,SS,670209,"SENDERO PEATONAL, VRD NARANJAL",5200464,Cable Cu encauchetado 3X14 AWG,25,,CABLE CU ENCAUCHETADO 3X14 AWG,"Tabla 1 al 331_2026.pdf, pagina 163",5200464
164,SN,1078271,SENDERO PEATONAL- CL 102- CR 29-13-INT 107,5200270,LUM LED (KORELED) 44W,1,,LUM LED KORELED 44W,"Tabla 1 al 331_2026.pdf, pagina 164",5200270
164,SN,1078271,SENDERO PEATONAL- CL 102- CR 29-13-INT 107,5200231,"BRAZO 1"" - 0.4m - 0°",1,,BRAZO 1 - 0.4M - 0°,"Tabla 1 al 331_2026.pdf, pagina 164",5200231
164,SN,1078271,SENDERO PEATONAL- CL 102- CR 29-13-INT 107,5200402,ADECUACION SEC RA4-003 TERMINAL,1,,ADECUACION SEC RA4-003 TERMINAL,"Tabla 1 al 331_2026.pdf, pagina 164",5200402
165,SN,1078276,VÍA-ANDENES CR 51 D ENTRE CL 68 Y 67,5200293,LUM LED (OMEGA II) 64.5W,19,,LUM LED OMEGA II 64.5W,"Tabla 1 al 331_2026.pdf, pagina 165",5200293
165,SN,1078276,VÍA-ANDENES CR 51 D ENTRE CL 68 Y 67,5200224,LUM LED (LTALED) 74W,,19,LUM LED LTALED 74W,"Tabla 1 al 331_2026.pdf, pagina 165",5200224
166,SN,1081621,ARANJUEZ CR 50A CL 89A-10,5200270,LUM LED (KORELED) 44W,3,,LUM LED KORELED 44W,"Tabla 1 al 331_2026.pdf, pagina 166",5200270
166,SN,1081621,ARANJUEZ CR 50A CL 89A-10,5200231,"BR 1"" - 0.4M - 0°",3,,BR 1 - 0.4M - 0°,"Tabla 1 al 331_2026.pdf, pagina 166",5200231
166,SN,1081621,ARANJUEZ CR 50A CL 89A-10,5200241,BR CURVO 3000M,2,,BR CURVO 3000M,"Tabla 1 al 331_2026.pdf, pagina 166",5200241
167,SN,1081931,CR 89 CL 68 A -122,5200206,LUM LED ROY ALPHA (OMEGA II) 56W SMD,1,,LUM LED ROY ALPHA OMEGA II 56W SMD,"Tabla 1 al 331_2026.pdf, pagina 167",5200206
167,SN,1081931,CR 89 CL 68 A -122,5200232,"BR 1"" - 1.5M - 52°/0°",1,,BR 1 - 1.5M - 52°/0°,"Tabla 1 al 331_2026.pdf, pagina 167",5200232
167,SN,1081931,CR 89 CL 68 A -122,5200464,CABL CU 3X14 (ENCAU),19,,CABL CU 3X14 ENCAU,"Tabla 1 al 331_2026.pdf, pagina 167",5200464
168,SN,1082486,SENDERO PEATONAL CL 32 A CR 69- 17,5200270,LUM LED (KORALED )44 W,1,,LUM LED KORALED 44 W,"Tabla 1 al 331_2026.pdf, pagina 168",5200270
168,SN,1082486,SENDERO PEATONAL CL 32 A CR 69- 17,5200231,"BRAZO 1""-400/0º",1,,BRAZO 1 -400/0º,"Tabla 1 al 331_2026.pdf, pagina 168",5200231
168,SN,1082486,SENDERO PEATONAL CL 32 A CR 69- 17,5200464,CABLE CU ENCAUCHETADO 3X14 AWG,13,,CABLE CU ENCAUCHETADO 3X14 AWG,"Tabla 1 al 331_2026.pdf, pagina 168",5200464
168,SN,1082486,SENDERO PEATONAL CL 32 A CR 69- 17,R5200201,RET - BOMBILLA VAPOR DE SODIO 70W E27 TUBULAR CLARA,,1,RET - BOMBILLA VAPOR DE SODIO 70W E27 TUBULAR CLARA,"Tabla 1 al 331_2026.pdf, pagina 168",R5200201
168,SN,1082486,SENDERO PEATONAL CL 32 A CR 69- 17,R5200231,"RETIRADO - BRAZO 1"" AV400MM/H400MM 52º 0º",,1,RETIRADO - BRAZO 1 AV400MM/H400MM 52º 0º,"Tabla 1 al 331_2026.pdf, pagina 168",R5200231
168,SN,1082486,SENDERO PEATONAL CL 32 A CR 69- 17,R5200217,RET - LUMINARIA SODIO 70W 240VCA HOR CE BAL REACTOR,,1,RET - LUMINARIA SODIO 70W 240VCA HOR CE BAL REACTOR,"Tabla 1 al 331_2026.pdf, pagina 168",R5200217
169,SN,1082567,SENDERO PEATONAL CL 108 A CR 46-22,5200270,LUM LED (KORELED) 44W,1,,LUM LED KORELED 44W,"Tabla 1 al 331_2026.pdf, pagina 169",5200270
169,SN,1082567,SENDERO PEATONAL CL 108 A CR 46-22,5200231,"BR 1"" - 0.4M - 0°",1,,BR 1 - 0.4M - 0°,"Tabla 1 al 331_2026.pdf, pagina 169",5200231
170,SN,1082892,SENDERO PEATONAL CL 48 BB # 122 -10 INT 126,5200270,LUM LED (KORELED) 44W,2,,LUM LED KORELED 44W,"Tabla 1 al 331_2026.pdf, pagina 170",5200270
170,SN,1082892,SENDERO PEATONAL CL 48 BB # 122 -10 INT 126,5200231,"BR 1"" - 0.4M - 0°",2,,BR 1 - 0.4M - 0°,"Tabla 1 al 331_2026.pdf, pagina 170",5200231
171,SN,1084383,SENDERO PEATONAL CL 64 B CR 94 C 16,5200270,LUM LED (KORELED) 44W,1,,LUM LED KORELED 44W,"Tabla 1 al 331_2026.pdf, pagina 171",5200270
171,SN,1084383,SENDERO PEATONAL CL 64 B CR 94 C 16,5200232,"BR 1"" - 1.5M - 52°/0°",1,,BR 1 - 1.5M - 52°/0°,"Tabla 1 al 331_2026.pdf, pagina 171",5200232
172,SN,1085243,SENDERO PEATONAL CALLE 55F N° 3 21 (INT 324),5200270,LUM LED (KORELED) 44W,2,,LUM LED KORELED 44W,"Tabla 1 al 331_2026.pdf, pagina 172",5200270
172,SN,1085243,SENDERO PEATONAL CALLE 55F N° 3 21 (INT 324),5200231,"BR 1"" - 0.4M - 0°",2,,BR 1 - 0.4M - 0°,"Tabla 1 al 331_2026.pdf, pagina 172",5200231
172,SN,1085243,SENDERO PEATONAL CALLE 55F N° 3 21 (INT 324),5200464,Cable Cu encauchetado 3X14 AWG,30,,CABLE CU ENCAUCHETADO 3X14 AWG,"Tabla 1 al 331_2026.pdf, pagina 172",5200464
173,SN,1085412,CL 55 A CR 125 A - 96 INT 105,5200270,LUM LED (KORELED) 44W,1,,LUM LED KORELED 44W,"Tabla 1 al 331_2026.pdf, pagina 173",5200270
173,SN,1085412,CL 55 A CR 125 A - 96 INT 105,5200231,"BR 1"" - 0.4M - 0°",1,1,BR 1 - 0.4M - 0°,"Tabla 1 al 331_2026.pdf, pagina 173",5200231
173,SN,1085412,CL 55 A CR 125 A - 96 INT 105,R5200217,RET - LUM 70W,,1,RET - LUM 70W,"Tabla 1 al 331_2026.pdf, pagina 173",R5200217
173,SN,1085412,CL 55 A CR 125 A - 96 INT 105,R5200201,RET - BOMB 70W,,1,RET - BOMB 70W,"Tabla 1 al 331_2026.pdf, pagina 173",R5200201
174,SN,1097288,Mejora iluminación escalas Cl 102 A Cr 22 A - 72 Int 145,5200270,LUM LED (KORELED) 44W,2,,LUM LED KORELED 44W,"Tabla 1 al 331_2026.pdf, pagina 174",5200270
174,SN,1097288,Mejora iluminación escalas Cl 102 A Cr 22 A - 72 Int 145,5200419,POST PRFV 8M 510KGF,1,,POST PRFV 8M 510KGF,"Tabla 1 al 331_2026.pdf, pagina 174",5200419
174,SN,1097288,Mejora iluminación escalas Cl 102 A Cr 22 A - 72 Int 145,5200464,CABL CU 3X14 (ENCAU),50,,CABL CU 3X14 ENCAU,"Tabla 1 al 331_2026.pdf, pagina 174",5200464
174,SN,1097288,Mejora iluminación escalas Cl 102 A Cr 22 A - 72 Int 145,5200231,"BR 1"" - 0.4M - 0°",2,,BR 1 - 0.4M - 0°,"Tabla 1 al 331_2026.pdf, pagina 174",5200231
175,SS,1299554,Sendero Peatonal CR 74 CL 37 SUR -58,5200231,"UCAP BRAZO 1"" - 0.4M - 0°",1,,BRAZO 1 - 0.4M - 0°,"Tabla 1 al 331_2026.pdf, pagina 175",5200231
175,SS,1299554,Sendero Peatonal CR 74 CL 37 SUR -58,5000263,LUM LED 48W ASIMÉTRICA 4000K HORIZONTAL,1,,LUM LED 48W ASIMETRICA 4000K HORIZONTAL,"Tabla 1 al 331_2026.pdf, pagina 175",5000263
175,SS,1299554,Sendero Peatonal CR 74 CL 37 SUR -58,5200419,UCAP POSTE PRFV 8M (ENTERRAR),1,,POSTE PRFV 8M ENTERRAR,"Tabla 1 al 331_2026.pdf, pagina 175",5200419
175,SS,1299554,Sendero Peatonal CR 74 CL 37 SUR -58,5200464,UCAP CABLE CU ENCAUCHETADO 3X14 CU,15,,CABLE CU ENCAUCHETADO 3X14 CU,"Tabla 1 al 331_2026.pdf, pagina 175",5200464
176,SS,1114450,Puente Peatonal Cl 2B CR 81A-49,5200231,"UCAP BRAZO 1"" - 0.4M - 0°",1,,BRAZO 1 - 0.4M - 0°,"Tabla 1 al 331_2026.pdf, pagina 176",5200231
176,SS,1114450,Puente Peatonal Cl 2B CR 81A-49,5200293,LUM LED (OMEGA II) 64.5W,1,,LUM LED OMEGA II 64.5W,"Tabla 1 al 331_2026.pdf, pagina 176",5200293
176,SS,1114450,Puente Peatonal Cl 2B CR 81A-49,5200419,UCAP POSTE PRFV 8M (ENTERRAR),1,,POSTE PRFV 8M ENTERRAR,"Tabla 1 al 331_2026.pdf, pagina 176",5200419
176,SS,1114450,Puente Peatonal Cl 2B CR 81A-49,5200464,UCAP CABLE CU ENCAUCHETADO 3X14 CU,12,,CABLE CU ENCAUCHETADO 3X14 CU,"Tabla 1 al 331_2026.pdf, pagina 176",5200464
177,SS,1313469,GOLONDRINAS CL 65 CR 18 B -156 INTERIRO (154),5200231,"UCAP BRAZO 1"" - 0.4M - 0°",1,,BRAZO 1 - 0.4M - 0°,"Tabla 1 al 331_2026.pdf, pagina 177",5200231
177,SS,1313469,GOLONDRINAS CL 65 CR 18 B -156 INTERIRO (154),5000263,LUM LED 48W ASIMÉTRICA 4000K HORIZONTAL,1,,LUM LED 48W ASIMETRICA 4000K HORIZONTAL,"Tabla 1 al 331_2026.pdf, pagina 177",5000263
177,SS,1313469,GOLONDRINAS CL 65 CR 18 B -156 INTERIRO (154),5200464,UCAP CABLE CU ENCAUCHETADO 3X14 CU,3,,CABLE CU ENCAUCHETADO 3X14 CU,"Tabla 1 al 331_2026.pdf, pagina 177",5200464
178,SS,1318182,Sendero Cl 102 Cr 43 B - 5,5200231,"UCAP BRAZO 1"" - 0.4M - 0°",1,,BRAZO 1 - 0.4M - 0°,"Tabla 1 al 331_2026.pdf, pagina 178",5200231
178,SS,1318182,Sendero Cl 102 Cr 43 B - 5,5200232,"UCAP BRAZO 1"" - 1.5M - 52°/0°",1,1,BRAZO 1 - 1.5M - 52°/0°,"Tabla 1 al 331_2026.pdf, pagina 178",5200232
178,SS,1318182,Sendero Cl 102 Cr 43 B - 5,5200270,LUM LED (KORELED) 44W,1,1,LUM LED KORELED 44W,"Tabla 1 al 331_2026.pdf, pagina 178",5200270
178,SS,1318182,Sendero Cl 102 Cr 43 B - 5,5000263,LUM LED 48W ASIMÉTRICA 4000K HORIZONTAL,1,,LUM LED 48W ASIMETRICA 4000K HORIZONTAL,"Tabla 1 al 331_2026.pdf, pagina 178",5000263
178,SS,1318182,Sendero Cl 102 Cr 43 B - 5,5200419,UCAP POSTE PRFV 8M (ENTERRAR),1,,POSTE PRFV 8M ENTERRAR,"Tabla 1 al 331_2026.pdf, pagina 178",5200419
178,SS,1318182,Sendero Cl 102 Cr 43 B - 5,5200464,UCAP CABLE CU ENCAUCHETADO 3X14 CU,10,,CABLE CU ENCAUCHETADO 3X14 CU,"Tabla 1 al 331_2026.pdf, pagina 178",5200464
179,SS,1331968,Andén Cr 77 A Cl 45 FF - 55,5200231,"UCAP BRAZO 1"" - 0.4M - 0°",3,,BRAZO 1 - 0.4M - 0°,"Tabla 1 al 331_2026.pdf, pagina 179",5200231
179,SS,1331968,Andén Cr 77 A Cl 45 FF - 55,5000263,LUM LED 48W ASIMÉTRICA 4000K HORIZONTAL,3,,LUM LED 48W ASIMETRICA 4000K HORIZONTAL,"Tabla 1 al 331_2026.pdf, pagina 179",5000263
179,SS,1331968,Andén Cr 77 A Cl 45 FF - 55,5200419,UCAP POSTE PRFV 8M (ENTERRAR),3,,POSTE PRFV 8M ENTERRAR,"Tabla 1 al 331_2026.pdf, pagina 179",5200419
179,SS,1331968,Andén Cr 77 A Cl 45 FF - 55,5200464,UCAP CABLE CU ENCAUCHETADO 3X14 CU,54,,CABLE CU ENCAUCHETADO 3X14 CU,"Tabla 1 al 331_2026.pdf, pagina 179",5200464
180,SS,1330499,Vía CL 31 C CR 89 C -62,5200232,"UCAP BRAZO 1"" - 1.5M - 52°/0°",1,,BRAZO 1 - 1.5M - 52°/0°,"Tabla 1 al 331_2026.pdf, pagina 180",5200232
180,SS,1330499,Vía CL 31 C CR 89 C -62,5000264,"LUM LED 62,4W ASIMÉTRICA 4000K HORIZONTAL",2,,LUM LED 62 4W ASIMETRICA 4000K HORIZONTAL,"Tabla 1 al 331_2026.pdf, pagina 180",5000264
180,SS,1330499,Vía CL 31 C CR 89 C -62,5200308,UCAP POSTE CONCRETO OCTOG 8M,1,,POSTE CONCRETO OCTOG 8M,"Tabla 1 al 331_2026.pdf, pagina 180",5200308
180,SS,1330499,Vía CL 31 C CR 89 C -62,5200464,UCAP CABLE CU ENCAUCHETADO 3X14 CU,20,,CABLE CU ENCAUCHETADO 3X14 CU,"Tabla 1 al 331_2026.pdf, pagina 180",5200464
180,SS,1330499,Vía CL 31 C CR 89 C -62,5200270,LUM LED (KORELED) 44W,,1,LUM LED KORELED 44W,"Tabla 1 al 331_2026.pdf, pagina 180",5200270
181,SS,1330456,ENCISO CR 22 B CL 59 A - 54,5200232,"UCAP BRAZO 1"" - 1.5M - 52°/0°",1,,BRAZO 1 - 1.5M - 52°/0°,"Tabla 1 al 331_2026.pdf, pagina 181",5200232
181,SS,1330456,ENCISO CR 22 B CL 59 A - 54,5200231,"UCAP BRAZO 1"" - 0.4M - 0°",,1,BRAZO 1 - 0.4M - 0°,"Tabla 1 al 331_2026.pdf, pagina 181",5200231
182,SS,1326502,Sendero Peatonal CR 120 D CL 39 FD -22 (INTERIOR 142 ),5200231,"UCAP BRAZO 1"" - 0.4M - 0°",1,,BRAZO 1 - 0.4M - 0°,"Tabla 1 al 331_2026.pdf, pagina 182",5200231
182,SS,1326502,Sendero Peatonal CR 120 D CL 39 FD -22 (INTERIOR 142 ),5000263,LUM LED 48W ASIMÉTRICA 4000K HORIZONTAL,1,,LUM LED 48W ASIMETRICA 4000K HORIZONTAL,"Tabla 1 al 331_2026.pdf, pagina 182",5000263
183,SS,1322959,ANDEN - SMAP-CIV-058-26 CL 104 CR 70,5200231,"UCAP BRAZO 1"" - 0.4M - 0°",1,,BRAZO 1 - 0.4M - 0°,"Tabla 1 al 331_2026.pdf, pagina 183",5200231
183,SS,1322959,ANDEN - SMAP-CIV-058-26 CL 104 CR 70,5000263,LUM LED 48W ASIMÉTRICA 4000K HORIZONTAL,1,,LUM LED 48W ASIMETRICA 4000K HORIZONTAL,"Tabla 1 al 331_2026.pdf, pagina 183",5000263
184,SS,1321663,SMAP-CIV-076-26 CL 63 CR 108 BB 160,5200232,"UCAP BRAZO 1"" - 1.5M - 52°/0°",3,,BRAZO 1 - 1.5M - 52°/0°,"Tabla 1 al 331_2026.pdf, pagina 184",5200232
184,SS,1321663,SMAP-CIV-076-26 CL 63 CR 108 BB 160,5000263,LUM LED 48W ASIMÉTRICA 4000K HORIZONTAL,3,,LUM LED 48W ASIMETRICA 4000K HORIZONTAL,"Tabla 1 al 331_2026.pdf, pagina 184",5000263
184,SS,1321663,SMAP-CIV-076-26 CL 63 CR 108 BB 160,5200419,UCAP POSTE PRFV 8M (ENTERRAR),2,,POSTE PRFV 8M ENTERRAR,"Tabla 1 al 331_2026.pdf, pagina 184",5200419
184,SS,1321663,SMAP-CIV-076-26 CL 63 CR 108 BB 160,5200464,UCAP CABLE CU ENCAUCHETADO 3X14 CU,75,,CABLE CU ENCAUCHETADO 3X14 CU,"Tabla 1 al 331_2026.pdf, pagina 184",5200464
185,SS,1221406,SMAP-CIL-0328-25 CL 42 C # 63 C - 97,5200220,UCAP LUMINARIA 400W,,1,LUMINARIA 400W,"Tabla 1 al 331_2026.pdf, pagina 185",5200220
185,SS,1221406,SMAP-CIL-0328-25 CL 42 C # 63 C - 97,5200204,UCAP BOMBILLO 400W,,1,BOMBILLO 400W,"Tabla 1 al 331_2026.pdf, pagina 185",5200204
185,SS,1221406,SMAP-CIL-0328-25 CL 42 C # 63 C - 97,5200241,UCAP BRAZO CURVO 3000M,,1,BRAZO CURVO 3000M,"Tabla 1 al 331_2026.pdf, pagina 185",5200241
185,SS,1221406,SMAP-CIL-0328-25 CL 42 C # 63 C - 97,5200316,UCAP POSTE METÁLICO REDONDO 12M,,1,POSTE METALICO REDONDO 12M,"Tabla 1 al 331_2026.pdf, pagina 185",5200316
186,SS,1227029,Sendero Cl 80 F Cr 88 A - 65,5200232,"UCAP BRAZO 1"" - 1.5M - 52°/0°",1,,BRAZO 1 - 1.5M - 52°/0°,"Tabla 1 al 331_2026.pdf, pagina 186",5200232
186,SS,1227029,Sendero Cl 80 F Cr 88 A - 65,5000263,LUM LED 48W ASIMÉTRICA 4000K HORIZONTAL,1,,LUM LED 48W ASIMETRICA 4000K HORIZONTAL,"Tabla 1 al 331_2026.pdf, pagina 186",5000263
186,SS,1227029,Sendero Cl 80 F Cr 88 A - 65,5200464,UCAP CABLE CU ENCAUCHETADO 3X14 CU,15,,CABLE CU ENCAUCHETADO 3X14 CU,"Tabla 1 al 331_2026.pdf, pagina 186",5200464
187,SS,1332239,SMAP-CIV-109-26 CR 69 C CL 30-51,5200231,"UCAP BRAZO 1"" - 0.4M - 0°",2,,BRAZO 1 - 0.4M - 0°,"Tabla 1 al 331_2026.pdf, pagina 187",5200231
187,SS,1332239,SMAP-CIV-109-26 CR 69 C CL 30-51,5000263,LUM LED 48W ASIMÉTRICA 4000K HORIZONTAL,2,,LUM LED 48W ASIMETRICA 4000K HORIZONTAL,"Tabla 1 al 331_2026.pdf, pagina 187",5000263
188,SS,1332251,SMAP-CIV-117-26 CL 7 entre CR 45 y CR 46,5200231,"UCAP BRAZO 1"" - 0.4M - 0°",4,,BRAZO 1 - 0.4M - 0°,"Tabla 1 al 331_2026.pdf, pagina 188",5200231
188,SS,1332251,SMAP-CIV-117-26 CL 7 entre CR 45 y CR 46,5000263,LUM LED 48W ASIMÉTRICA 4000K HORIZONTAL,4,,LUM LED 48W ASIMETRICA 4000K HORIZONTAL,"Tabla 1 al 331_2026.pdf, pagina 188",5000263
188,SS,1332251,SMAP-CIV-117-26 CL 7 entre CR 45 y CR 46,5200464,UCAP CABLE CU ENCAUCHETADO 3X14 CU,18,,CABLE CU ENCAUCHETADO 3X14 CU,"Tabla 1 al 331_2026.pdf, pagina 188",5200464
189,SS,1133147,Sendero Cl 53 Cr 78 - 151,5200231,"UCAP BRAZO 1"" - 0.4M - 0°",2,1,BRAZO 1 - 0.4M - 0°,"Tabla 1 al 331_2026.pdf, pagina 189",5200231
189,SS,1133147,Sendero Cl 53 Cr 78 - 151,5200270,LUM LED (KORELED) 44W,1,1,LUM LED KORELED 44W,"Tabla 1 al 331_2026.pdf, pagina 189",5200270
189,SS,1133147,Sendero Cl 53 Cr 78 - 151,5000263,LUM LED 48W ASIMÉTRICA 4000K HORIZONTAL,1,,LUM LED 48W ASIMETRICA 4000K HORIZONTAL,"Tabla 1 al 331_2026.pdf, pagina 189",5000263
189,SS,1133147,Sendero Cl 53 Cr 78 - 151,5200308,UCAP POSTE CONCRETO OCTOG 8M,1,,POSTE CONCRETO OCTOG 8M,"Tabla 1 al 331_2026.pdf, pagina 189",5200308
190,SS,1231032,Cancha de fútbol en grama sintética Villa Laura CL 34F CR 106,5000269,"PROYEC LED 110W TIPO V LARGA (LONG ""L"") 5000K",10,,PROYEC LED 110W TIPO V LARGA LONG L 5000K,"Tabla 1 al 331_2026.pdf, pagina 190",5000269
190,SS,1231032,Cancha de fútbol en grama sintética Villa Laura CL 34F CR 106,5200127,UCAP PROY. 1000W.,,14,PROY 1000W,"Tabla 1 al 331_2026.pdf, pagina 190",5200127
190,SS,1231032,Cancha de fútbol en grama sintética Villa Laura CL 34F CR 106,5200214,UCAP BOMBILLO 1000W,,14,BOMBILLO 1000W,"Tabla 1 al 331_2026.pdf, pagina 190",5200214
191,SS,1332324,SMAP-CIV-106-26 CR 80 CL 79 C 24,5200231,"UCAP BRAZO 1"" - 0.4M - 0°",3,1,BRAZO 1 - 0.4M - 0°,"Tabla 1 al 331_2026.pdf, pagina 191",5200231
191,SS,1332324,SMAP-CIV-106-26 CR 80 CL 79 C 24,5000263,LUM LED 48W ASIMÉTRICA 4000K HORIZONTAL,2,,LUM LED 48W ASIMETRICA 4000K HORIZONTAL,"Tabla 1 al 331_2026.pdf, pagina 191",5000263
191,SS,1332324,SMAP-CIV-106-26 CR 80 CL 79 C 24,5200407,"UCAP TRIPLEX AL 2X4+1X4 XLP,AEREO",40,,TRIPLEX AL 2X4+1X4 XLP AEREO,"Tabla 1 al 331_2026.pdf, pagina 191",5200407
191,SS,1332324,SMAP-CIV-106-26 CR 80 CL 79 C 24,5200419,UCAP POSTE PRFV 8M (ENTERRAR),3,,POSTE PRFV 8M ENTERRAR,"Tabla 1 al 331_2026.pdf, pagina 191",5200419
191,SS,1332324,SMAP-CIV-106-26 CR 80 CL 79 C 24,5200464,UCAP CABLE CU ENCAUCHETADO 3X14 CU,4,,CABLE CU ENCAUCHETADO 3X14 CU,"Tabla 1 al 331_2026.pdf, pagina 191",5200464
191,SS,1332324,SMAP-CIV-106-26 CR 80 CL 79 C 24,5200270,LUM LED 44W ASIMÉTRICA 4000K HORIZONTAL,1,1,LUM LED 44W ASIMETRICA 4000K HORIZONTAL,"Tabla 1 al 331_2026.pdf, pagina 191",5200270
192,SS,1332332,SMAP-CIV-107-26 CL 79 CR 72B,5000263,LUM LED 48W ASIMÉTRICA 4000K HORIZONTAL,1,,LUM LED 48W ASIMETRICA 4000K HORIZONTAL,"Tabla 1 al 331_2026.pdf, pagina 192",5000263
192,SS,1332332,SMAP-CIV-107-26 CL 79 CR 72B,5200302,UCAP POSTE CONCRETO CARABOBO 5M,1,,POSTE CONCRETO CARABOBO 5M,"Tabla 1 al 331_2026.pdf, pagina 192",5200302
192,SS,1332332,SMAP-CIV-107-26 CL 79 CR 72B,5200422,CABLE FZA AL 3X6 AWG XLPE 600V 90°C ENTERRADO,5,,CABLE FZA AL 3X6 AWG XLPE 600V 90°C ENTERRADO,"Tabla 1 al 331_2026.pdf, pagina 192",5200422
192,SS,1332332,SMAP-CIV-107-26 CL 79 CR 72B,5200501,UCAP CAJA CONCRETO 50X50 CM,1,,CAJA CONCRETO 50X50 CM,"Tabla 1 al 331_2026.pdf, pagina 192",5200501
192,SS,1332332,SMAP-CIV-107-26 CL 79 CR 72B,5200238,BRAZO CARABOBO SENCILLO,1,,BRAZO CARABOBO SENCILLO,"Tabla 1 al 331_2026.pdf, pagina 192",5200238
193,SS,1332341,SMAP-CIV-108-26 CL 78B CR 72 A 110,5200231,"UCAP BRAZO 1"" - 0.4M - 0°",1,,BRAZO 1 - 0.4M - 0°,"Tabla 1 al 331_2026.pdf, pagina 193",5200231
193,SS,1332341,SMAP-CIV-108-26 CL 78B CR 72 A 110,5000263,LUM LED 48W ASIMÉTRICA 4000K HORIZONTAL,1,,LUM LED 48W ASIMETRICA 4000K HORIZONTAL,"Tabla 1 al 331_2026.pdf, pagina 193",5000263
193,SS,1332341,SMAP-CIV-108-26 CL 78B CR 72 A 110,5200217,UCAP LUMINARIA 70W,,1,LUMINARIA 70W,"Tabla 1 al 331_2026.pdf, pagina 193",5200217
193,SS,1332341,SMAP-CIV-108-26 CL 78B CR 72 A 110,5200201,UCAP BOMBILLO 70W,,1,BOMBILLO 70W,"Tabla 1 al 331_2026.pdf, pagina 193",5200201
193,SS,1332341,SMAP-CIV-108-26 CL 78B CR 72 A 110,5200238,UCAP BRAZO SENCILLO CARABOBO,,1,BRAZO SENCILLO CARABOBO,"Tabla 1 al 331_2026.pdf, pagina 193",5200238
194,SS,1333678,Sendero Cr 24 B Cl 101 AB - 32 Int 130,5200231,"UCAP BRAZO 1"" - 0.4M - 0°",2,,BRAZO 1 - 0.4M - 0°,"Tabla 1 al 331_2026.pdf, pagina 194",5200231
194,SS,1333678,Sendero Cr 24 B Cl 101 AB - 32 Int 130,5000263,LUM LED 48W ASIMÉTRICA 4000K HORIZONTAL,2,,LUM LED 48W ASIMETRICA 4000K HORIZONTAL,"Tabla 1 al 331_2026.pdf, pagina 194",5000263
194,SS,1333678,Sendero Cr 24 B Cl 101 AB - 32 Int 130,5200464,UCAP CABLE CU ENCAUCHETADO 3X14 CU,34,,CABLE CU ENCAUCHETADO 3X14 CU,"Tabla 1 al 331_2026.pdf, pagina 194",5200464
195,SS,1339969,Sendero Peatonal CL 49 CR 99 F -155 (INTERIOR 120),5200231,"UCAP BRAZO 1"" - 0.4M - 0°",2,,BRAZO 1 - 0.4M - 0°,"Tabla 1 al 331_2026.pdf, pagina 195",5200231
195,SS,1339969,Sendero Peatonal CL 49 CR 99 F -155 (INTERIOR 120),5000263,LUM LED 48W ASIMÉTRICA 4000K HORIZONTAL,2,,LUM LED 48W ASIMETRICA 4000K HORIZONTAL,"Tabla 1 al 331_2026.pdf, pagina 195",5000263
196,SS,1340685,LA SIERRA CR 1 B CL 53 C - 4,5200231,"UCAP BRAZO 1"" - 0.4M - 0°",1,,BRAZO 1 - 0.4M - 0°,"Tabla 1 al 331_2026.pdf, pagina 196",5200231
196,SS,1340685,LA SIERRA CR 1 B CL 53 C - 4,5000263,LUM LED 48W ASIMÉTRICA 4000K HORIZONTAL,1,,LUM LED 48W ASIMETRICA 4000K HORIZONTAL,"Tabla 1 al 331_2026.pdf, pagina 196",5000263
197,SS,1342853,Andén CL 31 CR 85 -10,5200231,"UCAP BRAZO 1"" - 0.4M - 0°",4,,BRAZO 1 - 0.4M - 0°,"Tabla 1 al 331_2026.pdf, pagina 197",5200231
197,SS,1342853,Andén CL 31 CR 85 -10,5000263,LUM LED 48W ASIMÉTRICA 4000K HORIZONTAL,4,,LUM LED 48W ASIMETRICA 4000K HORIZONTAL,"Tabla 1 al 331_2026.pdf, pagina 197",5000263
197,SS,1342853,Andén CL 31 CR 85 -10,5200464,UCAP CABLE CU ENCAUCHETADO 3X14 CU,21,,CABLE CU ENCAUCHETADO 3X14 CU,"Tabla 1 al 331_2026.pdf, pagina 197",5200464
198,SS,1322966,VIA SMAP-CIV-064-26 CL 76 CR 87 A - 13,5200232,"UCAP BRAZO 1"" - 1.5M - 52°/0°",1,,BRAZO 1 - 1.5M - 52°/0°,"Tabla 1 al 331_2026.pdf, pagina 198",5200232
198,SS,1322966,VIA SMAP-CIV-064-26 CL 76 CR 87 A - 13,5000263,LUM LED 48W ASIMÉTRICA 4000K HORIZONTAL,1,,LUM LED 48W ASIMETRICA 4000K HORIZONTAL,"Tabla 1 al 331_2026.pdf, pagina 198",5000263
198,SS,1322966,VIA SMAP-CIV-064-26 CL 76 CR 87 A - 13,5200301,UCAP POSTE CONCRETO REDONDO 9M.,1,,POSTE CONCRETO REDONDO 9M,"Tabla 1 al 331_2026.pdf, pagina 198",5200301
198,SS,1322966,VIA SMAP-CIV-064-26 CL 76 CR 87 A - 13,5200464,UCAP CABLE CU ENCAUCHETADO 3X14 CU,8,,CABLE CU ENCAUCHETADO 3X14 CU,"Tabla 1 al 331_2026.pdf, pagina 198",5200464
199,SS,1323002,Senderos peatonales SMAP-CIV-075-26 CL 63B CR 105 D 51,5020117,UCAP POSTE PRFV 9M (ENTERRAR),7,,POSTE PRFV 9M ENTERRAR,"Tabla 1 al 331_2026.pdf, pagina 199",5020117
199,SS,1323002,Senderos peatonales SMAP-CIV-075-26 CL 63B CR 105 D 51,5090209,PUESTA A TIERRA,1,,PUESTA A TIERRA,"Tabla 1 al 331_2026.pdf, pagina 199",5090209
199,SS,1323002,Senderos peatonales SMAP-CIV-075-26 CL 63B CR 105 D 51,5200232,"UCAP BRAZO 1"" - 1.5M - 52°/0°",7,,BRAZO 1 - 1.5M - 52°/0°,"Tabla 1 al 331_2026.pdf, pagina 199",5200232
199,SS,1323002,Senderos peatonales SMAP-CIV-075-26 CL 63B CR 105 D 51,5000263,LUM LED 48W ASIMÉTRICA 4000K HORIZONTAL,7,,LUM LED 48W ASIMETRICA 4000K HORIZONTAL,"Tabla 1 al 331_2026.pdf, pagina 199",5000263
199,SS,1323002,Senderos peatonales SMAP-CIV-075-26 CL 63B CR 105 D 51,5200422,CABLE FZA AL 3X6 AWG XLPE 600V 90°C ENTERRADO,15,,CABLE FZA AL 3X6 AWG XLPE 600V 90°C ENTERRADO,"Tabla 1 al 331_2026.pdf, pagina 199",5200422
199,SS,1323002,Senderos peatonales SMAP-CIV-075-26 CL 63B CR 105 D 51,5200464,UCAP CABLE CU ENCAUCHETADO 3X14 CU,75,,CABLE CU ENCAUCHETADO 3X14 CU,"Tabla 1 al 331_2026.pdf, pagina 199",5200464
199,SS,1323002,Senderos peatonales SMAP-CIV-075-26 CL 63B CR 105 D 51,5200501,UCAP CAJA CONCRETO 50X50 CM,7,,CAJA CONCRETO 50X50 CM,"Tabla 1 al 331_2026.pdf, pagina 199",5200501
200,SS,1330324,V{ia M4 y Andén Cl 48 B Cr 67 - 53,5200232,"UCAP BRAZO 1"" - 1.5M - 52°/0°",1,,BRAZO 1 - 1.5M - 52°/0°,"Tabla 1 al 331_2026.pdf, pagina 200",5200232
200,SS,1330324,V{ia M4 y Andén Cl 48 B Cr 67 - 53,5000263,LUM LED 48W ASIMÉTRICA 4000K HORIZONTAL,1,,LUM LED 48W ASIMETRICA 4000K HORIZONTAL,"Tabla 1 al 331_2026.pdf, pagina 200",5000263
200,SS,1330324,V{ia M4 y Andén Cl 48 B Cr 67 - 53,5200419,UCAP POSTE PRFV 8M (ENTERRAR),1,,POSTE PRFV 8M ENTERRAR,"Tabla 1 al 331_2026.pdf, pagina 200",5200419
200,SS,1330324,V{ia M4 y Andén Cl 48 B Cr 67 - 53,5200464,UCAP CABLE CU ENCAUCHETADO 3X14 CU,19,,CABLE CU ENCAUCHETADO 3X14 CU,"Tabla 1 al 331_2026.pdf, pagina 200",5200464
201,SS,1332216,SMAP-CIV-098-26 CR 43A CL 31,5000263,LUM LED 48W ASIMÉTRICA 4000K HORIZONTAL,1,,LUM LED 48W ASIMETRICA 4000K HORIZONTAL,"Tabla 1 al 331_2026.pdf, pagina 201",5000263
201,SS,1332216,SMAP-CIV-098-26 CR 43A CL 31,5200217,UCAP LUMINARIA 70W,,1,LUMINARIA 70W,"Tabla 1 al 331_2026.pdf, pagina 201",5200217
201,SS,1332216,SMAP-CIV-098-26 CR 43A CL 31,5200201,UCAP BOMBILLO 70W,,1,BOMBILLO 70W,"Tabla 1 al 331_2026.pdf, pagina 201",5200201
202,SS,1332226,SMAP-CIV-099-26 CR 43 A CL 38-72,5200232,"UCAP BRAZO 1"" - 1.5M - 52°/0°",2,,BRAZO 1 - 1.5M - 52°/0°,"Tabla 1 al 331_2026.pdf, pagina 202",5200232
202,SS,1332226,SMAP-CIV-099-26 CR 43 A CL 38-72,5200293,LUM LED (OMEGA II) 64.5W,2,,LUM LED OMEGA II 64.5W,"Tabla 1 al 331_2026.pdf, pagina 202",5200293
202,SS,1332226,SMAP-CIV-099-26 CR 43 A CL 38-72,5200217,UCAP LUMINARIA 70W,,2,LUMINARIA 70W,"Tabla 1 al 331_2026.pdf, pagina 202",5200217
202,SS,1332226,SMAP-CIV-099-26 CR 43 A CL 38-72,5200201,UCAP BOMBILLO 70W,,2,BOMBILLO 70W,"Tabla 1 al 331_2026.pdf, pagina 202",5200201
202,SS,1332226,SMAP-CIV-099-26 CR 43 A CL 38-72,5200236,"UCAP BRAZO 1 1/2"" - 1.5M - 52°/20°",,2,BRAZO 1 1/2 - 1.5M - 52°/20°,"Tabla 1 al 331_2026.pdf, pagina 202",5200236
203,SS,1332357,Plazoleta Cl 82 A Cr 53 A,5200232,"UCAP BRAZO 1"" - 1.5M - 52°/0°",2,,BRAZO 1 - 1.5M - 52°/0°,"Tabla 1 al 331_2026.pdf, pagina 203",5200232
203,SS,1332357,Plazoleta Cl 82 A Cr 53 A,5000263,LUM LED 48W ASIMÉTRICA 4000K HORIZONTAL,2,,LUM LED 48W ASIMETRICA 4000K HORIZONTAL,"Tabla 1 al 331_2026.pdf, pagina 203",5000263
203,SS,1332357,Plazoleta Cl 82 A Cr 53 A,5200419,UCAP POSTE PRFV 8M (ENTERRAR),1,,POSTE PRFV 8M ENTERRAR,"Tabla 1 al 331_2026.pdf, pagina 203",5200419
203,SS,1332357,Plazoleta Cl 82 A Cr 53 A,5200464,UCAP CABLE CU ENCAUCHETADO 3X14 CU,40,,CABLE CU ENCAUCHETADO 3X14 CU,"Tabla 1 al 331_2026.pdf, pagina 203",5200464
204,SS,1332362,Placa Polideportiva Cr 50 A Cl 97,5200232,"UCAP BRAZO 1"" - 1.5M - 52°/0°",2,2,BRAZO 1 - 1.5M - 52°/0°,"Tabla 1 al 331_2026.pdf, pagina 204",5200232
204,SS,1332362,Placa Polideportiva Cr 50 A Cl 97,5200235,"UCAP BRAZO 1 1/2"" - 1.5M - 52°/0°",2,2,BRAZO 1 1/2 - 1.5M - 52°/0°,"Tabla 1 al 331_2026.pdf, pagina 204",5200235
204,SS,1332362,Placa Polideportiva Cr 50 A Cl 97,5200270,LUM LED (KORELED) 44W,2,2,LUM LED KORELED 44W,"Tabla 1 al 331_2026.pdf, pagina 204",5200270
204,SS,1332362,Placa Polideportiva Cr 50 A Cl 97,5200272,LUM LED (SEPIALED II) 128W,2,2,LUM LED SEPIALED II 128W,"Tabla 1 al 331_2026.pdf, pagina 204",5200272
204,SS,1332362,Placa Polideportiva Cr 50 A Cl 97,5200419,UCAP POSTE PRFV 8M (ENTERRAR),3,,POSTE PRFV 8M ENTERRAR,"Tabla 1 al 331_2026.pdf, pagina 204",5200419
204,SS,1332362,Placa Polideportiva Cr 50 A Cl 97,5200464,UCAP CABLE CU ENCAUCHETADO 3X14 CU,37,,CABLE CU ENCAUCHETADO 3X14 CU,"Tabla 1 al 331_2026.pdf, pagina 204",5200464
204,SS,1332362,Placa Polideportiva Cr 50 A Cl 97,5200308,UCAP POSTE CONCRETO OCTOG 8M,,2,POSTE CONCRETO OCTOG 8M,"Tabla 1 al 331_2026.pdf, pagina 204",5200308
204,SS,1332362,Placa Polideportiva Cr 50 A Cl 97,5200410,UCAP DUPLEX CU 14 AWG-THW 300V,,20,DUPLEX CU 14 AWG-THW 300V,"Tabla 1 al 331_2026.pdf, pagina 204",5200410
205,SS,1332417,Sendero Peatonal-El Vergel CR 76 CL 45 SUR -27 (INTERIOR 101),5200231,"UCAP BRAZO 1"" - 0.4M - 0°",2,,BRAZO 1 - 0.4M - 0°,"Tabla 1 al 331_2026.pdf, pagina 205",5200231
205,SS,1332417,Sendero Peatonal-El Vergel CR 76 CL 45 SUR -27 (INTERIOR 101),5000263,LUM LED 48W ASIMÉTRICA 4000K HORIZONTAL,2,,LUM LED 48W ASIMETRICA 4000K HORIZONTAL,"Tabla 1 al 331_2026.pdf, pagina 205",5000263
205,SS,1332417,Sendero Peatonal-El Vergel CR 76 CL 45 SUR -27 (INTERIOR 101),5200464,UCAP CABLE CU ENCAUCHETADO 3X14 CU,14,,CABLE CU ENCAUCHETADO 3X14 CU,"Tabla 1 al 331_2026.pdf, pagina 205",5200464
206,SS,1332503,BARRIO COLON CR 46 CL 41,5200231,"UCAP BRAZO 1"" - 0.4M - 0°",2,1,BRAZO 1 - 0.4M - 0°,"Tabla 1 al 331_2026.pdf, pagina 206",5200231
206,SS,1332503,BARRIO COLON CR 46 CL 41,5000263,LUM LED 48W ASIMÉTRICA 4000K HORIZONTAL,2,,LUM LED 48W ASIMETRICA 4000K HORIZONTAL,"Tabla 1 al 331_2026.pdf, pagina 206",5000263
206,SS,1332503,BARRIO COLON CR 46 CL 41,5200217,UCAP LUMINARIA 70W,,1,LUMINARIA 70W,"Tabla 1 al 331_2026.pdf, pagina 206",5200217
206,SS,1332503,BARRIO COLON CR 46 CL 41,5200201,UCAP BOMBILLO 70W,,1,BOMBILLO 70W,"Tabla 1 al 331_2026.pdf, pagina 206",5200201
207,SS,1333262,Sendero Peatonal-Villa Cafe CL 27 A CR 89 C -2,5200231,"UCAP BRAZO 1"" - 0.4M - 0°",1,,BRAZO 1 - 0.4M - 0°,"Tabla 1 al 331_2026.pdf, pagina 207",5200231
207,SS,1333262,Sendero Peatonal-Villa Cafe CL 27 A CR 89 C -2,5000263,LUM LED 48W ASIMÉTRICA 4000K HORIZONTAL,1,,LUM LED 48W ASIMETRICA 4000K HORIZONTAL,"Tabla 1 al 331_2026.pdf, pagina 207",5000263
208,SS,1334836,Graderias Cr 36 a Cl 69,5200231,"UCAP BRAZO 1"" - 0.4M - 0°",1,,BRAZO 1 - 0.4M - 0°,"Tabla 1 al 331_2026.pdf, pagina 208",5200231
208,SS,1334836,Graderias Cr 36 a Cl 69,5000263,LUM LED 48W ASIMÉTRICA 4000K HORIZONTAL,1,,LUM LED 48W ASIMETRICA 4000K HORIZONTAL,"Tabla 1 al 331_2026.pdf, pagina 208",5000263
208,SS,1334836,Graderias Cr 36 a Cl 69,5200464,UCAP CABLE CU ENCAUCHETADO 3X14 CU,18,,CABLE CU ENCAUCHETADO 3X14 CU,"Tabla 1 al 331_2026.pdf, pagina 208",5200464
209,SS,1332390,Vía M4 Cl 49 AA Cr 77 C,5200231,"UCAP BRAZO 1"" - 0.4M - 0°",2,,BRAZO 1 - 0.4M - 0°,"Tabla 1 al 331_2026.pdf, pagina 209",5200231
209,SS,1332390,Vía M4 Cl 49 AA Cr 77 C,5200232,"UCAP BRAZO 1"" - 1.5M - 52°/0°",2,2,BRAZO 1 - 1.5M - 52°/0°,"Tabla 1 al 331_2026.pdf, pagina 209",5200232
209,SS,1332390,Vía M4 Cl 49 AA Cr 77 C,5200270,LUM LED (KORELED) 44W,2,2,LUM LED KORELED 44W,"Tabla 1 al 331_2026.pdf, pagina 209",5200270
209,SS,1332390,Vía M4 Cl 49 AA Cr 77 C,5000263,LUM LED 48W ASIMÉTRICA 4000K HORIZONTAL,2,,LUM LED 48W ASIMETRICA 4000K HORIZONTAL,"Tabla 1 al 331_2026.pdf, pagina 209",5000263
209,SS,1332390,Vía M4 Cl 49 AA Cr 77 C,5200308,UCAP POSTE CONCRETO OCTOG 8M,1,,POSTE CONCRETO OCTOG 8M,"Tabla 1 al 331_2026.pdf, pagina 209",5200308
209,SS,1332390,Vía M4 Cl 49 AA Cr 77 C,5200464,UCAP CABLE CU ENCAUCHETADO 3X14 CU,19,,CABLE CU ENCAUCHETADO 3X14 CU,"Tabla 1 al 331_2026.pdf, pagina 209",5200464
210,SS,1332395,SMAP-CIV-119-26 Cl 80 Cr 45,5200232,"UCAP BRAZO 1"" - 1.5M - 52°/0°",1,,BRAZO 1 - 1.5M - 52°/0°,"Tabla 1 al 331_2026.pdf, pagina 210",5200232
210,SS,1332395,SMAP-CIV-119-26 Cl 80 Cr 45,5200235,"UCAP BRAZO 1 1/2"" - 1.5M - 52°/0°",1,,BRAZO 1 1/2 - 1.5M - 52°/0°,"Tabla 1 al 331_2026.pdf, pagina 210",5200235
210,SS,1332395,SMAP-CIV-119-26 Cl 80 Cr 45,5000263,LUM LED 48W ASIMÉTRICA 4000K HORIZONTAL,1,,LUM LED 48W ASIMETRICA 4000K HORIZONTAL,"Tabla 1 al 331_2026.pdf, pagina 210",5000263
210,SS,1332395,SMAP-CIV-119-26 Cl 80 Cr 45,5000265,LUM LED 130W ASIMÉTRICA 4000K HORIZONTAL,1,,LUM LED 130W ASIMETRICA 4000K HORIZONTAL,"Tabla 1 al 331_2026.pdf, pagina 210",5000265
211,SS,1336353,VIA RURAL RURAL_146015116000000000_RURAL_PALMITAS,5200232,"UCAP BRAZO 1"" - 1.5M - 52°/0°",2,,BRAZO 1 - 1.5M - 52°/0°,"Tabla 1 al 331_2026.pdf, pagina 211",5200232
211,SS,1336353,VIA RURAL RURAL_146015116000000000_RURAL_PALMITAS,5000263,LUM LED 48W ASIMÉTRICA 4000K HORIZONTAL,2,,LUM LED 48W ASIMETRICA 4000K HORIZONTAL,"Tabla 1 al 331_2026.pdf, pagina 211",5000263
211,SS,1336353,VIA RURAL RURAL_146015116000000000_RURAL_PALMITAS,5200407,"UCAP TRIPLEX AL 2X4+1X4 XLP,AEREO",40,,TRIPLEX AL 2X4+1X4 XLP AEREO,"Tabla 1 al 331_2026.pdf, pagina 211",5200407
211,SS,1336353,VIA RURAL RURAL_146015116000000000_RURAL_PALMITAS,5200419,UCAP POSTE PRFV 8M (ENTERRAR),1,,POSTE PRFV 8M ENTERRAR,"Tabla 1 al 331_2026.pdf, pagina 211",5200419
212,SS,1345605,Sendero Peatonal CL 39 AB CR 118-50 (INTERIOR 106),5200231,"UCAP BRAZO 1"" - 0.4M - 0°",1,,BRAZO 1 - 0.4M - 0°,"Tabla 1 al 331_2026.pdf, pagina 212",5200231
212,SS,1345605,Sendero Peatonal CL 39 AB CR 118-50 (INTERIOR 106),5000263,LUM LED 48W ASIMÉTRICA 4000K HORIZONTAL,1,,LUM LED 48W ASIMETRICA 4000K HORIZONTAL,"Tabla 1 al 331_2026.pdf, pagina 212",5000263
213,SS,1343492,SMAP-CIV-124-26 CR 76 ENTRE CL 33 Y CL 35,5200207,UCAP LUMINARIA LED 110W HORIZONTAL,1,1,LUMINARIA LED 110W HORIZONTAL,"Tabla 1 al 331_2026.pdf, pagina 213",5200207
213,SS,1343492,SMAP-CIV-124-26 CR 76 ENTRE CL 33 Y CL 35,5200231,"UCAP BRAZO 1"" - 0.4M - 0°",1,,BRAZO 1 - 0.4M - 0°,"Tabla 1 al 331_2026.pdf, pagina 213",5200231
213,SS,1343492,SMAP-CIV-124-26 CR 76 ENTRE CL 33 Y CL 35,5200235,"UCAP BRAZO 1 1/2"" - 1.5M - 52°/0°",1,1,BRAZO 1 1/2 - 1.5M - 52°/0°,"Tabla 1 al 331_2026.pdf, pagina 213",5200235
213,SS,1343492,SMAP-CIV-124-26 CR 76 ENTRE CL 33 Y CL 35,5200241,UCAP BRAZO CURVO 3000M,1,,BRAZO CURVO 3000M,"Tabla 1 al 331_2026.pdf, pagina 213",5200241
213,SS,1343492,SMAP-CIV-124-26 CR 76 ENTRE CL 33 Y CL 35,5000263,LUM LED 48W ASIMÉTRICA 4000K HORIZONTAL,1,,LUM LED 48W ASIMETRICA 4000K HORIZONTAL,"Tabla 1 al 331_2026.pdf, pagina 213",5000263
213,SS,1343492,SMAP-CIV-124-26 CR 76 ENTRE CL 33 Y CL 35,5000265,LUM LED 130W ASIMÉTRICA 4000K HORIZONTAL,1,,LUM LED 130W ASIMETRICA 4000K HORIZONTAL,"Tabla 1 al 331_2026.pdf, pagina 213",5000265
213,SS,1343492,SMAP-CIV-124-26 CR 76 ENTRE CL 33 Y CL 35,5200301,UCAP POSTE CONCRETO REDONDO 9M.,1,,POSTE CONCRETO REDONDO 9M,"Tabla 1 al 331_2026.pdf, pagina 213",5200301
213,SS,1343492,SMAP-CIV-124-26 CR 76 ENTRE CL 33 Y CL 35,5200464,UCAP CABLE CU ENCAUCHETADO 3X14 CU,15,,CABLE CU ENCAUCHETADO 3X14 CU,"Tabla 1 al 331_2026.pdf, pagina 213",5200464
214,SS,1343948,Sendero Cl 124 Cr 42 E - 88 Int 101,5200231,"UCAP BRAZO 1"" - 0.4M - 0°",1,,BRAZO 1 - 0.4M - 0°,"Tabla 1 al 331_2026.pdf, pagina 214",5200231
214,SS,1343948,Sendero Cl 124 Cr 42 E - 88 Int 101,5000263,LUM LED 48W ASIMÉTRICA 4000K HORIZONTAL,1,,LUM LED 48W ASIMETRICA 4000K HORIZONTAL,"Tabla 1 al 331_2026.pdf, pagina 214",5000263
214,SS,1343948,Sendero Cl 124 Cr 42 E - 88 Int 101,5200464,UCAP CABLE CU ENCAUCHETADO 3X14 CU,15,,CABLE CU ENCAUCHETADO 3X14 CU,"Tabla 1 al 331_2026.pdf, pagina 214",5200464
215,SS,1346461,Callejón Cr 50 Cl 76 - 17 Int 111,5200231,"UCAP BRAZO 1"" - 0.4M - 0°",1,,BRAZO 1 - 0.4M - 0°,"Tabla 1 al 331_2026.pdf, pagina 215",5200231
215,SS,1346461,Callejón Cr 50 Cl 76 - 17 Int 111,5000263,LUM LED 48W ASIMÉTRICA 4000K HORIZONTAL,1,,LUM LED 48W ASIMETRICA 4000K HORIZONTAL,"Tabla 1 al 331_2026.pdf, pagina 215",5000263
215,SS,1346461,Callejón Cr 50 Cl 76 - 17 Int 111,5200464,UCAP CABLE CU ENCAUCHETADO 3X14 CU,33,,CABLE CU ENCAUCHETADO 3X14 CU,"Tabla 1 al 331_2026.pdf, pagina 215",5200464
216,SS,1349096,Andén Cr 77 C Cl 48 - 37,5200231,"UCAP BRAZO 1"" - 0.4M - 0°",2,,BRAZO 1 - 0.4M - 0°,"Tabla 1 al 331_2026.pdf, pagina 216",5200231
216,SS,1349096,Andén Cr 77 C Cl 48 - 37,5000263,LUM LED 48W ASIMÉTRICA 4000K HORIZONTAL,2,,LUM LED 48W ASIMETRICA 4000K HORIZONTAL,"Tabla 1 al 331_2026.pdf, pagina 216",5000263
216,SS,1349096,Andén Cr 77 C Cl 48 - 37,5200419,UCAP POSTE PRFV 8M (ENTERRAR),1,,POSTE PRFV 8M ENTERRAR,"Tabla 1 al 331_2026.pdf, pagina 216",5200419
216,SS,1349096,Andén Cr 77 C Cl 48 - 37,5200464,UCAP CABLE CU ENCAUCHETADO 3X14 CU,21,,CABLE CU ENCAUCHETADO 3X14 CU,"Tabla 1 al 331_2026.pdf, pagina 216",5200464
217,SS,1345681,Vía y andén - Eduardo santos CL 43 BB CR 120 B -93 (INTERIOR 1199),5200231,"UCAP BRAZO 1"" - 0.4M - 0°",1,,BRAZO 1 - 0.4M - 0°,"Tabla 1 al 331_2026.pdf, pagina 217",5200231
217,SS,1345681,Vía y andén - Eduardo santos CL 43 BB CR 120 B -93 (INTERIOR 1199),5200232,"UCAP BRAZO 1"" - 1.5M - 52°/0°",1,,BRAZO 1 - 1.5M - 52°/0°,"Tabla 1 al 331_2026.pdf, pagina 217",5200232
217,SS,1345681,Vía y andén - Eduardo santos CL 43 BB CR 120 B -93 (INTERIOR 1199),5000264,"LUM LED 62,4W ASIMÉTRICA 4000K HORIZONTAL",2,,LUM LED 62 4W ASIMETRICA 4000K HORIZONTAL,"Tabla 1 al 331_2026.pdf, pagina 217",5000264
217,SS,1345681,Vía y andén - Eduardo santos CL 43 BB CR 120 B -93 (INTERIOR 1199),5200419,UCAP POSTE PRFV 8M (ENTERRAR),2,,POSTE PRFV 8M ENTERRAR,"Tabla 1 al 331_2026.pdf, pagina 217",5200419
217,SS,1345681,Vía y andén - Eduardo santos CL 43 BB CR 120 B -93 (INTERIOR 1199),5200464,UCAP CABLE CU ENCAUCHETADO 3X14 CU,38,,CABLE CU ENCAUCHETADO 3X14 CU,"Tabla 1 al 331_2026.pdf, pagina 217",5200464
218,SS,1346671,Vía - La Perla CL 18 CR 13 -245,5200232,"UCAP BRAZO 1"" - 1.5M - 52°/0°",1,,BRAZO 1 - 1.5M - 52°/0°,"Tabla 1 al 331_2026.pdf, pagina 218",5200232
218,SS,1346671,Vía - La Perla CL 18 CR 13 -245,5000264,"LUM LED 62,4W ASIMÉTRICA 4000K HORIZONTAL",1,,LUM LED 62 4W ASIMETRICA 4000K HORIZONTAL,"Tabla 1 al 331_2026.pdf, pagina 218",5000264
219,SS,1347139,Andén CL 32 C CR 78 -70,5200231,"UCAP BRAZO 1"" - 0.4M - 0°",1,,BRAZO 1 - 0.4M - 0°,"Tabla 1 al 331_2026.pdf, pagina 219",5200231
219,SS,1347139,Andén CL 32 C CR 78 -70,5000263,LUM LED 48W ASIMÉTRICA 4000K HORIZONTAL,1,,LUM LED 48W ASIMETRICA 4000K HORIZONTAL,"Tabla 1 al 331_2026.pdf, pagina 219",5000263
220,SS,1349091,LA ASOMADERA #1 CL 31 CR 30 - 13,5200231,"UCAP BRAZO 1"" - 0.4M - 0°",1,,BRAZO 1 - 0.4M - 0°,"Tabla 1 al 331_2026.pdf, pagina 220",5200231
220,SS,1349091,LA ASOMADERA #1 CL 31 CR 30 - 13,5000263,LUM LED 48W ASIMÉTRICA 4000K HORIZONTAL,1,,LUM LED 48W ASIMETRICA 4000K HORIZONTAL,"Tabla 1 al 331_2026.pdf, pagina 220",5000263
220,SS,1349091,LA ASOMADERA #1 CL 31 CR 30 - 13,5200217,UCAP LUMINARIA 70W,,1,LUMINARIA 70W,"Tabla 1 al 331_2026.pdf, pagina 220",5200217
220,SS,1349091,LA ASOMADERA #1 CL 31 CR 30 - 13,5200201,UCAP BOMBILLO 70W,,1,BOMBILLO 70W,"Tabla 1 al 331_2026.pdf, pagina 220",5200201
220,SS,1349091,LA ASOMADERA #1 CL 31 CR 30 - 13,5200232,"UCAP BRAZO 1"" - 1.5M - 52°/0°",,1,BRAZO 1 - 1.5M - 52°/0°,"Tabla 1 al 331_2026.pdf, pagina 220",5200232
221,SS,1333078,Guayabal CL 7 SUR CR 50 FF -70,5200231,"UCAP BRAZO 1"" - 0.4M - 0°",2,,BRAZO 1 - 0.4M - 0°,"Tabla 1 al 331_2026.pdf, pagina 221",5200231
221,SS,1333078,Guayabal CL 7 SUR CR 50 FF -70,5200241,UCAP BRAZO CURVO 3000M,2,,BRAZO CURVO 3000M,"Tabla 1 al 331_2026.pdf, pagina 221",5200241
221,SS,1333078,Guayabal CL 7 SUR CR 50 FF -70,5000263,LUM LED 48W ASIMÉTRICA 4000K HORIZONTAL,2,,LUM LED 48W ASIMETRICA 4000K HORIZONTAL,"Tabla 1 al 331_2026.pdf, pagina 221",5000263
221,SS,1333078,Guayabal CL 7 SUR CR 50 FF -70,5200407,"UCAP TRIPLEX AL 2X4+1X4 XLP,AEREO",98,75,TRIPLEX AL 2X4+1X4 XLP AEREO,"Tabla 1 al 331_2026.pdf, pagina 221",5200407
221,SS,1333078,Guayabal CL 7 SUR CR 50 FF -70,5200232,"UCAP BRAZO 1"" - 1.5M - 52°/0°",,3,BRAZO 1 - 1.5M - 52°/0°,"Tabla 1 al 331_2026.pdf, pagina 221",5200232
221,SS,1333078,Guayabal CL 7 SUR CR 50 FF -70,5200308,UCAP POSTE CONCRETO OCTOG 8M,,1,POSTE CONCRETO OCTOG 8M,"Tabla 1 al 331_2026.pdf, pagina 221",5200308
221,SS,1333078,Guayabal CL 7 SUR CR 50 FF -70,5200464,UCAP CABLE CU ENCAUCHETADO 3X14 CU,,55,CABLE CU ENCAUCHETADO 3X14 CU,"Tabla 1 al 331_2026.pdf, pagina 221",5200464
221,SS,1333078,Guayabal CL 7 SUR CR 50 FF -70,5200271,LUM LED (MAXIMO M) 59.16W,2,3,LUM LED MAXIMO M 59.16W,"Tabla 1 al 331_2026.pdf, pagina 221",5200271
222,SN,1040081,PARQUE INFANTIL -SENDERO CR 86 A CL 40,5200419,POST PRFV 8M 510KGF,2,,POST PRFV 8M 510KGF,"Tabla 1 al 331_2026.pdf, pagina 222",5200419
222,SN,1040081,PARQUE INFANTIL -SENDERO CR 86 A CL 40,5200293,LUM LED (OMEGA II) 64.5W,2,,LUM LED OMEGA II 64.5W,"Tabla 1 al 331_2026.pdf, pagina 222",5200293
222,SN,1040081,PARQUE INFANTIL -SENDERO CR 86 A CL 40,5200270,LUM LED (KORELED) 44W,1,,LUM LED KORELED 44W,"Tabla 1 al 331_2026.pdf, pagina 222",5200270
222,SN,1040081,PARQUE INFANTIL -SENDERO CR 86 A CL 40,5200232,"BR 1"" - 1.5M - 52°/0°",3,,BR 1 - 1.5M - 52°/0°,"Tabla 1 al 331_2026.pdf, pagina 222",5200232
222,SN,1040081,PARQUE INFANTIL -SENDERO CR 86 A CL 40,5200464,CABL CU 3X14 (ENCAU),24,,CABL CU 3X14 ENCAU,"Tabla 1 al 331_2026.pdf, pagina 222",5200464
223,SN,690278,SENDERO CR 46 CL 107 A - 28 INT 109,5200270,LUM LED (KORELED) 44W,1,,LUM LED KORELED 44W,"Tabla 1 al 331_2026.pdf, pagina 223",5200270
223,SN,690278,SENDERO CR 46 CL 107 A - 28 INT 109,5200232,"BR 1"" - 1.5M - 52°/0°",1,,BR 1 - 1.5M - 52°/0°,"Tabla 1 al 331_2026.pdf, pagina 223",5200232
224,SS,727121,"SENDERO PEATONAL, CL 43 CR 29 - 27",5200270,LUM LED (KORELED) 44W,1,,LUM LED KORELED 44W,"Tabla 1 al 331_2026.pdf, pagina 224",5200270
224,SS,727121,"SENDERO PEATONAL, CL 43 CR 29 - 27",5200231,"BRAZO 1"" - 0.4m - 0°",1,,BRAZO 1 - 0.4M - 0°,"Tabla 1 al 331_2026.pdf, pagina 224",5200231
225,SS,1150413,ANDEN SMAP-CIL-0142-25 CR 41 CL 44 - 19,5200231,"UCAP BRAZO 1"" - 0.4M - 0°",1,,BRAZO 1 - 0.4M - 0°,"Tabla 1 al 331_2026.pdf, pagina 225",5200231
225,SS,1150413,ANDEN SMAP-CIL-0142-25 CR 41 CL 44 - 19,5200270,LUM LED (KORELED) 44W,1,,LUM LED KORELED 44W,"Tabla 1 al 331_2026.pdf, pagina 225",5200270
225,SS,1150413,ANDEN SMAP-CIL-0142-25 CR 41 CL 44 - 19,5200219,LUMINARIA 250W,,1,LUMINARIA 250W,"Tabla 1 al 331_2026.pdf, pagina 225",5200219
225,SS,1150413,ANDEN SMAP-CIL-0142-25 CR 41 CL 44 - 19,5200203,BOMBILLA Na 250W,,1,BOMBILLA NA 250W,"Tabla 1 al 331_2026.pdf, pagina 225",5200203
225,SS,1150413,ANDEN SMAP-CIL-0142-25 CR 41 CL 44 - 19,5200236,"BRAZO 1 1/2"" - 1.5M - 52°/20°",,1,BRAZO 1 1/2 - 1.5M - 52°/20°,"Tabla 1 al 331_2026.pdf, pagina 225",5200236
226,SS,1249219,Vía y Andén Cr 15 A Cl 10 A - 3,5200232,"UCAP BRAZO 1"" - 1.5M - 52°/0°",2,1,BRAZO 1 - 1.5M - 52°/0°,"Tabla 1 al 331_2026.pdf, pagina 226",5200232
226,SS,1249219,Vía y Andén Cr 15 A Cl 10 A - 3,5200270,LUM LED (KORELED) 44W,2,,LUM LED KORELED 44W,"Tabla 1 al 331_2026.pdf, pagina 226",5200270
226,SS,1249219,Vía y Andén Cr 15 A Cl 10 A - 3,5200308,UCAP POSTE CONCRETO OCTOG 8M,1,,POSTE CONCRETO OCTOG 8M,"Tabla 1 al 331_2026.pdf, pagina 226",5200308
226,SS,1249219,Vía y Andén Cr 15 A Cl 10 A - 3,5200464,UCAP CABLE CU ENCAUCHETADO 3X14 CU,18,,CABLE CU ENCAUCHETADO 3X14 CU,"Tabla 1 al 331_2026.pdf, pagina 226",5200464
226,SS,1249219,Vía y Andén Cr 15 A Cl 10 A - 3,5200217,UCAP LUMINARIA 70W,,1,LUMINARIA 70W,"Tabla 1 al 331_2026.pdf, pagina 226",5200217
226,SS,1249219,Vía y Andén Cr 15 A Cl 10 A - 3,5200201,UCAP BOMBILLO 70W,,1,BOMBILLO 70W,"Tabla 1 al 331_2026.pdf, pagina 226",5200201
227,SS,1252580,VIA SMAP-CIL-0403-25 CL 106 CR 68 A - 92,5200232,"UCAP BRAZO 1"" - 1.5M - 52°/0°",1,1,BRAZO 1 - 1.5M - 52°/0°,"Tabla 1 al 331_2026.pdf, pagina 227",5200232
227,SS,1252580,VIA SMAP-CIL-0403-25 CL 106 CR 68 A - 92,5000263,LUM LED 48W ASIMÉTRICA 4000K HORIZONTAL,1,,LUM LED 48W ASIMETRICA 4000K HORIZONTAL,"Tabla 1 al 331_2026.pdf, pagina 227",5000263
227,SS,1252580,VIA SMAP-CIL-0403-25 CL 106 CR 68 A - 92,5200217,UCAP LUMINARIA 70W,,1,LUMINARIA 70W,"Tabla 1 al 331_2026.pdf, pagina 227",5200217
227,SS,1252580,VIA SMAP-CIL-0403-25 CL 106 CR 68 A - 92,5200201,UCAP BOMBILLO 70W,,1,BOMBILLO 70W,"Tabla 1 al 331_2026.pdf, pagina 227",5200201
228,SS,1285743,Parque Parque de Santa Elena,5200239,UCAP BRAZO DOBLE CARABOBO,1,,BRAZO DOBLE CARABOBO,"Tabla 1 al 331_2026.pdf, pagina 228",5200239
228,SS,1285743,Parque Parque de Santa Elena,5000263,LUM LED 48W ASIMÉTRICA 4000K HORIZONTAL,2,,LUM LED 48W ASIMETRICA 4000K HORIZONTAL,"Tabla 1 al 331_2026.pdf, pagina 228",5000263
228,SS,1285743,Parque Parque de Santa Elena,5200302,UCAP POSTE CONCRETO CARABOBO 5M,1,,POSTE CONCRETO CARABOBO 5M,"Tabla 1 al 331_2026.pdf, pagina 228",5200302
228,SS,1285743,Parque Parque de Santa Elena,5200421,CABLE FZA AL 3X6 AWG XLPE 600V 90°C,5,,CABLE FZA AL 3X6 AWG XLPE 600V 90°C,"Tabla 1 al 331_2026.pdf, pagina 228",5200421
228,SS,1285743,Parque Parque de Santa Elena,5200501,UCAP CAJA CONCRETO 50X50 CM,1,,CAJA CONCRETO 50X50 CM,"Tabla 1 al 331_2026.pdf, pagina 228",5200501
228,SS,1285743,Parque Parque de Santa Elena,5200222,UCAP LUMINARIA LED 40W,,2,LUMINARIA LED 40W,"Tabla 1 al 331_2026.pdf, pagina 228",5200222
228,SS,1285743,Parque Parque de Santa Elena,5200230,UCAP BRAZO DOBLE BAILARINA,,1,BRAZO DOBLE BAILARINA,"Tabla 1 al 331_2026.pdf, pagina 228",5200230
228,SS,1285743,Parque Parque de Santa Elena,5200303,UCAP POSTE CONCRETO TIPO METRO 5M,,1,POSTE CONCRETO TIPO METRO 5M,"Tabla 1 al 331_2026.pdf, pagina 228",5200303
229,SS,1288300,SENDERO PEATONAL CL 12 C SUR # 39-153,5000263,LUM LED 48W ASIMÉTRICA 4000K HORIZONTAL,8,,LUM LED 48W ASIMETRICA 4000K HORIZONTAL,"Tabla 1 al 331_2026.pdf, pagina 229",5000263
229,SS,1288300,SENDERO PEATONAL CL 12 C SUR # 39-153,5200302,UCAP POSTE CONCRETO CARABOBO 5M,8,,POSTE CONCRETO CARABOBO 5M,"Tabla 1 al 331_2026.pdf, pagina 229",5200302
229,SS,1288300,SENDERO PEATONAL CL 12 C SUR # 39-153,5200421,CABLE FZA AL 3X6 AWG XLPE 600V 90°C,156,,CABLE FZA AL 3X6 AWG XLPE 600V 90°C,"Tabla 1 al 331_2026.pdf, pagina 229",5200421
229,SS,1288300,SENDERO PEATONAL CL 12 C SUR # 39-153,5200464,UCAP CABLE CU ENCAUCHETADO 3X14 CU,40,,CABLE CU ENCAUCHETADO 3X14 CU,"Tabla 1 al 331_2026.pdf, pagina 229",5200464
229,SS,1288300,SENDERO PEATONAL CL 12 C SUR # 39-153,5200501,UCAP CAJA CONCRETO 50X50 CM,8,,CAJA CONCRETO 50X50 CM,"Tabla 1 al 331_2026.pdf, pagina 229",5200501
229,SS,1288300,SENDERO PEATONAL CL 12 C SUR # 39-153,5200238,BRAZO CARABOBO SENCILLO,8,,BRAZO CARABOBO SENCILLO,"Tabla 1 al 331_2026.pdf, pagina 229",5200238
229,SS,1288300,SENDERO PEATONAL CL 12 C SUR # 39-153,5200206,UCAP LUMINARIA LED 56W HORIZONTAL,,1,LUMINARIA LED 56W HORIZONTAL,"Tabla 1 al 331_2026.pdf, pagina 229",5200206
229,SS,1288300,SENDERO PEATONAL CL 12 C SUR # 39-153,5200232,"UCAP BRAZO 1"" - 1.5M - 52°/0°",,1,BRAZO 1 - 1.5M - 52°/0°,"Tabla 1 al 331_2026.pdf, pagina 229",5200232
230,SS,1080964,SMAP-0004-25-Parque Superman CR 48 CL 26 -85,5200239,UCAP BRAZO DOBLE CARABOBO,6,,BRAZO DOBLE CARABOBO,"Tabla 1 al 331_2026.pdf, pagina 230",5200239
230,SS,1080964,SMAP-0004-25-Parque Superman CR 48 CL 26 -85,5000263,LUM LED 48W ASIMÉTRICA 4000K HORIZONTAL,14,,LUM LED 48W ASIMETRICA 4000K HORIZONTAL,"Tabla 1 al 331_2026.pdf, pagina 230",5000263
230,SS,1080964,SMAP-0004-25-Parque Superman CR 48 CL 26 -85,5200302,UCAP POSTE CONCRETO CARABOBO 5M,8,,POSTE CONCRETO CARABOBO 5M,"Tabla 1 al 331_2026.pdf, pagina 230",5200302
230,SS,1080964,SMAP-0004-25-Parque Superman CR 48 CL 26 -85,5200464,UCAP CABLE CU ENCAUCHETADO 3X14 CU,110,,CABLE CU ENCAUCHETADO 3X14 CU,"Tabla 1 al 331_2026.pdf, pagina 230",5200464
230,SS,1080964,SMAP-0004-25-Parque Superman CR 48 CL 26 -85,5200502,UCAP CAJA CONCRETO DIRECTAMENTE ENT,9,,CAJA CONCRETO DIRECTAMENTE ENT,"Tabla 1 al 331_2026.pdf, pagina 230",5200502
230,SS,1080964,SMAP-0004-25-Parque Superman CR 48 CL 26 -85,5200238,BRAZO CARABOBO SENCILLO,2,,BRAZO CARABOBO SENCILLO,"Tabla 1 al 331_2026.pdf, pagina 230",5200238
231,SS,1285558,Sendero Cl 35 Cr 19A,5200231,"UCAP BRAZO 1"" - 0.4M - 0°",1,1,BRAZO 1 - 0.4M - 0°,"Tabla 1 al 331_2026.pdf, pagina 231",5200231
231,SS,1285558,Sendero Cl 35 Cr 19A,5000263,LUM LED 48W ASIMÉTRICA 4000K HORIZONTAL,1,,LUM LED 48W ASIMETRICA 4000K HORIZONTAL,"Tabla 1 al 331_2026.pdf, pagina 231",5000263
231,SS,1285558,Sendero Cl 35 Cr 19A,5200419,UCAP POSTE PRFV 8M (ENTERRAR),1,,POSTE PRFV 8M ENTERRAR,"Tabla 1 al 331_2026.pdf, pagina 231",5200419
231,SS,1285558,Sendero Cl 35 Cr 19A,5200464,UCAP CABLE CU ENCAUCHETADO 3X14 CU,4,,CABLE CU ENCAUCHETADO 3X14 CU,"Tabla 1 al 331_2026.pdf, pagina 231",5200464
231,SS,1285558,Sendero Cl 35 Cr 19A,5200217,UCAP LUMINARIA 70W,,1,LUMINARIA 70W,"Tabla 1 al 331_2026.pdf, pagina 231",5200217
231,SS,1285558,Sendero Cl 35 Cr 19A,5200201,UCAP BOMBILLO 70W,,1,BOMBILLO 70W,"Tabla 1 al 331_2026.pdf, pagina 231",5200201
232,SS,1293438,Vía M4 Cl 69 Entre Cr 27 y Cr 28,5200231,"UCAP BRAZO 1"" - 0.4M - 0°",1,,BRAZO 1 - 0.4M - 0°,"Tabla 1 al 331_2026.pdf, pagina 232",5200231
232,SS,1293438,Vía M4 Cl 69 Entre Cr 27 y Cr 28,5200235,"UCAP BRAZO 1 1/2"" - 1.5M - 52°/0°",3,2,BRAZO 1 1/2 - 1.5M - 52°/0°,"Tabla 1 al 331_2026.pdf, pagina 232",5200235
232,SS,1293438,Vía M4 Cl 69 Entre Cr 27 y Cr 28,5200237,UCAP BRAZO CURVO - 1.5M - 0°,1,,BRAZO CURVO - 1.5M - 0°,"Tabla 1 al 331_2026.pdf, pagina 232",5200237
232,SS,1293438,Vía M4 Cl 69 Entre Cr 27 y Cr 28,5000263,LUM LED 48W ASIMÉTRICA 4000K HORIZONTAL,1,,LUM LED 48W ASIMETRICA 4000K HORIZONTAL,"Tabla 1 al 331_2026.pdf, pagina 232",5000263
232,SS,1293438,Vía M4 Cl 69 Entre Cr 27 y Cr 28,5000264,"LUM LED 62,4W ASIMÉTRICA 4000K HORIZONTAL",4,,LUM LED 62 4W ASIMETRICA 4000K HORIZONTAL,"Tabla 1 al 331_2026.pdf, pagina 232",5000264
232,SS,1293438,Vía M4 Cl 69 Entre Cr 27 y Cr 28,5200419,UCAP POSTE PRFV 8M (ENTERRAR),1,,POSTE PRFV 8M ENTERRAR,"Tabla 1 al 331_2026.pdf, pagina 232",5200419
232,SS,1293438,Vía M4 Cl 69 Entre Cr 27 y Cr 28,5200238,UCAP BRAZO SENCILLO CARABOBO,,1,BRAZO SENCILLO CARABOBO,"Tabla 1 al 331_2026.pdf, pagina 232",5200238
232,SS,1293438,Vía M4 Cl 69 Entre Cr 27 y Cr 28,5200302,UCAP POSTE CONCRETO CARABOBO 5M,,1,POSTE CONCRETO CARABOBO 5M,"Tabla 1 al 331_2026.pdf, pagina 232",5200302
232,SS,1293438,Vía M4 Cl 69 Entre Cr 27 y Cr 28,,RET LUMINARIA 53W,,2,RET LUMINARIA 53W,"Tabla 1 al 331_2026.pdf, pagina 232",SIN CODIGO|RET LUMINARIA 53W
233,SS,1291475,Via M4 y anden CR 31A # 11-125,5200231,"UCAP BRAZO 1"" - 0.4M - 0°",2,,BRAZO 1 - 0.4M - 0°,"Tabla 1 al 331_2026.pdf, pagina 233",5200231
233,SS,1291475,Via M4 y anden CR 31A # 11-125,5200241,UCAP BRAZO CURVO 3000M,3,,BRAZO CURVO 3000M,"Tabla 1 al 331_2026.pdf, pagina 233",5200241
233,SS,1291475,Via M4 y anden CR 31A # 11-125,5000263,LUM LED 48W ASIMÉTRICA 4000K HORIZONTAL,2,,LUM LED 48W ASIMETRICA 4000K HORIZONTAL,"Tabla 1 al 331_2026.pdf, pagina 233",5000263
233,SS,1291475,Via M4 y anden CR 31A # 11-125,5200293,LUM LED (OMEGA II ) 64.5W,3,1,LUM LED OMEGA II 64.5W,"Tabla 1 al 331_2026.pdf, pagina 233",5200293
233,SS,1291475,Via M4 y anden CR 31A # 11-125,5200232,"UCAP BRAZO 1"" - 1.5M - 52°/0°",,1,BRAZO 1 - 1.5M - 52°/0°,"Tabla 1 al 331_2026.pdf, pagina 233",5200232
234,SS,1285589,Escalas Cl 35 Cr 17,5200231,"UCAP BRAZO 1"" - 0.4M - 0°",1,,BRAZO 1 - 0.4M - 0°,"Tabla 1 al 331_2026.pdf, pagina 234",5200231
234,SS,1285589,Escalas Cl 35 Cr 17,5000263,LUM LED 48W ASIMÉTRICA 4000K HORIZONTAL,1,,LUM LED 48W ASIMETRICA 4000K HORIZONTAL,"Tabla 1 al 331_2026.pdf, pagina 234",5000263
234,SS,1285589,Escalas Cl 35 Cr 17,5200419,UCAP POSTE PRFV 8M (ENTERRAR),1,,POSTE PRFV 8M ENTERRAR,"Tabla 1 al 331_2026.pdf, pagina 234",5200419
234,SS,1285589,Escalas Cl 35 Cr 17,5200464,UCAP CABLE CU ENCAUCHETADO 3X14 CU,6,,CABLE CU ENCAUCHETADO 3X14 CU,"Tabla 1 al 331_2026.pdf, pagina 234",5200464
234,SS,1285589,Escalas Cl 35 Cr 17,5200217,UCAP LUMINARIA 70W,,1,LUMINARIA 70W,"Tabla 1 al 331_2026.pdf, pagina 234",5200217
234,SS,1285589,Escalas Cl 35 Cr 17,5200201,UCAP BOMBILLO 70W,,1,BOMBILLO 70W,"Tabla 1 al 331_2026.pdf, pagina 234",5200201
234,SS,1285589,Escalas Cl 35 Cr 17,5200232,"UCAP BRAZO 1"" - 1.5M - 52°/0°",,1,BRAZO 1 - 1.5M - 52°/0°,"Tabla 1 al 331_2026.pdf, pagina 234",5200232
235,SS,1285599,Sendero Cl 43 E Cr 10,5200232,"UCAP BRAZO 1"" - 1.5M - 52°/0°",1,2,BRAZO 1 - 1.5M - 52°/0°,"Tabla 1 al 331_2026.pdf, pagina 235",5200232
235,SS,1285599,Sendero Cl 43 E Cr 10,5000263,LUM LED 48W ASIMÉTRICA 4000K HORIZONTAL,1,,LUM LED 48W ASIMETRICA 4000K HORIZONTAL,"Tabla 1 al 331_2026.pdf, pagina 235",5000263
235,SS,1285599,Sendero Cl 43 E Cr 10,5200464,UCAP CABLE CU ENCAUCHETADO 3X14 CU,17,,CABLE CU ENCAUCHETADO 3X14 CU,"Tabla 1 al 331_2026.pdf, pagina 235",5200464
235,SS,1285599,Sendero Cl 43 E Cr 10,5200217,UCAP LUMINARIA 70W,,2,LUMINARIA 70W,"Tabla 1 al 331_2026.pdf, pagina 235",5200217
235,SS,1285599,Sendero Cl 43 E Cr 10,5200201,UCAP BOMBILLO 70W,,2,BOMBILLO 70W,"Tabla 1 al 331_2026.pdf, pagina 235",5200201
235,SS,1285599,Sendero Cl 43 E Cr 10,5200410,UCAP DUPLEX CU 14 AWG-THW 300V,,15,DUPLEX CU 14 AWG-THW 300V,"Tabla 1 al 331_2026.pdf, pagina 235",5200410
236,SS,1285605,Vía M4 Cl 43 D Cr 8,5200232,"UCAP BRAZO 1"" - 1.5M - 52°/0°",1,1,BRAZO 1 - 1.5M - 52°/0°,"Tabla 1 al 331_2026.pdf, pagina 236",5200232
236,SS,1285605,Vía M4 Cl 43 D Cr 8,5000263,LUM LED 48W ASIMÉTRICA 4000K HORIZONTAL,1,,LUM LED 48W ASIMETRICA 4000K HORIZONTAL,"Tabla 1 al 331_2026.pdf, pagina 236",5000263
236,SS,1285605,Vía M4 Cl 43 D Cr 8,5200217,UCAP LUMINARIA 70W,,1,LUMINARIA 70W,"Tabla 1 al 331_2026.pdf, pagina 236",5200217
236,SS,1285605,Vía M4 Cl 43 D Cr 8,5200201,UCAP BOMBILLO 70W,,1,BOMBILLO 70W,"Tabla 1 al 331_2026.pdf, pagina 236",5200201
237,SS,1285611,Sendero Cl 43 A Cr 15 CC - 26,5200231,"UCAP BRAZO 1"" - 0.4M - 0°",1,,BRAZO 1 - 0.4M - 0°,"Tabla 1 al 331_2026.pdf, pagina 237",5200231
237,SS,1285611,Sendero Cl 43 A Cr 15 CC - 26,5000263,LUM LED 48W ASIMÉTRICA 4000K HORIZONTAL,1,,LUM LED 48W ASIMETRICA 4000K HORIZONTAL,"Tabla 1 al 331_2026.pdf, pagina 237",5000263
237,SS,1285611,Sendero Cl 43 A Cr 15 CC - 26,5200217,UCAP LUMINARIA 70W,,2,LUMINARIA 70W,"Tabla 1 al 331_2026.pdf, pagina 237",5200217
237,SS,1285611,Sendero Cl 43 A Cr 15 CC - 26,5200201,UCAP BOMBILLO 70W,,2,BOMBILLO 70W,"Tabla 1 al 331_2026.pdf, pagina 237",5200201
237,SS,1285611,Sendero Cl 43 A Cr 15 CC - 26,5200232,"UCAP BRAZO 1"" - 1.5M - 52°/0°",,2,BRAZO 1 - 1.5M - 52°/0°,"Tabla 1 al 331_2026.pdf, pagina 237",5200232
238,SS,1285616,Sendero Cl 45 Cr 12,5200231,"UCAP BRAZO 1"" - 0.4M - 0°",1,,BRAZO 1 - 0.4M - 0°,"Tabla 1 al 331_2026.pdf, pagina 238",5200231
238,SS,1285616,Sendero Cl 45 Cr 12,5000263,LUM LED 48W ASIMÉTRICA 4000K HORIZONTAL,1,,LUM LED 48W ASIMETRICA 4000K HORIZONTAL,"Tabla 1 al 331_2026.pdf, pagina 238",5000263
238,SS,1285616,Sendero Cl 45 Cr 12,5200217,UCAP LUMINARIA 70W,,1,LUMINARIA 70W,"Tabla 1 al 331_2026.pdf, pagina 238",5200217
238,SS,1285616,Sendero Cl 45 Cr 12,5200201,UCAP BOMBILLO 70W,,1,BOMBILLO 70W,"Tabla 1 al 331_2026.pdf, pagina 238",5200201
238,SS,1285616,Sendero Cl 45 Cr 12,5200232,"UCAP BRAZO 1"" - 1.5M - 52°/0°",,1,BRAZO 1 - 1.5M - 52°/0°,"Tabla 1 al 331_2026.pdf, pagina 238",5200232
239,SS,1284839,Sendero Peatonal Cr 26 C Cl 100 - 68 Int 114,5200231,"UCAP BRAZO 1"" - 0.4M - 0°",2,,BRAZO 1 - 0.4M - 0°,"Tabla 1 al 331_2026.pdf, pagina 239",5200231
239,SS,1284839,Sendero Peatonal Cr 26 C Cl 100 - 68 Int 114,5000263,LUM LED 48W ASIMÉTRICA 4000K HORIZONTAL,2,,LUM LED 48W ASIMETRICA 4000K HORIZONTAL,"Tabla 1 al 331_2026.pdf, pagina 239",5000263
240,SS,1284733,Sendero Cr 36 A Cl 69 - 104,5200222,UCAP LUMINARIA LED 40W,,1,LUMINARIA LED 40W,"Tabla 1 al 331_2026.pdf, pagina 240",5200222
240,SS,1284733,Sendero Cr 36 A Cl 69 - 104,5200239,UCAP BRAZO DOBLE CARABOBO,,1,BRAZO DOBLE CARABOBO,"Tabla 1 al 331_2026.pdf, pagina 240",5200239
240,SS,1284733,Sendero Cr 36 A Cl 69 - 104,5200270,LUM LED (KORELED) 44W,,1,LUM LED KORELED 44W,"Tabla 1 al 331_2026.pdf, pagina 240",5200270
240,SS,1284733,Sendero Cr 36 A Cl 69 - 104,5200303,UCAP POSTE CONCRETO TIPO METRO 5M,,1,POSTE CONCRETO TIPO METRO 5M,"Tabla 1 al 331_2026.pdf, pagina 240",5200303
241,SS,1277038,ANDEN SUR CL 64 CR 50A - 43,5200231,"UCAP BRAZO 1"" - 0.4M - 0°",1,,BRAZO 1 - 0.4M - 0°,"Tabla 1 al 331_2026.pdf, pagina 241",5200231
241,SS,1277038,ANDEN SUR CL 64 CR 50A - 43,5000263,LUM LED 48W ASIMÉTRICA 4000K HORIZONTAL,1,,LUM LED 48W ASIMETRICA 4000K HORIZONTAL,"Tabla 1 al 331_2026.pdf, pagina 241",5000263
242,SS,1238953,SMAP-CIL-0366-25 CL 23 CR 41-70,5200231,"UCAP BRAZO 1"" - 0.4M - 0°",1,,BRAZO 1 - 0.4M - 0°,"Tabla 1 al 331_2026.pdf, pagina 242",5200231
242,SS,1238953,SMAP-CIL-0366-25 CL 23 CR 41-70,5200270,LUM LED (KORELED) 44W,1,,LUM LED KORELED 44W,"Tabla 1 al 331_2026.pdf, pagina 242",5200270
243,SS,1265993,SMAP-CIL-0430-26 CR 48 CL 4 SUR,5200235,"UCAP BRAZO 1 1/2"" - 1.5M - 52°/0°",2,,BRAZO 1 1/2 - 1.5M - 52°/0°,"Tabla 1 al 331_2026.pdf, pagina 243",5200235
243,SS,1265993,SMAP-CIL-0430-26 CR 48 CL 4 SUR,5000265,LUM LED 130W ASIMÉTRICA 4000K HORIZONTAL,2,,LUM LED 130W ASIMETRICA 4000K HORIZONTAL,"Tabla 1 al 331_2026.pdf, pagina 243",5000265
243,SS,1265993,SMAP-CIL-0430-26 CR 48 CL 4 SUR,5200219,UCAP LUMINARIA 250W,,2,LUMINARIA 250W,"Tabla 1 al 331_2026.pdf, pagina 243",5200219
243,SS,1265993,SMAP-CIL-0430-26 CR 48 CL 4 SUR,5200203,UCAP BOMBILLO 250W,,2,BOMBILLO 250W,"Tabla 1 al 331_2026.pdf, pagina 243",5200203
243,SS,1265993,SMAP-CIL-0430-26 CR 48 CL 4 SUR,5200233,"UCAP BRAZO 1"" - 1.5M - 52°/20°",,2,BRAZO 1 - 1.5M - 52°/20°,"Tabla 1 al 331_2026.pdf, pagina 243",5200233
244,SS,1280822,Sendero Cl 101 AC Cr 25 - 11 Inr 107,5200231,"UCAP BRAZO 1"" - 0.4M - 0°",3,,BRAZO 1 - 0.4M - 0°,"Tabla 1 al 331_2026.pdf, pagina 244",5200231
244,SS,1280822,Sendero Cl 101 AC Cr 25 - 11 Inr 107,5000263,LUM LED 48W ASIMÉTRICA 4000K HORIZONTAL,3,,LUM LED 48W ASIMETRICA 4000K HORIZONTAL,"Tabla 1 al 331_2026.pdf, pagina 244",5000263
245,SS,1280895,Andén Cl 41 Cr 28 - 39,5200231,"UCAP BRAZO 1"" - 0.4M - 0°",3,,BRAZO 1 - 0.4M - 0°,"Tabla 1 al 331_2026.pdf, pagina 245",5200231
245,SS,1280895,Andén Cl 41 Cr 28 - 39,5000263,LUM LED 48W ASIMÉTRICA 4000K HORIZONTAL,3,,LUM LED 48W ASIMETRICA 4000K HORIZONTAL,"Tabla 1 al 331_2026.pdf, pagina 245",5000263
245,SS,1280895,Andén Cl 41 Cr 28 - 39,5200308,UCAP POSTE CONCRETO OCTOG 8M,2,,POSTE CONCRETO OCTOG 8M,"Tabla 1 al 331_2026.pdf, pagina 245",5200308
245,SS,1280895,Andén Cl 41 Cr 28 - 39,5200464,UCAP CABLE CU ENCAUCHETADO 3X14 CU,24,,CABLE CU ENCAUCHETADO 3X14 CU,"Tabla 1 al 331_2026.pdf, pagina 245",5200464
246,SN,1038221,SMAP 0163-25 CR 49 A CL 107 - 160,5200270,LUM LED (KORELED) 44W,1,,LUM LED KORELED 44W,"Tabla 1 al 331_2026.pdf, pagina 246",5200270
246,SN,1038221,SMAP 0163-25 CR 49 A CL 107 - 160,5200232,"BR 1"" - 1.5M - 52°/0°",1,,BR 1 - 1.5M - 52°/0°,"Tabla 1 al 331_2026.pdf, pagina 246",5200232
246,SN,1038221,SMAP 0163-25 CR 49 A CL 107 - 160,5200311,POST PRFV 12M 350KGF AP,2,,POST PRFV 12M 350KGF AP,"Tabla 1 al 331_2026.pdf, pagina 246",5200311
246,SN,1038221,SMAP 0163-25 CR 49 A CL 107 - 160,5200464,CABL CU 3X14 (ENCAU),40,21,CABL CU 3X14 ENCAU,"Tabla 1 al 331_2026.pdf, pagina 246",5200464
246,SN,1038221,SMAP 0163-25 CR 49 A CL 107 - 160,5200220,UCAP LUMINARIA 400W,,2,LUMINARIA 400W,"Tabla 1 al 331_2026.pdf, pagina 246",5200220
246,SN,1038221,SMAP 0163-25 CR 49 A CL 107 - 160,5200204,UCAP BOMBILLO 400W,,2,BOMBILLO 400W,"Tabla 1 al 331_2026.pdf, pagina 246",5200204
246,SN,1038221,SMAP 0163-25 CR 49 A CL 107 - 160,5200236,"BR 1 1/2"" - 1.5M - 52°/20°",,2,BR 1 1/2 - 1.5M - 52°/20°,"Tabla 1 al 331_2026.pdf, pagina 246",5200236
246,SN,1038221,SMAP 0163-25 CR 49 A CL 107 - 160,5200410,UCAP DUPLEX CU 14 AWG-THW 300V,,16,DUPLEX CU 14 AWG-THW 300V,"Tabla 1 al 331_2026.pdf, pagina 246",5200410
246,SN,1038221,SMAP 0163-25 CR 49 A CL 107 - 160,,PROYECTOR 110W TIPO V LARGA 5000K,4,,PROYECTOR 110W TIPO V LARGA 5000K,"Tabla 1 al 331_2026.pdf, pagina 246",SIN CODIGO|PROYECTOR 110W TIPO V LARGA 5000K
246,SN,1038221,SMAP 0163-25 CR 49 A CL 107 - 160,5200307,Poste madera redondo de 12m,,2,POSTE MADERA REDONDO DE 12M,"Tabla 1 al 331_2026.pdf, pagina 246",5200307
247,SS,1174450,Sendero CL 97 CR 84 - 72 int 137,5200231,"UCAP BRAZO 1"" - 0.4M - 0°",1,,BRAZO 1 - 0.4M - 0°,"Tabla 1 al 331_2026.pdf, pagina 247",5200231
247,SS,1174450,Sendero CL 97 CR 84 - 72 int 137,5000263,LUM LED 48W ASIMÉTRICA 4000K HORIZONTAL,1,,LUM LED 48W ASIMETRICA 4000K HORIZONTAL,"Tabla 1 al 331_2026.pdf, pagina 247",5000263
247,SS,1174450,Sendero CL 97 CR 84 - 72 int 137,5200419,UCAP POSTE PRFV 8M (ENTERRAR),1,,POSTE PRFV 8M ENTERRAR,"Tabla 1 al 331_2026.pdf, pagina 247",5200419
247,SS,1174450,Sendero CL 97 CR 84 - 72 int 137,5200464,UCAP CABLE CU ENCAUCHETADO 3X14 CU,22,,CABLE CU ENCAUCHETADO 3X14 CU,"Tabla 1 al 331_2026.pdf, pagina 247",5200464
248,SS,1252574,Via y andenes SMAP-CIL-0402-25 CR 74A CL 103C-17,5200232,"UCAP BRAZO 1"" - 1.5M - 52°/0°",2,1,BRAZO 1 - 1.5M - 52°/0°,"Tabla 1 al 331_2026.pdf, pagina 248",5200232
248,SS,1252574,Via y andenes SMAP-CIL-0402-25 CR 74A CL 103C-17,5000263,LUM LED 48W ASIMÉTRICA 4000K HORIZONTAL,2,,LUM LED 48W ASIMETRICA 4000K HORIZONTAL,"Tabla 1 al 331_2026.pdf, pagina 248",5000263
248,SS,1252574,Via y andenes SMAP-CIL-0402-25 CR 74A CL 103C-17,5200217,UCAP LUMINARIA 70W,,1,LUMINARIA 70W,"Tabla 1 al 331_2026.pdf, pagina 248",5200217
248,SS,1252574,Via y andenes SMAP-CIL-0402-25 CR 74A CL 103C-17,5200201,UCAP BOMBILLO 70W,,1,BOMBILLO 70W,"Tabla 1 al 331_2026.pdf, pagina 248",5200201
249,SS,1252599,PARQUE SMAP-CIL-0413-25 CL 101 AA - CR 72 - 12,5200235,"UCAP BRAZO 1 1/2"" - 1.5M - 52°/0°",2,3,BRAZO 1 1/2 - 1.5M - 52°/0°,"Tabla 1 al 331_2026.pdf, pagina 249",5200235
249,SS,1252599,PARQUE SMAP-CIL-0413-25 CL 101 AA - CR 72 - 12,5000265,LUM LED 130W ASIMÉTRICA 4000K HORIZONTAL,2,,LUM LED 130W ASIMETRICA 4000K HORIZONTAL,"Tabla 1 al 331_2026.pdf, pagina 249",5000265
249,SS,1252599,PARQUE SMAP-CIL-0413-25 CL 101 AA - CR 72 - 12,5200464,UCAP CABLE CU ENCAUCHETADO 3X14 CU,22,,CABLE CU ENCAUCHETADO 3X14 CU,"Tabla 1 al 331_2026.pdf, pagina 249",5200464
249,SS,1252599,PARQUE SMAP-CIL-0413-25 CL 101 AA - CR 72 - 12,5200218,UCAP LUMINARIA 150W,,1,LUMINARIA 150W,"Tabla 1 al 331_2026.pdf, pagina 249",5200218
249,SS,1252599,PARQUE SMAP-CIL-0413-25 CL 101 AA - CR 72 - 12,5200202,UCAP BOMBILLO 150W,,1,BOMBILLO 150W,"Tabla 1 al 331_2026.pdf, pagina 249",5200202
249,SS,1252599,PARQUE SMAP-CIL-0413-25 CL 101 AA - CR 72 - 12,5200219,UCAP LUMINARIA 250W,,2,LUMINARIA 250W,"Tabla 1 al 331_2026.pdf, pagina 249",5200219
249,SS,1252599,PARQUE SMAP-CIL-0413-25 CL 101 AA - CR 72 - 12,5200203,UCAP BOMBILLO 250W,,2,BOMBILLO 250W,"Tabla 1 al 331_2026.pdf, pagina 249",5200203
249,SS,1252599,PARQUE SMAP-CIL-0413-25 CL 101 AA - CR 72 - 12,5200308,UCAP POSTE CONCRETO OCTOG 8M,,1,POSTE CONCRETO OCTOG 8M,"Tabla 1 al 331_2026.pdf, pagina 249",5200308
249,SS,1252599,PARQUE SMAP-CIL-0413-25 CL 101 AA - CR 72 - 12,5200410,UCAP DUPLEX CU 14 AWG-THW 300V,,20,DUPLEX CU 14 AWG-THW 300V,"Tabla 1 al 331_2026.pdf, pagina 249",5200410
250,SS,1257270,Sendero Peatonal CR 78 A CL 91 B -3,5200231,"UCAP BRAZO 1"" - 0.4M - 0°",1,,BRAZO 1 - 0.4M - 0°,"Tabla 1 al 331_2026.pdf, pagina 250",5200231
250,SS,1257270,Sendero Peatonal CR 78 A CL 91 B -3,5000263,LUM LED 48W ASIMÉTRICA 4000K HORIZONTAL,1,,LUM LED 48W ASIMETRICA 4000K HORIZONTAL,"Tabla 1 al 331_2026.pdf, pagina 250",5000263
250,SS,1257270,Sendero Peatonal CR 78 A CL 91 B -3,5200464,UCAP CABLE CU ENCAUCHETADO 3X14 CU,13,,CABLE CU ENCAUCHETADO 3X14 CU,"Tabla 1 al 331_2026.pdf, pagina 250",5200464
251,SS,1257982,SENDERO PEATONAL VEREDA TRAVESIAS CR 149 63 -209 (0130),5200231,"UCAP BRAZO 1"" - 0.4M - 0°",2,,BRAZO 1 - 0.4M - 0°,"Tabla 1 al 331_2026.pdf, pagina 251",5200231
251,SS,1257982,SENDERO PEATONAL VEREDA TRAVESIAS CR 149 63 -209 (0130),5000263,LUM LED 48W ASIMÉTRICA 4000K HORIZONTAL,2,,LUM LED 48W ASIMETRICA 4000K HORIZONTAL,"Tabla 1 al 331_2026.pdf, pagina 251",5000263
251,SS,1257982,SENDERO PEATONAL VEREDA TRAVESIAS CR 149 63 -209 (0130),5200464,UCAP CABLE CU ENCAUCHETADO 3X14 CU,3,,CABLE CU ENCAUCHETADO 3X14 CU,"Tabla 1 al 331_2026.pdf, pagina 251",5200464
252,SS,1266049,SENDERO PEATONAL CR 64 BB POR CL 114,5200231,"UCAP BRAZO 1"" - 0.4M - 0°",1,,BRAZO 1 - 0.4M - 0°,"Tabla 1 al 331_2026.pdf, pagina 252",5200231
252,SS,1266049,SENDERO PEATONAL CR 64 BB POR CL 114,5000263,LUM LED 48W ASIMÉTRICA 4000K HORIZONTAL,1,,LUM LED 48W ASIMETRICA 4000K HORIZONTAL,"Tabla 1 al 331_2026.pdf, pagina 252",5000263
252,SS,1266049,SENDERO PEATONAL CR 64 BB POR CL 114,5200419,UCAP POSTE PRFV 8M (ENTERRAR),1,,POSTE PRFV 8M ENTERRAR,"Tabla 1 al 331_2026.pdf, pagina 252",5200419
252,SS,1266049,SENDERO PEATONAL CR 64 BB POR CL 114,5200464,UCAP CABLE CU ENCAUCHETADO 3X14 CU,18,,CABLE CU ENCAUCHETADO 3X14 CU,"Tabla 1 al 331_2026.pdf, pagina 252",5200464
253,SS,1043651,Sendero Cl 126 Cr 43 C - 58,5200231,"UCAP BRAZO 1"" - 0.4M - 0°",2,,BRAZO 1 - 0.4M - 0°,"Tabla 1 al 331_2026.pdf, pagina 253",5200231
253,SS,1043651,Sendero Cl 126 Cr 43 C - 58,5200232,"UCAP BRAZO 1"" - 1.5M - 52°/0°",1,,BRAZO 1 - 1.5M - 52°/0°,"Tabla 1 al 331_2026.pdf, pagina 253",5200232
253,SS,1043651,Sendero Cl 126 Cr 43 C - 58,5000263,LUM LED 48W ASIMÉTRICA 4000K HORIZONTAL,3,,LUM LED 48W ASIMETRICA 4000K HORIZONTAL,"Tabla 1 al 331_2026.pdf, pagina 253",5000263
254,SS,1097021,Sendero Cr 31 Cl 70 - 28 Int 118,5200231,"UCAP BRAZO 1"" - 0.4M - 0°",2,,BRAZO 1 - 0.4M - 0°,"Tabla 1 al 331_2026.pdf, pagina 254",5200231
254,SS,1097021,Sendero Cr 31 Cl 70 - 28 Int 118,5000263,LUM LED 48W ASIMÉTRICA 4000K HORIZONTAL,2,,LUM LED 48W ASIMETRICA 4000K HORIZONTAL,"Tabla 1 al 331_2026.pdf, pagina 254",5000263
254,SS,1097021,Sendero Cr 31 Cl 70 - 28 Int 118,5200217,UCAP LUMINARIA 70W,,1,LUMINARIA 70W,"Tabla 1 al 331_2026.pdf, pagina 254",5200217
254,SS,1097021,Sendero Cr 31 Cl 70 - 28 Int 118,5200201,UCAP BOMBILLO 70W,,1,BOMBILLO 70W,"Tabla 1 al 331_2026.pdf, pagina 254",5200201
254,SS,1097021,Sendero Cr 31 Cl 70 - 28 Int 118,5200232,"UCAP BRAZO 1"" - 1.5M - 52°/0°",,1,BRAZO 1 - 1.5M - 52°/0°,"Tabla 1 al 331_2026.pdf, pagina 254",5200232
255,SS,1097740,Sendero CR 24 BD CL 71 - 112,5200232,"UCAP BRAZO 1"" - 1.5M - 52°/0°",2,,BRAZO 1 - 1.5M - 52°/0°,"Tabla 1 al 331_2026.pdf, pagina 255",5200232
255,SS,1097740,Sendero CR 24 BD CL 71 - 112,5000263,LUM LED 48W ASIMÉTRICA 4000K HORIZONTAL,2,,LUM LED 48W ASIMETRICA 4000K HORIZONTAL,"Tabla 1 al 331_2026.pdf, pagina 255",5000263
255,SS,1097740,Sendero CR 24 BD CL 71 - 112,5200464,UCAP CABLE CU ENCAUCHETADO 3X14 CU,18,,CABLE CU ENCAUCHETADO 3X14 CU,"Tabla 1 al 331_2026.pdf, pagina 255",5200464
256,SS,1121511,SENDERO PEATONAL CR 97 BB CL 64 -90,5200231,"UCAP BRAZO 1"" - 0.4M - 0°",4,,BRAZO 1 - 0.4M - 0°,"Tabla 1 al 331_2026.pdf, pagina 256",5200231
256,SS,1121511,SENDERO PEATONAL CR 97 BB CL 64 -90,5000263,LUM LED 48W ASIMÉTRICA 4000K HORIZONTAL,4,,LUM LED 48W ASIMETRICA 4000K HORIZONTAL,"Tabla 1 al 331_2026.pdf, pagina 256",5000263
256,SS,1121511,SENDERO PEATONAL CR 97 BB CL 64 -90,5200419,UCAP POSTE PRFV 8M (ENTERRAR),2,,POSTE PRFV 8M ENTERRAR,"Tabla 1 al 331_2026.pdf, pagina 256",5200419
256,SS,1121511,SENDERO PEATONAL CR 97 BB CL 64 -90,5200464,UCAP CABLE CU ENCAUCHETADO 3X14 CU,30,,CABLE CU ENCAUCHETADO 3X14 CU,"Tabla 1 al 331_2026.pdf, pagina 256",5200464
256,SS,1121511,SENDERO PEATONAL CR 97 BB CL 64 -90,5200217,UCAP LUMINARIA 70W,,2,LUMINARIA 70W,"Tabla 1 al 331_2026.pdf, pagina 256",5200217
256,SS,1121511,SENDERO PEATONAL CR 97 BB CL 64 -90,5200201,UCAP BOMBILLO 70W,,2,BOMBILLO 70W,"Tabla 1 al 331_2026.pdf, pagina 256",5200201
256,SS,1121511,SENDERO PEATONAL CR 97 BB CL 64 -90,5200232,"UCAP BRAZO 1"" - 1.5M - 52°/0°",,2,BRAZO 1 - 1.5M - 52°/0°,"Tabla 1 al 331_2026.pdf, pagina 256",5200232
256,SS,1121511,SENDERO PEATONAL CR 97 BB CL 64 -90,5200306,UCAP POSTE MADERA REDONDO DE 8M,,1,POSTE MADERA REDONDO DE 8M,"Tabla 1 al 331_2026.pdf, pagina 256",5200306
256,SS,1121511,SENDERO PEATONAL CR 97 BB CL 64 -90,5200410,UCAP DUPLEX CU 14 AWG-THW 300V,,38,DUPLEX CU 14 AWG-THW 300V,"Tabla 1 al 331_2026.pdf, pagina 256",5200410
257,SS,1150422,SMAP-0143-25 Cl 51 b Cr 28 - 3,5200231,"UCAP BRAZO 1"" - 0.4M - 0°",1,1,BRAZO 1 - 0.4M - 0°,"Tabla 1 al 331_2026.pdf, pagina 257",5200231
257,SS,1150422,SMAP-0143-25 Cl 51 b Cr 28 - 3,5000263,LUM LED 48W ASIMÉTRICA 4000K HORIZONTAL,1,,LUM LED 48W ASIMETRICA 4000K HORIZONTAL,"Tabla 1 al 331_2026.pdf, pagina 257",5000263
257,SS,1150422,SMAP-0143-25 Cl 51 b Cr 28 - 3,5200217,UCAP LUMINARIA 70W,,1,LUMINARIA 70W,"Tabla 1 al 331_2026.pdf, pagina 257",5200217
257,SS,1150422,SMAP-0143-25 Cl 51 b Cr 28 - 3,5200201,UCAP BOMBILLO 70W,,1,BOMBILLO 70W,"Tabla 1 al 331_2026.pdf, pagina 257",5200201
258,SS,1168992,Sendero Cr 25 C Cl 55 B - 10 Int 156,5200231,"UCAP BRAZO 1"" - 0.4M - 0°",2,,BRAZO 1 - 0.4M - 0°,"Tabla 1 al 331_2026.pdf, pagina 258",5200231
258,SS,1168992,Sendero Cr 25 C Cl 55 B - 10 Int 156,5200232,"UCAP BRAZO 1"" - 1.5M - 52°/0°",1,,BRAZO 1 - 1.5M - 52°/0°,"Tabla 1 al 331_2026.pdf, pagina 258",5200232
258,SS,1168992,Sendero Cr 25 C Cl 55 B - 10 Int 156,5000263,LUM LED 48W ASIMÉTRICA 4000K HORIZONTAL,3,,LUM LED 48W ASIMETRICA 4000K HORIZONTAL,"Tabla 1 al 331_2026.pdf, pagina 258",5000263
258,SS,1168992,Sendero Cr 25 C Cl 55 B - 10 Int 156,5200419,UCAP POSTE PRFV 8M (ENTERRAR),2,,POSTE PRFV 8M ENTERRAR,"Tabla 1 al 331_2026.pdf, pagina 258",5200419
258,SS,1168992,Sendero Cr 25 C Cl 55 B - 10 Int 156,5200464,UCAP CABLE CU ENCAUCHETADO 3X14 CU,38,,CABLE CU ENCAUCHETADO 3X14 CU,"Tabla 1 al 331_2026.pdf, pagina 258",5200464
259,SS,1191074,Vía Cr 13 Cl 19 sur - 599,5200232,"UCAP BRAZO 1"" - 1.5M - 52°/0°",2,,BRAZO 1 - 1.5M - 52°/0°,"Tabla 1 al 331_2026.pdf, pagina 259",5200232
259,SS,1191074,Vía Cr 13 Cl 19 sur - 599,5000263,LUM LED 48W ASIMÉTRICA 4000K HORIZONTAL,2,,LUM LED 48W ASIMETRICA 4000K HORIZONTAL,"Tabla 1 al 331_2026.pdf, pagina 259",5000263
259,SS,1191074,Vía Cr 13 Cl 19 sur - 599,5200419,UCAP POSTE PRFV 8M (ENTERRAR),1,,POSTE PRFV 8M ENTERRAR,"Tabla 1 al 331_2026.pdf, pagina 259",5200419
260,SS,1195586,SMP-CIL-0260-25 CL 85 A CR 67 A - 136,5200232,"UCAP BRAZO 1"" - 1.5M - 52°/0°",1,,BRAZO 1 - 1.5M - 52°/0°,"Tabla 1 al 331_2026.pdf, pagina 260",5200232
260,SS,1195586,SMP-CIL-0260-25 CL 85 A CR 67 A - 136,5000263,LUM LED 48W ASIMÉTRICA 4000K HORIZONTAL,1,,LUM LED 48W ASIMETRICA 4000K HORIZONTAL,"Tabla 1 al 331_2026.pdf, pagina 260",5000263
260,SS,1195586,SMP-CIL-0260-25 CL 85 A CR 67 A - 136,5200464,UCAP CABLE CU ENCAUCHETADO 3X14 CU,4,,CABLE CU ENCAUCHETADO 3X14 CU,"Tabla 1 al 331_2026.pdf, pagina 260",5200464
260,SS,1195586,SMP-CIL-0260-25 CL 85 A CR 67 A - 136,5200217,UCAP LUMINARIA 70W,,1,LUMINARIA 70W,"Tabla 1 al 331_2026.pdf, pagina 260",5200217
260,SS,1195586,SMP-CIL-0260-25 CL 85 A CR 67 A - 136,5200201,UCAP BOMBILLO 70W,,1,BOMBILLO 70W,"Tabla 1 al 331_2026.pdf, pagina 260",5200201
260,SS,1195586,SMP-CIL-0260-25 CL 85 A CR 67 A - 136,5200231,"UCAP BRAZO 1"" - 0.4M - 0°",,1,BRAZO 1 - 0.4M - 0°,"Tabla 1 al 331_2026.pdf, pagina 260",5200231
261,SS,1206410,SENDERO PEATONAL SMAP-CIL-0294-25 CL 64 BG CR 106 -57,5200232,"UCAP BRAZO 1"" - 1.5M - 52°/0°",2,1,BRAZO 1 - 1.5M - 52°/0°,"Tabla 1 al 331_2026.pdf, pagina 261",5200232
261,SS,1206410,SENDERO PEATONAL SMAP-CIL-0294-25 CL 64 BG CR 106 -57,5000263,LUM LED 48W ASIMÉTRICA 4000K HORIZONTAL,1,,LUM LED 48W ASIMETRICA 4000K HORIZONTAL,"Tabla 1 al 331_2026.pdf, pagina 261",5000263
261,SS,1206410,SENDERO PEATONAL SMAP-CIL-0294-25 CL 64 BG CR 106 -57,5200419,UCAP POSTE PRFV 8M (ENTERRAR),2,,POSTE PRFV 8M ENTERRAR,"Tabla 1 al 331_2026.pdf, pagina 261",5200419
261,SS,1206410,SENDERO PEATONAL SMAP-CIL-0294-25 CL 64 BG CR 106 -57,5200464,UCAP CABLE CU ENCAUCHETADO 3X14 CU,41,,CABLE CU ENCAUCHETADO 3X14 CU,"Tabla 1 al 331_2026.pdf, pagina 261",5200464
261,SS,1206410,SENDERO PEATONAL SMAP-CIL-0294-25 CL 64 BG CR 106 -57,5200270,UCAP LUM LED (KORELED) 44W,1,1,LUM LED KORELED 44W,"Tabla 1 al 331_2026.pdf, pagina 261",5200270
262,SS,1216801,Vía Cr 32 A Cl 31 - 59,5200232,"UCAP BRAZO 1"" - 1.5M - 52°/0°",1,,BRAZO 1 - 1.5M - 52°/0°,"Tabla 1 al 331_2026.pdf, pagina 262",5200232
262,SS,1216801,Vía Cr 32 A Cl 31 - 59,5000263,LUM LED 48W ASIMÉTRICA 4000K HORIZONTAL,1,,LUM LED 48W ASIMETRICA 4000K HORIZONTAL,"Tabla 1 al 331_2026.pdf, pagina 262",5000263
263,SS,1216887,SENDERO PEATONAL CL 62 AA CR 96 - 98,5200231,"UCAP BRAZO 1"" - 0.4M - 0°",3,,BRAZO 1 - 0.4M - 0°,"Tabla 1 al 331_2026.pdf, pagina 263",5200231
263,SS,1216887,SENDERO PEATONAL CL 62 AA CR 96 - 98,5000263,LUM LED 48W ASIMÉTRICA 4000K HORIZONTAL,3,,LUM LED 48W ASIMETRICA 4000K HORIZONTAL,"Tabla 1 al 331_2026.pdf, pagina 263",5000263
263,SS,1216887,SENDERO PEATONAL CL 62 AA CR 96 - 98,5200407,"UCAP TRIPLEX AL 2X4+1X4 XLP,AEREO",30,,TRIPLEX AL 2X4+1X4 XLP AEREO,"Tabla 1 al 331_2026.pdf, pagina 263",5200407
263,SS,1216887,SENDERO PEATONAL CL 62 AA CR 96 - 98,5200419,UCAP POSTE PRFV 8M (ENTERRAR),2,,POSTE PRFV 8M ENTERRAR,"Tabla 1 al 331_2026.pdf, pagina 263",5200419
264,SS,1256321,Puente Peatonal Colgante CR 131 POR CL 61,5200232,"UCAP BRAZO 1"" - 1.5M - 52°/0°",1,,BRAZO 1 - 1.5M - 52°/0°,"Tabla 1 al 331_2026.pdf, pagina 264",5200232
264,SS,1256321,Puente Peatonal Colgante CR 131 POR CL 61,5200235,"UCAP BRAZO 1 1/2"" - 1.5M - 52°/0°",2,2,BRAZO 1 1/2 - 1.5M - 52°/0°,"Tabla 1 al 331_2026.pdf, pagina 264",5200235
264,SS,1256321,Puente Peatonal Colgante CR 131 POR CL 61,5000263,LUM LED 48W ASIMÉTRICA 4000K HORIZONTAL,1,,LUM LED 48W ASIMETRICA 4000K HORIZONTAL,"Tabla 1 al 331_2026.pdf, pagina 264",5000263
264,SS,1256321,Puente Peatonal Colgante CR 131 POR CL 61,5000269,"PROYEC LED 110W TIPO V LARGA (LONG ""L"") 5000K",2,,PROYEC LED 110W TIPO V LARGA LONG L 5000K,"Tabla 1 al 331_2026.pdf, pagina 264",5000269
264,SS,1256321,Puente Peatonal Colgante CR 131 POR CL 61,5200293,LUM LED (OMEGA II) 64.5W,2,,LUM LED OMEGA II 64.5W,"Tabla 1 al 331_2026.pdf, pagina 264",5200293
264,SS,1256321,Puente Peatonal Colgante CR 131 POR CL 61,5200275,PROYEC LED (AREALED II) 140W V-CORTA,2,,PROYEC LED AREALED II 140W V-CORTA,"Tabla 1 al 331_2026.pdf, pagina 264",5200275
264,SS,1256321,Puente Peatonal Colgante CR 131 POR CL 61,5200464,UCAP CABLE CU ENCAUCHETADO 3X14 CU,8,,CABLE CU ENCAUCHETADO 3X14 CU,"Tabla 1 al 331_2026.pdf, pagina 264",5200464
264,SS,1256321,Puente Peatonal Colgante CR 131 POR CL 61,5200129,UCAP PROY. 400W.,,2,PROY 400W,"Tabla 1 al 331_2026.pdf, pagina 264",5200129
264,SS,1256321,Puente Peatonal Colgante CR 131 POR CL 61,5200213,BOMBILLA MH 400W,,2,BOMBILLA MH 400W,"Tabla 1 al 331_2026.pdf, pagina 264",5200213
264,SS,1256321,Puente Peatonal Colgante CR 131 POR CL 61,5200219,UCAP LUMINARIA 250W,,2,LUMINARIA 250W,"Tabla 1 al 331_2026.pdf, pagina 264",5200219
264,SS,1256321,Puente Peatonal Colgante CR 131 POR CL 61,5200203,UCAP BOMBILLO 250W,,2,BOMBILLO 250W,"Tabla 1 al 331_2026.pdf, pagina 264",5200203
265,SS,1283861,Vía-20 de Julio CL 39C CR 110,5200232,"UCAP BRAZO 1"" - 1.5M - 52°/0°",1,,BRAZO 1 - 1.5M - 52°/0°,"Tabla 1 al 331_2026.pdf, pagina 265",5200232
265,SS,1283861,Vía-20 de Julio CL 39C CR 110,5200293,LUM LED (OMEGA II) 64.5W,3,,LUM LED OMEGA II 64.5W,"Tabla 1 al 331_2026.pdf, pagina 265",5200293
265,SS,1283861,Vía-20 de Julio CL 39C CR 110,5200308,UCAP POSTE CONCRETO OCTOG 8M,1,,POSTE CONCRETO OCTOG 8M,"Tabla 1 al 331_2026.pdf, pagina 265",5200308
265,SS,1283861,Vía-20 de Julio CL 39C CR 110,5200464,UCAP CABLE CU ENCAUCHETADO 3X14 CU,20,,CABLE CU ENCAUCHETADO 3X14 CU,"Tabla 1 al 331_2026.pdf, pagina 265",5200464
265,SS,1283861,Vía-20 de Julio CL 39C CR 110,5200270,LUM LED (KORELED) 44W,,2,LUM LED KORELED 44W,"Tabla 1 al 331_2026.pdf, pagina 265",5200270
266,SS,1249245,SMAP-0397-25 CR 43 A CL 9 SUR,5200232,"UCAP BRAZO 1"" - 1.5M - 52°/0°",1,1,BRAZO 1 - 1.5M - 52°/0°,"Tabla 1 al 331_2026.pdf, pagina 266",5200232
266,SS,1249245,SMAP-0397-25 CR 43 A CL 9 SUR,5200239,UCAP BRAZO DOBLE CARABOBO,1,1,BRAZO DOBLE CARABOBO,"Tabla 1 al 331_2026.pdf, pagina 266",5200239
266,SS,1249245,SMAP-0397-25 CR 43 A CL 9 SUR,5200241,UCAP BRAZO CURVO 3000M,1,,BRAZO CURVO 3000M,"Tabla 1 al 331_2026.pdf, pagina 266",5200241
266,SS,1249245,SMAP-0397-25 CR 43 A CL 9 SUR,5200270,LUM LED (KORELED) 44W,2,,LUM LED KORELED 44W,"Tabla 1 al 331_2026.pdf, pagina 266",5200270
266,SS,1249245,SMAP-0397-25 CR 43 A CL 9 SUR,5200272,LUM LED (SEPIALED II) 128W,2,,LUM LED SEPIALED II 128W,"Tabla 1 al 331_2026.pdf, pagina 266",5200272
266,SS,1249245,SMAP-0397-25 CR 43 A CL 9 SUR,5200217,UCAP LUMINARIA 70W,,3,LUMINARIA 70W,"Tabla 1 al 331_2026.pdf, pagina 266",5200217
266,SS,1249245,SMAP-0397-25 CR 43 A CL 9 SUR,5200201,UCAP BOMBILLO 70W,,3,BOMBILLO 70W,"Tabla 1 al 331_2026.pdf, pagina 266",5200201
266,SS,1249245,SMAP-0397-25 CR 43 A CL 9 SUR,5200218,UCAP LUMINARIA 150W,,1,LUMINARIA 150W,"Tabla 1 al 331_2026.pdf, pagina 266",5200218
266,SS,1249245,SMAP-0397-25 CR 43 A CL 9 SUR,5200202,UCAP BOMBILLO 150W,,1,BOMBILLO 150W,"Tabla 1 al 331_2026.pdf, pagina 266",5200202
266,SS,1249245,SMAP-0397-25 CR 43 A CL 9 SUR,5200219,UCAP LUMINARIA 250W,,1,LUMINARIA 250W,"Tabla 1 al 331_2026.pdf, pagina 266",5200219
266,SS,1249245,SMAP-0397-25 CR 43 A CL 9 SUR,5200203,UCAP BOMBILLO 250W,,1,BOMBILLO 250W,"Tabla 1 al 331_2026.pdf, pagina 266",5200203
266,SS,1249245,SMAP-0397-25 CR 43 A CL 9 SUR,5200235,"UCAP BRAZO 1 1/2"" - 1.5M - 52°/0°",,1,BRAZO 1 1/2 - 1.5M - 52°/0°,"Tabla 1 al 331_2026.pdf, pagina 266",5200235
266,SS,1249245,SMAP-0397-25 CR 43 A CL 9 SUR,5200238,UCAP BRAZO SENCILLO CARABOBO,,1,BRAZO SENCILLO CARABOBO,"Tabla 1 al 331_2026.pdf, pagina 266",5200238
266,SS,1249245,SMAP-0397-25 CR 43 A CL 9 SUR,5200302,UCAP POSTE CONCRETO CARABOBO 5M,,1,POSTE CONCRETO CARABOBO 5M,"Tabla 1 al 331_2026.pdf, pagina 266",5200302
267,SS,987641,"Sendero Peatonal, CL 27 CR 41-86",5000263,LUM LED 48W ASIMÉTRICA 4000K HORIZONTAL,11,,LUM LED 48W ASIMETRICA 4000K HORIZONTAL,"Tabla 1 al 331_2026.pdf, pagina 267",5000263
267,SS,987641,"Sendero Peatonal, CL 27 CR 41-86",5200502,UCAP CAJA CONCRETO DIRECTAMENTE ENT,3,3,CAJA CONCRETO DIRECTAMENTE ENT,"Tabla 1 al 331_2026.pdf, pagina 267",5200502
267,SS,987641,"Sendero Peatonal, CL 27 CR 41-86",5200238,BRAZO SENCILLO CARABOBO,1,1,BRAZO SENCILLO CARABOBO,"Tabla 1 al 331_2026.pdf, pagina 267",5200238
267,SS,987641,"Sendero Peatonal, CL 27 CR 41-86",,LUM LED AMERICAN ELECTRIC 37 W,,11,LUM LED AMERICAN ELECTRIC 37 W,"Tabla 1 al 331_2026.pdf, pagina 267",SIN CODIGO|LUM LED AMERICAN ELECTRIC 37 W
268,SS,1041668,Plazoleta y Andén Cr 62 Cl 80 C - 102 Int 116,5000263,LUM LED 48W ASIMÉTRICA 4000K HORIZONTAL,1,,LUM LED 48W ASIMETRICA 4000K HORIZONTAL,"Tabla 1 al 331_2026.pdf, pagina 268",5000263
268,SS,1041668,Plazoleta y Andén Cr 62 Cl 80 C - 102 Int 116,5200302,UCAP POSTE CONCRETO CARABOBO 5M,6,5,POSTE CONCRETO CARABOBO 5M,"Tabla 1 al 331_2026.pdf, pagina 268",5200302
268,SS,1041668,Plazoleta y Andén Cr 62 Cl 80 C - 102 Int 116,5200421,CABLE FZA AL 3X6 AWG XLPE 600V 90°C,133,,CABLE FZA AL 3X6 AWG XLPE 600V 90°C,"Tabla 1 al 331_2026.pdf, pagina 268",5200421
268,SS,1041668,Plazoleta y Andén Cr 62 Cl 80 C - 102 Int 116,5200464,UCAP CABLE CU ENCAUCHETADO 3X14 CU,36,,CABLE CU ENCAUCHETADO 3X14 CU,"Tabla 1 al 331_2026.pdf, pagina 268",5200464
268,SS,1041668,Plazoleta y Andén Cr 62 Cl 80 C - 102 Int 116,5200502,UCAP CAJA CONCRETO DIRECTAMENTE ENT,7,,CAJA CONCRETO DIRECTAMENTE ENT,"Tabla 1 al 331_2026.pdf, pagina 268",5200502
268,SS,1041668,Plazoleta y Andén Cr 62 Cl 80 C - 102 Int 116,5200503,"UCAP CANAL ANDEN TUBERIA PVC 2""",66,,CANAL ANDEN TUBERIA PVC 2,"Tabla 1 al 331_2026.pdf, pagina 268",5200503
268,SS,1041668,Plazoleta y Andén Cr 62 Cl 80 C - 102 Int 116,5200238,UCAP BRAZO SENCILLO CARABOBO,3,5,BRAZO SENCILLO CARABOBO,"Tabla 1 al 331_2026.pdf, pagina 268",5200238
268,SS,1041668,Plazoleta y Andén Cr 62 Cl 80 C - 102 Int 116,5200270,LUM LED (KORELED) 44W,,5,LUM LED KORELED 44W,"Tabla 1 al 331_2026.pdf, pagina 268",5200270
269,SS,1052703,ANDEN CR 65 E CL 32 D -59,5200231,"UCAP BRAZO 1"" - 0.4M - 0°",2,,BRAZO 1 - 0.4M - 0°,"Tabla 1 al 331_2026.pdf, pagina 269",5200231
269,SS,1052703,ANDEN CR 65 E CL 32 D -59,5000263,LUM LED 48W ASIMÉTRICA 4000K HORIZONTAL,2,,LUM LED 48W ASIMETRICA 4000K HORIZONTAL,"Tabla 1 al 331_2026.pdf, pagina 269",5000263
269,SS,1052703,ANDEN CR 65 E CL 32 D -59,5200419,UCAP POSTE PRFV 8M (ENTERRAR),1,,POSTE PRFV 8M ENTERRAR,"Tabla 1 al 331_2026.pdf, pagina 269",5200419
269,SS,1052703,ANDEN CR 65 E CL 32 D -59,5200464,UCAP CABLE CU ENCAUCHETADO 3X14 CU,12,,CABLE CU ENCAUCHETADO 3X14 CU,"Tabla 1 al 331_2026.pdf, pagina 269",5200464
270,SS,1074641,RURAL_116005355205000101 RURAL_116005355205000101,5200231,"UCAP BRAZO 1"" - 0.4M - 0°",3,,BRAZO 1 - 0.4M - 0°,"Tabla 1 al 331_2026.pdf, pagina 270",5200231
270,SS,1074641,RURAL_116005355205000101 RURAL_116005355205000101,5200232,"UCAP BRAZO 1"" - 1.5M - 52°/0°",1,,BRAZO 1 - 1.5M - 52°/0°,"Tabla 1 al 331_2026.pdf, pagina 270",5200232
270,SS,1074641,RURAL_116005355205000101 RURAL_116005355205000101,5000263,LUM LED 48W ASIMÉTRICA 4000K HORIZONTAL,4,,LUM LED 48W ASIMETRICA 4000K HORIZONTAL,"Tabla 1 al 331_2026.pdf, pagina 270",5000263
271,SS,1097805,SENDERO PEATONAL CR 91 CL 35 C-08,5200231,"UCAP BRAZO 1"" - 0.4M - 0°",1,,BRAZO 1 - 0.4M - 0°,"Tabla 1 al 331_2026.pdf, pagina 271",5200231
271,SS,1097805,SENDERO PEATONAL CR 91 CL 35 C-08,5000263,LUM LED 48W ASIMÉTRICA 4000K HORIZONTAL,1,,LUM LED 48W ASIMETRICA 4000K HORIZONTAL,"Tabla 1 al 331_2026.pdf, pagina 271",5000263
272,SS,1106390,Sendero peatonal-Parque lineal-El Tesoro CR 15 CL7A-49,5000263,LUM LED 48W ASIMÉTRICA 4000K HORIZONTAL,9,,LUM LED 48W ASIMETRICA 4000K HORIZONTAL,"Tabla 1 al 331_2026.pdf, pagina 272",5000263
272,SS,1106390,Sendero peatonal-Parque lineal-El Tesoro CR 15 CL7A-49,5200238,BRAZO CARABOBO SENCILLO,2,,BRAZO CARABOBO SENCILLO,"Tabla 1 al 331_2026.pdf, pagina 272",5200238
272,SS,1106390,Sendero peatonal-Parque lineal-El Tesoro CR 15 CL7A-49,5200239,UCAP BRAZO DOBLE CARABOBO,,2,BRAZO DOBLE CARABOBO,"Tabla 1 al 331_2026.pdf, pagina 272",5200239
272,SS,1106390,Sendero peatonal-Parque lineal-El Tesoro CR 15 CL7A-49,,RET LUM 30W SCHEREDER,,11,RET LUM 30W SCHEREDER,"Tabla 1 al 331_2026.pdf, pagina 272",SIN CODIGO|RET LUM 30W SCHEREDER
273,SS,1179901,SMAP-0213-25 CR 90 A # 48 D – 28 (Parque),5200231,"UCAP BRAZO 1"" - 0.4M - 0°",1,,BRAZO 1 - 0.4M - 0°,"Tabla 1 al 331_2026.pdf, pagina 273",5200231
273,SS,1179901,SMAP-0213-25 CR 90 A # 48 D – 28 (Parque),5000263,LUM LED 48W ASIMÉTRICA 4000K HORIZONTAL,1,,LUM LED 48W ASIMETRICA 4000K HORIZONTAL,"Tabla 1 al 331_2026.pdf, pagina 273",5000263
273,SS,1179901,SMAP-0213-25 CR 90 A # 48 D – 28 (Parque),5200308,UCAP POSTE CONCRETO OCTOG 8M,1,,POSTE CONCRETO OCTOG 8M,"Tabla 1 al 331_2026.pdf, pagina 273",5200308
273,SS,1179901,SMAP-0213-25 CR 90 A # 48 D – 28 (Parque),5200464,UCAP CABLE CU ENCAUCHETADO 3X14 CU,11,,CABLE CU ENCAUCHETADO 3X14 CU,"Tabla 1 al 331_2026.pdf, pagina 273",5200464
273,SS,1179901,SMAP-0213-25 CR 90 A # 48 D – 28 (Parque),5200217,UCAP LUMINARIA 70W,,1,LUMINARIA 70W,"Tabla 1 al 331_2026.pdf, pagina 273",5200217
273,SS,1179901,SMAP-0213-25 CR 90 A # 48 D – 28 (Parque),5200201,UCAP BOMBILLO 70W,,1,BOMBILLO 70W,"Tabla 1 al 331_2026.pdf, pagina 273",5200201
273,SS,1179901,SMAP-0213-25 CR 90 A # 48 D – 28 (Parque),5200233,"UCAP BRAZO 1"" - 1.5M - 52°/20°",,1,BRAZO 1 - 1.5M - 52°/20°,"Tabla 1 al 331_2026.pdf, pagina 273",5200233
274,SS,1217385,Vía Cr 43 B Cl 108 A - 64,5200232,"UCAP BRAZO 1"" - 1.5M - 52°/0°",1,,BRAZO 1 - 1.5M - 52°/0°,"Tabla 1 al 331_2026.pdf, pagina 274",5200232
274,SS,1217385,Vía Cr 43 B Cl 108 A - 64,5000263,LUM LED 48W ASIMÉTRICA 4000K HORIZONTAL,1,,LUM LED 48W ASIMETRICA 4000K HORIZONTAL,"Tabla 1 al 331_2026.pdf, pagina 274",5000263
275,SS,1218480,Sendero Cr 22 B Cl 90 A - 55 Int 118,5200231,"UCAP BRAZO 1"" - 0.4M - 0°",2,,BRAZO 1 - 0.4M - 0°,"Tabla 1 al 331_2026.pdf, pagina 275",5200231
275,SS,1218480,Sendero Cr 22 B Cl 90 A - 55 Int 118,5000263,LUM LED 48W ASIMÉTRICA 4000K HORIZONTAL,2,,LUM LED 48W ASIMETRICA 4000K HORIZONTAL,"Tabla 1 al 331_2026.pdf, pagina 275",5000263
276,SS,1219248,Sendero Santa Elena Vereda El Placer,5200232,"UCAP BRAZO 1"" - 1.5M - 52°/0°",6,,BRAZO 1 - 1.5M - 52°/0°,"Tabla 1 al 331_2026.pdf, pagina 276",5200232
276,SS,1219248,Sendero Santa Elena Vereda El Placer,5000263,LUM LED 48W ASIMÉTRICA 4000K HORIZONTAL,6,,LUM LED 48W ASIMETRICA 4000K HORIZONTAL,"Tabla 1 al 331_2026.pdf, pagina 276",5000263
276,SS,1219248,Sendero Santa Elena Vereda El Placer,5200407,"UCAP TRIPLEX AL 2X4+1X4 XLP,AEREO",118,,TRIPLEX AL 2X4+1X4 XLP AEREO,"Tabla 1 al 331_2026.pdf, pagina 276",5200407
276,SS,1219248,Sendero Santa Elena Vereda El Placer,5200419,UCAP POSTE PRFV 8M (ENTERRAR),5,,POSTE PRFV 8M ENTERRAR,"Tabla 1 al 331_2026.pdf, pagina 276",5200419
277,SS,1219453,Gimnasio Cr 45 A Cl 88,5200232,"UCAP BRAZO 1"" - 1.5M - 52°/0°",2,,BRAZO 1 - 1.5M - 52°/0°,"Tabla 1 al 331_2026.pdf, pagina 277",5200232
277,SS,1219453,Gimnasio Cr 45 A Cl 88,5000263,LUM LED 48W ASIMÉTRICA 4000K HORIZONTAL,2,,LUM LED 48W ASIMETRICA 4000K HORIZONTAL,"Tabla 1 al 331_2026.pdf, pagina 277",5000263
277,SS,1219453,Gimnasio Cr 45 A Cl 88,5200419,UCAP POSTE PRFV 8M (ENTERRAR),2,,POSTE PRFV 8M ENTERRAR,"Tabla 1 al 331_2026.pdf, pagina 277",5200419
277,SS,1219453,Gimnasio Cr 45 A Cl 88,5200464,UCAP CABLE CU ENCAUCHETADO 3X14 CU,35,,CABLE CU ENCAUCHETADO 3X14 CU,"Tabla 1 al 331_2026.pdf, pagina 277",5200464
278,SS,1220964,Puente Peatonal Cl 105 A Cr 63,5000263,LUM LED 48W ASIMÉTRICA 4000K HORIZONTAL,6,,LUM LED 48W ASIMETRICA 4000K HORIZONTAL,"Tabla 1 al 331_2026.pdf, pagina 278",5000263
278,SS,1220964,Puente Peatonal Cl 105 A Cr 63,5200217,UCAP LUMINARIA 70W,,6,LUMINARIA 70W,"Tabla 1 al 331_2026.pdf, pagina 278",5200217
278,SS,1220964,Puente Peatonal Cl 105 A Cr 63,5200201,UCAP BOMBILLO 70W,,6,BOMBILLO 70W,"Tabla 1 al 331_2026.pdf, pagina 278",5200201
279,SS,1221326,SMAP-0318-25 Cr 48 A Este Cl 7 - 111,5200232,"UCAP BRAZO 1"" - 1.5M - 52°/0°",1,1,BRAZO 1 - 1.5M - 52°/0°,"Tabla 1 al 331_2026.pdf, pagina 279",5200232
279,SS,1221326,SMAP-0318-25 Cr 48 A Este Cl 7 - 111,5000263,LUM LED 48W ASIMÉTRICA 4000K HORIZONTAL,1,,LUM LED 48W ASIMETRICA 4000K HORIZONTAL,"Tabla 1 al 331_2026.pdf, pagina 279",5000263
279,SS,1221326,SMAP-0318-25 Cr 48 A Este Cl 7 - 111,5200217,UCAP LUMINARIA 70W,,1,LUMINARIA 70W,"Tabla 1 al 331_2026.pdf, pagina 279",5200217
279,SS,1221326,SMAP-0318-25 Cr 48 A Este Cl 7 - 111,5200201,UCAP BOMBILLO 70W,,1,BOMBILLO 70W,"Tabla 1 al 331_2026.pdf, pagina 279",5200201
280,SS,1222147,Sendero Cr 39 A Cl 63 A - 38,5200231,"UCAP BRAZO 1"" - 0.4M - 0°",1,,BRAZO 1 - 0.4M - 0°,"Tabla 1 al 331_2026.pdf, pagina 280",5200231
280,SS,1222147,Sendero Cr 39 A Cl 63 A - 38,5000263,LUM LED 48W ASIMÉTRICA 4000K HORIZONTAL,1,,LUM LED 48W ASIMETRICA 4000K HORIZONTAL,"Tabla 1 al 331_2026.pdf, pagina 280",5000263
281,SS,1222278,Sendero Cl 56 A Cr 3 - 39,5200231,"UCAP BRAZO 1"" - 0.4M - 0°",1,,BRAZO 1 - 0.4M - 0°,"Tabla 1 al 331_2026.pdf, pagina 281",5200231
281,SS,1222278,Sendero Cl 56 A Cr 3 - 39,5000263,LUM LED 48W ASIMÉTRICA 4000K HORIZONTAL,1,,LUM LED 48W ASIMETRICA 4000K HORIZONTAL,"Tabla 1 al 331_2026.pdf, pagina 281",5000263
282,SS,1066808,SENDERO PEATONAL - VIA CR 63 A POR CL 45 A,5200231,"UCAP BRAZO 1"" - 0.4M - 0°",2,,BRAZO 1 - 0.4M - 0°,"Tabla 1 al 331_2026.pdf, pagina 282",5200231
282,SS,1066808,SENDERO PEATONAL - VIA CR 63 A POR CL 45 A,5200235,"UCAP BRAZO 1 1/2"" - 1.5M - 52°/0°",1,,BRAZO 1 1/2 - 1.5M - 52°/0°,"Tabla 1 al 331_2026.pdf, pagina 282",5200235
282,SS,1066808,SENDERO PEATONAL - VIA CR 63 A POR CL 45 A,5000263,LUM LED 48W ASIMÉTRICA 4000K HORIZONTAL,2,,LUM LED 48W ASIMETRICA 4000K HORIZONTAL,"Tabla 1 al 331_2026.pdf, pagina 282",5000263
282,SS,1066808,SENDERO PEATONAL - VIA CR 63 A POR CL 45 A,5000265,LUM LED 130W ASIMÉTRICA 4000K HORIZONTAL,1,,LUM LED 130W ASIMETRICA 4000K HORIZONTAL,"Tabla 1 al 331_2026.pdf, pagina 282",5000265
282,SS,1066808,SENDERO PEATONAL - VIA CR 63 A POR CL 45 A,5200301,UCAP POSTE CONCRETO REDONDO 9M.,1,,POSTE CONCRETO REDONDO 9M,"Tabla 1 al 331_2026.pdf, pagina 282",5200301
282,SS,1066808,SENDERO PEATONAL - VIA CR 63 A POR CL 45 A,5200407,"UCAP TRIPLEX AL 2X4+1X4 XLP,AEREO",27,,TRIPLEX AL 2X4+1X4 XLP AEREO,"Tabla 1 al 331_2026.pdf, pagina 282",5200407
282,SS,1066808,SENDERO PEATONAL - VIA CR 63 A POR CL 45 A,5200419,UCAP POSTE PRFV 8M (ENTERRAR),2,,POSTE PRFV 8M ENTERRAR,"Tabla 1 al 331_2026.pdf, pagina 282",5200419
282,SS,1066808,SENDERO PEATONAL - VIA CR 63 A POR CL 45 A,5200464,UCAP CABLE CU ENCAUCHETADO 3X14 CU,22,,CABLE CU ENCAUCHETADO 3X14 CU,"Tabla 1 al 331_2026.pdf, pagina 282",5200464
283,SS,1239010,CR 150 D CL 98 AB -101 San Cristobal,5200232,"UCAP BRAZO 1"" - 1.5M - 52°/0°",22,8,BRAZO 1 - 1.5M - 52°/0°,"Tabla 1 al 331_2026.pdf, pagina 283",5200232
283,SS,1239010,CR 150 D CL 98 AB -101 San Cristobal,5000263,LUM LED 48W ASIMÉTRICA 4000K HORIZONTAL,22,,LUM LED 48W ASIMETRICA 4000K HORIZONTAL,"Tabla 1 al 331_2026.pdf, pagina 283",5000263
283,SS,1239010,CR 150 D CL 98 AB -101 San Cristobal,5200407,"UCAP TRIPLEX AL 2X4+1X4 XLP,AEREO",209,,TRIPLEX AL 2X4+1X4 XLP AEREO,"Tabla 1 al 331_2026.pdf, pagina 283",5200407
283,SS,1239010,CR 150 D CL 98 AB -101 San Cristobal,5200419,UCAP POSTE PRFV 8M (ENTERRAR),7,,POSTE PRFV 8M ENTERRAR,"Tabla 1 al 331_2026.pdf, pagina 283",5200419
283,SS,1239010,CR 150 D CL 98 AB -101 San Cristobal,5200217,UCAP LUMINARIA 70W,,8,LUMINARIA 70W,"Tabla 1 al 331_2026.pdf, pagina 283",5200217
283,SS,1239010,CR 150 D CL 98 AB -101 San Cristobal,5200201,UCAP BOMBILLO 70W,,8,BOMBILLO 70W,"Tabla 1 al 331_2026.pdf, pagina 283",5200201
284,SS,1269462,Cancha Cl 83 B Cr 25 C - 6,5200419,UCAP POSTE PRFV 8M (ENTERRAR),1,,POSTE PRFV 8M ENTERRAR,"Tabla 1 al 331_2026.pdf, pagina 284",5200419
284,SS,1269462,Cancha Cl 83 B Cr 25 C - 6,5200464,UCAP CABLE CU ENCAUCHETADO 3X14 CU,55,,CABLE CU ENCAUCHETADO 3X14 CU,"Tabla 1 al 331_2026.pdf, pagina 284",5200464
284,SS,1269462,Cancha Cl 83 B Cr 25 C - 6,5200403,"PROYEC LED 168W TIPO V MEDIA (MEDIUM ""M"") 5000K",1,,PROYEC LED 168W TIPO V MEDIA MEDIUM M 5000K,"Tabla 1 al 331_2026.pdf, pagina 284",5200403
284,SS,1269462,Cancha Cl 83 B Cr 25 C - 6,5200410,UCAP DUPLEX CU 14 AWG-THW 300V,,32,DUPLEX CU 14 AWG-THW 300V,"Tabla 1 al 331_2026.pdf, pagina 284",5200410
285,SS,1291405,Sendero peatonal CL 65 A x CR 97,5200231,"UCAP BRAZO 1"" - 0.4M - 0°",2,,BRAZO 1 - 0.4M - 0°,"Tabla 1 al 331_2026.pdf, pagina 285",5200231
285,SS,1291405,Sendero peatonal CL 65 A x CR 97,5000263,LUM LED 48W ASIMÉTRICA 4000K HORIZONTAL,2,,LUM LED 48W ASIMETRICA 4000K HORIZONTAL,"Tabla 1 al 331_2026.pdf, pagina 285",5000263
285,SS,1291405,Sendero peatonal CL 65 A x CR 97,5200419,UCAP POSTE PRFV 8M (ENTERRAR),1,,POSTE PRFV 8M ENTERRAR,"Tabla 1 al 331_2026.pdf, pagina 285",5200419
285,SS,1291405,Sendero peatonal CL 65 A x CR 97,5200464,UCAP CABLE CU ENCAUCHETADO 3X14 CU,15,,CABLE CU ENCAUCHETADO 3X14 CU,"Tabla 1 al 331_2026.pdf, pagina 285",5200464
286,SS,1296170,Sendero Peatonal Cr 30 B Cl 79 AA - 30 Int 201,5200231,"UCAP BRAZO 1"" - 0.4M - 0°",1,,BRAZO 1 - 0.4M - 0°,"Tabla 1 al 331_2026.pdf, pagina 286",5200231
286,SS,1296170,Sendero Peatonal Cr 30 B Cl 79 AA - 30 Int 201,5000263,LUM LED 48W ASIMÉTRICA 4000K HORIZONTAL,1,,LUM LED 48W ASIMETRICA 4000K HORIZONTAL,"Tabla 1 al 331_2026.pdf, pagina 286",5000263
286,SS,1296170,Sendero Peatonal Cr 30 B Cl 79 AA - 30 Int 201,5200464,UCAP CABLE CU ENCAUCHETADO 3X14 CU,10,,CABLE CU ENCAUCHETADO 3X14 CU,"Tabla 1 al 331_2026.pdf, pagina 286",5200464
287,SS,1298508,Sendero Cr 77 B Cl 48 B - 217,5200231,"UCAP BRAZO 1"" - 0.4M - 0°",1,,BRAZO 1 - 0.4M - 0°,"Tabla 1 al 331_2026.pdf, pagina 287",5200231
287,SS,1298508,Sendero Cr 77 B Cl 48 B - 217,5000263,LUM LED 48W ASIMÉTRICA 4000K HORIZONTAL,1,,LUM LED 48W ASIMETRICA 4000K HORIZONTAL,"Tabla 1 al 331_2026.pdf, pagina 287",5000263
288,SS,1298846,EL SALVADOR CR 33 CL 38-66 INTERIOR 101,5200231,"UCAP BRAZO 1"" - 0.4M - 0°",1,,BRAZO 1 - 0.4M - 0°,"Tabla 1 al 331_2026.pdf, pagina 288",5200231
288,SS,1298846,EL SALVADOR CR 33 CL 38-66 INTERIOR 101,5000263,LUM LED 48W ASIMÉTRICA 4000K HORIZONTAL,1,,LUM LED 48W ASIMETRICA 4000K HORIZONTAL,"Tabla 1 al 331_2026.pdf, pagina 288",5000263
289,SS,1299583,Sendero peatonal CL 55HA # 7-60,5200231,"UCAP BRAZO 1"" - 0.4M - 0°",1,,BRAZO 1 - 0.4M - 0°,"Tabla 1 al 331_2026.pdf, pagina 289",5200231
289,SS,1299583,Sendero peatonal CL 55HA # 7-60,5200232,"UCAP BRAZO 1"" - 1.5M - 52°/0°",1,1,BRAZO 1 - 1.5M - 52°/0°,"Tabla 1 al 331_2026.pdf, pagina 289",5200232
289,SS,1299583,Sendero peatonal CL 55HA # 7-60,5000263,LUM LED 48W ASIMÉTRICA 4000K HORIZONTAL,3,,LUM LED 48W ASIMETRICA 4000K HORIZONTAL,"Tabla 1 al 331_2026.pdf, pagina 289",5000263
289,SS,1299583,Sendero peatonal CL 55HA # 7-60,5200464,UCAP CABLE CU ENCAUCHETADO 3X14 CU,27,,CABLE CU ENCAUCHETADO 3X14 CU,"Tabla 1 al 331_2026.pdf, pagina 289",5200464
289,SS,1299583,Sendero peatonal CL 55HA # 7-60,5200270,LUM LED (KORELED) 44W,,1,LUM LED KORELED 44W,"Tabla 1 al 331_2026.pdf, pagina 289",5200270
290,SS,1307059,VILLATINA CR 17 # 53-23,5200231,"UCAP BRAZO 1"" - 0.4M - 0°",1,,BRAZO 1 - 0.4M - 0°,"Tabla 1 al 331_2026.pdf, pagina 290",5200231
290,SS,1307059,VILLATINA CR 17 # 53-23,5000263,LUM LED 48W ASIMÉTRICA 4000K HORIZONTAL,1,,LUM LED 48W ASIMETRICA 4000K HORIZONTAL,"Tabla 1 al 331_2026.pdf, pagina 290",5000263
291,SS,1308225,BOSTON CR 37 CL 54-30,5200231,"UCAP BRAZO 1"" - 0.4M - 0°",1,,BRAZO 1 - 0.4M - 0°,"Tabla 1 al 331_2026.pdf, pagina 291",5200231
291,SS,1308225,BOSTON CR 37 CL 54-30,5200232,"UCAP BRAZO 1"" - 1.5M - 52°/0°",2,,BRAZO 1 - 1.5M - 52°/0°,"Tabla 1 al 331_2026.pdf, pagina 291",5200232
291,SS,1308225,BOSTON CR 37 CL 54-30,5000263,LUM LED 48W ASIMÉTRICA 4000K HORIZONTAL,3,,LUM LED 48W ASIMETRICA 4000K HORIZONTAL,"Tabla 1 al 331_2026.pdf, pagina 291",5000263
292,SS,1308569,Sendero Peatonal CL 18 D CR 89 -11 (INTER 1040),5200232,"UCAP BRAZO 1"" - 1.5M - 52°/0°",1,,BRAZO 1 - 1.5M - 52°/0°,"Tabla 1 al 331_2026.pdf, pagina 292",5200232
292,SS,1308569,Sendero Peatonal CL 18 D CR 89 -11 (INTER 1040),5000263,LUM LED 48W ASIMÉTRICA 4000K HORIZONTAL,1,,LUM LED 48W ASIMETRICA 4000K HORIZONTAL,"Tabla 1 al 331_2026.pdf, pagina 292",5000263
292,SS,1308569,Sendero Peatonal CL 18 D CR 89 -11 (INTER 1040),5200464,UCAP CABLE CU ENCAUCHETADO 3X14 CU,10,,CABLE CU ENCAUCHETADO 3X14 CU,"Tabla 1 al 331_2026.pdf, pagina 292",5200464
293,SS,1309950,Ingreso I.E la independencia CL 39C CR 109-24,5200235,"UCAP BRAZO 1 1/2"" - 1.5M - 52°/0°",1,,BRAZO 1 1/2 - 1.5M - 52°/0°,"Tabla 1 al 331_2026.pdf, pagina 293",5200235
293,SS,1309950,Ingreso I.E la independencia CL 39C CR 109-24,5200241,UCAP BRAZO CURVO 3000M,1,,BRAZO CURVO 3000M,"Tabla 1 al 331_2026.pdf, pagina 293",5200241
293,SS,1309950,Ingreso I.E la independencia CL 39C CR 109-24,5000265,LUM LED 130W ASIMÉTRICA 4000K HORIZONTAL,2,,LUM LED 130W ASIMETRICA 4000K HORIZONTAL,"Tabla 1 al 331_2026.pdf, pagina 293",5000265
293,SS,1309950,Ingreso I.E la independencia CL 39C CR 109-24,5200419,UCAP POSTE PRFV 8M (ENTERRAR),2,,POSTE PRFV 8M ENTERRAR,"Tabla 1 al 331_2026.pdf, pagina 293",5200419
293,SS,1309950,Ingreso I.E la independencia CL 39C CR 109-24,5200422,CABLE FZA AL 3X6 AWG XLPE 600V 90°C ENTERRADO,17,,CABLE FZA AL 3X6 AWG XLPE 600V 90°C ENTERRADO,"Tabla 1 al 331_2026.pdf, pagina 293",5200422
293,SS,1309950,Ingreso I.E la independencia CL 39C CR 109-24,5200464,UCAP CABLE CU ENCAUCHETADO 3X14 CU,29,,CABLE CU ENCAUCHETADO 3X14 CU,"Tabla 1 al 331_2026.pdf, pagina 293",5200464
293,SS,1309950,Ingreso I.E la independencia CL 39C CR 109-24,5200502,UCAP CAJA CONCRETO DIRECTAMENTE ENT,1,,CAJA CONCRETO DIRECTAMENTE ENT,"Tabla 1 al 331_2026.pdf, pagina 293",5200502
294,SS,1310300,POBLADO CL 15D SUR # 32B-22,5200232,"UCAP BRAZO 1"" - 1.5M - 52°/0°",3,,BRAZO 1 - 1.5M - 52°/0°,"Tabla 1 al 331_2026.pdf, pagina 294",5200232
294,SS,1310300,POBLADO CL 15D SUR # 32B-22,5000263,LUM LED 48W ASIMÉTRICA 4000K HORIZONTAL,3,,LUM LED 48W ASIMETRICA 4000K HORIZONTAL,"Tabla 1 al 331_2026.pdf, pagina 294",5000263
295,SS,1306920,Sendero Peatonal CL 64 BB CR 105 A -151 INTERIOR 1,5020117,UCAP POSTE PRFV 9M (ENTERRAR),2,,POSTE PRFV 9M ENTERRAR,"Tabla 1 al 331_2026.pdf, pagina 295",5020117
295,SS,1306920,Sendero Peatonal CL 64 BB CR 105 A -151 INTERIOR 1,5200231,"UCAP BRAZO 1"" - 0.4M - 0°",2,,BRAZO 1 - 0.4M - 0°,"Tabla 1 al 331_2026.pdf, pagina 295",5200231
295,SS,1306920,Sendero Peatonal CL 64 BB CR 105 A -151 INTERIOR 1,5000263,LUM LED 48W ASIMÉTRICA 4000K HORIZONTAL,2,,LUM LED 48W ASIMETRICA 4000K HORIZONTAL,"Tabla 1 al 331_2026.pdf, pagina 295",5000263
295,SS,1306920,Sendero Peatonal CL 64 BB CR 105 A -151 INTERIOR 1,5200407,"UCAP TRIPLEX AL 2X4+1X4 XLP,AEREO",24,,TRIPLEX AL 2X4+1X4 XLP AEREO,"Tabla 1 al 331_2026.pdf, pagina 295",5200407
296,SS,1310260,Sendero Cr 70 Cl 48 - 423,5200270,LUM LED (KORELED) 44W,1,1,LUM LED KORELED 44W,"Tabla 1 al 331_2026.pdf, pagina 296",5200270
296,SS,1310260,Sendero Cr 70 Cl 48 - 423,5200238,BRAZO CARABOBO SENCILLO,1,,BRAZO CARABOBO SENCILLO,"Tabla 1 al 331_2026.pdf, pagina 296",5200238
296,SS,1310260,Sendero Cr 70 Cl 48 - 423,5200217,UCAP LUMINARIA 70W,,1,LUMINARIA 70W,"Tabla 1 al 331_2026.pdf, pagina 296",5200217
296,SS,1310260,Sendero Cr 70 Cl 48 - 423,5200201,UCAP BOMBILLO 70W,,1,BOMBILLO 70W,"Tabla 1 al 331_2026.pdf, pagina 296",5200201
296,SS,1310260,Sendero Cr 70 Cl 48 - 423,5200239,UCAP BRAZO DOBLE CARABOBO,,1,BRAZO DOBLE CARABOBO,"Tabla 1 al 331_2026.pdf, pagina 296",5200239
297,SS,1310331,Vía M4 Cl 49 Cr 36 - 120,5200235,"UCAP BRAZO 1 1/2"" - 1.5M - 52°/0°",1,1,BRAZO 1 1/2 - 1.5M - 52°/0°,"Tabla 1 al 331_2026.pdf, pagina 297",5200235
297,SS,1310331,Vía M4 Cl 49 Cr 36 - 120,5000265,LUM LED 130W ASIMÉTRICA 4000K HORIZONTAL,1,,LUM LED 130W ASIMETRICA 4000K HORIZONTAL,"Tabla 1 al 331_2026.pdf, pagina 297",5000265
297,SS,1310331,Vía M4 Cl 49 Cr 36 - 120,5200219,UCAP LUMINARIA 250W,,1,LUMINARIA 250W,"Tabla 1 al 331_2026.pdf, pagina 297",5200219
297,SS,1310331,Vía M4 Cl 49 Cr 36 - 120,5200203,UCAP BOMBILLO 250W,,1,BOMBILLO 250W,"Tabla 1 al 331_2026.pdf, pagina 297",5200203
298,SS,1310341,PERPETUO SOCORRO CL 34 CR 43A,5200235,"UCAP BRAZO 1 1/2"" - 1.5M - 52°/0°",1,,BRAZO 1 1/2 - 1.5M - 52°/0°,"Tabla 1 al 331_2026.pdf, pagina 298",5200235
298,SS,1310341,PERPETUO SOCORRO CL 34 CR 43A,5000265,LUM LED 130W ASIMÉTRICA 4000K HORIZONTAL,1,,LUM LED 130W ASIMETRICA 4000K HORIZONTAL,"Tabla 1 al 331_2026.pdf, pagina 298",5000265
298,SS,1310341,PERPETUO SOCORRO CL 34 CR 43A,5200464,UCAP CABLE CU ENCAUCHETADO 3X14 CU,10,,CABLE CU ENCAUCHETADO 3X14 CU,"Tabla 1 al 331_2026.pdf, pagina 298",5200464
298,SS,1310341,PERPETUO SOCORRO CL 34 CR 43A,5200219,UCAP LUMINARIA 250W,,1,LUMINARIA 250W,"Tabla 1 al 331_2026.pdf, pagina 298",5200219
298,SS,1310341,PERPETUO SOCORRO CL 34 CR 43A,5200203,UCAP BOMBILLO 250W,,1,BOMBILLO 250W,"Tabla 1 al 331_2026.pdf, pagina 298",5200203
298,SS,1310341,PERPETUO SOCORRO CL 34 CR 43A,5200236,"UCAP BRAZO 1 1/2"" - 1.5M - 52°/20°",,1,BRAZO 1 1/2 - 1.5M - 52°/20°,"Tabla 1 al 331_2026.pdf, pagina 298",5200236
299,SS,1311431,SMAP-CIV-028-26 CR 82 CL 20 A -04,5200231,"UCAP BRAZO 1"" - 0.4M - 0°",3,,BRAZO 1 - 0.4M - 0°,"Tabla 1 al 331_2026.pdf, pagina 299",5200231
299,SS,1311431,SMAP-CIV-028-26 CR 82 CL 20 A -04,5200241,UCAP BRAZO CURVO 3000M,4,,BRAZO CURVO 3000M,"Tabla 1 al 331_2026.pdf, pagina 299",5200241
299,SS,1311431,SMAP-CIV-028-26 CR 82 CL 20 A -04,5000263,LUM LED 48W ASIMÉTRICA 4000K HORIZONTAL,3,,LUM LED 48W ASIMETRICA 4000K HORIZONTAL,"Tabla 1 al 331_2026.pdf, pagina 299",5000263
299,SS,1311431,SMAP-CIV-028-26 CR 82 CL 20 A -04,5200293,LUM LED (OMEGA II) 64.5W,4,,LUM LED OMEGA II 64.5W,"Tabla 1 al 331_2026.pdf, pagina 299",5200293
299,SS,1311431,SMAP-CIV-028-26 CR 82 CL 20 A -04,5200232,"UCAP BRAZO 1"" - 1.5M - 52°/0°",,4,BRAZO 1 - 1.5M - 52°/0°,"Tabla 1 al 331_2026.pdf, pagina 299",5200232
299,SS,1311431,SMAP-CIV-028-26 CR 82 CL 20 A -04,5200270,LUM LED (KORELED) 44W,,4,LUM LED KORELED 44W,"Tabla 1 al 331_2026.pdf, pagina 299",5200270
300,SS,1311437,SMAP-CIV-040-26 CR 30 CL 5 F -185,5200207,UCAP LUMINARIA LED 110W HORIZONTAL,3,,LUMINARIA LED 110W HORIZONTAL,"Tabla 1 al 331_2026.pdf, pagina 300",5200207
300,SS,1311437,SMAP-CIV-040-26 CR 30 CL 5 F -185,5200235,"UCAP BRAZO 1 1/2"" - 1.5M - 52°/0°",3,,BRAZO 1 1/2 - 1.5M - 52°/0°,"Tabla 1 al 331_2026.pdf, pagina 300",5200235
300,SS,1311437,SMAP-CIV-040-26 CR 30 CL 5 F -185,5200394,"UCAP POSTE DE FIBRA 7,5 M ANCLAJE",2,,POSTE DE FIBRA 7 5 M ANCLAJE,"Tabla 1 al 331_2026.pdf, pagina 300",5200394
300,SS,1311437,SMAP-CIV-040-26 CR 30 CL 5 F -185,5200419,UCAP POSTE PRFV 8M (ENTERRAR),1,,POSTE PRFV 8M ENTERRAR,"Tabla 1 al 331_2026.pdf, pagina 300",5200419
300,SS,1311437,SMAP-CIV-040-26 CR 30 CL 5 F -185,5200464,UCAP CABLE CU ENCAUCHETADO 3X14 CU,61,,CABLE CU ENCAUCHETADO 3X14 CU,"Tabla 1 al 331_2026.pdf, pagina 300",5200464
301,SS,1311450,SMAP-CIV-053-26 CL 32 EE CR 76 -127,5200231,"UCAP BRAZO 1"" - 0.4M - 0°",1,,BRAZO 1 - 0.4M - 0°,"Tabla 1 al 331_2026.pdf, pagina 301",5200231
301,SS,1311450,SMAP-CIV-053-26 CL 32 EE CR 76 -127,5000263,LUM LED 48W ASIMÉTRICA 4000K HORIZONTAL,3,,LUM LED 48W ASIMETRICA 4000K HORIZONTAL,"Tabla 1 al 331_2026.pdf, pagina 301",5000263
301,SS,1311450,SMAP-CIV-053-26 CL 32 EE CR 76 -127,5200302,UCAP POSTE CONCRETO CARABOBO 5M,2,,POSTE CONCRETO CARABOBO 5M,"Tabla 1 al 331_2026.pdf, pagina 301",5200302
301,SS,1311450,SMAP-CIV-053-26 CL 32 EE CR 76 -127,5200422,CABLE FZA AL 3X6 AWG XLPE 600V 90°C ENTERRADO,22,,CABLE FZA AL 3X6 AWG XLPE 600V 90°C ENTERRADO,"Tabla 1 al 331_2026.pdf, pagina 301",5200422
301,SS,1311450,SMAP-CIV-053-26 CL 32 EE CR 76 -127,5200502,UCAP CAJA CONCRETO DIRECTAMENTE ENT,2,,CAJA CONCRETO DIRECTAMENTE ENT,"Tabla 1 al 331_2026.pdf, pagina 301",5200502
301,SS,1311450,SMAP-CIV-053-26 CL 32 EE CR 76 -127,5200238,BRAZO CARABOBO SENCILLO,2,,BRAZO CARABOBO SENCILLO,"Tabla 1 al 331_2026.pdf, pagina 301",5200238
302,SS,1311451,SMAP-CIV-054-26 CL 41 CR 88,5200231,"UCAP BRAZO 1"" - 0.4M - 0°",1,,BRAZO 1 - 0.4M - 0°,"Tabla 1 al 331_2026.pdf, pagina 302",5200231
302,SS,1311451,SMAP-CIV-054-26 CL 41 CR 88,5200232,"UCAP BRAZO 1"" - 1.5M - 52°/0°",1,,BRAZO 1 - 1.5M - 52°/0°,"Tabla 1 al 331_2026.pdf, pagina 302",5200232
302,SS,1311451,SMAP-CIV-054-26 CL 41 CR 88,5000263,LUM LED 48W ASIMÉTRICA 4000K HORIZONTAL,2,,LUM LED 48W ASIMETRICA 4000K HORIZONTAL,"Tabla 1 al 331_2026.pdf, pagina 302",5000263
303,SS,1311536,BOMBONA # 1 CR 44 # 47-79,5000263,LUM LED 48W ASIMÉTRICA 4000K HORIZONTAL,1,,LUM LED 48W ASIMETRICA 4000K HORIZONTAL,"Tabla 1 al 331_2026.pdf, pagina 303",5000263
303,SS,1311536,BOMBONA # 1 CR 44 # 47-79,5200238,BRAZO CARABOBO SENCILLO,1,,BRAZO CARABOBO SENCILLO,"Tabla 1 al 331_2026.pdf, pagina 303",5200238
303,SS,1311536,BOMBONA # 1 CR 44 # 47-79,5200217,UCAP LUMINARIA 70W,,2,LUMINARIA 70W,"Tabla 1 al 331_2026.pdf, pagina 303",5200217
303,SS,1311536,BOMBONA # 1 CR 44 # 47-79,5200201,UCAP BOMBILLO 70W,,2,BOMBILLO 70W,"Tabla 1 al 331_2026.pdf, pagina 303",5200201
303,SS,1311536,BOMBONA # 1 CR 44 # 47-79,5200230,UCAP BRAZO DOBLE BAILARINA,,1,BRAZO DOBLE BAILARINA,"Tabla 1 al 331_2026.pdf, pagina 303",5200230
304,SS,1317699,Pista de patinaje-Estación San Javier Cl 44 # 95-88,5200231,"UCAP BRAZO 1"" - 0.4M - 0°",6,,BRAZO 1 - 0.4M - 0°,"Tabla 1 al 331_2026.pdf, pagina 304",5200231
304,SS,1317699,Pista de patinaje-Estación San Javier Cl 44 # 95-88,5000265,LUM LED 130W ASIMÉTRICA 4000K HORIZONTAL,6,,LUM LED 130W ASIMETRICA 4000K HORIZONTAL,"Tabla 1 al 331_2026.pdf, pagina 304",5000265
304,SS,1317699,Pista de patinaje-Estación San Javier Cl 44 # 95-88,5200293,LUM LED (OMEGA II) 64.5W,2,,LUM LED OMEGA II 64.5W,"Tabla 1 al 331_2026.pdf, pagina 304",5200293
304,SS,1317699,Pista de patinaje-Estación San Javier Cl 44 # 95-88,5200419,UCAP POSTE PRFV 8M (ENTERRAR),2,,POSTE PRFV 8M ENTERRAR,"Tabla 1 al 331_2026.pdf, pagina 304",5200419
304,SS,1317699,Pista de patinaje-Estación San Javier Cl 44 # 95-88,5200422,CABLE FZA AL 3X6 AWG XLPE 600V 90°C ENTERRADO,4,,CABLE FZA AL 3X6 AWG XLPE 600V 90°C ENTERRADO,"Tabla 1 al 331_2026.pdf, pagina 304",5200422
304,SS,1317699,Pista de patinaje-Estación San Javier Cl 44 # 95-88,5200501,UCAP CAJA CONCRETO 50X50 CM,1,,CAJA CONCRETO 50X50 CM,"Tabla 1 al 331_2026.pdf, pagina 304",5200501
304,SS,1317699,Pista de patinaje-Estación San Javier Cl 44 # 95-88,5200238,UCAP BRAZO SENCILLO CARABOBO,2,1,BRAZO SENCILLO CARABOBO,"Tabla 1 al 331_2026.pdf, pagina 304",5200238
304,SS,1317699,Pista de patinaje-Estación San Javier Cl 44 # 95-88,5200239,UCAP BRAZO DOBLE CARABOBO,,2,BRAZO DOBLE CARABOBO,"Tabla 1 al 331_2026.pdf, pagina 304",5200239
304,SS,1317699,Pista de patinaje-Estación San Javier Cl 44 # 95-88,5200270,LUM LED (KORELED) 44W,,5,LUM LED KORELED 44W,"Tabla 1 al 331_2026.pdf, pagina 304",5200270
304,SS,1317699,Pista de patinaje-Estación San Javier Cl 44 # 95-88,5200302,UCAP POSTE CONCRETO CARABOBO 5M,,1,POSTE CONCRETO CARABOBO 5M,"Tabla 1 al 331_2026.pdf, pagina 304",5200302
305,SS,1319125,Cancha Futbol Sala Cl 48 Cr 70 - 180,5000269,"PROYEC LED 110W TIPO V LARGA (LONG ""L"") 5000K",8,,PROYEC LED 110W TIPO V LARGA LONG L 5000K,"Tabla 1 al 331_2026.pdf, pagina 305",5000269
305,SS,1319125,Cancha Futbol Sala Cl 48 Cr 70 - 180,5200407,"UCAP TRIPLEX AL 2X4+1X4 XLP,AEREO",67,,TRIPLEX AL 2X4+1X4 XLP AEREO,"Tabla 1 al 331_2026.pdf, pagina 305",5200407
305,SS,1319125,Cancha Futbol Sala Cl 48 Cr 70 - 180,5200464,UCAP CABLE CU ENCAUCHETADO 3X14 CU,1,,CABLE CU ENCAUCHETADO 3X14 CU,"Tabla 1 al 331_2026.pdf, pagina 305",5200464
305,SS,1319125,Cancha Futbol Sala Cl 48 Cr 70 - 180,5200799,CONTROL TEMPORIZADO 25 A,1,,CONTROL TEMPORIZADO 25 A,"Tabla 1 al 331_2026.pdf, pagina 305",5200799
305,SS,1319125,Cancha Futbol Sala Cl 48 Cr 70 - 180,5200221,UCAP LUMINARIA 1000W,,4,LUMINARIA 1000W,"Tabla 1 al 331_2026.pdf, pagina 305",5200221
305,SS,1319125,Cancha Futbol Sala Cl 48 Cr 70 - 180,5200214,UCAP BOMBILLO 1000W,,4,BOMBILLO 1000W,"Tabla 1 al 331_2026.pdf, pagina 305",5200214
306,SS,1304128,Sendero Peatonal CR 91 CL 83 -16 INTERIOR 201,5200231,"UCAP BRAZO 1"" - 0.4M - 0°",1,,BRAZO 1 - 0.4M - 0°,"Tabla 1 al 331_2026.pdf, pagina 306",5200231
306,SS,1304128,Sendero Peatonal CR 91 CL 83 -16 INTERIOR 201,5000263,LUM LED 48W ASIMÉTRICA 4000K HORIZONTAL,1,,LUM LED 48W ASIMETRICA 4000K HORIZONTAL,"Tabla 1 al 331_2026.pdf, pagina 306",5000263
306,SS,1304128,Sendero Peatonal CR 91 CL 83 -16 INTERIOR 201,5200419,UCAP POSTE PRFV 8M (ENTERRAR),1,,POSTE PRFV 8M ENTERRAR,"Tabla 1 al 331_2026.pdf, pagina 306",5200419
306,SS,1304128,Sendero Peatonal CR 91 CL 83 -16 INTERIOR 201,5200464,UCAP CABLE CU ENCAUCHETADO 3X14 CU,14,,CABLE CU ENCAUCHETADO 3X14 CU,"Tabla 1 al 331_2026.pdf, pagina 306",5200464
307,SS,1304980,Cancha de rugby - Unidad Deportiva René Higuita Castilla CR 69 - CL 101,5000269,"PROYEC LED 110W TIPO V LARGA (LONG ""L"") 5000K",24,,PROYEC LED 110W TIPO V LARGA LONG L 5000K,"Tabla 1 al 331_2026.pdf, pagina 307",5000269
307,SS,1304980,Cancha de rugby - Unidad Deportiva René Higuita Castilla CR 69 - CL 101,5200275,PROYEC LED (AREALED II) 140W V-CORTA,24,,PROYEC LED AREALED II 140W V-CORTA,"Tabla 1 al 331_2026.pdf, pagina 307",5200275
307,SS,1304980,Cancha de rugby - Unidad Deportiva René Higuita Castilla CR 69 - CL 101,5200127,UCAP PROY. 1000W.,,48,PROY 1000W,"Tabla 1 al 331_2026.pdf, pagina 307",5200127
307,SS,1304980,Cancha de rugby - Unidad Deportiva René Higuita Castilla CR 69 - CL 101,5200214,UCAP BOMBILLO 1000W,,48,BOMBILLO 1000W,"Tabla 1 al 331_2026.pdf, pagina 307",5200214
307,SS,1304980,Cancha de rugby - Unidad Deportiva René Higuita Castilla CR 69 - CL 101,5200276,PROYEC LED (AREALED II) 212W V-MEDIA,,2,PROYEC LED AREALED II 212W V-MEDIA,"Tabla 1 al 331_2026.pdf, pagina 307",5200276
307,SS,1304980,Cancha de rugby - Unidad Deportiva René Higuita Castilla CR 69 - CL 101,,CRUCETA METALICA 1500MM,4,8,CRUCETA METALICA 1500MM,"Tabla 1 al 331_2026.pdf, pagina 307",SIN CODIGO|CRUCETA METALICA 1500MM
307,SS,1304980,Cancha de rugby - Unidad Deportiva René Higuita Castilla CR 69 - CL 101,,CRUCETA METALICA 2400MM,12,8,CRUCETA METALICA 2400MM,"Tabla 1 al 331_2026.pdf, pagina 307",SIN CODIGO|CRUCETA METALICA 2400MM
307,SS,1304980,Cancha de rugby - Unidad Deportiva René Higuita Castilla CR 69 - CL 101,,FOTOCONTROL IND. 105-305V LARGA VIDA,2,,FOTOCONTROL IND 105-305V LARGA VIDA,"Tabla 1 al 331_2026.pdf, pagina 307",SIN CODIGO|FOTOCONTROL IND 105-305V LARGA VIDA
308,SS,1306966,Sendero Cr 30 Cl 86 - 70 Int 117,5200231,"UCAP BRAZO 1"" - 0.4M - 0°",1,,BRAZO 1 - 0.4M - 0°,"Tabla 1 al 331_2026.pdf, pagina 308",5200231
308,SS,1306966,Sendero Cr 30 Cl 86 - 70 Int 117,5000263,LUM LED 48W ASIMÉTRICA 4000K HORIZONTAL,1,,LUM LED 48W ASIMETRICA 4000K HORIZONTAL,"Tabla 1 al 331_2026.pdf, pagina 308",5000263
309,SS,1310143,SMAP-CIV-004-26 CL 11 B Sur CR 44 -95,5200231,"UCAP BRAZO 1"" - 0.4M - 0°",1,,BRAZO 1 - 0.4M - 0°,"Tabla 1 al 331_2026.pdf, pagina 309",5200231
309,SS,1310143,SMAP-CIV-004-26 CL 11 B Sur CR 44 -95,5000263,LUM LED 48W ASIMÉTRICA 4000K HORIZONTAL,3,,LUM LED 48W ASIMETRICA 4000K HORIZONTAL,"Tabla 1 al 331_2026.pdf, pagina 309",5000263
309,SS,1310143,SMAP-CIV-004-26 CL 11 B Sur CR 44 -95,5200302,UCAP POSTE CONCRETO CARABOBO 5M,2,,POSTE CONCRETO CARABOBO 5M,"Tabla 1 al 331_2026.pdf, pagina 309",5200302
309,SS,1310143,SMAP-CIV-004-26 CL 11 B Sur CR 44 -95,5200419,UCAP POSTE PRFV 8M (ENTERRAR),1,,POSTE PRFV 8M ENTERRAR,"Tabla 1 al 331_2026.pdf, pagina 309",5200419
309,SS,1310143,SMAP-CIV-004-26 CL 11 B Sur CR 44 -95,5200422,CABLE FZA AL 3X6 AWG XLPE 600V 90°C ENTERRADO,36,,CABLE FZA AL 3X6 AWG XLPE 600V 90°C ENTERRADO,"Tabla 1 al 331_2026.pdf, pagina 309",5200422
309,SS,1310143,SMAP-CIV-004-26 CL 11 B Sur CR 44 -95,5200464,UCAP CABLE CU ENCAUCHETADO 3X14 CU,18,,CABLE CU ENCAUCHETADO 3X14 CU,"Tabla 1 al 331_2026.pdf, pagina 309",5200464
309,SS,1310143,SMAP-CIV-004-26 CL 11 B Sur CR 44 -95,5200502,UCAP CAJA CONCRETO DIRECTAMENTE ENT,2,,CAJA CONCRETO DIRECTAMENTE ENT,"Tabla 1 al 331_2026.pdf, pagina 309",5200502
309,SS,1310143,SMAP-CIV-004-26 CL 11 B Sur CR 44 -95,5200238,BRAZO CARABOBO SENCILLO,2,,BRAZO CARABOBO SENCILLO,"Tabla 1 al 331_2026.pdf, pagina 309",5200238
310,SS,1310148,SMAP-CIV-007-26 CL 8 CR 35 - 37,5200231,"UCAP BRAZO 1"" - 0.4M - 0°",3,,BRAZO 1 - 0.4M - 0°,"Tabla 1 al 331_2026.pdf, pagina 310",5200231
310,SS,1310148,SMAP-CIV-007-26 CL 8 CR 35 - 37,5000263,LUM LED 48W ASIMÉTRICA 4000K HORIZONTAL,3,,LUM LED 48W ASIMETRICA 4000K HORIZONTAL,"Tabla 1 al 331_2026.pdf, pagina 310",5000263
311,SS,1310158,SMAP-CIV-008-26 CL 7 CR 36 - 20 INT 4007,5200232,"UCAP BRAZO 1"" - 1.5M - 52°/0°",1,,BRAZO 1 - 1.5M - 52°/0°,"Tabla 1 al 331_2026.pdf, pagina 311",5200232
311,SS,1310158,SMAP-CIV-008-26 CL 7 CR 36 - 20 INT 4007,5000263,LUM LED 48W ASIMÉTRICA 4000K HORIZONTAL,1,,LUM LED 48W ASIMETRICA 4000K HORIZONTAL,"Tabla 1 al 331_2026.pdf, pagina 311",5000263
311,SS,1310158,SMAP-CIV-008-26 CL 7 CR 36 - 20 INT 4007,5200464,UCAP CABLE CU ENCAUCHETADO 3X14 CU,15,,CABLE CU ENCAUCHETADO 3X14 CU,"Tabla 1 al 331_2026.pdf, pagina 311",5200464
312,SS,1249245,SMAP-0397-25 CR 43 A CL 9 SUR,5200232,"UCAP BRAZO 1"" - 1.5M - 52°/0°",1,1,BRAZO 1 - 1.5M - 52°/0°,"Tabla 1 al 331_2026.pdf, pagina 312",5200232
312,SS,1249245,SMAP-0397-25 CR 43 A CL 9 SUR,5200239,UCAP BRAZO DOBLE CARABOBO,1,1,BRAZO DOBLE CARABOBO,"Tabla 1 al 331_2026.pdf, pagina 312",5200239
312,SS,1249245,SMAP-0397-25 CR 43 A CL 9 SUR,5200241,UCAP BRAZO CURVO 3000M,1,,BRAZO CURVO 3000M,"Tabla 1 al 331_2026.pdf, pagina 312",5200241
312,SS,1249245,SMAP-0397-25 CR 43 A CL 9 SUR,5200270,LUM LED (KORELED) 44W,2,,LUM LED KORELED 44W,"Tabla 1 al 331_2026.pdf, pagina 312",5200270
312,SS,1249245,SMAP-0397-25 CR 43 A CL 9 SUR,5200272,LUM LED (SEPIALED II) 128W,2,,LUM LED SEPIALED II 128W,"Tabla 1 al 331_2026.pdf, pagina 312",5200272
312,SS,1249245,SMAP-0397-25 CR 43 A CL 9 SUR,5200217,UCAP LUMINARIA 70W,,3,LUMINARIA 70W,"Tabla 1 al 331_2026.pdf, pagina 312",5200217
312,SS,1249245,SMAP-0397-25 CR 43 A CL 9 SUR,5200201,UCAP BOMBILLO 70W,,3,BOMBILLO 70W,"Tabla 1 al 331_2026.pdf, pagina 312",5200201
312,SS,1249245,SMAP-0397-25 CR 43 A CL 9 SUR,5200218,UCAP LUMINARIA 150W,,1,LUMINARIA 150W,"Tabla 1 al 331_2026.pdf, pagina 312",5200218
312,SS,1249245,SMAP-0397-25 CR 43 A CL 9 SUR,5200202,UCAP BOMBILLO 150W,,1,BOMBILLO 150W,"Tabla 1 al 331_2026.pdf, pagina 312",5200202
312,SS,1249245,SMAP-0397-25 CR 43 A CL 9 SUR,5200219,UCAP LUMINARIA 250W,,1,LUMINARIA 250W,"Tabla 1 al 331_2026.pdf, pagina 312",5200219
312,SS,1249245,SMAP-0397-25 CR 43 A CL 9 SUR,5200203,UCAP BOMBILLO 250W,,1,BOMBILLO 250W,"Tabla 1 al 331_2026.pdf, pagina 312",5200203
312,SS,1249245,SMAP-0397-25 CR 43 A CL 9 SUR,5200235,"UCAP BRAZO 1 1/2"" - 1.5M - 52°/0°",,1,BRAZO 1 1/2 - 1.5M - 52°/0°,"Tabla 1 al 331_2026.pdf, pagina 312",5200235
312,SS,1249245,SMAP-0397-25 CR 43 A CL 9 SUR,5200238,UCAP BRAZO SENCILLO CARABOBO,,1,BRAZO SENCILLO CARABOBO,"Tabla 1 al 331_2026.pdf, pagina 312",5200238
312,SS,1249245,SMAP-0397-25 CR 43 A CL 9 SUR,5200302,UCAP POSTE CONCRETO CARABOBO 5M,,1,POSTE CONCRETO CARABOBO 5M,"Tabla 1 al 331_2026.pdf, pagina 312",5200302
313,SS,1305686,Puente Peatonal madera CL 63 AD CR 117 F -19 interior 101,5200232,"UCAP BRAZO 1"" - 1.5M - 52°/0°",1,,BRAZO 1 - 1.5M - 52°/0°,"Tabla 1 al 331_2026.pdf, pagina 313",5200232
313,SS,1305686,Puente Peatonal madera CL 63 AD CR 117 F -19 interior 101,5000263,LUM LED 48W ASIMÉTRICA 4000K HORIZONTAL,1,,LUM LED 48W ASIMETRICA 4000K HORIZONTAL,"Tabla 1 al 331_2026.pdf, pagina 313",5000263
313,SS,1305686,Puente Peatonal madera CL 63 AD CR 117 F -19 interior 101,5200419,UCAP POSTE PRFV 8M (ENTERRAR),2,,POSTE PRFV 8M ENTERRAR,"Tabla 1 al 331_2026.pdf, pagina 313",5200419
313,SS,1305686,Puente Peatonal madera CL 63 AD CR 117 F -19 interior 101,5200464,UCAP CABLE CU ENCAUCHETADO 3X14 CU,28,15,CABLE CU ENCAUCHETADO 3X14 CU,"Tabla 1 al 331_2026.pdf, pagina 313",5200464
313,SS,1305686,Puente Peatonal madera CL 63 AD CR 117 F -19 interior 101,5200306,UCAP POSTE MADERA REDONDO DE 8M,,1,POSTE MADERA REDONDO DE 8M,"Tabla 1 al 331_2026.pdf, pagina 313",5200306
313,SS,1305686,Puente Peatonal madera CL 63 AD CR 117 F -19 interior 101,5200270,UCAP LUM LED (KORELED) 44W,1,1,LUM LED KORELED 44W,"Tabla 1 al 331_2026.pdf, pagina 313",5200270
314,SS,1311483,Sendero Cr 51 D Cl 82 C - 55,5200231,"UCAP BRAZO 1"" - 0.4M - 0°",1,1,BRAZO 1 - 0.4M - 0°,"Tabla 1 al 331_2026.pdf, pagina 314",5200231
314,SS,1311483,Sendero Cr 51 D Cl 82 C - 55,5000263,LUM LED 48W ASIMÉTRICA 4000K HORIZONTAL,1,,LUM LED 48W ASIMETRICA 4000K HORIZONTAL,"Tabla 1 al 331_2026.pdf, pagina 314",5000263
314,SS,1311483,Sendero Cr 51 D Cl 82 C - 55,5200217,UCAP LUMINARIA 70W,,1,LUMINARIA 70W,"Tabla 1 al 331_2026.pdf, pagina 314",5200217
314,SS,1311483,Sendero Cr 51 D Cl 82 C - 55,5200201,UCAP BOMBILLO 70W,,1,BOMBILLO 70W,"Tabla 1 al 331_2026.pdf, pagina 314",5200201
315,SS,1311495,Vía M3 Cr 48 A Cl 85 - 166,5200235,"UCAP BRAZO 1 1/2"" - 1.5M - 52°/0°",1,,BRAZO 1 1/2 - 1.5M - 52°/0°,"Tabla 1 al 331_2026.pdf, pagina 315",5200235
315,SS,1311495,Vía M3 Cr 48 A Cl 85 - 166,5000264,"LUM LED 62,4W ASIMÉTRICA 4000K HORIZONTAL",1,,LUM LED 62 4W ASIMETRICA 4000K HORIZONTAL,"Tabla 1 al 331_2026.pdf, pagina 315",5000264
315,SS,1311495,Vía M3 Cr 48 A Cl 85 - 166,5200217,UCAP LUMINARIA 70W,,1,LUMINARIA 70W,"Tabla 1 al 331_2026.pdf, pagina 315",5200217
315,SS,1311495,Vía M3 Cr 48 A Cl 85 - 166,5200201,UCAP BOMBILLO 70W,,1,BOMBILLO 70W,"Tabla 1 al 331_2026.pdf, pagina 315",5200201
315,SS,1311495,Vía M3 Cr 48 A Cl 85 - 166,5200232,"UCAP BRAZO 1"" - 1.5M - 52°/0°",,1,BRAZO 1 - 1.5M - 52°/0°,"Tabla 1 al 331_2026.pdf, pagina 315",5200232
316,SS,1311499,Andén Cr 67 B Cl 51 A - 23,5200231,"UCAP BRAZO 1"" - 0.4M - 0°",2,,BRAZO 1 - 0.4M - 0°,"Tabla 1 al 331_2026.pdf, pagina 316",5200231
316,SS,1311499,Andén Cr 67 B Cl 51 A - 23,5000263,LUM LED 48W ASIMÉTRICA 4000K HORIZONTAL,2,,LUM LED 48W ASIMETRICA 4000K HORIZONTAL,"Tabla 1 al 331_2026.pdf, pagina 316",5000263
316,SS,1311499,Andén Cr 67 B Cl 51 A - 23,5200308,UCAP POSTE CONCRETO OCTOG 8M,1,,POSTE CONCRETO OCTOG 8M,"Tabla 1 al 331_2026.pdf, pagina 316",5200308
316,SS,1311499,Andén Cr 67 B Cl 51 A - 23,5200464,UCAP CABLE CU ENCAUCHETADO 3X14 CU,12,,CABLE CU ENCAUCHETADO 3X14 CU,"Tabla 1 al 331_2026.pdf, pagina 316",5200464
317,SS,1311508,Vía M4 Cr 51 A Cl 120 - 34,5200232,"UCAP BRAZO 1"" - 1.5M - 52°/0°",1,1,BRAZO 1 - 1.5M - 52°/0°,"Tabla 1 al 331_2026.pdf, pagina 317",5200232
317,SS,1311508,Vía M4 Cr 51 A Cl 120 - 34,5000263,LUM LED 48W ASIMÉTRICA 4000K HORIZONTAL,1,,LUM LED 48W ASIMETRICA 4000K HORIZONTAL,"Tabla 1 al 331_2026.pdf, pagina 317",5000263
317,SS,1311508,Vía M4 Cr 51 A Cl 120 - 34,5200217,UCAP LUMINARIA 70W,,1,LUMINARIA 70W,"Tabla 1 al 331_2026.pdf, pagina 317",5200217
317,SS,1311508,Vía M4 Cr 51 A Cl 120 - 34,5200201,UCAP BOMBILLO 70W,,1,BOMBILLO 70W,"Tabla 1 al 331_2026.pdf, pagina 317",5200201
318,SS,1311515,SMAP-CIV-45-26 CR 40 CL 21,5200218,UCAP LUMINARIA 150W,,1,LUMINARIA 150W,"Tabla 1 al 331_2026.pdf, pagina 318",5200218
318,SS,1311515,SMAP-CIV-45-26 CR 40 CL 21,5200202,UCAP BOMBILLO 150W,,1,BOMBILLO 150W,"Tabla 1 al 331_2026.pdf, pagina 318",5200202
318,SS,1311515,SMAP-CIV-45-26 CR 40 CL 21,5200235,"UCAP BRAZO 1 1/2"" - 1.5M - 52°/0°",,1,BRAZO 1 1/2 - 1.5M - 52°/0°,"Tabla 1 al 331_2026.pdf, pagina 318",5200235
319,SS,1311687,Vía Cr 23 Cl 102 A 49 Int 103,5200231,"UCAP BRAZO 1"" - 0.4M - 0°",1,,BRAZO 1 - 0.4M - 0°,"Tabla 1 al 331_2026.pdf, pagina 319",5200231
319,SS,1311687,Vía Cr 23 Cl 102 A 49 Int 103,5000263,LUM LED 48W ASIMÉTRICA 4000K HORIZONTAL,1,,LUM LED 48W ASIMETRICA 4000K HORIZONTAL,"Tabla 1 al 331_2026.pdf, pagina 319",5000263
320,SS,1313168,Andén-La Palma CR 83 CL 29,5000263,LUM LED 48W ASIMÉTRICA 4000K HORIZONTAL,2,,LUM LED 48W ASIMETRICA 4000K HORIZONTAL,"Tabla 1 al 331_2026.pdf, pagina 320",5000263
320,SS,1313168,Andén-La Palma CR 83 CL 29,5200302,UCAP POSTE CONCRETO CARABOBO 5M,2,,POSTE CONCRETO CARABOBO 5M,"Tabla 1 al 331_2026.pdf, pagina 320",5200302
320,SS,1313168,Andén-La Palma CR 83 CL 29,5200422,CABLE FZA AL 3X6 AWG XLPE 600V 90°C ENTERRADO,29,,CABLE FZA AL 3X6 AWG XLPE 600V 90°C ENTERRADO,"Tabla 1 al 331_2026.pdf, pagina 320",5200422
320,SS,1313168,Andén-La Palma CR 83 CL 29,5200502,UCAP CAJA CONCRETO DIRECTAMENTE ENT,2,,CAJA CONCRETO DIRECTAMENTE ENT,"Tabla 1 al 331_2026.pdf, pagina 320",5200502
320,SS,1313168,Andén-La Palma CR 83 CL 29,5200238,BRAZO CARABOBO SENCILLO,2,,BRAZO CARABOBO SENCILLO,"Tabla 1 al 331_2026.pdf, pagina 320",5200238
320,SS,1313168,Andén-La Palma CR 83 CL 29,5200222,UCAP LUMINARIA LED 40W,,1,LUMINARIA LED 40W,"Tabla 1 al 331_2026.pdf, pagina 320",5200222
320,SS,1313168,Andén-La Palma CR 83 CL 29,5200232,"UCAP BRAZO 1"" - 1.5M - 52°/0°",,1,BRAZO 1 - 1.5M - 52°/0°,"Tabla 1 al 331_2026.pdf, pagina 320",5200232
321,SS,1318342,Sendero Peatonal CR 82 CL 36 SUR -59 (INTERIOR 137),5200231,"UCAP BRAZO 1"" - 0.4M - 0°",1,,BRAZO 1 - 0.4M - 0°,"Tabla 1 al 331_2026.pdf, pagina 321",5200231
321,SS,1318342,Sendero Peatonal CR 82 CL 36 SUR -59 (INTERIOR 137),5000263,LUM LED 48W ASIMÉTRICA 4000K HORIZONTAL,1,,LUM LED 48W ASIMETRICA 4000K HORIZONTAL,"Tabla 1 al 331_2026.pdf, pagina 321",5000263
322,SS,1319334,Sendero Cr 1 A Este Cl 47 C - 32 Int 101,5200231,"UCAP BRAZO 1"" - 0.4M - 0°",1,,BRAZO 1 - 0.4M - 0°,"Tabla 1 al 331_2026.pdf, pagina 322",5200231
322,SS,1319334,Sendero Cr 1 A Este Cl 47 C - 32 Int 101,5000263,LUM LED 48W ASIMÉTRICA 4000K HORIZONTAL,1,,LUM LED 48W ASIMETRICA 4000K HORIZONTAL,"Tabla 1 al 331_2026.pdf, pagina 322",5000263
323,SS,1320698,Andén CL 11 SUR CR 50,5200231,"UCAP BRAZO 1"" - 0.4M - 0°",3,,BRAZO 1 - 0.4M - 0°,"Tabla 1 al 331_2026.pdf, pagina 323",5200231
323,SS,1320698,Andén CL 11 SUR CR 50,5000263,LUM LED 48W ASIMÉTRICA 4000K HORIZONTAL,3,,LUM LED 48W ASIMETRICA 4000K HORIZONTAL,"Tabla 1 al 331_2026.pdf, pagina 323",5000263
323,SS,1320698,Andén CL 11 SUR CR 50,5200464,UCAP CABLE CU ENCAUCHETADO 3X14 CU,16,,CABLE CU ENCAUCHETADO 3X14 CU,"Tabla 1 al 331_2026.pdf, pagina 323",5200464
324,SS,1305574,Via - Andenes CR 117 A por CL 64 via ingreso a IE Lusitania,5200235,"UCAP BRAZO 1 1/2"" - 1.5M - 52°/0°",1,,BRAZO 1 1/2 - 1.5M - 52°/0°,"Tabla 1 al 331_2026.pdf, pagina 324",5200235
324,SS,1305574,Via - Andenes CR 117 A por CL 64 via ingreso a IE Lusitania,5200293,LUM LED (OMEGA II) 64.5W,1,,LUM LED OMEGA II 64.5W,"Tabla 1 al 331_2026.pdf, pagina 324",5200293
325,SS,1310234,VIA - SMAP-CIV-034-26- CR 125 # 63A - 2,5200232,"UCAP BRAZO 1"" - 1.5M - 52°/0°",4,,BRAZO 1 - 1.5M - 52°/0°,"Tabla 1 al 331_2026.pdf, pagina 325",5200232
325,SS,1310234,VIA - SMAP-CIV-034-26- CR 125 # 63A - 2,5000263,LUM LED 48W ASIMÉTRICA 4000K HORIZONTAL,4,,LUM LED 48W ASIMETRICA 4000K HORIZONTAL,"Tabla 1 al 331_2026.pdf, pagina 325",5000263
325,SS,1310234,VIA - SMAP-CIV-034-26- CR 125 # 63A - 2,5200308,UCAP POSTE CONCRETO OCTOG 8M,2,,POSTE CONCRETO OCTOG 8M,"Tabla 1 al 331_2026.pdf, pagina 325",5200308
325,SS,1310234,VIA - SMAP-CIV-034-26- CR 125 # 63A - 2,5200407,"UCAP TRIPLEX AL 2X4+1X4 XLP,AEREO",28,,TRIPLEX AL 2X4+1X4 XLP AEREO,"Tabla 1 al 331_2026.pdf, pagina 325",5200407
325,SS,1310234,VIA - SMAP-CIV-034-26- CR 125 # 63A - 2,5200464,UCAP CABLE CU ENCAUCHETADO 3X14 CU,6,,CABLE CU ENCAUCHETADO 3X14 CU,"Tabla 1 al 331_2026.pdf, pagina 325",5200464
325,SS,1310234,VIA - SMAP-CIV-034-26- CR 125 # 63A - 2,5200217,UCAP LUMINARIA 70W,,3,LUMINARIA 70W,"Tabla 1 al 331_2026.pdf, pagina 325",5200217
325,SS,1310234,VIA - SMAP-CIV-034-26- CR 125 # 63A - 2,5200201,UCAP BOMBILLO 70W,,3,BOMBILLO 70W,"Tabla 1 al 331_2026.pdf, pagina 325",5200201
325,SS,1310234,VIA - SMAP-CIV-034-26- CR 125 # 63A - 2,5200233,"UCAP BRAZO 1"" - 1.5M - 52°/20°",,3,BRAZO 1 - 1.5M - 52°/20°,"Tabla 1 al 331_2026.pdf, pagina 325",5200233
326,SS,1310384,LA ALPUJARRA CL 44 CR 57,306685,"PROYECTOR LED 110W TIPO V LARGA (LONG ""L"") 5000K",4,,PROYECTOR LED 110W TIPO V LARGA LONG L 5000K,"Tabla 1 al 331_2026.pdf, pagina 326",306685
326,SS,1310384,LA ALPUJARRA CL 44 CR 57,5200275,PROYEC LED (AREALED II) 140W V-CORTA,2,,PROYEC LED AREALED II 140W V-CORTA,"Tabla 1 al 331_2026.pdf, pagina 326",5200275
326,SS,1310384,LA ALPUJARRA CL 44 CR 57,5200464,UCAP CABLE CU ENCAUCHETADO 3X14 CU,60,,CABLE CU ENCAUCHETADO 3X14 CU,"Tabla 1 al 331_2026.pdf, pagina 326",5200464
326,SS,1310384,LA ALPUJARRA CL 44 CR 57,5200127,Proy. 1000w.,,2,PROY 1000W,"Tabla 1 al 331_2026.pdf, pagina 326",5200127
326,SS,1310384,LA ALPUJARRA CL 44 CR 57,5200410,duplex cu 14 awg-thw 300v,,35,DUPLEX CU 14 AWG-THW 300V,"Tabla 1 al 331_2026.pdf, pagina 326",5200410
327,SS,1311443,SMAP-CIV-047-26 CL 32B CR 69,5200232,"UCAP BRAZO 1"" - 1.5M - 52°/0°",1,,BRAZO 1 - 1.5M - 52°/0°,"Tabla 1 al 331_2026.pdf, pagina 327",5200232
327,SS,1311443,SMAP-CIV-047-26 CL 32B CR 69,5000263,LUM LED 48W ASIMÉTRICA 4000K HORIZONTAL,1,,LUM LED 48W ASIMETRICA 4000K HORIZONTAL,"Tabla 1 al 331_2026.pdf, pagina 327",5000263
327,SS,1311443,SMAP-CIV-047-26 CL 32B CR 69,5200422,CABLE FZA AL 3X6 AWG XLPE 600V 90°C ENTERRADO,17,,CABLE FZA AL 3X6 AWG XLPE 600V 90°C ENTERRADO,"Tabla 1 al 331_2026.pdf, pagina 327",5200422
327,SS,1311443,SMAP-CIV-047-26 CL 32B CR 69,5200502,UCAP CAJA CONCRETO DIRECTAMENTE ENT,1,,CAJA CONCRETO DIRECTAMENTE ENT,"Tabla 1 al 331_2026.pdf, pagina 327",5200502
327,SS,1311443,SMAP-CIV-047-26 CL 32B CR 69,5200219,UCAP LUMINARIA 250W,,1,LUMINARIA 250W,"Tabla 1 al 331_2026.pdf, pagina 327",5200219
327,SS,1311443,SMAP-CIV-047-26 CL 32B CR 69,5200203,UCAP BOMBILLO 250W,,1,BOMBILLO 250W,"Tabla 1 al 331_2026.pdf, pagina 327",5200203
327,SS,1311443,SMAP-CIV-047-26 CL 32B CR 69,5200236,"UCAP BRAZO 1 1/2"" - 1.5M - 52°/20°",,1,BRAZO 1 1/2 - 1.5M - 52°/20°,"Tabla 1 al 331_2026.pdf, pagina 327",5200236
328,SS,1311459,1311459,5200235,"UCAP BRAZO 1 1/2"" - 1.5M - 52°/0°",1,,BRAZO 1 1/2 - 1.5M - 52°/0°,"Tabla 1 al 331_2026.pdf, pagina 328",5200235
328,SS,1311459,1311459,5000266,LUM LED 176W ASIMÉTRICA 4000K HORIZONTAL,1,,LUM LED 176W ASIMETRICA 4000K HORIZONTAL,"Tabla 1 al 331_2026.pdf, pagina 328",5000266
328,SS,1311459,1311459,5200419,UCAP POSTE PRFV 8M (ENTERRAR),1,,POSTE PRFV 8M ENTERRAR,"Tabla 1 al 331_2026.pdf, pagina 328",5200419
328,SS,1311459,1311459,5200464,UCAP CABLE CU ENCAUCHETADO 3X14 CU,8,,CABLE CU ENCAUCHETADO 3X14 CU,"Tabla 1 al 331_2026.pdf, pagina 328",5200464
328,SS,1311459,1311459,5200274,UCAP LUM LED (MXL) 165.3W,,1,LUM LED MXL 165.3W,"Tabla 1 al 331_2026.pdf, pagina 328",5200274
328,SS,1311459,1311459,5200241,UCAP BRAZO CURVO 3000m,,1,BRAZO CURVO 3000M,"Tabla 1 al 331_2026.pdf, pagina 328",5200241
328,SS,1311459,1311459,5200306,UCAP Poste madera redondo de 8m,,1,POSTE MADERA REDONDO DE 8M,"Tabla 1 al 331_2026.pdf, pagina 328",5200306
328,SS,1311459,1311459,5200410,UCAP DUPLEX CU 14 AWG-THW 300V,,6,DUPLEX CU 14 AWG-THW 300V,"Tabla 1 al 331_2026.pdf, pagina 328",5200410
329,SS,1314859,SENDERO CL 97 CR 42 B - 36 INT 113,5200231,"UCAP BRAZO 1"" - 0.4M - 0°",1,,BRAZO 1 - 0.4M - 0°,"Tabla 1 al 331_2026.pdf, pagina 329",5200231
329,SS,1314859,SENDERO CL 97 CR 42 B - 36 INT 113,5000263,LUM LED 48W ASIMÉTRICA 4000K HORIZONTAL,1,,LUM LED 48W ASIMETRICA 4000K HORIZONTAL,"Tabla 1 al 331_2026.pdf, pagina 329",5000263
330,SS,1318565,Andén CL 32 F CR 65 -15 (INTERIOR 201),5200231,"UCAP BRAZO 1"" - 0.4M - 0°",1,,BRAZO 1 - 0.4M - 0°,"Tabla 1 al 331_2026.pdf, pagina 330",5200231
330,SS,1318565,Andén CL 32 F CR 65 -15 (INTERIOR 201),5000263,LUM LED 48W ASIMÉTRICA 4000K HORIZONTAL,1,,LUM LED 48W ASIMETRICA 4000K HORIZONTAL,"Tabla 1 al 331_2026.pdf, pagina 330",5000263
330,SS,1318565,Andén CL 32 F CR 65 -15 (INTERIOR 201),5200419,UCAP POSTE PRFV 8M (ENTERRAR),1,,POSTE PRFV 8M ENTERRAR,"Tabla 1 al 331_2026.pdf, pagina 330",5200419
330,SS,1318565,Andén CL 32 F CR 65 -15 (INTERIOR 201),5200464,UCAP CABLE CU ENCAUCHETADO 3X14 CU,21,,CABLE CU ENCAUCHETADO 3X14 CU,"Tabla 1 al 331_2026.pdf, pagina 330",5200464
331,SS,1320686,BOMBONA CR 41 # 47,5200231,"UCAP BRAZO 1"" - 0.4M - 0°",1,,BRAZO 1 - 0.4M - 0°,"Tabla 1 al 331_2026.pdf, pagina 331",5200231
331,SS,1320686,BOMBONA CR 41 # 47,5000263,LUM LED 48W ASIMÉTRICA 4000K HORIZONTAL,1,,LUM LED 48W ASIMETRICA 4000K HORIZONTAL,"Tabla 1 al 331_2026.pdf, pagina 331",5000263
331,SS,1320686,BOMBONA CR 41 # 47,5200419,UCAP POSTE PRFV 8M (ENTERRAR),1,,POSTE PRFV 8M ENTERRAR,"Tabla 1 al 331_2026.pdf, pagina 331",5200419
331,SS,1320686,BOMBONA CR 41 # 47,5200464,UCAP CABLE CU ENCAUCHETADO 3X14 CU,7,,CABLE CU ENCAUCHETADO 3X14 CU,"Tabla 1 al 331_2026.pdf, pagina 331",5200464
