Pagina,Tipo,SS/SN,Proyecto,codigo UCAP,Descripcion UCAP,Colocar,Quitar,Descripcion Normalizada,Fuente,Clave Consolidacion
1,SN,193679,SMAP 299 CL 52 CR 17 Y CR 13,5200272,LUM LED (SEPIALED II) 128W,16,,LUM LED SEPIALED II 128W,"Tablas 1 al 392_2025.pdf, pagina 1",5200272
1,SN,193679,SMAP 299 CL 52 CR 17 Y CR 13,5200235,"BR 1 1/2"" - 1.5M - 52°/0°",16,,BR 1 1/2 - 1.5M - 52°/0°,"Tablas 1 al 392_2025.pdf, pagina 1",5200235
1,SN,193679,SMAP 299 CL 52 CR 17 Y CR 13,5200464,CABL CU 3X14 (ENCAU),8,,CABL CU 3X14 ENCAU,"Tablas 1 al 392_2025.pdf, pagina 1",5200464
1,SN,193679,SMAP 299 CL 52 CR 17 Y CR 13,R5200219,RET - LUM 250W,,16,RET - LUM 250W,"Tablas 1 al 392_2025.pdf, pagina 1",R5200219
1,SN,193679,SMAP 299 CL 52 CR 17 Y CR 13,R5200203,RET - BOMB 250W,,16,RET - BOMB 250W,"Tablas 1 al 392_2025.pdf, pagina 1",R5200203
1,SN,193679,SMAP 299 CL 52 CR 17 Y CR 13,R5200410,RET - DUPLEX CU 14 AWG,,8,RET - DUPLEX CU 14 AWG,"Tablas 1 al 392_2025.pdf, pagina 1",R5200410
1,SN,193679,SMAP 299 CL 52 CR 17 Y CR 13,R5200236,"RET - BR 1 1/2"" - 1.5M - 52°/20°",,16,RET - BR 1 1/2 - 1.5M - 52°/20°,"Tablas 1 al 392_2025.pdf, pagina 1",R5200236
2,SN,1041668,Plazoleta y Anden Cr 62 Cl 80 C - 102 Int 116,5200270,LUM LED (KORELED) 44W,6,5,LUM LED KORELED 44W,"Tablas 1 al 392_2025.pdf, pagina 2",5200270
2,SN,1041668,Plazoleta y Anden Cr 62 Cl 80 C - 102 Int 116,5200302,POST CONC 5M 350KGF CAR,6,5,POST CONC 5M 350KGF CAR,"Tablas 1 al 392_2025.pdf, pagina 2",5200302
2,SN,1041668,Plazoleta y Anden Cr 62 Cl 80 C - 102 Int 116,5200421,UCAP CABLE AL 3X6 EN CANAL EXISTENTE,133,,CABLE AL 3X6 EN CANAL EXISTENTE,"Tablas 1 al 392_2025.pdf, pagina 2",5200421
2,SN,1041668,Plazoleta y Anden Cr 62 Cl 80 C - 102 Int 116,5200464,CABL CU 3X14 (ENCAU),36,,CABL CU 3X14 ENCAU,"Tablas 1 al 392_2025.pdf, pagina 2",5200464
2,SN,1041668,Plazoleta y Anden Cr 62 Cl 80 C - 102 Int 116,5200502,CAJ CONC 50X50 CM (DIR ENTERR),7,,CAJ CONC 50X50 CM DIR ENTERR,"Tablas 1 al 392_2025.pdf, pagina 2",5200502
2,SN,1041668,Plazoleta y Anden Cr 62 Cl 80 C - 102 Int 116,5200503,"CANAL TUBERIA PVC 2"" + CABL CU 3X8",66,,CANAL TUBERIA PVC 2 + CABL CU 3X8,"Tablas 1 al 392_2025.pdf, pagina 2",5200503
2,SN,1041668,Plazoleta y Anden Cr 62 Cl 80 C - 102 Int 116,5200238-3,BR CAR EXTRACORT-06M/0°,2,,BR CAR EXTRACORT-06M/0°,"Tablas 1 al 392_2025.pdf, pagina 2",5200238-3
2,SN,1041668,Plazoleta y Anden Cr 62 Cl 80 C - 102 Int 116,5200238-4,BR CAR SEMI-LAR 0.75M/0°,,2,BR CAR SEMI-LAR 0.75M/0°,"Tablas 1 al 392_2025.pdf, pagina 2",5200238-4
2,SN,1041668,Plazoleta y Anden Cr 62 Cl 80 C - 102 Int 116,5200238-1,BR CAR LAR-166M/20°,1,,BR CAR LAR-166M/20°,"Tablas 1 al 392_2025.pdf, pagina 2",5200238-1
3,SN,1043024,Sendero Peatonal Cl 123 Cr 52 - 106,5200270,LUM LED (KORELED) 44W,11,,LUM LED KORELED 44W,"Tablas 1 al 392_2025.pdf, pagina 3",5200270
3,SN,1043024,Sendero Peatonal Cl 123 Cr 52 - 106,5000320,POST PRFV 6M 250KGF CINTURON VER,11,,POST PRFV 6M 250KGF CINTURON VER,"Tablas 1 al 392_2025.pdf, pagina 3",5000320
3,SN,1043024,Sendero Peatonal Cl 123 Cr 52 - 106,5200422,CABLE AL 3X6 ENTERRADO ZONA VERDE,165,,CABLE AL 3X6 ENTERRADO ZONA VERDE,"Tablas 1 al 392_2025.pdf, pagina 3",5200422
3,SN,1043024,Sendero Peatonal Cl 123 Cr 52 - 106,5200464,CABL CU 3X14 (ENCAU),66,,CABL CU 3X14 ENCAU,"Tablas 1 al 392_2025.pdf, pagina 3",5200464
3,SN,1043024,Sendero Peatonal Cl 123 Cr 52 - 106,5200502,CAJ CONC 50X50 CM (DIR ENTERR),12,,CAJ CONC 50X50 CM DIR ENTERR,"Tablas 1 al 392_2025.pdf, pagina 3",5200502
3,SN,1043024,Sendero Peatonal Cl 123 Cr 52 - 106,5200231,"BR 1"" - 0.4M - 0°",11,,BR 1 - 0.4M - 0°,"Tablas 1 al 392_2025.pdf, pagina 3",5200231
4,SN,1079015,CR 50 CL 91,5200270,LUM LED (KORELED) 44W,1,,LUM LED KORELED 44W,"Tablas 1 al 392_2025.pdf, pagina 4",5200270
4,SN,1079015,CR 50 CL 91,5200231,"BR 1"" - 0.4M - 0°",1,,BR 1 - 0.4M - 0°,"Tablas 1 al 392_2025.pdf, pagina 4",5200231
5,SN,1080956,CANCHA FÚTBOL 7 COLSEGUROS CL 42 CR 63 A,5200270,LUM LED (KORELED) 44W,1,,LUM LED KORELED 44W,"Tablas 1 al 392_2025.pdf, pagina 5",5200270
5,SN,1080956,CANCHA FÚTBOL 7 COLSEGUROS CL 42 CR 63 A,5200232,"BR 1"" - 1.5M - 52°/0°",1,,BR 1 - 1.5M - 52°/0°,"Tablas 1 al 392_2025.pdf, pagina 5",5200232
5,SN,1080956,CANCHA FÚTBOL 7 COLSEGUROS CL 42 CR 63 A,5020117,POST PRFV 9M 350KGF AP,1,,POST PRFV 9M 350KGF AP,"Tablas 1 al 392_2025.pdf, pagina 5",5020117
5,SN,1080956,CANCHA FÚTBOL 7 COLSEGUROS CL 42 CR 63 A,5200502,CAJ CONC 50X50 CM (DIR ENTERR),1,,CAJ CONC 50X50 CM DIR ENTERR,"Tablas 1 al 392_2025.pdf, pagina 5",5200502
5,SN,1080956,CANCHA FÚTBOL 7 COLSEGUROS CL 42 CR 63 A,5200422,CABLE AL 3X6 ENTERRADO ZONA VERDE,9,,CABLE AL 3X6 ENTERRADO ZONA VERDE,"Tablas 1 al 392_2025.pdf, pagina 5",5200422
5,SN,1080956,CANCHA FÚTBOL 7 COLSEGUROS CL 42 CR 63 A,5200799,TABL CONT AP 240VCA 25A EXTERIOR,1,,TABL CONT AP 240VCA 25A EXTERIOR,"Tablas 1 al 392_2025.pdf, pagina 5",5200799
6,SN,1081355,VÍA-SECUNDARIA CL 59 CL 51 -64,5200272,LUM LED (SEPIALED II) 128W,2,,LUM LED SEPIALED II 128W,"Tablas 1 al 392_2025.pdf, pagina 6",5200272
6,SN,1081355,VÍA-SECUNDARIA CL 59 CL 51 -64,5200235,"BR 1 1/2"" - 1.5M - 52°/0°",2,,BR 1 1/2 - 1.5M - 52°/0°,"Tablas 1 al 392_2025.pdf, pagina 6",5200235
6,SN,1081355,VÍA-SECUNDARIA CL 59 CL 51 -64,R5200203,RET - BOMB 250W,,2,RET - BOMB 250W,"Tablas 1 al 392_2025.pdf, pagina 6",R5200203
6,SN,1081355,VÍA-SECUNDARIA CL 59 CL 51 -64,R5200219,RET - LUM 250W,,2,RET - LUM 250W,"Tablas 1 al 392_2025.pdf, pagina 6",R5200219
6,SN,1081355,VÍA-SECUNDARIA CL 59 CL 51 -64,R5200232,"RET - BR 1"" - 1.5M - 52°/0°",,2,RET - BR 1 - 1.5M - 52°/0°,"Tablas 1 al 392_2025.pdf, pagina 6",R5200232
7,SN,1083636,SAN CRISTOBAL CR 131 CL 59A-42 INT 164,5200270,LUM LED (KORELED) 44W,11,,LUM LED KORELED 44W,"Tablas 1 al 392_2025.pdf, pagina 7",5200270
7,SN,1083636,SAN CRISTOBAL CR 131 CL 59A-42 INT 164,5200231,"BR 1"" - 0.4M - 0°",11,,BR 1 - 0.4M - 0°,"Tablas 1 al 392_2025.pdf, pagina 7",5200231
7,SN,1083636,SAN CRISTOBAL CR 131 CL 59A-42 INT 164,5200464,CABL CU 3X14 (ENCAU),30,,CABL CU 3X14 ENCAU,"Tablas 1 al 392_2025.pdf, pagina 7",5200464
7,SN,1083636,SAN CRISTOBAL CR 131 CL 59A-42 INT 164,R5200217,RET - LUM 70W,,11,RET - LUM 70W,"Tablas 1 al 392_2025.pdf, pagina 7",R5200217
7,SN,1083636,SAN CRISTOBAL CR 131 CL 59A-42 INT 164,R5200201,RET - BOMB 70W,,11,RET - BOMB 70W,"Tablas 1 al 392_2025.pdf, pagina 7",R5200201
7,SN,1083636,SAN CRISTOBAL CR 131 CL 59A-42 INT 164,R5200231,"RET - BR 1"" - 0.4M - 0",,11,RET - BR 1 - 0.4M - 0,"Tablas 1 al 392_2025.pdf, pagina 7",R5200231
8,SN,1085767,VIA PRINCIPAL CL 47 CR 1C-81 VIA CORREG. SANTA ELENA,5200272,LUM LED (SEPIALED II) 128W,1,,LUM LED SEPIALED II 128W,"Tablas 1 al 392_2025.pdf, pagina 8",5200272
8,SN,1085767,VIA PRINCIPAL CL 47 CR 1C-81 VIA CORREG. SANTA ELENA,5200464,CABL CU 3X14 (ENCAU),17,,CABL CU 3X14 ENCAU,"Tablas 1 al 392_2025.pdf, pagina 8",5200464
8,SN,1085767,VIA PRINCIPAL CL 47 CR 1C-81 VIA CORREG. SANTA ELENA,5200419,POST PRFV 8M 510KGF,1,,POST PRFV 8M 510KGF,"Tablas 1 al 392_2025.pdf, pagina 8",5200419
8,SN,1085767,VIA PRINCIPAL CL 47 CR 1C-81 VIA CORREG. SANTA ELENA,5200241,BR CURVO 3000M,1,,BR CURVO 3000M,"Tablas 1 al 392_2025.pdf, pagina 8",5200241
9,SN,1086333,CL 52 CR 14 - 102 INT 103,5200270,LUM LED (KORELED) 44W,2,,LUM LED KORELED 44W,"Tablas 1 al 392_2025.pdf, pagina 9",5200270
9,SN,1086333,CL 52 CR 14 - 102 INT 103,5200231,"BR 1"" - 0.4M - 0°",2,,BR 1 - 0.4M - 0°,"Tablas 1 al 392_2025.pdf, pagina 9",5200231
10,SN,1086717,CL 56 CR 17 - 30,5200270,LUM LED (KORELED) 44W,1,,LUM LED KORELED 44W,"Tablas 1 al 392_2025.pdf, pagina 10",5200270
10,SN,1086717,CL 56 CR 17 - 30,5200231,"BR 1"" - 0.4M - 0°",1,,BR 1 - 0.4M - 0°,"Tablas 1 al 392_2025.pdf, pagina 10",5200231
11,SN,1097271,Cr 22 Cl 106 - 5,5200270,LUM LED (KORELED) 44W,2,,LUM LED KORELED 44W,"Tablas 1 al 392_2025.pdf, pagina 11",5200270
11,SN,1097271,Cr 22 Cl 106 - 5,5200231,"BR 1"" - 0.4M - 0°",2,,BR 1 - 0.4M - 0°,"Tablas 1 al 392_2025.pdf, pagina 11",5200231
11,SN,1097271,Cr 22 Cl 106 - 5,5200464,CABL CU 3X14 (ENCAU),68,,CABL CU 3X14 ENCAU,"Tablas 1 al 392_2025.pdf, pagina 11",5200464
12,SN,1097740,CR 24 BD CL 71 - 112,5200232,"UCAP BRAZO 1"" - 1.5M - 52°/0°",2,,BRAZO 1 - 1.5M - 52°/0°,"Tablas 1 al 392_2025.pdf, pagina 12",5200232
12,SN,1097740,CR 24 BD CL 71 - 112,5200270,LUM LED (KORELED) 44W,2,,LUM LED KORELED 44W,"Tablas 1 al 392_2025.pdf, pagina 12",5200270
12,SN,1097740,CR 24 BD CL 71 - 112,5200464,UCAP CABLE CU ENCAUCHETADO 3X14 CU,18,,CABLE CU ENCAUCHETADO 3X14 CU,"Tablas 1 al 392_2025.pdf, pagina 12",5200464
13,SN,1100036,CL 55 CR 129 - 115 INT 122,5200231,"UCAP BRAZO 1"" - 0.4M - 0°",2,,BRAZO 1 - 0.4M - 0°,"Tablas 1 al 392_2025.pdf, pagina 13",5200231
13,SN,1100036,CL 55 CR 129 - 115 INT 122,5200270,LUM LED (KORELED) 44W,2,,LUM LED KORELED 44W,"Tablas 1 al 392_2025.pdf, pagina 13",5200270
14,SN,1105835,SMAP-CIL-0028-25 CL 47 D CR 75 - 240,5000269,"PROYECTOR LED 110W TIPO V LARGA (LONG ""L"") 5000K",1,,PROYECTOR LED 110W TIPO V LARGA LONG L 5000K,"Tablas 1 al 392_2025.pdf, pagina 14",5000269
14,SN,1105835,SMAP-CIL-0028-25 CL 47 D CR 75 - 240,5020117,POST PRFV 9M 350KGF AP,1,,POST PRFV 9M 350KGF AP,"Tablas 1 al 392_2025.pdf, pagina 14",5020117
14,SN,1105835,SMAP-CIL-0028-25 CL 47 D CR 75 - 240,5200501,CAJ CONC 50X50 CM (CON TAPA),1,,CAJ CONC 50X50 CM CON TAPA,"Tablas 1 al 392_2025.pdf, pagina 14",5200501
14,SN,1105835,SMAP-CIL-0028-25 CL 47 D CR 75 - 240,5200422,CABLE AL 3X6 ENTERRADO ZONA VERDE,12,,CABLE AL 3X6 ENTERRADO ZONA VERDE,"Tablas 1 al 392_2025.pdf, pagina 14",5200422
15,SN,1111377,Sendero Peatonal CL 34 B CR 133-270,5200270,LUM LED (KORELED) 44W,2,,LUM LED KORELED 44W,"Tablas 1 al 392_2025.pdf, pagina 15",5200270
15,SN,1111377,Sendero Peatonal CL 34 B CR 133-270,5200231,"BRAZO 1"" - 0.4m - 0°",2,,BRAZO 1 - 0.4M - 0°,"Tablas 1 al 392_2025.pdf, pagina 15",5200231
15,SN,1111377,Sendero Peatonal CL 34 B CR 133-270,5200464,Cable Cu encauchetado 3X14 AWG,3,,CABLE CU ENCAUCHETADO 3X14 AWG,"Tablas 1 al 392_2025.pdf, pagina 15",5200464
16,SN,1111377,Sendero Peatonal CL 34 B CR 133-270,5200270,LUM LED (KORELED) 44W,2,,LUM LED KORELED 44W,"Tablas 1 al 392_2025.pdf, pagina 16",5200270
16,SN,1111377,Sendero Peatonal CL 34 B CR 133-270,5200231,"BRAZO 1"" - 0.4m - 0°",2,,BRAZO 1 - 0.4M - 0°,"Tablas 1 al 392_2025.pdf, pagina 16",5200231
16,SN,1111377,Sendero Peatonal CL 34 B CR 133-270,5200464,Cable Cu encauchetado 3X14 AWG,3,,CABLE CU ENCAUCHETADO 3X14 AWG,"Tablas 1 al 392_2025.pdf, pagina 16",5200464
17,SN,1111468,Sendero Peatonal CL 43 BB CR 120 B -93 (INTERIOR 1186 ),5200270,LUM LED (KORELED) 44W,1,,LUM LED KORELED 44W,"Tablas 1 al 392_2025.pdf, pagina 17",5200270
17,SN,1111468,Sendero Peatonal CL 43 BB CR 120 B -93 (INTERIOR 1186 ),5200231,"BRAZO 1"" - 0.4m - 0°",1,,BRAZO 1 - 0.4M - 0°,"Tablas 1 al 392_2025.pdf, pagina 17",5200231
18,SN,1112138,Sendero Peatonal CL 34 C CR 118 -409,5200270,LUM LED (KORELED) 44W,1,,LUM LED KORELED 44W,"Tablas 1 al 392_2025.pdf, pagina 18",5200270
18,SN,1112138,Sendero Peatonal CL 34 C CR 118 -409,5200231,"BRAZO 1"" - 0.4m - 0°",1,,BRAZO 1 - 0.4M - 0°,"Tablas 1 al 392_2025.pdf, pagina 18",5200231
19,SN,1114397,Sendero Cl 47 B Cr 92 A - 1,5200231,"UCAP BRAZO 1"" - 0.4M - 0°",2,,BRAZO 1 - 0.4M - 0°,"Tablas 1 al 392_2025.pdf, pagina 19",5200231
19,SN,1114397,Sendero Cl 47 B Cr 92 A - 1,5200270,LUM LED (KORELED) 44W,2,,LUM LED KORELED 44W,"Tablas 1 al 392_2025.pdf, pagina 19",5200270
20,SN,1114465,SMAP-0059-25 Cr 89 B Cl 47 A - 15,5200217,UCAP LUMINARIA 70W,,1,LUMINARIA 70W,"Tablas 1 al 392_2025.pdf, pagina 20",5200217
20,SN,1114465,SMAP-0059-25 Cr 89 B Cl 47 A - 15,5200201,UCAP BOMBILLO 70W,,1,BOMBILLO 70W,"Tablas 1 al 392_2025.pdf, pagina 20",5200201
20,SN,1114465,SMAP-0059-25 Cr 89 B Cl 47 A - 15,5200233,"UCAP BRAZO 1"" - 1.5M - 52°/20°",,1,BRAZO 1 - 1.5M - 52°/20°,"Tablas 1 al 392_2025.pdf, pagina 20",5200233
21,SN,1114482,Sendero Cl 42 C Cr 90 A,5200231,"UCAP BRAZO 1"" - 0.4M - 0°",4,,BRAZO 1 - 0.4M - 0°,"Tablas 1 al 392_2025.pdf, pagina 21",5200231
21,SN,1114482,Sendero Cl 42 C Cr 90 A,5200270,LUM LED (KORELED) 44W,4,,LUM LED KORELED 44W,"Tablas 1 al 392_2025.pdf, pagina 21",5200270
21,SN,1114482,Sendero Cl 42 C Cr 90 A,5200308,UCAP POSTE CONCRETO OCTOG 8M,1,,POSTE CONCRETO OCTOG 8M,"Tablas 1 al 392_2025.pdf, pagina 21",5200308
21,SN,1114482,Sendero Cl 42 C Cr 90 A,5200464,UCAP CABLE CU ENCAUCHETADO 3X14 CU,15,,CABLE CU ENCAUCHETADO 3X14 CU,"Tablas 1 al 392_2025.pdf, pagina 21",5200464
22,SN,1122233,Sendero CR 24 BD CL 71 - 109,5200232,"UCAP BRAZO 1"" - 1.5M - 52°/0°",1,,BRAZO 1 - 1.5M - 52°/0°,"Tablas 1 al 392_2025.pdf, pagina 22",5200232
22,SN,1122233,Sendero CR 24 BD CL 71 - 109,5200270,LUM LED (KORELED) 44W,1,,LUM LED KORELED 44W,"Tablas 1 al 392_2025.pdf, pagina 22",5200270
23,SN,967366,SMAP-0076-24 DG 66 ENTRE CL 33 Y CR 65,5200231,"UCAP BRAZO 1"" - 0.4M - 0°",15,,BRAZO 1 - 0.4M - 0°,"Tablas 1 al 392_2025.pdf, pagina 23",5200231
23,SN,967366,SMAP-0076-24 DG 66 ENTRE CL 33 Y CR 65,5200232,"UCAP BRAZO 1"" - 1.5M - 52°/0°",1,,BRAZO 1 - 1.5M - 52°/0°,"Tablas 1 al 392_2025.pdf, pagina 23",5200232
23,SN,967366,SMAP-0076-24 DG 66 ENTRE CL 33 Y CR 65,5200270,LUM LED (KORELED) 44W,16,,LUM LED KORELED 44W,"Tablas 1 al 392_2025.pdf, pagina 23",5200270
23,SN,967366,SMAP-0076-24 DG 66 ENTRE CL 33 Y CR 65,5200308,UCAP POSTE CONCRETO OCTOG 8M,10,,POSTE CONCRETO OCTOG 8M,"Tablas 1 al 392_2025.pdf, pagina 23",5200308
23,SN,967366,SMAP-0076-24 DG 66 ENTRE CL 33 Y CR 65,5200464,UCAP CABLE CU ENCAUCHETADO 3X14 CU,247,,CABLE CU ENCAUCHETADO 3X14 CU,"Tablas 1 al 392_2025.pdf, pagina 23",5200464
24,SN,1004533,SMAP-DEPI-0105-25 Cr 57 - Cl 44,5200905,(cid:9)PROY LED 25W SIMETRICO 5000K (ACROLED),32,,CID 9 PROY LED 25W SIMETRICO 5000K ACROLED,"Tablas 1 al 392_2025.pdf, pagina 24",5200905
24,SN,1004533,SMAP-DEPI-0105-25 Cr 57 - Cl 44,5090208,CAJA DE PASO METÁLICA,34,,CAJA DE PASO METALICA,"Tablas 1 al 392_2025.pdf, pagina 24",5090208
24,SN,1004533,SMAP-DEPI-0105-25 Cr 57 - Cl 44,5200241,UCAP BRAZO CURVO 3000M,2,2,BRAZO CURVO 3000M,"Tablas 1 al 392_2025.pdf, pagina 24",5200241
24,SN,1004533,SMAP-DEPI-0105-25 Cr 57 - Cl 44,5000266,LUM LED 176W ASIMÉTRICA 4000K HORIZONTAL,2,,LUM LED 176W ASIMETRICA 4000K HORIZONTAL,"Tablas 1 al 392_2025.pdf, pagina 24",5000266
24,SN,1004533,SMAP-DEPI-0105-25 Cr 57 - Cl 44,5200464,UCAP CABLE CU ENCAUCHETADO 3X14 CU,284,,CABLE CU ENCAUCHETADO 3X14 CU,"Tablas 1 al 392_2025.pdf, pagina 24",5200464
24,SN,1004533,SMAP-DEPI-0105-25 Cr 57 - Cl 44,5200529,Tuberia IMC 1 1/2,216,,TUBERIA IMC 1 1/2,"Tablas 1 al 392_2025.pdf, pagina 24",5200529
24,SN,1004533,SMAP-DEPI-0105-25 Cr 57 - Cl 44,5010132,LUM. LED 40W SUPERFICIES (ACROLED ASIM. 5K),,20,LUM LED 40W SUPERFICIES ACROLED ASIM 5K,"Tablas 1 al 392_2025.pdf, pagina 24",5010132
24,SN,1004533,SMAP-DEPI-0105-25 Cr 57 - Cl 44,5200219,UCAP LUMINARIA 250W,,10,LUMINARIA 250W,"Tablas 1 al 392_2025.pdf, pagina 24",5200219
24,SN,1004533,SMAP-DEPI-0105-25 Cr 57 - Cl 44,5200203,UCAP BOMBILLO 250W,,10,BOMBILLO 250W,"Tablas 1 al 392_2025.pdf, pagina 24",5200203
24,SN,1004533,SMAP-DEPI-0105-25 Cr 57 - Cl 44,5200220,UCAP LUMINARIA 400W,,2,LUMINARIA 400W,"Tablas 1 al 392_2025.pdf, pagina 24",5200220
24,SN,1004533,SMAP-DEPI-0105-25 Cr 57 - Cl 44,5200204,UCAP BOMBILLO 400W,,2,BOMBILLO 400W,"Tablas 1 al 392_2025.pdf, pagina 24",5200204
25,SS,1121165,SMAP-0068-25 AV LA PLAYA CL 52 entre CR 40 y CR 50.,5200231,"UCAP BRAZO 1"" - 0.4M - 0°",3,,BRAZO 1 - 0.4M - 0°,"Tablas 1 al 392_2025.pdf, pagina 25",5200231
25,SS,1121165,SMAP-0068-25 AV LA PLAYA CL 52 entre CR 40 y CR 50.,5200232,"UCAP BRAZO 1"" - 1.5M - 52°/0°",3,3,BRAZO 1 - 1.5M - 52°/0°,"Tablas 1 al 392_2025.pdf, pagina 25",5200232
25,SS,1121165,SMAP-0068-25 AV LA PLAYA CL 52 entre CR 40 y CR 50.,5200241,UCAP BRAZO CURVO 3000M,4,,BRAZO CURVO 3000M,"Tablas 1 al 392_2025.pdf, pagina 25",5200241
25,SS,1121165,SMAP-0068-25 AV LA PLAYA CL 52 entre CR 40 y CR 50.,5200269,LUM LED 110-1 (RALED II),1,,LUM LED 110-1 RALED II,"Tablas 1 al 392_2025.pdf, pagina 25",5200269
25,SS,1121165,SMAP-0068-25 AV LA PLAYA CL 52 entre CR 40 y CR 50.,5200270,LUM LED (KORELED) 44W,6,,LUM LED KORELED 44W,"Tablas 1 al 392_2025.pdf, pagina 25",5200270
25,SS,1121165,SMAP-0068-25 AV LA PLAYA CL 52 entre CR 40 y CR 50.,5200301,UCAP POSTE CONCRETO REDONDO 9M.,1,,POSTE CONCRETO REDONDO 9M,"Tablas 1 al 392_2025.pdf, pagina 25",5200301
25,SS,1121165,SMAP-0068-25 AV LA PLAYA CL 52 entre CR 40 y CR 50.,5200421,CABLE FZA AL 3X6 AWG XLPE 600V 90°C,12,,CABLE FZA AL 3X6 AWG XLPE 600V 90°C,"Tablas 1 al 392_2025.pdf, pagina 25",5200421
25,SS,1121165,SMAP-0068-25 AV LA PLAYA CL 52 entre CR 40 y CR 50.,5200501,UCAP CAJA CONCRETO 50X50 CM,1,,CAJA CONCRETO 50X50 CM,"Tablas 1 al 392_2025.pdf, pagina 25",5200501
25,SS,1121165,SMAP-0068-25 AV LA PLAYA CL 52 entre CR 40 y CR 50.,5200503,"UCAP CANAL ANDEN TUBERIA PVC 2""",10,,CANAL ANDEN TUBERIA PVC 2,"Tablas 1 al 392_2025.pdf, pagina 25",5200503
25,SS,1121165,SMAP-0068-25 AV LA PLAYA CL 52 entre CR 40 y CR 50.,5200207,UCAP LUMINARIA LED 110W HORIZONTAL,,1,LUMINARIA LED 110W HORIZONTAL,"Tablas 1 al 392_2025.pdf, pagina 25",5200207
25,SS,1121165,SMAP-0068-25 AV LA PLAYA CL 52 entre CR 40 y CR 50.,,PROYECTOR LED 110W TIPO V LARGA 5000K,2,,PROYECTOR LED 110W TIPO V LARGA 5000K,"Tablas 1 al 392_2025.pdf, pagina 25",SIN CODIGO|PROYECTOR LED 110W TIPO V LARGA 5000K
26,SN,1121299,VÍA - SMAP-CIL-0073-25 CL 60A CR 132,5200232,"UCAP BRAZO 1"" - 1.5M - 52°/0°",2,,BRAZO 1 - 1.5M - 52°/0°,"Tablas 1 al 392_2025.pdf, pagina 26",5200232
26,SN,1121299,VÍA - SMAP-CIL-0073-25 CL 60A CR 132,5200270,LUM LED (KORELED) 44W,2,,LUM LED KORELED 44W,"Tablas 1 al 392_2025.pdf, pagina 26",5200270
26,SN,1121299,VÍA - SMAP-CIL-0073-25 CL 60A CR 132,5200217,UCAP LUMINARIA 70W,,2,LUMINARIA 70W,"Tablas 1 al 392_2025.pdf, pagina 26",5200217
26,SN,1121299,VÍA - SMAP-CIL-0073-25 CL 60A CR 132,5200201,UCAP BOMBILLO 70W,,2,BOMBILLO 70W,"Tablas 1 al 392_2025.pdf, pagina 26",5200201
26,SN,1121299,VÍA - SMAP-CIL-0073-25 CL 60A CR 132,5200233,"UCAP BRAZO 1"" - 1.5M - 52°/20°",,2,BRAZO 1 - 1.5M - 52°/20°,"Tablas 1 al 392_2025.pdf, pagina 26",5200233
27,SN,1133059,SMAP-0092-25 Cl 7 Cr 15,5200231,"UCAP BRAZO 1"" - 0.4M - 0°",5,,BRAZO 1 - 0.4M - 0°,"Tablas 1 al 392_2025.pdf, pagina 27",5200231
27,SN,1133059,SMAP-0092-25 Cl 7 Cr 15,5200232,"UCAP BRAZO 1"" - 1.5M - 52°/0°",8,8,BRAZO 1 - 1.5M - 52°/0°,"Tablas 1 al 392_2025.pdf, pagina 27",5200232
27,SN,1133059,SMAP-0092-25 Cl 7 Cr 15,5200241,UCAP BRAZO CURVO 3000M,3,,BRAZO CURVO 3000M,"Tablas 1 al 392_2025.pdf, pagina 27",5200241
27,SN,1133059,SMAP-0092-25 Cl 7 Cr 15,5200270,LUM LED (KORELED) 44W,15,,LUM LED KORELED 44W,"Tablas 1 al 392_2025.pdf, pagina 27",5200270
27,SN,1133059,SMAP-0092-25 Cl 7 Cr 15,5200293,LUM LED (OMEGA II) 64.5W,1,,LUM LED OMEGA II 64.5W,"Tablas 1 al 392_2025.pdf, pagina 27",5200293
27,SN,1133059,SMAP-0092-25 Cl 7 Cr 15,5200301,UCAP POSTE CONCRETO REDONDO 9M.,3,,POSTE CONCRETO REDONDO 9M,"Tablas 1 al 392_2025.pdf, pagina 27",5200301
27,SN,1133059,SMAP-0092-25 Cl 7 Cr 15,5200464,UCAP CABLE CU ENCAUCHETADO 3X14 CU,13,,CABLE CU ENCAUCHETADO 3X14 CU,"Tablas 1 al 392_2025.pdf, pagina 27",5200464
27,SN,1133059,SMAP-0092-25 Cl 7 Cr 15,5200501,UCAP CAJA CONCRETO 50X50 CM,2,,CAJA CONCRETO 50X50 CM,"Tablas 1 al 392_2025.pdf, pagina 27",5200501
27,SN,1133059,SMAP-0092-25 Cl 7 Cr 15,5200503,"UCAP CANAL ANDEN TUBERIA PVC 2""",49,,CANAL ANDEN TUBERIA PVC 2,"Tablas 1 al 392_2025.pdf, pagina 27",5200503
27,SN,1133059,SMAP-0092-25 Cl 7 Cr 15,5200217,UCAP LUMINARIA 70W,,8,LUMINARIA 70W,"Tablas 1 al 392_2025.pdf, pagina 27",5200217
27,SN,1133059,SMAP-0092-25 Cl 7 Cr 15,5200201,UCAP BOMBILLO 70W,,8,BOMBILLO 70W,"Tablas 1 al 392_2025.pdf, pagina 27",5200201
28,SN,1133901,CANCHA SMAP-CIL-0108-25 CL 18 A CR 88 - 15,5020117,UCAP POSTE PRFV 9M (ENTERRAR),2,,POSTE PRFV 9M ENTERRAR,"Tablas 1 al 392_2025.pdf, pagina 28",5020117
28,SN,1133901,CANCHA SMAP-CIL-0108-25 CL 18 A CR 88 - 15,5200231,"UCAP BRAZO 1"" - 0.4M - 0°",1,,BRAZO 1 - 0.4M - 0°,"Tablas 1 al 392_2025.pdf, pagina 28",5200231
28,SN,1133901,CANCHA SMAP-CIL-0108-25 CL 18 A CR 88 - 15,5200270,LUM LED (KORELED) 44W,1,,LUM LED KORELED 44W,"Tablas 1 al 392_2025.pdf, pagina 28",5200270
28,SN,1133901,CANCHA SMAP-CIL-0108-25 CL 18 A CR 88 - 15,5200407,"UCAP TRIPLEX AL 2X4+1X4 XLP,AEREO",53,29,TRIPLEX AL 2X4+1X4 XLP AEREO,"Tablas 1 al 392_2025.pdf, pagina 28",5200407
28,SN,1133901,CANCHA SMAP-CIL-0108-25 CL 18 A CR 88 - 15,5200419,UCAP POSTE PRFV 8M (ENTERRAR),1,,POSTE PRFV 8M ENTERRAR,"Tablas 1 al 392_2025.pdf, pagina 28",5200419
28,SN,1133901,CANCHA SMAP-CIL-0108-25 CL 18 A CR 88 - 15,5200272,LUM LED (SEPIALED II) 128W,2,2,LUM LED SEPIALED II 128W,"Tablas 1 al 392_2025.pdf, pagina 28",5200272
29,SN,1141148,Sendero Cl 16 A Cr 65 G,5200270,LUM LED (KORELED) 44W,8,,LUM LED KORELED 44W,"Tablas 1 al 392_2025.pdf, pagina 29",5200270
29,SN,1141148,Sendero Cl 16 A Cr 65 G,5200302,UCAP POSTE CONCRETO CARABOBO 5M,1,,POSTE CONCRETO CARABOBO 5M,"Tablas 1 al 392_2025.pdf, pagina 29",5200302
29,SN,1141148,Sendero Cl 16 A Cr 65 G,5200421,CABLE FZA AL 3X6 AWG XLPE 600V 90°C,24,,CABLE FZA AL 3X6 AWG XLPE 600V 90°C,"Tablas 1 al 392_2025.pdf, pagina 29",5200421
29,SN,1141148,Sendero Cl 16 A Cr 65 G,5200501,UCAP CAJA CONCRETO 50X50 CM,1,,CAJA CONCRETO 50X50 CM,"Tablas 1 al 392_2025.pdf, pagina 29",5200501
29,SN,1141148,Sendero Cl 16 A Cr 65 G,5200503,"UCAP CANAL ANDEN TUBERIA PVC 2""",24,,CANAL ANDEN TUBERIA PVC 2,"Tablas 1 al 392_2025.pdf, pagina 29",5200503
29,SN,1141148,Sendero Cl 16 A Cr 65 G,5200238,UCAP BRAZO SENCILLO CARABOBO,8,7,BRAZO SENCILLO CARABOBO,"Tablas 1 al 392_2025.pdf, pagina 29",5200238
29,SN,1141148,Sendero Cl 16 A Cr 65 G,5200217,UCAP LUMINARIA 70W,,7,LUMINARIA 70W,"Tablas 1 al 392_2025.pdf, pagina 29",5200217
29,SN,1141148,Sendero Cl 16 A Cr 65 G,5200201,UCAP BOMBILLO 70W,,7,BOMBILLO 70W,"Tablas 1 al 392_2025.pdf, pagina 29",5200201
30,SN,1145730,Sendero CL 5 A SUR CR 89 - 345,5200231,"UCAP BRAZO 1"" - 0.4M - 0°",1,,BRAZO 1 - 0.4M - 0°,"Tablas 1 al 392_2025.pdf, pagina 30",5200231
30,SN,1145730,Sendero CL 5 A SUR CR 89 - 345,5200270,LUM LED (KORELED) 44W,1,,LUM LED KORELED 44W,"Tablas 1 al 392_2025.pdf, pagina 30",5200270
31,SN,1147064,Anden Cl 70 A Cr 45 - 7,5200231,"UCAP BRAZO 1"" - 0.4M - 0°",1,,BRAZO 1 - 0.4M - 0°,"Tablas 1 al 392_2025.pdf, pagina 31",5200231
31,SN,1147064,Anden Cl 70 A Cr 45 - 7,5200270,LUM LED (KORELED) 44W,1,,LUM LED KORELED 44W,"Tablas 1 al 392_2025.pdf, pagina 31",5200270
32,SN,1150193,Vía y Sendero Cl 63 B Cr 46,5200241,UCAP BRAZO CURVO 3000M,1,,BRAZO CURVO 3000M,"Tablas 1 al 392_2025.pdf, pagina 32",5200241
32,SN,1150193,Vía y Sendero Cl 63 B Cr 46,5200271,LUM LED (MAXIMO M) 59.16W,1,,LUM LED MAXIMO M 59.16W,"Tablas 1 al 392_2025.pdf, pagina 32",5200271
32,SN,1150193,Vía y Sendero Cl 63 B Cr 46,5200419,UCAP POSTE PRFV 8M (ENTERRAR),1,,POSTE PRFV 8M ENTERRAR,"Tablas 1 al 392_2025.pdf, pagina 32",5200419
32,SN,1150193,Vía y Sendero Cl 63 B Cr 46,5200464,UCAP CABLE CU ENCAUCHETADO 3X14 CU,10,,CABLE CU ENCAUCHETADO 3X14 CU,"Tablas 1 al 392_2025.pdf, pagina 32",5200464
33,SN,1150312,Vía Cr 116 Cl 15,5200235,"UCAP BRAZO 1 1/2"" - 1.5M - 52°/0°",2,,BRAZO 1 1/2 - 1.5M - 52°/0°,"Tablas 1 al 392_2025.pdf, pagina 33",5200235
33,SN,1150312,Vía Cr 116 Cl 15,5200272,LUM LED (SEPIALED II) 128W,2,,LUM LED SEPIALED II 128W,"Tablas 1 al 392_2025.pdf, pagina 33",5200272
33,SN,1150312,Vía Cr 116 Cl 15,5200419,UCAP POSTE PRFV 8M (ENTERRAR),1,,POSTE PRFV 8M ENTERRAR,"Tablas 1 al 392_2025.pdf, pagina 33",5200419
33,SN,1150312,Vía Cr 116 Cl 15,5200464,UCAP CABLE CU ENCAUCHETADO 3X14 CU,24,,CABLE CU ENCAUCHETADO 3X14 CU,"Tablas 1 al 392_2025.pdf, pagina 33",5200464
33,SN,1150312,Vía Cr 116 Cl 15,5200217,UCAP LUMINARIA 70W,,1,LUMINARIA 70W,"Tablas 1 al 392_2025.pdf, pagina 33",5200217
33,SN,1150312,Vía Cr 116 Cl 15,5200201,UCAP BOMBILLO 70W,,1,BOMBILLO 70W,"Tablas 1 al 392_2025.pdf, pagina 33",5200201
33,SN,1150312,Vía Cr 116 Cl 15,5200233,"UCAP BRAZO 1"" - 1.5M - 52°/20°",,1,BRAZO 1 - 1.5M - 52°/20°,"Tablas 1 al 392_2025.pdf, pagina 33",5200233
34,SN,1150355,VIA Y ANDEN SMAP-CIL-0133-25 CR 65 B # 52 B SUR - 54,5200301,UCAP POSTE CONCRETO REDONDO 9M.,1,,POSTE CONCRETO REDONDO 9M,"Tablas 1 al 392_2025.pdf, pagina 34",5200301
34,SN,1150355,VIA Y ANDEN SMAP-CIL-0133-25 CR 65 B # 52 B SUR - 54,5200464,UCAP CABLE CU ENCAUCHETADO 3X14 CU,9,,CABLE CU ENCAUCHETADO 3X14 CU,"Tablas 1 al 392_2025.pdf, pagina 34",5200464
34,SN,1150355,VIA Y ANDEN SMAP-CIL-0133-25 CR 65 B # 52 B SUR - 54,5200293,LUM LED (OMEGA II ) 64.5W,1,1,LUM LED OMEGA II 64.5W,"Tablas 1 al 392_2025.pdf, pagina 34",5200293
34,SN,1150355,VIA Y ANDEN SMAP-CIL-0133-25 CR 65 B # 52 B SUR - 54,5200241,BRAZO CURVO 3000m,1,1,BRAZO CURVO 3000M,"Tablas 1 al 392_2025.pdf, pagina 34",5200241
35,SN,1150367,Anden Cl 47 Cr 20,5200231,"UCAP BRAZO 1"" - 0.4M - 0°",11,,BRAZO 1 - 0.4M - 0°,"Tablas 1 al 392_2025.pdf, pagina 35",5200231
35,SN,1150367,Anden Cl 47 Cr 20,5200270,LUM LED (KORELED) 44W,11,,LUM LED KORELED 44W,"Tablas 1 al 392_2025.pdf, pagina 35",5200270
35,SN,1150367,Anden Cl 47 Cr 20,5200308,UCAP POSTE CONCRETO OCTOG 8M,5,,POSTE CONCRETO OCTOG 8M,"Tablas 1 al 392_2025.pdf, pagina 35",5200308
35,SN,1150367,Anden Cl 47 Cr 20,5200464,UCAP CABLE CU ENCAUCHETADO 3X14 CU,59,,CABLE CU ENCAUCHETADO 3X14 CU,"Tablas 1 al 392_2025.pdf, pagina 35",5200464
36,SN,1150932,Vía y Anden Cl 38 A Cr 25 - 13,5200235,"UCAP BRAZO 1 1/2"" - 1.5M - 52°/0°",1,1,BRAZO 1 1/2 - 1.5M - 52°/0°,"Tablas 1 al 392_2025.pdf, pagina 36",5200235
36,SN,1150932,Vía y Anden Cl 38 A Cr 25 - 13,5200272,LUM LED (SEPIALED II) 128W,1,1,LUM LED SEPIALED II 128W,"Tablas 1 al 392_2025.pdf, pagina 36",5200272
36,SN,1150932,Vía y Anden Cl 38 A Cr 25 - 13,5200308,UCAP POSTE CONCRETO OCTOG 8M,1,,POSTE CONCRETO OCTOG 8M,"Tablas 1 al 392_2025.pdf, pagina 36",5200308
36,SN,1150932,Vía y Anden Cl 38 A Cr 25 - 13,5200464,UCAP CABLE CU ENCAUCHETADO 3X14 CU,6,,CABLE CU ENCAUCHETADO 3X14 CU,"Tablas 1 al 392_2025.pdf, pagina 36",5200464
37,SN,1150397,Vía Cl 40 Cr 21 - 229,5200218,UCAP LUMINARIA 150W,,1,LUMINARIA 150W,"Tablas 1 al 392_2025.pdf, pagina 37",5200218
37,SN,1150397,Vía Cl 40 Cr 21 - 229,5200202,UCAP BOMBILLO 150W,,1,BOMBILLO 150W,"Tablas 1 al 392_2025.pdf, pagina 37",5200202
37,SN,1150397,Vía Cl 40 Cr 21 - 229,5200236,"UCAP BRAZO 1 1/2"" - 1.5M - 52°/20°",,1,BRAZO 1 1/2 - 1.5M - 52°/20°,"Tablas 1 al 392_2025.pdf, pagina 37",5200236
38,SN,1150405,Vía CR 39 CL 95 A - 53,5200217,UCAP LUMINARIA 70W,,1,LUMINARIA 70W,"Tablas 1 al 392_2025.pdf, pagina 38",5200217
38,SN,1150405,Vía CR 39 CL 95 A - 53,5200201,UCAP BOMBILLO 70W,,1,BOMBILLO 70W,"Tablas 1 al 392_2025.pdf, pagina 38",5200201
38,SN,1150405,Vía CR 39 CL 95 A - 53,5200233,"UCAP BRAZO 1"" - 1.5M - 52°/20°",,1,BRAZO 1 - 1.5M - 52°/20°,"Tablas 1 al 392_2025.pdf, pagina 38",5200233
39,SN,1150480,SMAP-0151-25 Cr 52 Cl 30 A - 71,5200235,"UCAP BRAZO 1 1/2"" - 1.5M - 52°/0°",1,,BRAZO 1 1/2 - 1.5M - 52°/0°,"Tablas 1 al 392_2025.pdf, pagina 39",5200235
39,SN,1150480,SMAP-0151-25 Cr 52 Cl 30 A - 71,5200272,LUM LED (SEPIALED II) 128W,1,,LUM LED SEPIALED II 128W,"Tablas 1 al 392_2025.pdf, pagina 39",5200272
39,SN,1150480,SMAP-0151-25 Cr 52 Cl 30 A - 71,5200219,UCAP LUMINARIA 250W,,1,LUMINARIA 250W,"Tablas 1 al 392_2025.pdf, pagina 39",5200219
39,SN,1150480,SMAP-0151-25 Cr 52 Cl 30 A - 71,5200203,UCAP BOMBILLO 250W,,1,BOMBILLO 250W,"Tablas 1 al 392_2025.pdf, pagina 39",5200203
39,SN,1150480,SMAP-0151-25 Cr 52 Cl 30 A - 71,5200236,"UCAP BRAZO 1 1/2"" - 1.5M - 52°/20°",,1,BRAZO 1 1/2 - 1.5M - 52°/20°,"Tablas 1 al 392_2025.pdf, pagina 39",5200236
40,SN,1150497,SMAP-0152-25 Cl 4 Sur Cr 55 - 2,5200232,"UCAP BRAZO 1"" - 1.5M - 52°/0°",1,1,BRAZO 1 - 1.5M - 52°/0°,"Tablas 1 al 392_2025.pdf, pagina 40",5200232
40,SN,1150497,SMAP-0152-25 Cl 4 Sur Cr 55 - 2,5200270,LUM LED (KORELED) 44W,1,,LUM LED KORELED 44W,"Tablas 1 al 392_2025.pdf, pagina 40",5200270
40,SN,1150497,SMAP-0152-25 Cl 4 Sur Cr 55 - 2,5200217,UCAP LUMINARIA 70W,,1,LUMINARIA 70W,"Tablas 1 al 392_2025.pdf, pagina 40",5200217
40,SN,1150497,SMAP-0152-25 Cl 4 Sur Cr 55 - 2,5200201,UCAP BOMBILLO 70W,,1,BOMBILLO 70W,"Tablas 1 al 392_2025.pdf, pagina 40",5200201
41,SN,1150519,SMAP-0154-25 Cr 456 Cl 9 Sur - 45,5200232,"UCAP BRAZO 1"" - 1.5M - 52°/0°",1,1,BRAZO 1 - 1.5M - 52°/0°,"Tablas 1 al 392_2025.pdf, pagina 41",5200232
41,SN,1150519,SMAP-0154-25 Cr 456 Cl 9 Sur - 45,5200270,LUM LED (KORELED) 44W,1,,LUM LED KORELED 44W,"Tablas 1 al 392_2025.pdf, pagina 41",5200270
41,SN,1150519,SMAP-0154-25 Cr 456 Cl 9 Sur - 45,5200464,UCAP CABLE CU ENCAUCHETADO 3X14 CU,15,,CABLE CU ENCAUCHETADO 3X14 CU,"Tablas 1 al 392_2025.pdf, pagina 41",5200464
41,SN,1150519,SMAP-0154-25 Cr 456 Cl 9 Sur - 45,5200217,UCAP LUMINARIA 70W,,1,LUMINARIA 70W,"Tablas 1 al 392_2025.pdf, pagina 41",5200217
41,SN,1150519,SMAP-0154-25 Cr 456 Cl 9 Sur - 45,5200201,UCAP BOMBILLO 70W,,1,BOMBILLO 70W,"Tablas 1 al 392_2025.pdf, pagina 41",5200201
41,SN,1150519,SMAP-0154-25 Cr 456 Cl 9 Sur - 45,5200410,UCAP DUPLEX CU 14 AWG-THW 300V,,15,DUPLEX CU 14 AWG-THW 300V,"Tablas 1 al 392_2025.pdf, pagina 41",5200410
42,SN,1150732,CL 70 A CR 45 - 116,5200241,UCAP BRAZO CURVO 3000M,1,,BRAZO CURVO 3000M,"Tablas 1 al 392_2025.pdf, pagina 42",5200241
42,SN,1150732,CL 70 A CR 45 - 116,5200272,LUM LED (SEPIALED II) 128W,1,,LUM LED SEPIALED II 128W,"Tablas 1 al 392_2025.pdf, pagina 42",5200272
43,SN,1154603,SMAP-0161-25 CL 18 A CR 88 - 15,5200235,"UCAP BRAZO 1 1/2"" - 1.5M - 52°/0°",2,3,BRAZO 1 1/2 - 1.5M - 52°/0°,"Tablas 1 al 392_2025.pdf, pagina 43",5200235
43,SN,1154603,SMAP-0161-25 CL 18 A CR 88 - 15,5200272,LUM LED (SEPIALED II) 128W,2,3,LUM LED SEPIALED II 128W,"Tablas 1 al 392_2025.pdf, pagina 43",5200272
43,SN,1154603,SMAP-0161-25 CL 18 A CR 88 - 15,5200407,"UCAP TRIPLEX AL 2X4+1X4 XLP,AEREO",20,20,TRIPLEX AL 2X4+1X4 XLP AEREO,"Tablas 1 al 392_2025.pdf, pagina 43",5200407
43,SN,1154603,SMAP-0161-25 CL 18 A CR 88 - 15,5200419,UCAP POSTE PRFV 8M (ENTERRAR),1,,POSTE PRFV 8M ENTERRAR,"Tablas 1 al 392_2025.pdf, pagina 43",5200419
43,SN,1154603,SMAP-0161-25 CL 18 A CR 88 - 15,5200308,UCAP POSTE CONCRETO OCTOG 8M,,1,POSTE CONCRETO OCTOG 8M,"Tablas 1 al 392_2025.pdf, pagina 43",5200308
44,SN,1154907,CR 28 CL 95 A - 47,5200232,"UCAP BRAZO 1"" - 1.5M - 52°/0°",1,1,BRAZO 1 - 1.5M - 52°/0°,"Tablas 1 al 392_2025.pdf, pagina 44",5200232
44,SN,1154907,CR 28 CL 95 A - 47,5200270,LUM LED (KORELED) 44W,1,,LUM LED KORELED 44W,"Tablas 1 al 392_2025.pdf, pagina 44",5200270
44,SN,1154907,CR 28 CL 95 A - 47,5200217,UCAP LUMINARIA 70W,,1,LUMINARIA 70W,"Tablas 1 al 392_2025.pdf, pagina 44",5200217
44,SN,1154907,CR 28 CL 95 A - 47,5200201,UCAP BOMBILLO 70W,,1,BOMBILLO 70W,"Tablas 1 al 392_2025.pdf, pagina 44",5200201
45,SN,1156659,Vía y Anden Cr 13 B Cl 4 B Sur - 205,5200231,"UCAP BRAZO 1"" - 0.4M - 0°",1,,BRAZO 1 - 0.4M - 0°,"Tablas 1 al 392_2025.pdf, pagina 45",5200231
45,SN,1156659,Vía y Anden Cr 13 B Cl 4 B Sur - 205,5200235,"UCAP BRAZO 1 1/2"" - 1.5M - 52°/0°",1,,BRAZO 1 1/2 - 1.5M - 52°/0°,"Tablas 1 al 392_2025.pdf, pagina 45",5200235
45,SN,1156659,Vía y Anden Cr 13 B Cl 4 B Sur - 205,5200270,LUM LED (KORELED) 44W,1,,LUM LED KORELED 44W,"Tablas 1 al 392_2025.pdf, pagina 45",5200270
45,SN,1156659,Vía y Anden Cr 13 B Cl 4 B Sur - 205,5200272,LUM LED (SEPIALED II) 128W,1,,LUM LED SEPIALED II 128W,"Tablas 1 al 392_2025.pdf, pagina 45",5200272
45,SN,1156659,Vía y Anden Cr 13 B Cl 4 B Sur - 205,5200308,UCAP POSTE CONCRETO OCTOG 8M,1,,POSTE CONCRETO OCTOG 8M,"Tablas 1 al 392_2025.pdf, pagina 45",5200308
45,SN,1156659,Vía y Anden Cr 13 B Cl 4 B Sur - 205,5200464,UCAP CABLE CU ENCAUCHETADO 3X14 CU,18,,CABLE CU ENCAUCHETADO 3X14 CU,"Tablas 1 al 392_2025.pdf, pagina 45",5200464
46,SN,1156858,Anden Cl 14 Cr 40 A - 259,5200231,"UCAP BRAZO 1"" - 0.4M - 0°",2,,BRAZO 1 - 0.4M - 0°,"Tablas 1 al 392_2025.pdf, pagina 46",5200231
46,SN,1156858,Anden Cl 14 Cr 40 A - 259,5200270,LUM LED (KORELED) 44W,2,,LUM LED KORELED 44W,"Tablas 1 al 392_2025.pdf, pagina 46",5200270
47,SN,1158190,CL 48 CC CR 103 B - 84 INT 123,5200232,"UCAP BRAZO 1"" - 1.5M - 52°/0°",4,,BRAZO 1 - 1.5M - 52°/0°,"Tablas 1 al 392_2025.pdf, pagina 47",5200232
47,SN,1158190,CL 48 CC CR 103 B - 84 INT 123,5200270,LUM LED (KORELED) 44W,4,,LUM LED KORELED 44W,"Tablas 1 al 392_2025.pdf, pagina 47",5200270
47,SN,1158190,CL 48 CC CR 103 B - 84 INT 123,5200407,"UCAP TRIPLEX AL 2X4+1X4 XLP,AEREO",91,,TRIPLEX AL 2X4+1X4 XLP AEREO,"Tablas 1 al 392_2025.pdf, pagina 47",5200407
47,SN,1158190,CL 48 CC CR 103 B - 84 INT 123,5200419,UCAP POSTE PRFV 8M (ENTERRAR),3,,POSTE PRFV 8M ENTERRAR,"Tablas 1 al 392_2025.pdf, pagina 47",5200419
48,SS,1158930,ANDEN -SOLICITUD COMUNIDAD CR 39 A CL 18 B SUR -154,5200231,"UCAP BRAZO 1"" - 0.4M - 0°",2,,BRAZO 1 - 0.4M - 0°,"Tablas 1 al 392_2025.pdf, pagina 48",5200231
48,SS,1158930,ANDEN -SOLICITUD COMUNIDAD CR 39 A CL 18 B SUR -154,5200270,LUM LED (KORELED) 44W,2,,LUM LED KORELED 44W,"Tablas 1 al 392_2025.pdf, pagina 48",5200270
49,SN,1159173,CR 26 CL 79 C - 24 INT 124,5200231,"UCAP BRAZO 1"" - 0.4M - 0°",1,,BRAZO 1 - 0.4M - 0°,"Tablas 1 al 392_2025.pdf, pagina 49",5200231
49,SN,1159173,CR 26 CL 79 C - 24 INT 124,5200270,LUM LED (KORELED) 44W,1,,LUM LED KORELED 44W,"Tablas 1 al 392_2025.pdf, pagina 49",5200270
49,SN,1159173,CR 26 CL 79 C - 24 INT 124,5200464,UCAP CABLE CU ENCAUCHETADO 3X14 CU,1,,CABLE CU ENCAUCHETADO 3X14 CU,"Tablas 1 al 392_2025.pdf, pagina 49",5200464
50,SN,1159502,SMAP-0165-25 CR 36 CL 34 - 63,5200219,UCAP LUMINARIA 250W,,1,LUMINARIA 250W,"Tablas 1 al 392_2025.pdf, pagina 50",5200219
50,SN,1159502,SMAP-0165-25 CR 36 CL 34 - 63,5200203,UCAP BOMBILLO 250W,,1,BOMBILLO 250W,"Tablas 1 al 392_2025.pdf, pagina 50",5200203
50,SN,1159502,SMAP-0165-25 CR 36 CL 34 - 63,5200235,"UCAP BRAZO 1 1/2"" - 1.5M - 52°/0°",,1,BRAZO 1 1/2 - 1.5M - 52°/0°,"Tablas 1 al 392_2025.pdf, pagina 50",5200235
51,SN,1159512,SMAP-0166-25 CR 36 CL 34 - 105,5200219,UCAP LUMINARIA 250W,,1,LUMINARIA 250W,"Tablas 1 al 392_2025.pdf, pagina 51",5200219
51,SN,1159512,SMAP-0166-25 CR 36 CL 34 - 105,5200203,UCAP BOMBILLO 250W,,1,BOMBILLO 250W,"Tablas 1 al 392_2025.pdf, pagina 51",5200203
51,SN,1159512,SMAP-0166-25 CR 36 CL 34 - 105,5200235,"UCAP BRAZO 1 1/2"" - 1.5M - 52°/0°",,1,BRAZO 1 1/2 - 1.5M - 52°/0°,"Tablas 1 al 392_2025.pdf, pagina 51",5200235
52,SN,1159553,SMAP-0172-25 CL 9 C SUR CR 50 FF - 81,5200231,"UCAP BRAZO 1"" - 0.4M - 0°",1,,BRAZO 1 - 0.4M - 0°,"Tablas 1 al 392_2025.pdf, pagina 52",5200231
52,SN,1159553,SMAP-0172-25 CL 9 C SUR CR 50 FF - 81,5200270,LUM LED (KORELED) 44W,1,,LUM LED KORELED 44W,"Tablas 1 al 392_2025.pdf, pagina 52",5200270
52,SN,1159553,SMAP-0172-25 CL 9 C SUR CR 50 FF - 81,5200419,UCAP POSTE PRFV 8M (ENTERRAR),1,,POSTE PRFV 8M ENTERRAR,"Tablas 1 al 392_2025.pdf, pagina 52",5200419
52,SN,1159553,SMAP-0172-25 CL 9 C SUR CR 50 FF - 81,5200464,UCAP CABLE CU ENCAUCHETADO 3X14 CU,10,,CABLE CU ENCAUCHETADO 3X14 CU,"Tablas 1 al 392_2025.pdf, pagina 52",5200464
53,SN,1162903,Cr 120 C Cl 42,5200232,"UCAP BRAZO 1"" - 1.5M - 52°/0°",2,1,BRAZO 1 - 1.5M - 52°/0°,"Tablas 1 al 392_2025.pdf, pagina 53",5200232
53,SN,1162903,Cr 120 C Cl 42,5200293,LUM LED (OMEGA II) 64.5W,2,,LUM LED OMEGA II 64.5W,"Tablas 1 al 392_2025.pdf, pagina 53",5200293
53,SN,1162903,Cr 120 C Cl 42,5200419,UCAP POSTE PRFV 8M (ENTERRAR),1,,POSTE PRFV 8M ENTERRAR,"Tablas 1 al 392_2025.pdf, pagina 53",5200419
53,SN,1162903,Cr 120 C Cl 42,5200464,UCAP CABLE CU ENCAUCHETADO 3X14 CU,139,50,CABLE CU ENCAUCHETADO 3X14 CU,"Tablas 1 al 392_2025.pdf, pagina 53",5200464
53,SN,1162903,Cr 120 C Cl 42,5200799,CONTROL TEMPORIZADO 25 A,1,,CONTROL TEMPORIZADO 25 A,"Tablas 1 al 392_2025.pdf, pagina 53",5200799
53,SN,1162903,Cr 120 C Cl 42,5200270,LUM LED (KORELED) 44W,,1,LUM LED KORELED 44W,"Tablas 1 al 392_2025.pdf, pagina 53",5200270
54,SN,1162919,Cr 58 Cl 7 -72,5200799,CONTROL TEMPORIZADO 25 A,1,,CONTROL TEMPORIZADO 25 A,"Tablas 1 al 392_2025.pdf, pagina 54",5200799
55,SN,1163582,CL 31 C CR 89 C - 62,5200231,"UCAP BRAZO 1"" - 0.4M - 0°",3,,BRAZO 1 - 0.4M - 0°,"Tablas 1 al 392_2025.pdf, pagina 55",5200231
55,SN,1163582,CL 31 C CR 89 C - 62,5200270,LUM LED (KORELED) 44W,3,,LUM LED KORELED 44W,"Tablas 1 al 392_2025.pdf, pagina 55",5200270
55,SN,1163582,CL 31 C CR 89 C - 62,5200464,UCAP CABLE CU ENCAUCHETADO 3X14 CU,57,,CABLE CU ENCAUCHETADO 3X14 CU,"Tablas 1 al 392_2025.pdf, pagina 55",5200464
56,SN,1163588,SENDERO PEATONAL CL 70 A CR 94D - 06,5200231,"UCAP BRAZO 1"" - 0.4M - 0°",1,,BRAZO 1 - 0.4M - 0°,"Tablas 1 al 392_2025.pdf, pagina 56",5200231
56,SN,1163588,SENDERO PEATONAL CL 70 A CR 94D - 06,5200270,LUM LED (KORELED) 44W,1,,LUM LED KORELED 44W,"Tablas 1 al 392_2025.pdf, pagina 56",5200270
56,SN,1163588,SENDERO PEATONAL CL 70 A CR 94D - 06,5200419,UCAP POSTE PRFV 8M (ENTERRAR),1,,POSTE PRFV 8M ENTERRAR,"Tablas 1 al 392_2025.pdf, pagina 56",5200419
56,SN,1163588,SENDERO PEATONAL CL 70 A CR 94D - 06,5200464,UCAP CABLE CU ENCAUCHETADO 3X14 CU,13,,CABLE CU ENCAUCHETADO 3X14 CU,"Tablas 1 al 392_2025.pdf, pagina 56",5200464
57,SN,1163660,CANCHA LA NUBIA CR 82 BB CL 15 B,5200329,UCAP POSTE PRFV 10M - 6 PG (ENTERRAR),1,,POSTE PRFV 10M - 6 PG ENTERRAR,"Tablas 1 al 392_2025.pdf, pagina 57",5200329
57,SN,1163660,CANCHA LA NUBIA CR 82 BB CL 15 B,5200407,"UCAP TRIPLEX AL 2X4+1X4 XLP,AEREO",42,44,TRIPLEX AL 2X4+1X4 XLP AEREO,"Tablas 1 al 392_2025.pdf, pagina 57",5200407
57,SN,1163660,CANCHA LA NUBIA CR 82 BB CL 15 B,5020117,UCAP POSTE PRFV 9M (ENTERRAR),,1,POSTE PRFV 9M ENTERRAR,"Tablas 1 al 392_2025.pdf, pagina 57",5020117
57,SN,1163660,CANCHA LA NUBIA CR 82 BB CL 15 B,5200272,LUM LED (SEPIALED II) 128W,2,2,LUM LED SEPIALED II 128W,"Tablas 1 al 392_2025.pdf, pagina 57",5200272
57,SN,1163660,CANCHA LA NUBIA CR 82 BB CL 15 B,5200277,PROYEC LED (COSMOLED EV) 150W V-LARGA,2,2,PROYEC LED COSMOLED EV 150W V-LARGA,"Tablas 1 al 392_2025.pdf, pagina 57",5200277
58,SN,1163923,DG 93 A CL 39 - 61,5200231,"UCAP BRAZO 1"" - 0.4M - 0°",3,,BRAZO 1 - 0.4M - 0°,"Tablas 1 al 392_2025.pdf, pagina 58",5200231
58,SN,1163923,DG 93 A CL 39 - 61,5200270,LUM LED (KORELED) 44W,3,,LUM LED KORELED 44W,"Tablas 1 al 392_2025.pdf, pagina 58",5200270
58,SN,1163923,DG 93 A CL 39 - 61,5200308,UCAP POSTE CONCRETO OCTOG 8M,3,,POSTE CONCRETO OCTOG 8M,"Tablas 1 al 392_2025.pdf, pagina 58",5200308
58,SN,1163923,DG 93 A CL 39 - 61,5200464,UCAP CABLE CU ENCAUCHETADO 3X14 CU,53,,CABLE CU ENCAUCHETADO 3X14 CU,"Tablas 1 al 392_2025.pdf, pagina 58",5200464
59,SN,1165208,Sendero Cr 31 Cl 107 A - 83 Int 101,5200232,"UCAP BRAZO 1"" - 1.5M - 52°/0°",1,,BRAZO 1 - 1.5M - 52°/0°,"Tablas 1 al 392_2025.pdf, pagina 59",5200232
59,SN,1165208,Sendero Cr 31 Cl 107 A - 83 Int 101,5200270,LUM LED (KORELED) 44W,1,,LUM LED KORELED 44W,"Tablas 1 al 392_2025.pdf, pagina 59",5200270
60,SN,1165725,Escalas Cl 58 A Cr 8 - 46,5200231,"UCAP BRAZO 1"" - 0.4M - 0°",1,1,BRAZO 1 - 0.4M - 0°,"Tablas 1 al 392_2025.pdf, pagina 60",5200231
60,SN,1165725,Escalas Cl 58 A Cr 8 - 46,5200270,LUM LED (KORELED) 44W,1,1,LUM LED KORELED 44W,"Tablas 1 al 392_2025.pdf, pagina 60",5200270
60,SN,1165725,Escalas Cl 58 A Cr 8 - 46,5200419,UCAP POSTE PRFV 8M (ENTERRAR),,1,POSTE PRFV 8M ENTERRAR,"Tablas 1 al 392_2025.pdf, pagina 60",5200419
61,SS,1169795,Parque La playita ajuste de iluminación CR 81 A CL 3D,5200231,"UCAP BRAZO 1"" - 0.4M - 0°",3,,BRAZO 1 - 0.4M - 0°,"Tablas 1 al 392_2025.pdf, pagina 61",5200231
61,SS,1169795,Parque La playita ajuste de iluminación CR 81 A CL 3D,5200232,"UCAP BRAZO 1"" - 1.5M - 52°/0°",2,,BRAZO 1 - 1.5M - 52°/0°,"Tablas 1 al 392_2025.pdf, pagina 61",5200232
61,SS,1169795,Parque La playita ajuste de iluminación CR 81 A CL 3D,5200235,"UCAP BRAZO 1 1/2"" - 1.5M - 52°/0°",1,,BRAZO 1 1/2 - 1.5M - 52°/0°,"Tablas 1 al 392_2025.pdf, pagina 61",5200235
61,SS,1169795,Parque La playita ajuste de iluminación CR 81 A CL 3D,5200269,LUM LED 110-1 (RALED II),1,,LUM LED 110-1 RALED II,"Tablas 1 al 392_2025.pdf, pagina 61",5200269
61,SS,1169795,Parque La playita ajuste de iluminación CR 81 A CL 3D,5200270,LUM LED (KORELED) 44W,4,,LUM LED KORELED 44W,"Tablas 1 al 392_2025.pdf, pagina 61",5200270
61,SS,1169795,Parque La playita ajuste de iluminación CR 81 A CL 3D,5200293,LUM LED (OMEGA II) 64.5W,1,,LUM LED OMEGA II 64.5W,"Tablas 1 al 392_2025.pdf, pagina 61",5200293
61,SS,1169795,Parque La playita ajuste de iluminación CR 81 A CL 3D,5200419,UCAP POSTE PRFV 8M (ENTERRAR),4,,POSTE PRFV 8M ENTERRAR,"Tablas 1 al 392_2025.pdf, pagina 61",5200419
61,SS,1169795,Parque La playita ajuste de iluminación CR 81 A CL 3D,5200501,UCAP CAJA CONCRETO 50X50 CM,4,,CAJA CONCRETO 50X50 CM,"Tablas 1 al 392_2025.pdf, pagina 61",5200501
61,SS,1169795,Parque La playita ajuste de iluminación CR 81 A CL 3D,5200503,"UCAP CANAL ANDEN TUBERIA PVC 2""",56,,CANAL ANDEN TUBERIA PVC 2,"Tablas 1 al 392_2025.pdf, pagina 61",5200503
62,SS,991242,SENDERO PEATONAL CR 70 POR CL 58,5010132,LUM. LED 40W SUPERFICIES (ACROLED ASIM. 5K),1,,LUM LED 40W SUPERFICIES ACROLED ASIM 5K,"Tablas 1 al 392_2025.pdf, pagina 62",5010132
62,SS,991242,SENDERO PEATONAL CR 70 POR CL 58,5200231,"UCAP BRAZO 1"" - 0.4M - 0°",7,1,BRAZO 1 - 0.4M - 0°,"Tablas 1 al 392_2025.pdf, pagina 62",5200231
62,SS,991242,SENDERO PEATONAL CR 70 POR CL 58,5200232,"UCAP BRAZO 1"" - 1.5M - 52°/0°",2,9,BRAZO 1 - 1.5M - 52°/0°,"Tablas 1 al 392_2025.pdf, pagina 62",5200232
62,SS,991242,SENDERO PEATONAL CR 70 POR CL 58,5200270,LUM LED (KORELED) 44W,9,,LUM LED KORELED 44W,"Tablas 1 al 392_2025.pdf, pagina 62",5200270
62,SS,991242,SENDERO PEATONAL CR 70 POR CL 58,5200407,"UCAP TRIPLEX AL 2X4+1X4 XLP,AEREO",37,,TRIPLEX AL 2X4+1X4 XLP AEREO,"Tablas 1 al 392_2025.pdf, pagina 62",5200407
62,SS,991242,SENDERO PEATONAL CR 70 POR CL 58,5200419,UCAP POSTE PRFV 8M (ENTERRAR),3,2,POSTE PRFV 8M ENTERRAR,"Tablas 1 al 392_2025.pdf, pagina 62",5200419
62,SS,991242,SENDERO PEATONAL CR 70 POR CL 58,5200464,UCAP CABLE CU ENCAUCHETADO 3X14 CU,68,,CABLE CU ENCAUCHETADO 3X14 CU,"Tablas 1 al 392_2025.pdf, pagina 62",5200464
62,SS,991242,SENDERO PEATONAL CR 70 POR CL 58,5200201,UCAP BOMBILLO 70W,,30,BOMBILLO 70W,"Tablas 1 al 392_2025.pdf, pagina 62",5200201
62,SS,991242,SENDERO PEATONAL CR 70 POR CL 58,5200217,UCAP LUMINARIA 70W,,10,LUMINARIA 70W,"Tablas 1 al 392_2025.pdf, pagina 62",5200217
62,SS,991242,SENDERO PEATONAL CR 70 POR CL 58,5200410,UCAP DUPLEX CU 14 AWG-THW 300V,,68,DUPLEX CU 14 AWG-THW 300V,"Tablas 1 al 392_2025.pdf, pagina 62",5200410
63,SS,1051501,Vía M4 Cr 62 Cl 92,5200232,"UCAP BRAZO 1"" - 1.5M - 52°/0°",3,,BRAZO 1 - 1.5M - 52°/0°,"Tablas 1 al 392_2025.pdf, pagina 63",5200232
63,SS,1051501,Vía M4 Cr 62 Cl 92,5200270,LUM LED (KORELED) 44W,3,,LUM LED KORELED 44W,"Tablas 1 al 392_2025.pdf, pagina 63",5200270
63,SS,1051501,Vía M4 Cr 62 Cl 92,5200407,"UCAP TRIPLEX AL 2X4+1X4 XLP,AEREO",88,,TRIPLEX AL 2X4+1X4 XLP AEREO,"Tablas 1 al 392_2025.pdf, pagina 63",5200407
64,SS,1161267,SENDERO PEATONAL CL 34 CR 46 - 20,5200231,"UCAP BRAZO 1"" - 0.4M - 0°",3,,BRAZO 1 - 0.4M - 0°,"Tablas 1 al 392_2025.pdf, pagina 64",5200231
64,SS,1161267,SENDERO PEATONAL CL 34 CR 46 - 20,5200270,LUM LED (KORELED) 44W,3,,LUM LED KORELED 44W,"Tablas 1 al 392_2025.pdf, pagina 64",5200270
64,SS,1161267,SENDERO PEATONAL CL 34 CR 46 - 20,5200419,UCAP POSTE PRFV 8M (ENTERRAR),2,,POSTE PRFV 8M ENTERRAR,"Tablas 1 al 392_2025.pdf, pagina 64",5200419
64,SS,1161267,SENDERO PEATONAL CL 34 CR 46 - 20,5200464,UCAP CABLE CU ENCAUCHETADO 3X14 CU,25,,CABLE CU ENCAUCHETADO 3X14 CU,"Tablas 1 al 392_2025.pdf, pagina 64",5200464
65,SS,1169469,SMAP-0177-25 Cl 80 Cr 67 - 61,5200208,UCAP LUMINARIA LED 140W HORIZONTAL,1,1,LUMINARIA LED 140W HORIZONTAL,"Tablas 1 al 392_2025.pdf, pagina 65",5200208
65,SS,1169469,SMAP-0177-25 Cl 80 Cr 67 - 61,5200235,"UCAP BRAZO 1 1/2"" - 1.5M - 52°/0°",1,1,BRAZO 1 1/2 - 1.5M - 52°/0°,"Tablas 1 al 392_2025.pdf, pagina 65",5200235
65,SS,1169469,SMAP-0177-25 Cl 80 Cr 67 - 61,5200308,UCAP POSTE CONCRETO OCTOG 8M,1,,POSTE CONCRETO OCTOG 8M,"Tablas 1 al 392_2025.pdf, pagina 65",5200308
66,SS,1169473,SMAP-0178-25 Cl 96 Cr 73,5200231,"UCAP BRAZO 1"" - 0.4M - 0°",1,,BRAZO 1 - 0.4M - 0°,"Tablas 1 al 392_2025.pdf, pagina 66",5200231
66,SS,1169473,SMAP-0178-25 Cl 96 Cr 73,5200270,LUM LED (KORELED) 44W,1,,LUM LED KORELED 44W,"Tablas 1 al 392_2025.pdf, pagina 66",5200270
66,SS,1169473,SMAP-0178-25 Cl 96 Cr 73,5200464,UCAP CABLE CU ENCAUCHETADO 3X14 CU,12,,CABLE CU ENCAUCHETADO 3X14 CU,"Tablas 1 al 392_2025.pdf, pagina 66",5200464
67,SS,1169547,SMAP-0179-25 CL 81 CR 67 B,5200231,"UCAP BRAZO 1"" - 0.4M - 0°",1,,BRAZO 1 - 0.4M - 0°,"Tablas 1 al 392_2025.pdf, pagina 67",5200231
67,SS,1169547,SMAP-0179-25 CL 81 CR 67 B,5200232,"UCAP BRAZO 1"" - 1.5M - 52°/0°",2,,BRAZO 1 - 1.5M - 52°/0°,"Tablas 1 al 392_2025.pdf, pagina 67",5200232
67,SS,1169547,SMAP-0179-25 CL 81 CR 67 B,5200270,LUM LED (KORELED) 44W,3,,LUM LED KORELED 44W,"Tablas 1 al 392_2025.pdf, pagina 67",5200270
67,SS,1169547,SMAP-0179-25 CL 81 CR 67 B,5200464,UCAP CABLE CU ENCAUCHETADO 3X14 CU,7,,CABLE CU ENCAUCHETADO 3X14 CU,"Tablas 1 al 392_2025.pdf, pagina 67",5200464
67,SS,1169547,SMAP-0179-25 CL 81 CR 67 B,5200217,UCAP LUMINARIA 70W,,4,LUMINARIA 70W,"Tablas 1 al 392_2025.pdf, pagina 67",5200217
67,SS,1169547,SMAP-0179-25 CL 81 CR 67 B,5200201,UCAP BOMBILLO 70W,,4,BOMBILLO 70W,"Tablas 1 al 392_2025.pdf, pagina 67",5200201
67,SS,1169547,SMAP-0179-25 CL 81 CR 67 B,5200233,"UCAP BRAZO 1"" - 1.5M - 52°/20°",,4,BRAZO 1 - 1.5M - 52°/20°,"Tablas 1 al 392_2025.pdf, pagina 67",5200233
68,SS,1169477,SMAP-0181-25 Cr 52 Cl 59 - 19,5200293,LUM LED (OMEGA II) 64.5W,1,,LUM LED OMEGA II 64.5W,"Tablas 1 al 392_2025.pdf, pagina 68",5200293
68,SS,1169477,SMAP-0181-25 Cr 52 Cl 59 - 19,5200218,UCAP LUMINARIA 150W,,1,LUMINARIA 150W,"Tablas 1 al 392_2025.pdf, pagina 68",5200218
68,SS,1169477,SMAP-0181-25 Cr 52 Cl 59 - 19,5200202,UCAP BOMBILLO 150W,,1,BOMBILLO 150W,"Tablas 1 al 392_2025.pdf, pagina 68",5200202
69,SS,1169481,SMAP-0182-25 Cl 99 Cr 72 A - 7,5200235,"UCAP BRAZO 1 1/2"" - 1.5M - 52°/0°",1,,BRAZO 1 1/2 - 1.5M - 52°/0°,"Tablas 1 al 392_2025.pdf, pagina 69",5200235
69,SS,1169481,SMAP-0182-25 Cl 99 Cr 72 A - 7,5200272,LUM LED (SEPIALED II) 128W,1,,LUM LED SEPIALED II 128W,"Tablas 1 al 392_2025.pdf, pagina 69",5200272
69,SS,1169481,SMAP-0182-25 Cl 99 Cr 72 A - 7,5200218,UCAP LUMINARIA 150W,,1,LUMINARIA 150W,"Tablas 1 al 392_2025.pdf, pagina 69",5200218
69,SS,1169481,SMAP-0182-25 Cl 99 Cr 72 A - 7,5200202,UCAP BOMBILLO 150W,,1,BOMBILLO 150W,"Tablas 1 al 392_2025.pdf, pagina 69",5200202
69,SS,1169481,SMAP-0182-25 Cl 99 Cr 72 A - 7,5200236,"UCAP BRAZO 1 1/2"" - 1.5M - 52°/20°",,1,BRAZO 1 1/2 - 1.5M - 52°/20°,"Tablas 1 al 392_2025.pdf, pagina 69",5200236
70,SS,1169522,SMAP-CIL-0195-25 CR 94 # 36 - 30,5200219,UCAP LUMINARIA 250W,,3,LUMINARIA 250W,"Tablas 1 al 392_2025.pdf, pagina 70",5200219
70,SS,1169522,SMAP-CIL-0195-25 CR 94 # 36 - 30,5200203,UCAP BOMBILLO 250W,,3,BOMBILLO 250W,"Tablas 1 al 392_2025.pdf, pagina 70",5200203
70,SS,1169522,SMAP-CIL-0195-25 CR 94 # 36 - 30,5200243,UCAP BRAZO RECTO 4500M,,3,BRAZO RECTO 4500M,"Tablas 1 al 392_2025.pdf, pagina 70",5200243
71,SS,1169523,SMAP-0194-25 Cr 65 Cl 47 D,5200241,UCAP BRAZO CURVO 3000M,1,1,BRAZO CURVO 3000M,"Tablas 1 al 392_2025.pdf, pagina 71",5200241
71,SS,1169523,SMAP-0194-25 Cr 65 Cl 47 D,5200272,LUM LED (SEPIALED II) 128W,1,,LUM LED SEPIALED II 128W,"Tablas 1 al 392_2025.pdf, pagina 71",5200272
71,SS,1169523,SMAP-0194-25 Cr 65 Cl 47 D,5200219,UCAP LUMINARIA 250W,,1,LUMINARIA 250W,"Tablas 1 al 392_2025.pdf, pagina 71",5200219
71,SS,1169523,SMAP-0194-25 Cr 65 Cl 47 D,5200203,UCAP BOMBILLO 250W,,1,BOMBILLO 250W,"Tablas 1 al 392_2025.pdf, pagina 71",5200203
72,SS,1169532,SMAP-0196-25 Cl 38 entre las carreras 94 y 95,5200241,UCAP BRAZO CURVO 3000M,1,,BRAZO CURVO 3000M,"Tablas 1 al 392_2025.pdf, pagina 72",5200241
72,SS,1169532,SMAP-0196-25 Cl 38 entre las carreras 94 y 95,5200272,LUM LED (SEPIALED II) 128W,1,,LUM LED SEPIALED II 128W,"Tablas 1 al 392_2025.pdf, pagina 72",5200272
72,SS,1169532,SMAP-0196-25 Cl 38 entre las carreras 94 y 95,5200219,UCAP LUMINARIA 250W,,1,LUMINARIA 250W,"Tablas 1 al 392_2025.pdf, pagina 72",5200219
72,SS,1169532,SMAP-0196-25 Cl 38 entre las carreras 94 y 95,5200203,UCAP BOMBILLO 250W,,1,BOMBILLO 250W,"Tablas 1 al 392_2025.pdf, pagina 72",5200203
72,SS,1169532,SMAP-0196-25 Cl 38 entre las carreras 94 y 95,5200236,"UCAP BRAZO 1 1/2"" - 1.5M - 52°/20°",,1,BRAZO 1 1/2 - 1.5M - 52°/20°,"Tablas 1 al 392_2025.pdf, pagina 72",5200236
73,SS,1169533,SMAP-CIL-0197-25 Cl 49 No. 116 - 86,5200231,"UCAP BRAZO 1"" - 0.4M - 0°",1,,BRAZO 1 - 0.4M - 0°,"Tablas 1 al 392_2025.pdf, pagina 73",5200231
73,SS,1169533,SMAP-CIL-0197-25 Cl 49 No. 116 - 86,5200270,LUM LED (KORELED) 44W,1,,LUM LED KORELED 44W,"Tablas 1 al 392_2025.pdf, pagina 73",5200270
73,SS,1169533,SMAP-CIL-0197-25 Cl 49 No. 116 - 86,5200419,UCAP POSTE PRFV 8M (ENTERRAR),1,,POSTE PRFV 8M ENTERRAR,"Tablas 1 al 392_2025.pdf, pagina 73",5200419
73,SS,1169533,SMAP-CIL-0197-25 Cl 49 No. 116 - 86,5200217,UCAP LUMINARIA 70W,,1,LUMINARIA 70W,"Tablas 1 al 392_2025.pdf, pagina 73",5200217
73,SS,1169533,SMAP-CIL-0197-25 Cl 49 No. 116 - 86,5200201,UCAP BOMBILLO 70W,,1,BOMBILLO 70W,"Tablas 1 al 392_2025.pdf, pagina 73",5200201
73,SS,1169533,SMAP-CIL-0197-25 Cl 49 No. 116 - 86,5200232,"UCAP BRAZO 1"" - 1.5M - 52°/0°",,1,BRAZO 1 - 1.5M - 52°/0°,"Tablas 1 al 392_2025.pdf, pagina 73",5200232
74,SS,1169537,SMAP-CIL-0198-25 Cl 123 No. 54A - 62,5200231,"UCAP BRAZO 1"" - 0.4M - 0°",1,1,BRAZO 1 - 0.4M - 0°,"Tablas 1 al 392_2025.pdf, pagina 74",5200231
74,SS,1169537,SMAP-CIL-0198-25 Cl 123 No. 54A - 62,5200270,LUM LED (KORELED) 44W,1,,LUM LED KORELED 44W,"Tablas 1 al 392_2025.pdf, pagina 74",5200270
74,SS,1169537,SMAP-CIL-0198-25 Cl 123 No. 54A - 62,5200217,UCAP LUMINARIA 70W,,1,LUMINARIA 70W,"Tablas 1 al 392_2025.pdf, pagina 74",5200217
74,SS,1169537,SMAP-CIL-0198-25 Cl 123 No. 54A - 62,5200201,UCAP BOMBILLO 70W,,1,BOMBILLO 70W,"Tablas 1 al 392_2025.pdf, pagina 74",5200201
75,SS,1169539,SMAP-CIL-0199-25 Cr 100A No. 48CF - 40,5200217,UCAP LUMINARIA 70W,,9,LUMINARIA 70W,"Tablas 1 al 392_2025.pdf, pagina 75",5200217
75,SS,1169539,SMAP-CIL-0199-25 Cr 100A No. 48CF - 40,5200201,UCAP BOMBILLO 70W,,9,BOMBILLO 70W,"Tablas 1 al 392_2025.pdf, pagina 75",5200201
75,SS,1169539,SMAP-CIL-0199-25 Cr 100A No. 48CF - 40,5200238,UCAP BRAZO SENCILLO CARABOBO,,7,BRAZO SENCILLO CARABOBO,"Tablas 1 al 392_2025.pdf, pagina 75",5200238
75,SS,1169539,SMAP-CIL-0199-25 Cr 100A No. 48CF - 40,5200239,UCAP BRAZO DOBLE CARABOBO,,1,BRAZO DOBLE CARABOBO,"Tablas 1 al 392_2025.pdf, pagina 75",5200239
75,SS,1169539,SMAP-CIL-0199-25 Cr 100A No. 48CF - 40,5200302,UCAP POSTE CONCRETO CARABOBO 5M,,8,POSTE CONCRETO CARABOBO 5M,"Tablas 1 al 392_2025.pdf, pagina 75",5200302
76,SS,1169544,SMAP-0200-25 CR 85 CL 106 A - 9,5200232,"UCAP BRAZO 1"" - 1.5M - 52°/0°",1,1,BRAZO 1 - 1.5M - 52°/0°,"Tablas 1 al 392_2025.pdf, pagina 76",5200232
76,SS,1169544,SMAP-0200-25 CR 85 CL 106 A - 9,5200293,LUM LED (OMEGA II) 64.5W,1,,LUM LED OMEGA II 64.5W,"Tablas 1 al 392_2025.pdf, pagina 76",5200293
76,SS,1169544,SMAP-0200-25 CR 85 CL 106 A - 9,5200217,UCAP LUMINARIA 70W,,1,LUMINARIA 70W,"Tablas 1 al 392_2025.pdf, pagina 76",5200217
76,SS,1169544,SMAP-0200-25 CR 85 CL 106 A - 9,5200201,UCAP BOMBILLO 70W,,1,BOMBILLO 70W,"Tablas 1 al 392_2025.pdf, pagina 76",5200201
77,SS,1173188,SMAP-0205-25 CL 34 Sur CR 89 A -128,5200232,"UCAP BRAZO 1"" - 1.5M - 52°/0°",1,,BRAZO 1 - 1.5M - 52°/0°,"Tablas 1 al 392_2025.pdf, pagina 77",5200232
77,SS,1173188,SMAP-0205-25 CL 34 Sur CR 89 A -128,5200270,LUM LED (KORELED) 44W,1,,LUM LED KORELED 44W,"Tablas 1 al 392_2025.pdf, pagina 77",5200270
78,SS,1173383,Sendero Peatonal - Antonio Nariño CL 39 BD CR 113 A -39,5200232,"UCAP BRAZO 1"" - 1.5M - 52°/0°",1,,BRAZO 1 - 1.5M - 52°/0°,"Tablas 1 al 392_2025.pdf, pagina 78",5200232
78,SS,1173383,Sendero Peatonal - Antonio Nariño CL 39 BD CR 113 A -39,5200270,LUM LED (KORELED) 44W,1,,LUM LED KORELED 44W,"Tablas 1 al 392_2025.pdf, pagina 78",5200270
79,SS,1178405,Anden Cr 50 AA Cl 86 - 22,5200231,"UCAP BRAZO 1"" - 0.4M - 0°",2,,BRAZO 1 - 0.4M - 0°,"Tablas 1 al 392_2025.pdf, pagina 79",5200231
79,SS,1178405,Anden Cr 50 AA Cl 86 - 22,5200270,LUM LED (KORELED) 44W,2,,LUM LED KORELED 44W,"Tablas 1 al 392_2025.pdf, pagina 79",5200270
79,SS,1178405,Anden Cr 50 AA Cl 86 - 22,5200464,UCAP CABLE CU ENCAUCHETADO 3X14 CU,13,,CABLE CU ENCAUCHETADO 3X14 CU,"Tablas 1 al 392_2025.pdf, pagina 79",5200464
80,SS,1179778,SMAP-0202-25 Cr 30 Cl 59 A - 72,5200232,"UCAP BRAZO 1"" - 1.5M - 52°/0°",1,1,BRAZO 1 - 1.5M - 52°/0°,"Tablas 1 al 392_2025.pdf, pagina 80",5200232
80,SS,1179778,SMAP-0202-25 Cr 30 Cl 59 A - 72,5200270,LUM LED (KORELED) 44W,1,,LUM LED KORELED 44W,"Tablas 1 al 392_2025.pdf, pagina 80",5200270
80,SS,1179778,SMAP-0202-25 Cr 30 Cl 59 A - 72,5200217,UCAP LUMINARIA 70W,,1,LUMINARIA 70W,"Tablas 1 al 392_2025.pdf, pagina 80",5200217
80,SS,1179778,SMAP-0202-25 Cr 30 Cl 59 A - 72,5200201,UCAP BOMBILLO 70W,,1,BOMBILLO 70W,"Tablas 1 al 392_2025.pdf, pagina 80",5200201
81,SS,1179795,SMAP-0203-25 CL 105 CR 82 E,5200235,"UCAP BRAZO 1 1/2"" - 1.5M - 52°/0°",1,1,BRAZO 1 1/2 - 1.5M - 52°/0°,"Tablas 1 al 392_2025.pdf, pagina 81",5200235
81,SS,1179795,SMAP-0203-25 CL 105 CR 82 E,5200272,LUM LED (SEPIALED II) 128W,1,,LUM LED SEPIALED II 128W,"Tablas 1 al 392_2025.pdf, pagina 81",5200272
81,SS,1179795,SMAP-0203-25 CL 105 CR 82 E,5200219,UCAP LUMINARIA 250W,,1,LUMINARIA 250W,"Tablas 1 al 392_2025.pdf, pagina 81",5200219
81,SS,1179795,SMAP-0203-25 CL 105 CR 82 E,5200203,UCAP BOMBILLO 250W,,1,BOMBILLO 250W,"Tablas 1 al 392_2025.pdf, pagina 81",5200203
82,SS,1179813,SMAP-0206-25 Cl 8 Cr 15 Este - 223,5200232,"UCAP BRAZO 1"" - 1.5M - 52°/0°",2,,BRAZO 1 - 1.5M - 52°/0°,"Tablas 1 al 392_2025.pdf, pagina 82",5200232
82,SS,1179813,SMAP-0206-25 Cl 8 Cr 15 Este - 223,5200270,LUM LED (KORELED) 44W,2,,LUM LED KORELED 44W,"Tablas 1 al 392_2025.pdf, pagina 82",5200270
82,SS,1179813,SMAP-0206-25 Cl 8 Cr 15 Este - 223,5200308,UCAP POSTE CONCRETO OCTOG 8M,2,,POSTE CONCRETO OCTOG 8M,"Tablas 1 al 392_2025.pdf, pagina 82",5200308
82,SS,1179813,SMAP-0206-25 Cl 8 Cr 15 Este - 223,5200464,UCAP CABLE CU ENCAUCHETADO 3X14 CU,73,,CABLE CU ENCAUCHETADO 3X14 CU,"Tablas 1 al 392_2025.pdf, pagina 82",5200464
83,SS,1179821,SMAP-CIL-0207-25 Cr 120B No. 48B - 139,5200231,"UCAP BRAZO 1"" - 0.4M - 0°",1,1,BRAZO 1 - 0.4M - 0°,"Tablas 1 al 392_2025.pdf, pagina 83",5200231
83,SS,1179821,SMAP-CIL-0207-25 Cr 120B No. 48B - 139,5200270,LUM LED (KORELED) 44W,1,,LUM LED KORELED 44W,"Tablas 1 al 392_2025.pdf, pagina 83",5200270
83,SS,1179821,SMAP-CIL-0207-25 Cr 120B No. 48B - 139,5200217,UCAP LUMINARIA 70W,,1,LUMINARIA 70W,"Tablas 1 al 392_2025.pdf, pagina 83",5200217
83,SS,1179821,SMAP-CIL-0207-25 Cr 120B No. 48B - 139,5200201,UCAP BOMBILLO 70W,,1,BOMBILLO 70W,"Tablas 1 al 392_2025.pdf, pagina 83",5200201
84,SS,1179836,SMAP-CIL-0208-25 Cr 120B No. 48B - 232,5200235,"UCAP BRAZO 1 1/2"" - 1.5M - 52°/0°",1,1,BRAZO 1 1/2 - 1.5M - 52°/0°,"Tablas 1 al 392_2025.pdf, pagina 84",5200235
84,SS,1179836,SMAP-CIL-0208-25 Cr 120B No. 48B - 232,5200269,"LUM LED 110,7 (RALED II)",1,,LUM LED 110 7 RALED II,"Tablas 1 al 392_2025.pdf, pagina 84",5200269
84,SS,1179836,SMAP-CIL-0208-25 Cr 120B No. 48B - 232,5200219,UCAP LUMINARIA 250W,,1,LUMINARIA 250W,"Tablas 1 al 392_2025.pdf, pagina 84",5200219
84,SS,1179836,SMAP-CIL-0208-25 Cr 120B No. 48B - 232,5200203,UCAP BOMBILLO 250W,,1,BOMBILLO 250W,"Tablas 1 al 392_2025.pdf, pagina 84",5200203
85,SS,1179842,SMAP-CIL-0209-25 Cl 48A No. 120F - 42,5200232,"UCAP BRAZO 1"" - 1.5M - 52°/0°",1,1,BRAZO 1 - 1.5M - 52°/0°,"Tablas 1 al 392_2025.pdf, pagina 85",5200232
85,SS,1179842,SMAP-CIL-0209-25 Cl 48A No. 120F - 42,5200270,LUM LED (KORELED) 44W,1,,LUM LED KORELED 44W,"Tablas 1 al 392_2025.pdf, pagina 85",5200270
85,SS,1179842,SMAP-CIL-0209-25 Cl 48A No. 120F - 42,5200419,UCAP POSTE PRFV 8M (ENTERRAR),1,,POSTE PRFV 8M ENTERRAR,"Tablas 1 al 392_2025.pdf, pagina 85",5200419
85,SS,1179842,SMAP-CIL-0209-25 Cl 48A No. 120F - 42,5200464,UCAP CABLE CU ENCAUCHETADO 3X14 CU,20,,CABLE CU ENCAUCHETADO 3X14 CU,"Tablas 1 al 392_2025.pdf, pagina 85",5200464
85,SS,1179842,SMAP-CIL-0209-25 Cl 48A No. 120F - 42,5200217,UCAP LUMINARIA 70W,,1,LUMINARIA 70W,"Tablas 1 al 392_2025.pdf, pagina 85",5200217
85,SS,1179842,SMAP-CIL-0209-25 Cl 48A No. 120F - 42,5200201,UCAP BOMBILLO 70W,,1,BOMBILLO 70W,"Tablas 1 al 392_2025.pdf, pagina 85",5200201
86,SS,1179913,SMAP-0214-25 CR 82 CL 48,5200231,"UCAP BRAZO 1"" - 0.4M - 0°",1,,BRAZO 1 - 0.4M - 0°,"Tablas 1 al 392_2025.pdf, pagina 86",5200231
86,SS,1179913,SMAP-0214-25 CR 82 CL 48,5200270,LUM LED (KORELED) 44W,1,,LUM LED KORELED 44W,"Tablas 1 al 392_2025.pdf, pagina 86",5200270
86,SS,1179913,SMAP-0214-25 CR 82 CL 48,5200219,UCAP LUMINARIA 250W,,1,LUMINARIA 250W,"Tablas 1 al 392_2025.pdf, pagina 86",5200219
86,SS,1179913,SMAP-0214-25 CR 82 CL 48,5200203,UCAP BOMBILLO 250W,,1,BOMBILLO 250W,"Tablas 1 al 392_2025.pdf, pagina 86",5200203
86,SS,1179913,SMAP-0214-25 CR 82 CL 48,5200236,"UCAP BRAZO 1 1/2"" - 1.5M - 52°/20°",,1,BRAZO 1 1/2 - 1.5M - 52°/20°,"Tablas 1 al 392_2025.pdf, pagina 86",5200236
87,SS,1180429,SMAP-0171-25 CL 36B SUR CR 77 -17,5200232,"UCAP BRAZO 1"" - 1.5M - 52°/0°",1,,BRAZO 1 - 1.5M - 52°/0°,"Tablas 1 al 392_2025.pdf, pagina 87",5200232
87,SS,1180429,SMAP-0171-25 CL 36B SUR CR 77 -17,5200270,LUM LED (KORELED) 44W,1,,LUM LED KORELED 44W,"Tablas 1 al 392_2025.pdf, pagina 87",5200270
87,SS,1180429,SMAP-0171-25 CL 36B SUR CR 77 -17,5200419,UCAP POSTE PRFV 8M (ENTERRAR),2,,POSTE PRFV 8M ENTERRAR,"Tablas 1 al 392_2025.pdf, pagina 87",5200419
87,SS,1180429,SMAP-0171-25 CL 36B SUR CR 77 -17,5200464,UCAP CABLE CU ENCAUCHETADO 3X14 CU,17,,CABLE CU ENCAUCHETADO 3X14 CU,"Tablas 1 al 392_2025.pdf, pagina 87",5200464
87,SS,1180429,SMAP-0171-25 CL 36B SUR CR 77 -17,5200306,UCAP POSTE MADERA REDONDO DE 8M,,1,POSTE MADERA REDONDO DE 8M,"Tablas 1 al 392_2025.pdf, pagina 87",5200306
88,SS,1180450,Cr 30 Cl 108 - 46 Int 301,5200231,"UCAP BRAZO 1"" - 0.4M - 0°",1,,BRAZO 1 - 0.4M - 0°,"Tablas 1 al 392_2025.pdf, pagina 88",5200231
88,SS,1180450,Cr 30 Cl 108 - 46 Int 301,5200270,LUM LED (KORELED) 44W,1,,LUM LED KORELED 44W,"Tablas 1 al 392_2025.pdf, pagina 88",5200270
89,SS,1180484,Sendero Peatonal-Parque el diamante CL 78 CR 87 -27 (INTERIOR 7000 ),5200231,"UCAP BRAZO 1"" - 0.4M - 0°",2,,BRAZO 1 - 0.4M - 0°,"Tablas 1 al 392_2025.pdf, pagina 89",5200231
89,SS,1180484,Sendero Peatonal-Parque el diamante CL 78 CR 87 -27 (INTERIOR 7000 ),5200270,LUM LED (KORELED) 44W,2,,LUM LED KORELED 44W,"Tablas 1 al 392_2025.pdf, pagina 89",5200270
89,SS,1180484,Sendero Peatonal-Parque el diamante CL 78 CR 87 -27 (INTERIOR 7000 ),5200419,UCAP POSTE PRFV 8M (ENTERRAR),2,,POSTE PRFV 8M ENTERRAR,"Tablas 1 al 392_2025.pdf, pagina 89",5200419
89,SS,1180484,Sendero Peatonal-Parque el diamante CL 78 CR 87 -27 (INTERIOR 7000 ),5200464,UCAP CABLE CU ENCAUCHETADO 3X14 CU,24,,CABLE CU ENCAUCHETADO 3X14 CU,"Tablas 1 al 392_2025.pdf, pagina 89",5200464
90,SS,1180578,Anden y senderos parque el Triangulo CL 27 POR CR 80,5200231,"UCAP BRAZO 1"" - 0.4M - 0°",6,,BRAZO 1 - 0.4M - 0°,"Tablas 1 al 392_2025.pdf, pagina 90",5200231
90,SS,1180578,Anden y senderos parque el Triangulo CL 27 POR CR 80,5200270,LUM LED (KORELED) 44W,4,,LUM LED KORELED 44W,"Tablas 1 al 392_2025.pdf, pagina 90",5200270
90,SS,1180578,Anden y senderos parque el Triangulo CL 27 POR CR 80,5200419,UCAP POSTE PRFV 8M (ENTERRAR),6,,POSTE PRFV 8M ENTERRAR,"Tablas 1 al 392_2025.pdf, pagina 90",5200419
90,SS,1180578,Anden y senderos parque el Triangulo CL 27 POR CR 80,5200464,UCAP CABLE CU ENCAUCHETADO 3X14 CU,76,,CABLE CU ENCAUCHETADO 3X14 CU,"Tablas 1 al 392_2025.pdf, pagina 90",5200464
90,SS,1180578,Anden y senderos parque el Triangulo CL 27 POR CR 80,5200232,"UCAP BRAZO 1"" - 1.5M - 52°/0°",,2,BRAZO 1 - 1.5M - 52°/0°,"Tablas 1 al 392_2025.pdf, pagina 90",5200232
90,SS,1180578,Anden y senderos parque el Triangulo CL 27 POR CR 80,5200308,UCAP POSTE CONCRETO OCTOG 8M,,3,POSTE CONCRETO OCTOG 8M,"Tablas 1 al 392_2025.pdf, pagina 90",5200308
90,SS,1180578,Anden y senderos parque el Triangulo CL 27 POR CR 80,5200410,UCAP DUPLEX CU 14 AWG-THW 300V,,49,DUPLEX CU 14 AWG-THW 300V,"Tablas 1 al 392_2025.pdf, pagina 90",5200410
91,SS,1180584,SENDEROS PEATONALES CR 80 ENTRE CL 27 Y CL 20,5200419,UCAP POSTE PRFV 8M (ENTERRAR),7,,POSTE PRFV 8M ENTERRAR,"Tablas 1 al 392_2025.pdf, pagina 91",5200419
91,SS,1180584,SENDEROS PEATONALES CR 80 ENTRE CL 27 Y CL 20,5200464,UCAP CABLE CU ENCAUCHETADO 3X14 CU,18,,CABLE CU ENCAUCHETADO 3X14 CU,"Tablas 1 al 392_2025.pdf, pagina 91",5200464
91,SS,1180584,SENDEROS PEATONALES CR 80 ENTRE CL 27 Y CL 20,5200308,UCAP POSTE CONCRETO OCTOG 8M,,1,POSTE CONCRETO OCTOG 8M,"Tablas 1 al 392_2025.pdf, pagina 91",5200308
91,SS,1180584,SENDEROS PEATONALES CR 80 ENTRE CL 27 Y CL 20,5200232,"BRAZO 1"" - 1.5m - 52°/0°",7,7,BRAZO 1 - 1.5M - 52°/0°,"Tablas 1 al 392_2025.pdf, pagina 91",5200232
91,SS,1180584,SENDEROS PEATONALES CR 80 ENTRE CL 27 Y CL 20,5200270,LUM LED (KORELED) 44W,7,7,LUM LED KORELED 44W,"Tablas 1 al 392_2025.pdf, pagina 91",5200270
92,SS,1180590,SENDERO PEATONAL CL 9 C SUR CR 50 FF - 81,5200231,"UCAP BRAZO 1"" - 0.4M - 0°",1,,BRAZO 1 - 0.4M - 0°,"Tablas 1 al 392_2025.pdf, pagina 92",5200231
92,SS,1180590,SENDERO PEATONAL CL 9 C SUR CR 50 FF - 81,5200270,LUM LED (KORELED) 44W,1,,LUM LED KORELED 44W,"Tablas 1 al 392_2025.pdf, pagina 92",5200270
92,SS,1180590,SENDERO PEATONAL CL 9 C SUR CR 50 FF - 81,5200419,UCAP POSTE PRFV 8M (ENTERRAR),1,,POSTE PRFV 8M ENTERRAR,"Tablas 1 al 392_2025.pdf, pagina 92",5200419
92,SS,1180590,SENDERO PEATONAL CL 9 C SUR CR 50 FF - 81,5200464,UCAP CABLE CU ENCAUCHETADO 3X14 CU,12,,CABLE CU ENCAUCHETADO 3X14 CU,"Tablas 1 al 392_2025.pdf, pagina 92",5200464
93,SS,1182452,Sendero Cl 56 C Cr 17 A - 27,5200231,"UCAP BRAZO 1"" - 0.4M - 0°",,1,BRAZO 1 - 0.4M - 0°,"Tablas 1 al 392_2025.pdf, pagina 93",5200231
93,SS,1182452,Sendero Cl 56 C Cr 17 A - 27,5200270,LUM LED (KORELED) 44W,,1,LUM LED KORELED 44W,"Tablas 1 al 392_2025.pdf, pagina 93",5200270
93,SS,1182452,Sendero Cl 56 C Cr 17 A - 27,5200464,UCAP CABLE CU ENCAUCHETADO 3X14 CU,,13,CABLE CU ENCAUCHETADO 3X14 CU,"Tablas 1 al 392_2025.pdf, pagina 93",5200464
94,SS,1182981,Sendero Cr 23 Cl 56 HG - 1 Int 110,5200231,"UCAP BRAZO 1"" - 0.4M - 0°",1,,BRAZO 1 - 0.4M - 0°,"Tablas 1 al 392_2025.pdf, pagina 94",5200231
94,SS,1182981,Sendero Cr 23 Cl 56 HG - 1 Int 110,5200232,"UCAP BRAZO 1"" - 1.5M - 52°/0°",1,,BRAZO 1 - 1.5M - 52°/0°,"Tablas 1 al 392_2025.pdf, pagina 94",5200232
94,SS,1182981,Sendero Cr 23 Cl 56 HG - 1 Int 110,5200270,LUM LED (KORELED) 44W,2,,LUM LED KORELED 44W,"Tablas 1 al 392_2025.pdf, pagina 94",5200270
95,SS,1183919,Sendero Cr 25 A Cl 40 - 28,5200231,"UCAP BRAZO 1"" - 0.4M - 0°",7,,BRAZO 1 - 0.4M - 0°,"Tablas 1 al 392_2025.pdf, pagina 95",5200231
95,SS,1183919,Sendero Cr 25 A Cl 40 - 28,5200270,LUM LED (KORELED) 44W,7,,LUM LED KORELED 44W,"Tablas 1 al 392_2025.pdf, pagina 95",5200270
95,SS,1183919,Sendero Cr 25 A Cl 40 - 28,5200308,UCAP POSTE CONCRETO OCTOG 8M,5,,POSTE CONCRETO OCTOG 8M,"Tablas 1 al 392_2025.pdf, pagina 95",5200308
95,SS,1183919,Sendero Cr 25 A Cl 40 - 28,5200464,UCAP CABLE CU ENCAUCHETADO 3X14 CU,111,,CABLE CU ENCAUCHETADO 3X14 CU,"Tablas 1 al 392_2025.pdf, pagina 95",5200464
96,SS,1184148,Sendero Cr 26 BC Cl 56 D - 14,5200231,"UCAP BRAZO 1"" - 0.4M - 0°",1,,BRAZO 1 - 0.4M - 0°,"Tablas 1 al 392_2025.pdf, pagina 96",5200231
96,SS,1184148,Sendero Cr 26 BC Cl 56 D - 14,5200270,LUM LED (KORELED) 44W,1,,LUM LED KORELED 44W,"Tablas 1 al 392_2025.pdf, pagina 96",5200270
97,SS,1159547,SMAP-0221-25 CR 34 CL 10A Y CL 10A CR 34,5200232,"UCAP BRAZO 1"" - 1.5M - 52°/0°",2,,BRAZO 1 - 1.5M - 52°/0°,"Tablas 1 al 392_2025.pdf, pagina 97",5200232
97,SS,1159547,SMAP-0221-25 CR 34 CL 10A Y CL 10A CR 34,5200270,LUM LED (KORELED) 44W,3,,LUM LED KORELED 44W,"Tablas 1 al 392_2025.pdf, pagina 97",5200270
97,SS,1159547,SMAP-0221-25 CR 34 CL 10A Y CL 10A CR 34,5200302,UCAP POSTE CONCRETO CARABOBO 5M,1,,POSTE CONCRETO CARABOBO 5M,"Tablas 1 al 392_2025.pdf, pagina 97",5200302
97,SS,1159547,SMAP-0221-25 CR 34 CL 10A Y CL 10A CR 34,5200422,CABLE FZA AL 3X6 AWG XLPE 600V 90°C ENTERRADO,11,,CABLE FZA AL 3X6 AWG XLPE 600V 90°C ENTERRADO,"Tablas 1 al 392_2025.pdf, pagina 97",5200422
97,SS,1159547,SMAP-0221-25 CR 34 CL 10A Y CL 10A CR 34,5200501,UCAP CAJA CONCRETO 50X50 CM,1,,CAJA CONCRETO 50X50 CM,"Tablas 1 al 392_2025.pdf, pagina 97",5200501
97,SS,1159547,SMAP-0221-25 CR 34 CL 10A Y CL 10A CR 34,5200238,BRAZO CARABOBO SENCILLO,1,,BRAZO CARABOBO SENCILLO,"Tablas 1 al 392_2025.pdf, pagina 97",5200238
98,SS,1185090,Cr 29 A Cl 58 A,5200219,UCAP LUMINARIA 250W,,1,LUMINARIA 250W,"Tablas 1 al 392_2025.pdf, pagina 98",5200219
98,SS,1185090,Cr 29 A Cl 58 A,5200203,UCAP BOMBILLO 250W,,1,BOMBILLO 250W,"Tablas 1 al 392_2025.pdf, pagina 98",5200203
98,SS,1185090,Cr 29 A Cl 58 A,5200235,"UCAP BRAZO 1 1/2"" - 1.5M - 52°/0°",,1,BRAZO 1 1/2 - 1.5M - 52°/0°,"Tablas 1 al 392_2025.pdf, pagina 98",5200235
98,SS,1185090,Cr 29 A Cl 58 A,5200410,UCAP DUPLEX CU 14 AWG-THW 300V,,27,DUPLEX CU 14 AWG-THW 300V,"Tablas 1 al 392_2025.pdf, pagina 98",5200410
99,SS,1185100,SMAP-0226-25 Cr 55 Cl 96,5200270,LUM LED (KORELED) 44W,10,,LUM LED KORELED 44W,"Tablas 1 al 392_2025.pdf, pagina 99",5200270
99,SS,1185100,SMAP-0226-25 Cr 55 Cl 96,5200217,UCAP LUMINARIA 70W,,10,LUMINARIA 70W,"Tablas 1 al 392_2025.pdf, pagina 99",5200217
99,SS,1185100,SMAP-0226-25 Cr 55 Cl 96,5200201,UCAP BOMBILLO 70W,,10,BOMBILLO 70W,"Tablas 1 al 392_2025.pdf, pagina 99",5200201
100,SS,1185117,SMAP-0228-25 CR 39 CL 62 - 54,5200218,UCAP LUMINARIA 150W,,1,LUMINARIA 150W,"Tablas 1 al 392_2025.pdf, pagina 100",5200218
100,SS,1185117,SMAP-0228-25 CR 39 CL 62 - 54,5200202,UCAP BOMBILLO 150W,,1,BOMBILLO 150W,"Tablas 1 al 392_2025.pdf, pagina 100",5200202
100,SS,1185117,SMAP-0228-25 CR 39 CL 62 - 54,5200236,"UCAP BRAZO 1 1/2"" - 1.5M - 52°/20°",,1,BRAZO 1 1/2 - 1.5M - 52°/20°,"Tablas 1 al 392_2025.pdf, pagina 100",5200236
101,SS,1185178,SMAP-CIL-0237-25 CR 85 CL 45BSUR-111,5200235,"UCAP BRAZO 1 1/2"" - 1.5M - 52°/0°",3,,BRAZO 1 1/2 - 1.5M - 52°/0°,"Tablas 1 al 392_2025.pdf, pagina 101",5200235
101,SS,1185178,SMAP-CIL-0237-25 CR 85 CL 45BSUR-111,5200272,LUM LED (SEPIALED II) 128W,3,,LUM LED SEPIALED II 128W,"Tablas 1 al 392_2025.pdf, pagina 101",5200272
101,SS,1185178,SMAP-CIL-0237-25 CR 85 CL 45BSUR-111,5200217,UCAP LUMINARIA 70W,,3,LUMINARIA 70W,"Tablas 1 al 392_2025.pdf, pagina 101",5200217
101,SS,1185178,SMAP-CIL-0237-25 CR 85 CL 45BSUR-111,5200201,UCAP BOMBILLO 70W,,3,BOMBILLO 70W,"Tablas 1 al 392_2025.pdf, pagina 101",5200201
101,SS,1185178,SMAP-CIL-0237-25 CR 85 CL 45BSUR-111,5200236,"UCAP BRAZO 1 1/2"" - 1.5M - 52°/20°",,3,BRAZO 1 1/2 - 1.5M - 52°/20°,"Tablas 1 al 392_2025.pdf, pagina 101",5200236
102,SS,1185191,SMAP-0239-25 CR 17 CL 50 - 4,5200232,"UCAP BRAZO 1"" - 1.5M - 52°/0°",2,2,BRAZO 1 - 1.5M - 52°/0°,"Tablas 1 al 392_2025.pdf, pagina 102",5200232
102,SS,1185191,SMAP-0239-25 CR 17 CL 50 - 4,5200270,LUM LED (KORELED) 44W,2,,LUM LED KORELED 44W,"Tablas 1 al 392_2025.pdf, pagina 102",5200270
102,SS,1185191,SMAP-0239-25 CR 17 CL 50 - 4,5200217,UCAP LUMINARIA 70W,,2,LUMINARIA 70W,"Tablas 1 al 392_2025.pdf, pagina 102",5200217
102,SS,1185191,SMAP-0239-25 CR 17 CL 50 - 4,5200201,UCAP BOMBILLO 70W,,2,BOMBILLO 70W,"Tablas 1 al 392_2025.pdf, pagina 102",5200201
103,SS,1186408,Vía M4 Cr 28 Cl 94 B - 39,5200232,"UCAP BRAZO 1"" - 1.5M - 52°/0°",2,,BRAZO 1 - 1.5M - 52°/0°,"Tablas 1 al 392_2025.pdf, pagina 103",5200232
103,SS,1186408,Vía M4 Cr 28 Cl 94 B - 39,5200270,LUM LED (KORELED) 44W,2,,LUM LED KORELED 44W,"Tablas 1 al 392_2025.pdf, pagina 103",5200270
103,SS,1186408,Vía M4 Cr 28 Cl 94 B - 39,5200419,UCAP POSTE PRFV 8M (ENTERRAR),2,,POSTE PRFV 8M ENTERRAR,"Tablas 1 al 392_2025.pdf, pagina 103",5200419
103,SS,1186408,Vía M4 Cr 28 Cl 94 B - 39,5200464,UCAP CABLE CU ENCAUCHETADO 3X14 CU,35,,CABLE CU ENCAUCHETADO 3X14 CU,"Tablas 1 al 392_2025.pdf, pagina 103",5200464
104,SS,1187013,Sendero Cr 23 Cl 91 B - 12 Int 110,5200231,"UCAP BRAZO 1"" - 0.4M - 0°",1,,BRAZO 1 - 0.4M - 0°,"Tablas 1 al 392_2025.pdf, pagina 104",5200231
104,SS,1187013,Sendero Cr 23 Cl 91 B - 12 Int 110,5200270,LUM LED (KORELED) 44W,1,,LUM LED KORELED 44W,"Tablas 1 al 392_2025.pdf, pagina 104",5200270
104,SS,1187013,Sendero Cr 23 Cl 91 B - 12 Int 110,5200464,UCAP CABLE CU ENCAUCHETADO 3X14 CU,26,,CABLE CU ENCAUCHETADO 3X14 CU,"Tablas 1 al 392_2025.pdf, pagina 104",5200464
105,SS,1188403,PLACA CUBIERTA FLORENCIA CR 70 CL 117,5200799,CONTROL TEMPORIZADO 25 A,1,,CONTROL TEMPORIZADO 25 A,"Tablas 1 al 392_2025.pdf, pagina 105",5200799
106,SS,1188410,"CANCHAS ARENILLA, BALONCESTO, VOLEY Y PISTA GRATAMIRA CL 105 POR CR 64 E",5200407,"UCAP TRIPLEX AL 2X4+1X4 XLP,AEREO",200,,TRIPLEX AL 2X4+1X4 XLP AEREO,"Tablas 1 al 392_2025.pdf, pagina 106",5200407
106,SS,1188410,"CANCHAS ARENILLA, BALONCESTO, VOLEY Y PISTA GRATAMIRA CL 105 POR CR 64 E",5200799,CONTROL TEMPORIZADO 25 A,1,,CONTROL TEMPORIZADO 25 A,"Tablas 1 al 392_2025.pdf, pagina 106",5200799
107,SS,1188423,CANCHA POLIDEPORTIVA TEJELO N.1 CR 70 POR CL 108,5200464,UCAP CABLE CU ENCAUCHETADO 3X14 CU,30,,CABLE CU ENCAUCHETADO 3X14 CU,"Tablas 1 al 392_2025.pdf, pagina 107",5200464
107,SS,1188423,CANCHA POLIDEPORTIVA TEJELO N.1 CR 70 POR CL 108,5200799,CONTROL TEMPORIZADO 25 A,2,,CONTROL TEMPORIZADO 25 A,"Tablas 1 al 392_2025.pdf, pagina 107",5200799
108,SS,1188428,CANCHA CUBIERTA Y DE BALONCESTO CORDOBA CR 67A CL 80 - 90,5200407,"UCAP TRIPLEX AL 2X4+1X4 XLP,AEREO",47,,TRIPLEX AL 2X4+1X4 XLP AEREO,"Tablas 1 al 392_2025.pdf, pagina 108",5200407
108,SS,1188428,CANCHA CUBIERTA Y DE BALONCESTO CORDOBA CR 67A CL 80 - 90,5200464,UCAP CABLE CU ENCAUCHETADO 3X14 CU,5,,CABLE CU ENCAUCHETADO 3X14 CU,"Tablas 1 al 392_2025.pdf, pagina 108",5200464
108,SS,1188428,CANCHA CUBIERTA Y DE BALONCESTO CORDOBA CR 67A CL 80 - 90,5200799,CONTROL TEMPORIZADO 25 A,1,,CONTROL TEMPORIZADO 25 A,"Tablas 1 al 392_2025.pdf, pagina 108",5200799
109,SS,1189253,Sendero Cr 28 Cl 91 - 66 Int 110,5200231,"UCAP BRAZO 1"" - 0.4M - 0°",1,,BRAZO 1 - 0.4M - 0°,"Tablas 1 al 392_2025.pdf, pagina 109",5200231
109,SS,1189253,Sendero Cr 28 Cl 91 - 66 Int 110,5200270,LUM LED (KORELED) 44W,1,,LUM LED KORELED 44W,"Tablas 1 al 392_2025.pdf, pagina 109",5200270
110,SS,1189341,Sendero peatonal-Corregimiento Altavista CR 112 CL 12-133,5200231,"UCAP BRAZO 1"" - 0.4M - 0°",1,,BRAZO 1 - 0.4M - 0°,"Tablas 1 al 392_2025.pdf, pagina 110",5200231
110,SS,1189341,Sendero peatonal-Corregimiento Altavista CR 112 CL 12-133,5200270,LUM LED (KORELED) 44W,1,,LUM LED KORELED 44W,"Tablas 1 al 392_2025.pdf, pagina 110",5200270
110,SS,1189341,Sendero peatonal-Corregimiento Altavista CR 112 CL 12-133,5200308,UCAP POSTE CONCRETO OCTOG 8M,1,,POSTE CONCRETO OCTOG 8M,"Tablas 1 al 392_2025.pdf, pagina 110",5200308
110,SS,1189341,Sendero peatonal-Corregimiento Altavista CR 112 CL 12-133,5200464,UCAP CABLE CU ENCAUCHETADO 3X14 CU,18,,CABLE CU ENCAUCHETADO 3X14 CU,"Tablas 1 al 392_2025.pdf, pagina 110",5200464
111,SS,1189823,ANDEN CR 75 CL 44A -26,5200231,"UCAP BRAZO 1"" - 0.4M - 0°",1,,BRAZO 1 - 0.4M - 0°,"Tablas 1 al 392_2025.pdf, pagina 111",5200231
111,SS,1189823,ANDEN CR 75 CL 44A -26,5200270,LUM LED (KORELED) 44W,1,,LUM LED KORELED 44W,"Tablas 1 al 392_2025.pdf, pagina 111",5200270
112,SS,1190152,Sendero CR 52 CL 125 - 26,5200231,"UCAP BRAZO 1"" - 0.4M - 0°",2,,BRAZO 1 - 0.4M - 0°,"Tablas 1 al 392_2025.pdf, pagina 112",5200231
112,SS,1190152,Sendero CR 52 CL 125 - 26,5200270,LUM LED (KORELED) 44W,2,,LUM LED KORELED 44W,"Tablas 1 al 392_2025.pdf, pagina 112",5200270
112,SS,1190152,Sendero CR 52 CL 125 - 26,5200419,UCAP POSTE PRFV 8M (ENTERRAR),2,,POSTE PRFV 8M ENTERRAR,"Tablas 1 al 392_2025.pdf, pagina 112",5200419
112,SS,1190152,Sendero CR 52 CL 125 - 26,5200464,UCAP CABLE CU ENCAUCHETADO 3X14 CU,33,,CABLE CU ENCAUCHETADO 3X14 CU,"Tablas 1 al 392_2025.pdf, pagina 112",5200464
112,SS,1190152,Sendero CR 52 CL 125 - 26,5200217,UCAP LUMINARIA 70W,,1,LUMINARIA 70W,"Tablas 1 al 392_2025.pdf, pagina 112",5200217
112,SS,1190152,Sendero CR 52 CL 125 - 26,5200201,UCAP BOMBILLO 70W,,1,BOMBILLO 70W,"Tablas 1 al 392_2025.pdf, pagina 112",5200201
112,SS,1190152,Sendero CR 52 CL 125 - 26,5200232,"UCAP BRAZO 1"" - 1.5M - 52°/0°",,1,BRAZO 1 - 1.5M - 52°/0°,"Tablas 1 al 392_2025.pdf, pagina 112",5200232
113,SS,1191012,SMAP-CIL-0248-25 SENDERO PEATONAL CL 67 CR 149-31,5200231,"UCAP BRAZO 1"" - 0.4M - 0°",1,,BRAZO 1 - 0.4M - 0°,"Tablas 1 al 392_2025.pdf, pagina 113",5200231
113,SS,1191012,SMAP-CIL-0248-25 SENDERO PEATONAL CL 67 CR 149-31,5200270,LUM LED (KORELED) 44W,1,,LUM LED KORELED 44W,"Tablas 1 al 392_2025.pdf, pagina 113",5200270
113,SS,1191012,SMAP-CIL-0248-25 SENDERO PEATONAL CL 67 CR 149-31,5200217,UCAP LUMINARIA 70W,,1,LUMINARIA 70W,"Tablas 1 al 392_2025.pdf, pagina 113",5200217
113,SS,1191012,SMAP-CIL-0248-25 SENDERO PEATONAL CL 67 CR 149-31,5200201,UCAP BOMBILLO 70W,,1,BOMBILLO 70W,"Tablas 1 al 392_2025.pdf, pagina 113",5200201
113,SS,1191012,SMAP-CIL-0248-25 SENDERO PEATONAL CL 67 CR 149-31,5200232,"UCAP BRAZO 1"" - 1.5M - 52°/0°",,1,BRAZO 1 - 1.5M - 52°/0°,"Tablas 1 al 392_2025.pdf, pagina 113",5200232
114,SS,1191037,SMAP-0251-25 CL 71 B CR 23 B -61 INT 112,5200231,"UCAP BRAZO 1"" - 0.4M - 0°",1,,BRAZO 1 - 0.4M - 0°,"Tablas 1 al 392_2025.pdf, pagina 114",5200231
114,SS,1191037,SMAP-0251-25 CL 71 B CR 23 B -61 INT 112,5200232,"UCAP BRAZO 1"" - 1.5M - 52°/0°",1,2,BRAZO 1 - 1.5M - 52°/0°,"Tablas 1 al 392_2025.pdf, pagina 114",5200232
114,SS,1191037,SMAP-0251-25 CL 71 B CR 23 B -61 INT 112,5200270,LUM LED (KORELED) 44W,2,,LUM LED KORELED 44W,"Tablas 1 al 392_2025.pdf, pagina 114",5200270
114,SS,1191037,SMAP-0251-25 CL 71 B CR 23 B -61 INT 112,5200464,UCAP CABLE CU ENCAUCHETADO 3X14 CU,34,,CABLE CU ENCAUCHETADO 3X14 CU,"Tablas 1 al 392_2025.pdf, pagina 114",5200464
114,SS,1191037,SMAP-0251-25 CL 71 B CR 23 B -61 INT 112,5200217,UCAP LUMINARIA 70W,,2,LUMINARIA 70W,"Tablas 1 al 392_2025.pdf, pagina 114",5200217
114,SS,1191037,SMAP-0251-25 CL 71 B CR 23 B -61 INT 112,5200201,UCAP BOMBILLO 70W,,2,BOMBILLO 70W,"Tablas 1 al 392_2025.pdf, pagina 114",5200201
114,SS,1191037,SMAP-0251-25 CL 71 B CR 23 B -61 INT 112,5200410,UCAP DUPLEX CU 14 AWG-THW 300V,,30,DUPLEX CU 14 AWG-THW 300V,"Tablas 1 al 392_2025.pdf, pagina 114",5200410
115,SS,1191228,Sendero Peatonal - Antonio Nariño CL 48B CR 107B -29 (INTERIOR 168),5200231,"UCAP BRAZO 1"" - 0.4M - 0°",2,,BRAZO 1 - 0.4M - 0°,"Tablas 1 al 392_2025.pdf, pagina 115",5200231
115,SS,1191228,Sendero Peatonal - Antonio Nariño CL 48B CR 107B -29 (INTERIOR 168),5200270,LUM LED (KORELED) 44W,2,,LUM LED KORELED 44W,"Tablas 1 al 392_2025.pdf, pagina 115",5200270
116,SS,1191527,"Vía vehicular - San Antonio de Prado 6.190473, -75.667021",5200235,"UCAP BRAZO 1 1/2"" - 1.5M - 52°/0°",2,,BRAZO 1 1/2 - 1.5M - 52°/0°,"Tablas 1 al 392_2025.pdf, pagina 116",5200235
116,SS,1191527,"Vía vehicular - San Antonio de Prado 6.190473, -75.667021",5200269,"LUM LED 110,7 (RALED II)",2,,LUM LED 110 7 RALED II,"Tablas 1 al 392_2025.pdf, pagina 116",5200269
116,SS,1191527,"Vía vehicular - San Antonio de Prado 6.190473, -75.667021",5200308,UCAP POSTE CONCRETO OCTOG 8M,1,,POSTE CONCRETO OCTOG 8M,"Tablas 1 al 392_2025.pdf, pagina 116",5200308
116,SS,1191527,"Vía vehicular - San Antonio de Prado 6.190473, -75.667021",5200407,"UCAP TRIPLEX AL 2X4+1X4 XLP,AEREO",20,,TRIPLEX AL 2X4+1X4 XLP AEREO,"Tablas 1 al 392_2025.pdf, pagina 116",5200407
117,SS,1195598,SMAP-0263-25 CL 67 CR 48,5200231,"UCAP BRAZO 1"" - 0.4M - 0°",2,,BRAZO 1 - 0.4M - 0°,"Tablas 1 al 392_2025.pdf, pagina 117",5200231
117,SS,1195598,SMAP-0263-25 CL 67 CR 48,5200270,LUM LED (KORELED) 44W,2,,LUM LED KORELED 44W,"Tablas 1 al 392_2025.pdf, pagina 117",5200270
117,SS,1195598,SMAP-0263-25 CL 67 CR 48,5200419,UCAP POSTE PRFV 8M (ENTERRAR),2,,POSTE PRFV 8M ENTERRAR,"Tablas 1 al 392_2025.pdf, pagina 117",5200419
117,SS,1195598,SMAP-0263-25 CL 67 CR 48,5200464,UCAP CABLE CU ENCAUCHETADO 3X14 CU,24,,CABLE CU ENCAUCHETADO 3X14 CU,"Tablas 1 al 392_2025.pdf, pagina 117",5200464
118,SS,1159547,Sendero peatonal-Las independencias Cll 34 DD # 111 B 27,5200231,"UCAP BRAZO 1"" - 0.4M - 0°",1,1,BRAZO 1 - 0.4M - 0°,"Tablas 1 al 392_2025.pdf, pagina 118",5200231
118,SS,1159547,Sendero peatonal-Las independencias Cll 34 DD # 111 B 27,5200270,LUM LED (KORELED) 44W,1,,LUM LED KORELED 44W,"Tablas 1 al 392_2025.pdf, pagina 118",5200270
118,SS,1159547,Sendero peatonal-Las independencias Cll 34 DD # 111 B 27,5200217,UCAP LUMINARIA 70W,,1,LUMINARIA 70W,"Tablas 1 al 392_2025.pdf, pagina 118",5200217
118,SS,1159547,Sendero peatonal-Las independencias Cll 34 DD # 111 B 27,5200201,UCAP BOMBILLO 70W,,1,BOMBILLO 70W,"Tablas 1 al 392_2025.pdf, pagina 118",5200201
119,SS,203612,"VIA SECUNDARIA, CL 11 B CR 36 B 65",5200206,Luminaria LED 56W Horizontal,3,,LUMINARIA LED 56W HORIZONTAL,"Tablas 1 al 392_2025.pdf, pagina 119",5200206
119,SS,203612,"VIA SECUNDARIA, CL 11 B CR 36 B 65",5200232,"BRAZO 1"" - 1.5m - 52°/0°",3,,BRAZO 1 - 1.5M - 52°/0°,"Tablas 1 al 392_2025.pdf, pagina 119",5200232
119,SS,203612,"VIA SECUNDARIA, CL 11 B CR 36 B 65",5200419,Poste PRFV 8m (Enterrar),3,,POSTE PRFV 8M ENTERRAR,"Tablas 1 al 392_2025.pdf, pagina 119",5200419
119,SS,203612,"VIA SECUNDARIA, CL 11 B CR 36 B 65",5200407,"triplex Al 2x4+1x4 xlp,aereo",42,,TRIPLEX AL 2X4+1X4 XLP AEREO,"Tablas 1 al 392_2025.pdf, pagina 119",5200407
120,SN,730577,PARQUE CL 105 CA CR 48 AA - 77,5200270,LUM LED (KORELED) 44W,2,,LUM LED KORELED 44W,"Tablas 1 al 392_2025.pdf, pagina 120",5200270
120,SN,730577,PARQUE CL 105 CA CR 48 AA - 77,5200232,"BR 1"" - 1.5M - 52°/0°",2,,BR 1 - 1.5M - 52°/0°,"Tablas 1 al 392_2025.pdf, pagina 120",5200232
120,SN,730577,PARQUE CL 105 CA CR 48 AA - 77,5200419,POST PRFV 8M 510KGF,1,,POST PRFV 8M 510KGF,"Tablas 1 al 392_2025.pdf, pagina 120",5200419
120,SN,730577,PARQUE CL 105 CA CR 48 AA - 77,5200464,CABL CU 3X14 (ENCAU),19,,CABL CU 3X14 ENCAU,"Tablas 1 al 392_2025.pdf, pagina 120",5200464
121,SN,757923,"Transversal 53A x carrera 65, Barrio Carlos E Transversal 53A x carrera 65",5200232,"UCAP BRAZO 1"" - 1.5M - 52°/0°",14,4,BRAZO 1 - 1.5M - 52°/0°,"Tablas 1 al 392_2025.pdf, pagina 121",5200232
121,SN,757923,"Transversal 53A x carrera 65, Barrio Carlos E Transversal 53A x carrera 65",5200239,UCAP BRAZO DOBLE CARABOBO,1,3,BRAZO DOBLE CARABOBO,"Tablas 1 al 392_2025.pdf, pagina 121",5200239
121,SN,757923,"Transversal 53A x carrera 65, Barrio Carlos E Transversal 53A x carrera 65",5200270,LUM LED (KORELED) 44W,9,,LUM LED KORELED 44W,"Tablas 1 al 392_2025.pdf, pagina 121",5200270
121,SN,757923,"Transversal 53A x carrera 65, Barrio Carlos E Transversal 53A x carrera 65",5200293,LUM LED (OMEGA II) 64.5W,13,,LUM LED OMEGA II 64.5W,"Tablas 1 al 392_2025.pdf, pagina 121",5200293
121,SN,757923,"Transversal 53A x carrera 65, Barrio Carlos E Transversal 53A x carrera 65",5200301,UCAP POSTE CONCRETO REDONDO 9M.,2,,POSTE CONCRETO REDONDO 9M,"Tablas 1 al 392_2025.pdf, pagina 121",5200301
121,SN,757923,"Transversal 53A x carrera 65, Barrio Carlos E Transversal 53A x carrera 65",5200302,UCAP POSTE CONCRETO CARABOBO 5M,7,3,POSTE CONCRETO CARABOBO 5M,"Tablas 1 al 392_2025.pdf, pagina 121",5200302
121,SN,757923,"Transversal 53A x carrera 65, Barrio Carlos E Transversal 53A x carrera 65",5200308,UCAP POSTE CONCRETO OCTOG 8M,2,,POSTE CONCRETO OCTOG 8M,"Tablas 1 al 392_2025.pdf, pagina 121",5200308
121,SN,757923,"Transversal 53A x carrera 65, Barrio Carlos E Transversal 53A x carrera 65",5200422,CABLE FZA AL 3X6 AWG XLPE 600V 90°C ENTERRADO,57,,CABLE FZA AL 3X6 AWG XLPE 600V 90°C ENTERRADO,"Tablas 1 al 392_2025.pdf, pagina 121",5200422
121,SN,757923,"Transversal 53A x carrera 65, Barrio Carlos E Transversal 53A x carrera 65",5200464,UCAP CABLE CU ENCAUCHETADO 3X14 CU,74,,CABLE CU ENCAUCHETADO 3X14 CU,"Tablas 1 al 392_2025.pdf, pagina 121",5200464
121,SN,757923,"Transversal 53A x carrera 65, Barrio Carlos E Transversal 53A x carrera 65",5200501,UCAP CAJA CONCRETO 50X50 CM,7,,CAJA CONCRETO 50X50 CM,"Tablas 1 al 392_2025.pdf, pagina 121",5200501
121,SN,757923,"Transversal 53A x carrera 65, Barrio Carlos E Transversal 53A x carrera 65",5200238,BRAZO CARABOBO SENCILLO,6,,BRAZO CARABOBO SENCILLO,"Tablas 1 al 392_2025.pdf, pagina 121",5200238
121,SN,757923,"Transversal 53A x carrera 65, Barrio Carlos E Transversal 53A x carrera 65",5200217,UCAP LUMINARIA 70W,,10,LUMINARIA 70W,"Tablas 1 al 392_2025.pdf, pagina 121",5200217
121,SN,757923,"Transversal 53A x carrera 65, Barrio Carlos E Transversal 53A x carrera 65",5200201,UCAP BOMBILLO 70W,,10,BOMBILLO 70W,"Tablas 1 al 392_2025.pdf, pagina 121",5200201
121,SN,757923,"Transversal 53A x carrera 65, Barrio Carlos E Transversal 53A x carrera 65",5200218,UCAP LUMINARIA 150W,,6,LUMINARIA 150W,"Tablas 1 al 392_2025.pdf, pagina 121",5200218
121,SN,757923,"Transversal 53A x carrera 65, Barrio Carlos E Transversal 53A x carrera 65",5200202,UCAP BOMBILLO 150W,,6,BOMBILLO 150W,"Tablas 1 al 392_2025.pdf, pagina 121",5200202
121,SN,757923,"Transversal 53A x carrera 65, Barrio Carlos E Transversal 53A x carrera 65",5200235,"UCAP BRAZO 1 1/2"" - 1.5M - 52°/0°",,6,BRAZO 1 1/2 - 1.5M - 52°/0°,"Tablas 1 al 392_2025.pdf, pagina 121",5200235
122,SN,949429,Cr 88 Cl 77 AC - 25,5200270,LUM LED (KORELED) 44W,12,,LUM LED KORELED 44W,"Tablas 1 al 392_2025.pdf, pagina 122",5200270
122,SN,949429,Cr 88 Cl 77 AC - 25,5200232,"BR 1"" - 1.5M - 52°/0°",12,11,BR 1 - 1.5M - 52°/0°,"Tablas 1 al 392_2025.pdf, pagina 122",5200232
122,SN,949429,Cr 88 Cl 77 AC - 25,5200464,CABL CU 3X14 (ENCAU),16,,CABL CU 3X14 ENCAU,"Tablas 1 al 392_2025.pdf, pagina 122",5200464
122,SN,949429,Cr 88 Cl 77 AC - 25,5200217,RET - LUM 70W,,11,RET - LUM 70W,"Tablas 1 al 392_2025.pdf, pagina 122",5200217
122,SN,949429,Cr 88 Cl 77 AC - 25,5200201,RET - BOMB 70W,,11,RET - BOMB 70W,"Tablas 1 al 392_2025.pdf, pagina 122",5200201
122,SN,949429,Cr 88 Cl 77 AC - 25,5200410,RET - DUPLEX CU 14 AWG,,16,RET - DUPLEX CU 14 AWG,"Tablas 1 al 392_2025.pdf, pagina 122",5200410
123,SN,991750,CR 109 CL 36 - 90 INT 140,5200270,LUM LED (KORELED) 44W,1,,LUM LED KORELED 44W,"Tablas 1 al 392_2025.pdf, pagina 123",5200270
123,SN,991750,CR 109 CL 36 - 90 INT 140,5200231,"BR 1"" - 0.4M - 0°",1,,BR 1 - 0.4M - 0°,"Tablas 1 al 392_2025.pdf, pagina 123",5200231
124,SN,993908,SENDERO PEATONAL CL 32 F CR 65 C 36,5200270,LUM LED (KORELED) 44W,1,,LUM LED KORELED 44W,"Tablas 1 al 392_2025.pdf, pagina 124",5200270
124,SN,993908,SENDERO PEATONAL CL 32 F CR 65 C 36,5200231,"BRAZO 1"" - 0.4m - 0°",1,,BRAZO 1 - 0.4M - 0°,"Tablas 1 al 392_2025.pdf, pagina 124",5200231
125,SN,1053931,Via secundaria CR 85 CL 19A-38,5200270,LUM LED (KORELED) 44W,1,,LUM LED KORELED 44W,"Tablas 1 al 392_2025.pdf, pagina 125",5200270
125,SN,1053931,Via secundaria CR 85 CL 19A-38,5200308,POST CONC 8M 510KGF OCT,1,,POST CONC 8M 510KGF OCT,"Tablas 1 al 392_2025.pdf, pagina 125",5200308
125,SN,1053931,Via secundaria CR 85 CL 19A-38,5200464,CABL CU 3X14 (ENCAU),2221,,CABL CU 3X14 ENCAU,"Tablas 1 al 392_2025.pdf, pagina 125",5200464
125,SN,1053931,Via secundaria CR 85 CL 19A-38,5200232,"BR 1"" - 1.5M - 52°/0°",1,,BR 1 - 1.5M - 52°/0°,"Tablas 1 al 392_2025.pdf, pagina 125",5200232
126,SN,1055671,VIA PRINCIPAL CL 18 CR 93A-13,5200272,LUM LED (SEPIALED II) 128W,1,,LUM LED SEPIALED II 128W,"Tablas 1 al 392_2025.pdf, pagina 126",5200272
126,SN,1055671,VIA PRINCIPAL CL 18 CR 93A-13,5200301,POST CONC 9M 510KGF AP,1,,POST CONC 9M 510KGF AP,"Tablas 1 al 392_2025.pdf, pagina 126",5200301
126,SN,1055671,VIA PRINCIPAL CL 18 CR 93A-13,5200235,"BR 1 1/2"" - 1.5M - 52°/0°",1,,BR 1 1/2 - 1.5M - 52°/0°,"Tablas 1 al 392_2025.pdf, pagina 126",5200235
126,SN,1055671,VIA PRINCIPAL CL 18 CR 93A-13,5200464,CABL CU 3X14 (ENCAU),1280,,CABL CU 3X14 ENCAU,"Tablas 1 al 392_2025.pdf, pagina 126",5200464
127,SN,1059482,SENDERO PEATONAL SOL COMUNIDAD CALLE 34AB N° 118-10,5200270,LUM LED (KORELED) 44W,1,,LUM LED KORELED 44W,"Tablas 1 al 392_2025.pdf, pagina 127",5200270
127,SN,1059482,SENDERO PEATONAL SOL COMUNIDAD CALLE 34AB N° 118-10,5200231,"BR 1"" - 0.4M - 0°",1,,BR 1 - 0.4M - 0°,"Tablas 1 al 392_2025.pdf, pagina 127",5200231
127,SN,1059482,SENDERO PEATONAL SOL COMUNIDAD CALLE 34AB N° 118-10,5200419,POST PRFV 8M 510KGF,1,,POST PRFV 8M 510KGF,"Tablas 1 al 392_2025.pdf, pagina 127",5200419
127,SN,1059482,SENDERO PEATONAL SOL COMUNIDAD CALLE 34AB N° 118-10,5200464,CABL CU 3X14 (ENCAU),4510,,CABL CU 3X14 ENCAU,"Tablas 1 al 392_2025.pdf, pagina 127",5200464
127,SN,1059482,SENDERO PEATONAL SOL COMUNIDAD CALLE 34AB N° 118-10,5200410,Cable cu 14 awg-thw 300v,,16,CABLE CU 14 AWG-THW 300V,"Tablas 1 al 392_2025.pdf, pagina 127",5200410
128,SN,1059488,ANDEN ESCALAS SOL COMUNIDAD CALLE 4C N° 79B 29,5200270,LUM LED (KORELED) 44W,1,,LUM LED KORELED 44W,"Tablas 1 al 392_2025.pdf, pagina 128",5200270
128,SN,1059488,ANDEN ESCALAS SOL COMUNIDAD CALLE 4C N° 79B 29,5200419,POST PRFV 8M 510KGF,1,,POST PRFV 8M 510KGF,"Tablas 1 al 392_2025.pdf, pagina 128",5200419
128,SN,1059488,ANDEN ESCALAS SOL COMUNIDAD CALLE 4C N° 79B 29,5200231,"BR 1"" - 0.4M - 0°",1,,BR 1 - 0.4M - 0°,"Tablas 1 al 392_2025.pdf, pagina 128",5200231
129,SN,1059791,SENDERO PEATONAL CL 66 B CR 91 B - 47 INT 201,5200270,LUM LED (KORELED) 44W,1,,LUM LED KORELED 44W,"Tablas 1 al 392_2025.pdf, pagina 129",5200270
129,SN,1059791,SENDERO PEATONAL CL 66 B CR 91 B - 47 INT 201,5200231,"BR 1"" - 0.4M - 0°",1,,BR 1 - 0.4M - 0°,"Tablas 1 al 392_2025.pdf, pagina 129",5200231
130,SN,1060260,SMAP-DEPI-0173-25 CL 29 CR 43 - 48,5200270,LUM LED (KORELED) 44W,2,,LUM LED KORELED 44W,"Tablas 1 al 392_2025.pdf, pagina 130",5200270
130,SN,1060260,SMAP-DEPI-0173-25 CL 29 CR 43 - 48,5200231,"BR 1"" - 0.4M - 0°",2,2,BR 1 - 0.4M - 0°,"Tablas 1 al 392_2025.pdf, pagina 130",5200231
130,SN,1060260,SMAP-DEPI-0173-25 CL 29 CR 43 - 48,5200419,POST PRFV 8M 510KGF,1,,POST PRFV 8M 510KGF,"Tablas 1 al 392_2025.pdf, pagina 130",5200419
130,SN,1060260,SMAP-DEPI-0173-25 CL 29 CR 43 - 48,5200464,CABL CU 3X14 (ENCAU),5266,,CABL CU 3X14 ENCAU,"Tablas 1 al 392_2025.pdf, pagina 130",5200464
130,SN,1060260,SMAP-DEPI-0173-25 CL 29 CR 43 - 48,5200222,LUM LED (VEGALED) 40W,,2,LUM LED VEGALED 40W,"Tablas 1 al 392_2025.pdf, pagina 130",5200222
131,SN,1060286,SMAP-DEPI-0176-25 CL 45D X CR 14C,5200270,LUM LED (KORELED) 44W,1,,LUM LED KORELED 44W,"Tablas 1 al 392_2025.pdf, pagina 131",5200270
131,SN,1060286,SMAP-DEPI-0176-25 CL 45D X CR 14C,5200232,"BR 1"" - 1.5M - 52°/0°",1,,BR 1 - 1.5M - 52°/0°,"Tablas 1 al 392_2025.pdf, pagina 131",5200232
131,SN,1060286,SMAP-DEPI-0176-25 CL 45D X CR 14C,5200419,Poste PRFV 8m (Enterrar),1,,POSTE PRFV 8M ENTERRAR,"Tablas 1 al 392_2025.pdf, pagina 131",5200419
131,SN,1060286,SMAP-DEPI-0176-25 CL 45D X CR 14C,5200464,Cable Cu encauchetado 3X14 AWG,12,,CABLE CU ENCAUCHETADO 3X14 AWG,"Tablas 1 al 392_2025.pdf, pagina 131",5200464
132,SN,1060295,SENDERO PEATONAL-PARQUE INFANTIL CL 67 CR 43,5200270,LUM LED (KORELED) 44W,2,,LUM LED KORELED 44W,"Tablas 1 al 392_2025.pdf, pagina 132",5200270
132,SN,1060295,SENDERO PEATONAL-PARQUE INFANTIL CL 67 CR 43,5200232,"BR 1"" - 1.5M - 52°/0°",3,,BR 1 - 1.5M - 52°/0°,"Tablas 1 al 392_2025.pdf, pagina 132",5200232
132,SN,1060295,SENDERO PEATONAL-PARQUE INFANTIL CL 67 CR 43,5200419,POST PRFV 8M 510KGF,2,,POST PRFV 8M 510KGF,"Tablas 1 al 392_2025.pdf, pagina 132",5200419
132,SN,1060295,SENDERO PEATONAL-PARQUE INFANTIL CL 67 CR 43,5200293,LUM LED (OMEGA II) 64.5W,1,,LUM LED OMEGA II 64.5W,"Tablas 1 al 392_2025.pdf, pagina 132",5200293
132,SN,1060295,SENDERO PEATONAL-PARQUE INFANTIL CL 67 CR 43,5200464,CABL CU 3X14 (ENCAU),2350,,CABL CU 3X14 ENCAU,"Tablas 1 al 392_2025.pdf, pagina 132",5200464
133,SN,1071103,Callejón Cl 119 Cr 43 AA - 1 Int 120,5200270,LUM LED (KORELED) 44W,1,,LUM LED KORELED 44W,"Tablas 1 al 392_2025.pdf, pagina 133",5200270
133,SN,1071103,Callejón Cl 119 Cr 43 AA - 1 Int 120,5200231,"BR 1"" - 0.4M - 0°",1,,BR 1 - 0.4M - 0°,"Tablas 1 al 392_2025.pdf, pagina 133",5200231
133,SN,1071103,Callejón Cl 119 Cr 43 AA - 1 Int 120,5200464,Cable Cu encauchetado 3X14 AWG,13,,CABLE CU ENCAUCHETADO 3X14 AWG,"Tablas 1 al 392_2025.pdf, pagina 133",5200464
134,SN,1071282,SENDERO PEATONAL -CR 23C- CL 83B-36,5200270,LUM LED (KORELED ) 44W,1,,LUM LED KORELED 44W,"Tablas 1 al 392_2025.pdf, pagina 134",5200270
134,SN,1071282,SENDERO PEATONAL -CR 23C- CL 83B-36,5200231,"BR 1"" - 0.4M - 0°",1,,BR 1 - 0.4M - 0°,"Tablas 1 al 392_2025.pdf, pagina 134",5200231
134,SN,1071282,SENDERO PEATONAL -CR 23C- CL 83B-36,211332,COLLARIN 160MM,1,,COLLARIN 160MM,"Tablas 1 al 392_2025.pdf, pagina 134",211332
134,SN,1071282,SENDERO PEATONAL -CR 23C- CL 83B-36,5200402,ADECUACION SEC RA4-003 TERMINAL,1,,ADECUACION SEC RA4-003 TERMINAL,"Tablas 1 al 392_2025.pdf, pagina 134",5200402
135,SS,191285,"SENDERO PEATONAL, CL 42 CR 80 B 49 INT 702",5200206,Luminaria LED 56W Horizontal,1,,LUMINARIA LED 56W HORIZONTAL,"Tablas 1 al 392_2025.pdf, pagina 135",5200206
135,SS,191285,"SENDERO PEATONAL, CL 42 CR 80 B 49 INT 702",5200231,"BRAZO 1"" - 0.4m - 0°",1,,BRAZO 1 - 0.4M - 0°,"Tablas 1 al 392_2025.pdf, pagina 135",5200231
135,SS,191285,"SENDERO PEATONAL, CL 42 CR 80 B 49 INT 702",5200464,Cable Cu encauchetado 3X14 AWG,1184,,CABLE CU ENCAUCHETADO 3X14 AWG,"Tablas 1 al 392_2025.pdf, pagina 135",5200464
136,SS,226214,"SMAP-UDEA-0408-21, CL 34 AA CR 93 B - 21",5200214,BOMBILLA MH 1000W,,12,BOMBILLA MH 1000W,"Tablas 1 al 392_2025.pdf, pagina 136",5200214
136,SS,226214,"SMAP-UDEA-0408-21, CL 34 AA CR 93 B - 21",5200127,Proy. 1000w.,,12,PROY 1000W,"Tablas 1 al 392_2025.pdf, pagina 136",5200127
136,SS,226214,"SMAP-UDEA-0408-21, CL 34 AA CR 93 B - 21",5200201,BOMBILLA Na 70W,,1,BOMBILLA NA 70W,"Tablas 1 al 392_2025.pdf, pagina 136",5200201
136,SS,226214,"SMAP-UDEA-0408-21, CL 34 AA CR 93 B - 21",5200217,LUMINARIA 70W,,1,LUMINARIA 70W,"Tablas 1 al 392_2025.pdf, pagina 136",5200217
136,SS,226214,"SMAP-UDEA-0408-21, CL 34 AA CR 93 B - 21",5200233,"BRAZO 1"" - 1.5m - 52°/20°",,1,BRAZO 1 - 1.5M - 52°/20°,"Tablas 1 al 392_2025.pdf, pagina 136",5200233
136,SS,226214,"SMAP-UDEA-0408-21, CL 34 AA CR 93 B - 21",5200222,LUMINARIA LED 40W,7,,LUMINARIA LED 40W,"Tablas 1 al 392_2025.pdf, pagina 136",5200222
136,SS,226214,"SMAP-UDEA-0408-21, CL 34 AA CR 93 B - 21",5200232,"BRAZO 1"" - 1.5m - 52°/0°",7,,BRAZO 1 - 1.5M - 52°/0°,"Tablas 1 al 392_2025.pdf, pagina 136",5200232
136,SS,226214,"SMAP-UDEA-0408-21, CL 34 AA CR 93 B - 21",5200419,Poste PRFV 8m (Enterrar),3,,POSTE PRFV 8M ENTERRAR,"Tablas 1 al 392_2025.pdf, pagina 136",5200419
136,SS,226214,"SMAP-UDEA-0408-21, CL 34 AA CR 93 B - 21",5200464,Cable Cu encauchetado 3X14 AWG,24,,CABLE CU ENCAUCHETADO 3X14 AWG,"Tablas 1 al 392_2025.pdf, pagina 136",5200464
136,SS,226214,"SMAP-UDEA-0408-21, CL 34 AA CR 93 B - 21",5200276,PROYEC LED (AREALED II) 212W V-MEDIA,18,,PROYEC LED AREALED II 212W V-MEDIA,"Tablas 1 al 392_2025.pdf, pagina 136",5200276
137,SN,1017980,SENDERO PEATONAL CL 59 C CR 16 D 113,5200270,LUM LED (KORELED) 44W,1,,LUM LED KORELED 44W,"Tablas 1 al 392_2025.pdf, pagina 137",5200270
137,SN,1017980,SENDERO PEATONAL CL 59 C CR 16 D 113,5200231,"BR 1"" - 0.4M - 0°",1,,BR 1 - 0.4M - 0°,"Tablas 1 al 392_2025.pdf, pagina 137",5200231
138,SN,1018608,ANDEN - PLAZOLETA CL 45 E CR 77,5200270,LUM LED (KORELED) 44W,2,,LUM LED KORELED 44W,"Tablas 1 al 392_2025.pdf, pagina 138",5200270
138,SN,1018608,ANDEN - PLAZOLETA CL 45 E CR 77,5200232,"BR 1"" - 1.5M - 52°/0°",3,,BR 1 - 1.5M - 52°/0°,"Tablas 1 al 392_2025.pdf, pagina 138",5200232
138,SN,1018608,ANDEN - PLAZOLETA CL 45 E CR 77,5200206,LUM LED ROY ALPHA (OMEGA II) 56W SMD,1,,LUM LED ROY ALPHA OMEGA II 56W SMD,"Tablas 1 al 392_2025.pdf, pagina 138",5200206
138,SN,1018608,ANDEN - PLAZOLETA CL 45 E CR 77,5200419,POST PRFV 8M 510KGF,1,,POST PRFV 8M 510KGF,"Tablas 1 al 392_2025.pdf, pagina 138",5200419
138,SN,1018608,ANDEN - PLAZOLETA CL 45 E CR 77,5200464,CABL CU 3X14 (ENCAU),11,,CABL CU 3X14 ENCAU,"Tablas 1 al 392_2025.pdf, pagina 138",5200464
139,SN,1018625,VIA CL 30 AA CR 81 A-17,5200270,LUM LED (KORELED) 44W,2,,LUM LED KORELED 44W,"Tablas 1 al 392_2025.pdf, pagina 139",5200270
139,SN,1018625,VIA CL 30 AA CR 81 A-17,5200232,"BR 1"" - 1.5M - 52°/0°",2,,BR 1 - 1.5M - 52°/0°,"Tablas 1 al 392_2025.pdf, pagina 139",5200232
139,SN,1018625,VIA CL 30 AA CR 81 A-17,5200308,POST CONC 8M 510KGF OCT,2,,POST CONC 8M 510KGF OCT,"Tablas 1 al 392_2025.pdf, pagina 139",5200308
139,SN,1018625,VIA CL 30 AA CR 81 A-17,5200464,CABL CU 3X14 (ENCAU),32,,CABL CU 3X14 ENCAU,"Tablas 1 al 392_2025.pdf, pagina 139",5200464
140,SN,1018657,SENDERO PEATONAL CL 45 D CR 75-15,5200270,LUM LED (KORELED) 44W,1,,LUM LED KORELED 44W,"Tablas 1 al 392_2025.pdf, pagina 140",5200270
140,SN,1018657,SENDERO PEATONAL CL 45 D CR 75-15,5200238,BRAZO SENCILLO CARABOBO,1,,BRAZO SENCILLO CARABOBO,"Tablas 1 al 392_2025.pdf, pagina 140",5200238
140,SN,1018657,SENDERO PEATONAL CL 45 D CR 75-15,5200302,POST CONC 5M 350KGF CAR,1,,POST CONC 5M 350KGF CAR,"Tablas 1 al 392_2025.pdf, pagina 140",5200302
140,SN,1018657,SENDERO PEATONAL CL 45 D CR 75-15,5200411,CABL CU 3X8 ENTERR ZONA VER,11,,CABL CU 3X8 ENTERR ZONA VER,"Tablas 1 al 392_2025.pdf, pagina 140",5200411
140,SN,1018657,SENDERO PEATONAL CL 45 D CR 75-15,5200501,CAJ CONC 50X50 CM (CON TAPA),1,,CAJ CONC 50X50 CM CON TAPA,"Tablas 1 al 392_2025.pdf, pagina 140",5200501
141,SN,1021679,SENDERO PEATONAL CL 48 D CR 68 -20,5200270,LUM LED (KORELED) 44W,1,,LUM LED KORELED 44W,"Tablas 1 al 392_2025.pdf, pagina 141",5200270
141,SN,1021679,SENDERO PEATONAL CL 48 D CR 68 -20,5200231,"BR 1"" - 0.4M - 0°",1,,BR 1 - 0.4M - 0°,"Tablas 1 al 392_2025.pdf, pagina 141",5200231
142,SS,1026325,"EDIFICIO 4A Y 4B - 13 DE NOVIEMBRE , Calle 56 FB con Calle 18E",5200270,LUM LED (KORELED) 44W,6,3,LUM LED KORELED 44W,"Tablas 1 al 392_2025.pdf, pagina 142",5200270
142,SS,1026325,"EDIFICIO 4A Y 4B - 13 DE NOVIEMBRE , Calle 56 FB con Calle 18E",5200293,"LUM LED DE 64,5W",1,,LUM LED DE 64 5W,"Tablas 1 al 392_2025.pdf, pagina 142",5200293
142,SS,1026325,"EDIFICIO 4A Y 4B - 13 DE NOVIEMBRE , Calle 56 FB con Calle 18E",5200232,"BRAZO 1"" - 1.5m - 52°/0°",7,2,BRAZO 1 - 1.5M - 52°/0°,"Tablas 1 al 392_2025.pdf, pagina 142",5200232
142,SS,1026325,"EDIFICIO 4A Y 4B - 13 DE NOVIEMBRE , Calle 56 FB con Calle 18E",5200464,Cable Cu encauchetado 3X14 AWG,44,,CABLE CU ENCAUCHETADO 3X14 AWG,"Tablas 1 al 392_2025.pdf, pagina 142",5200464
142,SS,1026325,"EDIFICIO 4A Y 4B - 13 DE NOVIEMBRE , Calle 56 FB con Calle 18E",5020117,Poste PRFV 9m (Enterrar),1,,POSTE PRFV 9M ENTERRAR,"Tablas 1 al 392_2025.pdf, pagina 142",5020117
142,SS,1026325,"EDIFICIO 4A Y 4B - 13 DE NOVIEMBRE , Calle 56 FB con Calle 18E",5200419,Poste PRFV 8m (Enterrar),1,,POSTE PRFV 8M ENTERRAR,"Tablas 1 al 392_2025.pdf, pagina 142",5200419
143,SN,1026728,VIA SECUNDARIA CR 79 A CL 53 A,5200256,LUM LED (OMEGA) 50W,,1,LUM LED OMEGA 50W,"Tablas 1 al 392_2025.pdf, pagina 143",5200256
143,SN,1026728,VIA SECUNDARIA CR 79 A CL 53 A,5200270,LUM LED (KORELED) 44W,1,,LUM LED KORELED 44W,"Tablas 1 al 392_2025.pdf, pagina 143",5200270
143,SN,1026728,VIA SECUNDARIA CR 79 A CL 53 A,5200293,LUM LED (OMEGA II) 64.5W,1,,LUM LED OMEGA II 64.5W,"Tablas 1 al 392_2025.pdf, pagina 143",5200293
143,SN,1026728,VIA SECUNDARIA CR 79 A CL 53 A,5200232,"BR 1"" - 1.5M - 52°/0°",,1,BR 1 - 1.5M - 52°/0°,"Tablas 1 al 392_2025.pdf, pagina 143",5200232
143,SN,1026728,VIA SECUNDARIA CR 79 A CL 53 A,5200243,BR RECTO 4500M,1,,BR RECTO 4500M,"Tablas 1 al 392_2025.pdf, pagina 143",5200243
143,SN,1026728,VIA SECUNDARIA CR 79 A CL 53 A,5200231,"BR 1"" - 0.4M - 0°",1,,BR 1 - 0.4M - 0°,"Tablas 1 al 392_2025.pdf, pagina 143",5200231
144,SN,1026742,SENDERO PEATONAL CL 47 A CR 93,5200270,LUM LED (KORELED) 44W,1,,LUM LED KORELED 44W,"Tablas 1 al 392_2025.pdf, pagina 144",5200270
144,SN,1026742,SENDERO PEATONAL CL 47 A CR 93,5200231,"BR 1"" - 0.4M - 0°",1,,BR 1 - 0.4M - 0°,"Tablas 1 al 392_2025.pdf, pagina 144",5200231
144,SN,1026742,SENDERO PEATONAL CL 47 A CR 93,5200419,POST PRFV 8M 510KGF,1,,POST PRFV 8M 510KGF,"Tablas 1 al 392_2025.pdf, pagina 144",5200419
144,SN,1026742,SENDERO PEATONAL CL 47 A CR 93,5200464,CABL CU 3X14 (ENCAU),8,,CABL CU 3X14 ENCAU,"Tablas 1 al 392_2025.pdf, pagina 144",5200464
144,SN,1026742,SENDERO PEATONAL CL 47 A CR 93,5010132,PROYEC LED (ACROLED) 40W ASIME,2,,PROYEC LED ACROLED 40W ASIME,"Tablas 1 al 392_2025.pdf, pagina 144",5010132
144,SN,1026742,SENDERO PEATONAL CL 47 A CR 93,5200219,LUM 250W,,2,LUM 250W,"Tablas 1 al 392_2025.pdf, pagina 144",5200219
144,SN,1026742,SENDERO PEATONAL CL 47 A CR 93,5200203,BOMB 250W,,2,BOMB 250W,"Tablas 1 al 392_2025.pdf, pagina 144",5200203
145,SN,1027051,VÍA CL 32 F CR 69-11,5020117,POST PRFV 9M 350KGF AP,1,,POST PRFV 9M 350KGF AP,"Tablas 1 al 392_2025.pdf, pagina 145",5020117
145,SN,1027051,VÍA CL 32 F CR 69-11,5200464,CABL CU 3X14 (ENCAU),12,,CABL CU 3X14 ENCAU,"Tablas 1 al 392_2025.pdf, pagina 145",5200464
145,SN,1027051,VÍA CL 32 F CR 69-11,5200207,LUM LED (OMEGA II) 110W,1,1,LUM LED OMEGA II 110W,"Tablas 1 al 392_2025.pdf, pagina 145",5200207
145,SN,1027051,VÍA CL 32 F CR 69-11,5200232,"BR 1"" - 1.5M - 52°/0°",1,1,BR 1 - 1.5M - 52°/0°,"Tablas 1 al 392_2025.pdf, pagina 145",5200232
146,SN,1027052,SMAP-DEPI-0143-25 CL 41 CR 25 A 40,R5200217,RET - LUM 70W,,1,RET - LUM 70W,"Tablas 1 al 392_2025.pdf, pagina 146",R5200217
146,SN,1027052,SMAP-DEPI-0143-25 CL 41 CR 25 A 40,5200293,LUM LED (OMEGA II) 64.5W,1,,LUM LED OMEGA II 64.5W,"Tablas 1 al 392_2025.pdf, pagina 146",5200293
146,SN,1027052,SMAP-DEPI-0143-25 CL 41 CR 25 A 40,R5200201,RET - BOMB 70W,,1,RET - BOMB 70W,"Tablas 1 al 392_2025.pdf, pagina 146",R5200201
146,SN,1027052,SMAP-DEPI-0143-25 CL 41 CR 25 A 40,5200233,"BR 1"" - 1.5M - 52°/20°",,1,BR 1 - 1.5M - 52°/20°,"Tablas 1 al 392_2025.pdf, pagina 146",5200233
146,SN,1027052,SMAP-DEPI-0143-25 CL 41 CR 25 A 40,5200235,"BR 1 1/2"" - 1.5M - 52°/0°",1,,BR 1 1/2 - 1.5M - 52°/0°,"Tablas 1 al 392_2025.pdf, pagina 146",5200235
147,SN,1027054,ANDEN CL 51 CR 37,5200270,LUM LED (KORELED) 44W,1,,LUM LED KORELED 44W,"Tablas 1 al 392_2025.pdf, pagina 147",5200270
147,SN,1027054,ANDEN CL 51 CR 37,5200231,"BR 1"" - 0.4M - 0°",1,,BR 1 - 0.4M - 0°,"Tablas 1 al 392_2025.pdf, pagina 147",5200231
147,SN,1027054,ANDEN CL 51 CR 37,5200217,LUM 70W,,1,LUM 70W,"Tablas 1 al 392_2025.pdf, pagina 147",5200217
147,SN,1027054,ANDEN CL 51 CR 37,5200201,BOMB 70W,,1,BOMB 70W,"Tablas 1 al 392_2025.pdf, pagina 147",5200201
147,SN,1027054,ANDEN CL 51 CR 37,5200232,"BR 1"" - 1.5M - 52°/0°",,1,BR 1 - 1.5M - 52°/0°,"Tablas 1 al 392_2025.pdf, pagina 147",5200232
148,SN,1027075,VÍA - ANDEN CL 47 DD CR 82 A,5200270,LUM LED (KORELED) 44W,1,,LUM LED KORELED 44W,"Tablas 1 al 392_2025.pdf, pagina 148",5200270
148,SN,1027075,VÍA - ANDEN CL 47 DD CR 82 A,5200231,"BR 1"" - 0.4M - 0°",1,,BR 1 - 0.4M - 0°,"Tablas 1 al 392_2025.pdf, pagina 148",5200231
148,SN,1027075,VÍA - ANDEN CL 47 DD CR 82 A,5200272,LUM LED (SEPIALED II) 128W,1,,LUM LED SEPIALED II 128W,"Tablas 1 al 392_2025.pdf, pagina 148",5200272
148,SN,1027075,VÍA - ANDEN CL 47 DD CR 82 A,5200243,BR RECTO 4500M,2,,BR RECTO 4500M,"Tablas 1 al 392_2025.pdf, pagina 148",5200243
148,SN,1027075,VÍA - ANDEN CL 47 DD CR 82 A,5200235,"R 1 1/2"" - 1.5M - 52°/0°",,1,R 1 1/2 - 1.5M - 52°/0°,"Tablas 1 al 392_2025.pdf, pagina 148",5200235
149,SN,1028453,SENDERO PEATONAL CR 33 C CL 34 - 56,5200270,LUM LED (KORELED) 44W,1,,LUM LED KORELED 44W,"Tablas 1 al 392_2025.pdf, pagina 149",5200270
149,SN,1028453,SENDERO PEATONAL CR 33 C CL 34 - 56,5200231,"BR 1"" - 0.4M - 0°",1,,BR 1 - 0.4M - 0°,"Tablas 1 al 392_2025.pdf, pagina 149",5200231
150,SN,1029387,SENDEROS CR 88 CL 27 - 81,5200270,LUM LED (KORELED) 44W,2,,LUM LED KORELED 44W,"Tablas 1 al 392_2025.pdf, pagina 150",5200270
150,SN,1029387,SENDEROS CR 88 CL 27 - 81,5200232,"BR 1"" - 1.5M - 52°/0°",2,2,BR 1 - 1.5M - 52°/0°,"Tablas 1 al 392_2025.pdf, pagina 150",5200232
150,SN,1029387,SENDEROS CR 88 CL 27 - 81,5200464,CABL CU 3X14 (ENCAU,22,,CABL CU 3X14 ENCAU,"Tablas 1 al 392_2025.pdf, pagina 150",5200464
150,SN,1029387,SENDEROS CR 88 CL 27 - 81,5200218,LUM 150W,,2,LUM 150W,"Tablas 1 al 392_2025.pdf, pagina 150",5200218
150,SN,1029387,SENDEROS CR 88 CL 27 - 81,5200202,BOMB 150W,,2,BOMB 150W,"Tablas 1 al 392_2025.pdf, pagina 150",5200202
150,SN,1029387,SENDEROS CR 88 CL 27 - 81,5200410,DUPLEX CU 14 AWG,,22,DUPLEX CU 14 AWG,"Tablas 1 al 392_2025.pdf, pagina 150",5200410
151,SN,1030281,SENDERO PEATONAL CR 25 B CL 18 A SUR 56 INT 371,5200270,LUM LED (KORELED) 44W,2,1,LUM LED KORELED 44W,"Tablas 1 al 392_2025.pdf, pagina 151",5200270
151,SN,1030281,SENDERO PEATONAL CR 25 B CL 18 A SUR 56 INT 371,5200231,"BR 1"" - 0.4M - 0°",1,,BR 1 - 0.4M - 0°,"Tablas 1 al 392_2025.pdf, pagina 151",5200231
151,SN,1030281,SENDERO PEATONAL CR 25 B CL 18 A SUR 56 INT 371,5200232,"BR 1"" - 1.5M - 52°/0°",1,1,BR 1 - 1.5M - 52°/0°,"Tablas 1 al 392_2025.pdf, pagina 151",5200232
151,SN,1030281,SENDERO PEATONAL CR 25 B CL 18 A SUR 56 INT 371,5200419,POST PRFV 8M 510KGF,2,,POST PRFV 8M 510KGF,"Tablas 1 al 392_2025.pdf, pagina 151",5200419
151,SN,1030281,SENDERO PEATONAL CR 25 B CL 18 A SUR 56 INT 371,R5200306,RET - POST MAD 8M 510KGF,,1,RET - POST MAD 8M 510KGF,"Tablas 1 al 392_2025.pdf, pagina 151",R5200306
151,SN,1030281,SENDERO PEATONAL CR 25 B CL 18 A SUR 56 INT 371,5200464,CABL CU 3X14 (ENCAU),12,,CABL CU 3X14 ENCAU,"Tablas 1 al 392_2025.pdf, pagina 151",5200464
152,SN,1038205,SMAP-DEPI-0158-25 CR 70 B CL 44 B,5200270,LUM LED (KORELED) 44W,3,,LUM LED KORELED 44W,"Tablas 1 al 392_2025.pdf, pagina 152",5200270
152,SN,1038205,SMAP-DEPI-0158-25 CR 70 B CL 44 B,5200231,"BR 1"" - 0.4M - 0°",3,,BR 1 - 0.4M - 0°,"Tablas 1 al 392_2025.pdf, pagina 152",5200231
152,SN,1038205,SMAP-DEPI-0158-25 CR 70 B CL 44 B,5200419,POST PRFV 8M 510KGF,3,,POST PRFV 8M 510KGF,"Tablas 1 al 392_2025.pdf, pagina 152",5200419
152,SN,1038205,SMAP-DEPI-0158-25 CR 70 B CL 44 B,5200464,CABL CU 3X14 (ENCAU),44,,CABL CU 3X14 ENCAU,"Tablas 1 al 392_2025.pdf, pagina 152",5200464
153,SN,1038236,VÍA CR 88 A CL 34 B-08,5200272,LUM LED (SEPIALED II) 128W,2,,LUM LED SEPIALED II 128W,"Tablas 1 al 392_2025.pdf, pagina 153",5200272
153,SN,1038236,VÍA CR 88 A CL 34 B-08,5200308,POST CONC 8M 510KGF OCT,1,,POST CONC 8M 510KGF OCT,"Tablas 1 al 392_2025.pdf, pagina 153",5200308
153,SN,1038236,VÍA CR 88 A CL 34 B-08,5200235,"BR 1 1/2"" - 1.5M - 52°/0°",2,,BR 1 1/2 - 1.5M - 52°/0°,"Tablas 1 al 392_2025.pdf, pagina 153",5200235
153,SN,1038236,VÍA CR 88 A CL 34 B-08,5200464,CABL CU 3X14 (ENCAU),17,,CABL CU 3X14 ENCAU,"Tablas 1 al 392_2025.pdf, pagina 153",5200464
154,SN,1040217,ANDEN CL 33 CR 65 B -05,5200270,LUM LED (KORELED) 44W,1,,LUM LED KORELED 44W,"Tablas 1 al 392_2025.pdf, pagina 154",5200270
154,SN,1040217,ANDEN CL 33 CR 65 B -05,5200231,"BR 1"" - 0.4M - 0°",1,,BR 1 - 0.4M - 0°,"Tablas 1 al 392_2025.pdf, pagina 154",5200231
155,SN,1040286,SENDERO PEATONAL CL 49 CR 12 - 19,5200270,LUM LED (KORELED) 44W,2,,LUM LED KORELED 44W,"Tablas 1 al 392_2025.pdf, pagina 155",5200270
155,SN,1040286,SENDERO PEATONAL CL 49 CR 12 - 19,5200231,"BR 1"" - 0.4M - 0°",1,,BR 1 - 0.4M - 0°,"Tablas 1 al 392_2025.pdf, pagina 155",5200231
155,SN,1040286,SENDERO PEATONAL CL 49 CR 12 - 19,5200232,"BR 1"" - 1.5M - 52°/0°",1,,BR 1 - 1.5M - 52°/0°,"Tablas 1 al 392_2025.pdf, pagina 155",5200232
155,SN,1040286,SENDERO PEATONAL CL 49 CR 12 - 19,5200464,CABL CU 3X14 (ENCAU),1153,,CABL CU 3X14 ENCAU,"Tablas 1 al 392_2025.pdf, pagina 155",5200464
156,SN,1001566,VIA SECUNDARIA CL 63 CR 139 - 45,5200270,LUM LED (KORELED) 44W,3,,LUM LED KORELED 44W,"Tablas 1 al 392_2025.pdf, pagina 156",5200270
156,SN,1001566,VIA SECUNDARIA CL 63 CR 139 - 45,5200232,"BR 1"" - 1.5M - 52°/0°",3,,BR 1 - 1.5M - 52°/0°,"Tablas 1 al 392_2025.pdf, pagina 156",5200232
156,SN,1001566,VIA SECUNDARIA CL 63 CR 139 - 45,5200464,CABL CU 3X14 (ENCAU),25,,CABL CU 3X14 ENCAU,"Tablas 1 al 392_2025.pdf, pagina 156",5200464
157,SN,1007396,VÍA- SENDERO PEATONAL CL 30 A CR 83-25,5200270,LUM LED (KORELED) 44W,3,,LUM LED KORELED 44W,"Tablas 1 al 392_2025.pdf, pagina 157",5200270
157,SN,1007396,VÍA- SENDERO PEATONAL CL 30 A CR 83-25,5200241,BR CURVO 3000M,3,,BR CURVO 3000M,"Tablas 1 al 392_2025.pdf, pagina 157",5200241
157,SN,1007396,VÍA- SENDERO PEATONAL CL 30 A CR 83-25,5200231,"BR 1"" - 0.4M - 0°",3,,BR 1 - 0.4M - 0°,"Tablas 1 al 392_2025.pdf, pagina 157",5200231
157,SN,1007396,VÍA- SENDERO PEATONAL CL 30 A CR 83-25,5200232,"BR 1"" - 1.5M - 52°/0°",,3,BR 1 - 1.5M - 52°/0°,"Tablas 1 al 392_2025.pdf, pagina 157",5200232
158,SN,1011744,PLAZA BOTERO CALLE 53 x CARRERA 52,5200232,"UCAP BRAZO 1"" - 1.5M - 52°/0°",21,,BRAZO 1 - 1.5M - 52°/0°,"Tablas 1 al 392_2025.pdf, pagina 158",5200232
158,SN,1011744,PLAZA BOTERO CALLE 53 x CARRERA 52,5200270,LUM LED (KORELED) 44W,21,,LUM LED KORELED 44W,"Tablas 1 al 392_2025.pdf, pagina 158",5200270
158,SN,1011744,PLAZA BOTERO CALLE 53 x CARRERA 52,5200419,UCAP POSTE PRFV 8M (ENTERRAR),1,,POSTE PRFV 8M ENTERRAR,"Tablas 1 al 392_2025.pdf, pagina 158",5200419
158,SN,1011744,PLAZA BOTERO CALLE 53 x CARRERA 52,5200422,CABLE FZA AL 3X6 AWG XLPE 600V 90°C ENTERRADO,9,,CABLE FZA AL 3X6 AWG XLPE 600V 90°C ENTERRADO,"Tablas 1 al 392_2025.pdf, pagina 158",5200422
158,SN,1011744,PLAZA BOTERO CALLE 53 x CARRERA 52,5200502,UCAP CAJA CONCRETO DIRECTAMENTE ENT,1,,CAJA CONCRETO DIRECTAMENTE ENT,"Tablas 1 al 392_2025.pdf, pagina 158",5200502
158,SN,1011744,PLAZA BOTERO CALLE 53 x CARRERA 52,5200237,UCAP BRAZO CURVO - 1.5M - 0°,,15,BRAZO CURVO - 1.5M - 0°,"Tablas 1 al 392_2025.pdf, pagina 158",5200237
158,SN,1011744,PLAZA BOTERO CALLE 53 x CARRERA 52,5200226,UCAP LUMINARIA LED 151W,,15,LUMINARIA LED 151W,"Tablas 1 al 392_2025.pdf, pagina 158",5200226
159,SN,1020973,CANCHA- SENDERO PEATONAL CL 57 CR 127-87 (INT 115),5200306,POST MAD 8M 510KGF,,23,POST MAD 8M 510KGF,"Tablas 1 al 392_2025.pdf, pagina 159",5200306
159,SN,1020973,CANCHA- SENDERO PEATONAL CL 57 CR 127-87 (INT 115),5200219,LUM 250W,,34,LUM 250W,"Tablas 1 al 392_2025.pdf, pagina 159",5200219
159,SN,1020973,CANCHA- SENDERO PEATONAL CL 57 CR 127-87 (INT 115),5200203,BOMB 250W,,43,BOMB 250W,"Tablas 1 al 392_2025.pdf, pagina 159",5200203
159,SN,1020973,CANCHA- SENDERO PEATONAL CL 57 CR 127-87 (INT 115),5200217,LUM 70W,,2,LUM 70W,"Tablas 1 al 392_2025.pdf, pagina 159",5200217
159,SN,1020973,CANCHA- SENDERO PEATONAL CL 57 CR 127-87 (INT 115),5200201,BOMB 70W,,2,BOMB 70W,"Tablas 1 al 392_2025.pdf, pagina 159",5200201
159,SN,1020973,CANCHA- SENDERO PEATONAL CL 57 CR 127-87 (INT 115),5200236,"BR 1 1/2"" - 1.5M - 52°/20°",,34,BR 1 1/2 - 1.5M - 52°/20°,"Tablas 1 al 392_2025.pdf, pagina 159",5200236
159,SN,1020973,CANCHA- SENDERO PEATONAL CL 57 CR 127-87 (INT 115),5200233,"BR 1"" - 1.5M - 52°/20°",,1,BR 1 - 1.5M - 52°/20°,"Tablas 1 al 392_2025.pdf, pagina 159",5200233
159,SN,1020973,CANCHA- SENDERO PEATONAL CL 57 CR 127-87 (INT 115),5200231,"BR 1"" - 0.4M - 0",1,1,BR 1 - 0.4M - 0,"Tablas 1 al 392_2025.pdf, pagina 159",5200231
159,SN,1020973,CANCHA- SENDERO PEATONAL CL 57 CR 127-87 (INT 115),5200270,LUM LED (KORELED) 44W,1,,LUM LED KORELED 44W,"Tablas 1 al 392_2025.pdf, pagina 159",5200270
159,SN,1020973,CANCHA- SENDERO PEATONAL CL 57 CR 127-87 (INT 115),5200464,CABL CU 3X14 (ENCAU),,15,CABL CU 3X14 ENCAU,"Tablas 1 al 392_2025.pdf, pagina 159",5200464
160,SN,1025837,CR 55 CL 96 - 57,5200270,LUM LED (KORELED) 44W,3,,LUM LED KORELED 44W,"Tablas 1 al 392_2025.pdf, pagina 160",5200270
160,SN,1025837,CR 55 CL 96 - 57,5200231,"BR 1"" - 0.4M - 0°",3,3,BR 1 - 0.4M - 0°,"Tablas 1 al 392_2025.pdf, pagina 160",5200231
160,SN,1025837,CR 55 CL 96 - 57,5200464,CABL CU 3X14 (ENCAU),1398,,CABL CU 3X14 ENCAU,"Tablas 1 al 392_2025.pdf, pagina 160",5200464
160,SN,1025837,CR 55 CL 96 - 57,5200217,RET - LUM 70W,,3,RET - LUM 70W,"Tablas 1 al 392_2025.pdf, pagina 160",5200217
160,SN,1025837,CR 55 CL 96 - 57,5200201,RET - BOMB 70W,,3,RET - BOMB 70W,"Tablas 1 al 392_2025.pdf, pagina 160",5200201
160,SN,1025837,CR 55 CL 96 - 57,5200410,RET - DUPLEX CU 14 AWG,,1740,RET - DUPLEX CU 14 AWG,"Tablas 1 al 392_2025.pdf, pagina 160",5200410
161,SN,1026219,VIA SECUNDARIA CR 42 CL 1 SUR 63,5200270,LUM LED (KORELED) 44W,1,1,LUM LED KORELED 44W,"Tablas 1 al 392_2025.pdf, pagina 161",5200270
161,SN,1026219,VIA SECUNDARIA CR 42 CL 1 SUR 63,5200232,"BR 1"" - 1.5M - 52°/0°",1,1,BR 1 - 1.5M - 52°/0°,"Tablas 1 al 392_2025.pdf, pagina 161",5200232
161,SN,1026219,VIA SECUNDARIA CR 42 CL 1 SUR 63,5200464,CABL CU 3X14 (ENCAU),9,,CABL CU 3X14 ENCAU,"Tablas 1 al 392_2025.pdf, pagina 161",5200464
161,SN,1026219,VIA SECUNDARIA CR 42 CL 1 SUR 63,5200419,POST PRFV 8M 510KGF,1,,POST PRFV 8M 510KGF,"Tablas 1 al 392_2025.pdf, pagina 161",5200419
162,SN,1026316,SMAP-DEPI-0134-25 CR 69 CL 44,5200270,LUM LED (KORELED) 44W,2,,LUM LED KORELED 44W,"Tablas 1 al 392_2025.pdf, pagina 162",5200270
162,SN,1026316,SMAP-DEPI-0134-25 CR 69 CL 44,5200231,"BR 1"" - 0.4M - 0°",2,,BR 1 - 0.4M - 0°,"Tablas 1 al 392_2025.pdf, pagina 162",5200231
162,SN,1026316,SMAP-DEPI-0134-25 CR 69 CL 44,5200419,POST PRFV 8M 510KGF,2,,POST PRFV 8M 510KGF,"Tablas 1 al 392_2025.pdf, pagina 162",5200419
162,SN,1026316,SMAP-DEPI-0134-25 CR 69 CL 44,5200464,CABL CU 3X14 (ENCAU),21,,CABL CU 3X14 ENCAU,"Tablas 1 al 392_2025.pdf, pagina 162",5200464
163,SN,1026347,EDIFICIO 2 -13 DE NOVIEMBRE - SN 21094328 Calle 56 FB # 20 - 24,5200231,"UCAP BRAZO 1"" - 0.4M - 0°",1,1,BRAZO 1 - 0.4M - 0°,"Tablas 1 al 392_2025.pdf, pagina 163",5200231
163,SN,1026347,EDIFICIO 2 -13 DE NOVIEMBRE - SN 21094328 Calle 56 FB # 20 - 24,5200232,"UCAP BRAZO 1"" - 1.5M - 52°/0°",5,1,BRAZO 1 - 1.5M - 52°/0°,"Tablas 1 al 392_2025.pdf, pagina 163",5200232
163,SN,1026347,EDIFICIO 2 -13 DE NOVIEMBRE - SN 21094328 Calle 56 FB # 20 - 24,5200270,LUM LED (KORELED) 44W,6,2,LUM LED KORELED 44W,"Tablas 1 al 392_2025.pdf, pagina 163",5200270
163,SN,1026347,EDIFICIO 2 -13 DE NOVIEMBRE - SN 21094328 Calle 56 FB # 20 - 24,5200407,"UCAP TRIPLEX AL 2X4+1X4 XLP,AEREO",61,,TRIPLEX AL 2X4+1X4 XLP AEREO,"Tablas 1 al 392_2025.pdf, pagina 163",5200407
163,SN,1026347,EDIFICIO 2 -13 DE NOVIEMBRE - SN 21094328 Calle 56 FB # 20 - 24,5200419,UCAP POSTE PRFV 8M (ENTERRAR),3,,POSTE PRFV 8M ENTERRAR,"Tablas 1 al 392_2025.pdf, pagina 163",5200419
164,SN,1026647,SMAP-DEPI-0135-25 CL 44 A CR 75,5200270,LUM LED (KORELED) 44W,1,,LUM LED KORELED 44W,"Tablas 1 al 392_2025.pdf, pagina 164",5200270
164,SN,1026647,SMAP-DEPI-0135-25 CL 44 A CR 75,5200231,"BR 1"" - 0.4M - 0°",1,,BR 1 - 0.4M - 0°,"Tablas 1 al 392_2025.pdf, pagina 164",5200231
164,SN,1026647,SMAP-DEPI-0135-25 CL 44 A CR 75,5200419,POST PRFV 8M 510KGF,1,,POST PRFV 8M 510KGF,"Tablas 1 al 392_2025.pdf, pagina 164",5200419
164,SN,1026647,SMAP-DEPI-0135-25 CL 44 A CR 75,5200464,CABL CU 3X14 (ENCAU),8,,CABL CU 3X14 ENCAU,"Tablas 1 al 392_2025.pdf, pagina 164",5200464
165,SN,1026659,SMAP-DEPI-0136-25 CL 49 B CR 67 B,5200270,LUM LED (KORELED) 44W,1,,LUM LED KORELED 44W,"Tablas 1 al 392_2025.pdf, pagina 165",5200270
165,SN,1026659,SMAP-DEPI-0136-25 CL 49 B CR 67 B,5200231,"BR 1"" - 0.4M - 0°",1,,BR 1 - 0.4M - 0°,"Tablas 1 al 392_2025.pdf, pagina 165",5200231
165,SN,1026659,SMAP-DEPI-0136-25 CL 49 B CR 67 B,5200419,POST PRFV 8M 510KGF,1,,POST PRFV 8M 510KGF,"Tablas 1 al 392_2025.pdf, pagina 165",5200419
165,SN,1026659,SMAP-DEPI-0136-25 CL 49 B CR 67 B,5200464,CABL CU 3X14 (ENCAU),16,,CABL CU 3X14 ENCAU,"Tablas 1 al 392_2025.pdf, pagina 165",5200464
166,SN,1026673,SMAP-DEPI-0137-25 CR 69 CL 51,5200270,LUM LED (KORELED) 44W,2,,LUM LED KORELED 44W,"Tablas 1 al 392_2025.pdf, pagina 166",5200270
166,SN,1026673,SMAP-DEPI-0137-25 CR 69 CL 51,5200231,"BR 1"" - 0.4M - 0°",12,,BR 1 - 0.4M - 0°,"Tablas 1 al 392_2025.pdf, pagina 166",5200231
166,SN,1026673,SMAP-DEPI-0137-25 CR 69 CL 51,5200232,"BR 1"" - 1.5M - 52°/0°",1,1,BR 1 - 1.5M - 52°/0°,"Tablas 1 al 392_2025.pdf, pagina 166",5200232
166,SN,1026673,SMAP-DEPI-0137-25 CR 69 CL 51,5200419,POST PRFV 8M 510KGF,1,,POST PRFV 8M 510KGF,"Tablas 1 al 392_2025.pdf, pagina 166",5200419
166,SN,1026673,SMAP-DEPI-0137-25 CR 69 CL 51,5200464,CABL CU 3X14 (ENCAU),1149,,CABL CU 3X14 ENCAU,"Tablas 1 al 392_2025.pdf, pagina 166",5200464
166,SN,1026673,SMAP-DEPI-0137-25 CR 69 CL 51,R5200217,RET - LUM 70W,,1,RET - LUM 70W,"Tablas 1 al 392_2025.pdf, pagina 166",R5200217
166,SN,1026673,SMAP-DEPI-0137-25 CR 69 CL 51,R5200201,RET - BOMB 70W,,1,RET - BOMB 70W,"Tablas 1 al 392_2025.pdf, pagina 166",R5200201
166,SN,1026673,SMAP-DEPI-0137-25 CR 69 CL 51,R5200410,RET - DUPLEX CU 14 AWG,,12,RET - DUPLEX CU 14 AWG,"Tablas 1 al 392_2025.pdf, pagina 166",R5200410
167,SN,1026736,SENDERO PEATONAL CL 47 A CR 87 B,5200270,LUM LED (KORELED) 44W,2,,LUM LED KORELED 44W,"Tablas 1 al 392_2025.pdf, pagina 167",5200270
167,SN,1026736,SENDERO PEATONAL CL 47 A CR 87 B,5200231,"BR 1"" - 0.4M - 0°",2,,BR 1 - 0.4M - 0°,"Tablas 1 al 392_2025.pdf, pagina 167",5200231
167,SN,1026736,SENDERO PEATONAL CL 47 A CR 87 B,5200419,POST PRFV 8M 510KGF,1,,POST PRFV 8M 510KGF,"Tablas 1 al 392_2025.pdf, pagina 167",5200419
167,SN,1026736,SENDERO PEATONAL CL 47 A CR 87 B,5200464,CABL CU 3X14 (ENCAU),11,,CABL CU 3X14 ENCAU,"Tablas 1 al 392_2025.pdf, pagina 167",5200464
168,SN,1027062,SAMP 0147-25 CR 65 CL 88 C,5200302,POST CONC 5M 350KGF CAR,1,,POST CONC 5M 350KGF CAR,"Tablas 1 al 392_2025.pdf, pagina 168",5200302
168,SN,1027062,SAMP 0147-25 CR 65 CL 88 C,5200238-1,BR CAR LAR-166M/20°,1,,BR CAR LAR-166M/20°,"Tablas 1 al 392_2025.pdf, pagina 168",5200238-1
168,SN,1027062,SAMP 0147-25 CR 65 CL 88 C,5200501,CAJ CONC 50X50 CM (CON TAPA),1,,CAJ CONC 50X50 CM CON TAPA,"Tablas 1 al 392_2025.pdf, pagina 168",5200501
168,SN,1027062,SAMP 0147-25 CR 65 CL 88 C,5200422,CABLE AL 3X6 ENTERRADO ZONA VERDE,10,,CABLE AL 3X6 ENTERRADO ZONA VERDE,"Tablas 1 al 392_2025.pdf, pagina 168",5200422
168,SN,1027062,SAMP 0147-25 CR 65 CL 88 C,5200232,"BR 1"" - 1.5M - 52°/0°",,1,BR 1 - 1.5M - 52°/0°,"Tablas 1 al 392_2025.pdf, pagina 168",5200232
169,SN,1027064,VÍA CR 76 CL 32 EE - 17,5200301,POST CONC 9M 510KGF AP,1,,POST CONC 9M 510KGF AP,"Tablas 1 al 392_2025.pdf, pagina 169",5200301
169,SN,1027064,VÍA CR 76 CL 32 EE - 17,5200208,LUM LED (RALED III) 140W B-N,1,1,LUM LED RALED III 140W B-N,"Tablas 1 al 392_2025.pdf, pagina 169",5200208
169,SN,1027064,VÍA CR 76 CL 32 EE - 17,5200241,BR CURVO 3000M,1,,BR CURVO 3000M,"Tablas 1 al 392_2025.pdf, pagina 169",5200241
169,SN,1027064,VÍA CR 76 CL 32 EE - 17,5200464,CABL CU 3X14 (ENCAU),7,,CABL CU 3X14 ENCAU,"Tablas 1 al 392_2025.pdf, pagina 169",5200464
169,SN,1027064,VÍA CR 76 CL 32 EE - 17,5200243,BR RECTO 4500M,,1,BR RECTO 4500M,"Tablas 1 al 392_2025.pdf, pagina 169",5200243
170,SN,1027073,VÍA - ANDEN CL 47 D CR 82,5200270,LUM LED (KORELED) 44W,1,,LUM LED KORELED 44W,"Tablas 1 al 392_2025.pdf, pagina 170",5200270
170,SN,1027073,VÍA - ANDEN CL 47 D CR 82,5200231,"BR 1"" - 0.4M - 0°",1,,BR 1 - 0.4M - 0°,"Tablas 1 al 392_2025.pdf, pagina 170",5200231
170,SN,1027073,VÍA - ANDEN CL 47 D CR 82,5200272,LUM LED (SEPIALED II) 128W,1,,LUM LED SEPIALED II 128W,"Tablas 1 al 392_2025.pdf, pagina 170",5200272
170,SN,1027073,VÍA - ANDEN CL 47 D CR 82,5200241,BR CURVO 3000M,1,,BR CURVO 3000M,"Tablas 1 al 392_2025.pdf, pagina 170",5200241
171,SN,1027089,SMAP-DEPI-0153-25 CL 50 CR 35,5200270,LUM LED (KORELED) 44W,3,,LUM LED KORELED 44W,"Tablas 1 al 392_2025.pdf, pagina 171",5200270
171,SN,1027089,SMAP-DEPI-0153-25 CL 50 CR 35,5200232,"BR 1"" - 1.5M - 52°/0°",3,,BR 1 - 1.5M - 52°/0°,"Tablas 1 al 392_2025.pdf, pagina 171",5200232
171,SN,1027089,SMAP-DEPI-0153-25 CL 50 CR 35,5200419,POST PRFV 8M 510KGF,3,,POST PRFV 8M 510KGF,"Tablas 1 al 392_2025.pdf, pagina 171",5200419
171,SN,1027089,SMAP-DEPI-0153-25 CL 50 CR 35,5200422,CABLE AL 3X6 ENTERRADO ZONA VERDE,11,,CABLE AL 3X6 ENTERRADO ZONA VERDE,"Tablas 1 al 392_2025.pdf, pagina 171",5200422
172,SN,1027093,SAMP 0155-25 CL 102 C CR 34,5200293,LUM LED (OMEGA II) 64.5W,1,,LUM LED OMEGA II 64.5W,"Tablas 1 al 392_2025.pdf, pagina 172",5200293
172,SN,1027093,SAMP 0155-25 CL 102 C CR 34,5200232,"BR 1"" - 1.5M - 52°/0°",1,,BR 1 - 1.5M - 52°/0°,"Tablas 1 al 392_2025.pdf, pagina 172",5200232
172,SN,1027093,SAMP 0155-25 CL 102 C CR 34,5200219,RET - LUM 250W,,1,RET - LUM 250W,"Tablas 1 al 392_2025.pdf, pagina 172",5200219
172,SN,1027093,SAMP 0155-25 CL 102 C CR 34,5200235,"BR 1 1/2"" - 1.5M - 52°/0°",,1,BR 1 1/2 - 1.5M - 52°/0°,"Tablas 1 al 392_2025.pdf, pagina 172",5200235
172,SN,1027093,SAMP 0155-25 CL 102 C CR 34,5200203,RET - BOMB 250W,,1,RET - BOMB 250W,"Tablas 1 al 392_2025.pdf, pagina 172",5200203
173,SN,1035062,CR 70 CL 99 - 73 INT 130,5200270,LUM LED (KORELED) 44W,2,,LUM LED KORELED 44W,"Tablas 1 al 392_2025.pdf, pagina 173",5200270
173,SN,1035062,CR 70 CL 99 - 73 INT 130,5200231,"BR 1"" - 0.4M - 0°",2,1,BR 1 - 0.4M - 0°,"Tablas 1 al 392_2025.pdf, pagina 173",5200231
173,SN,1035062,CR 70 CL 99 - 73 INT 130,5200464,CABL CU 3X14 (ENCAU),1180,,CABL CU 3X14 ENCAU,"Tablas 1 al 392_2025.pdf, pagina 173",5200464
173,SN,1035062,CR 70 CL 99 - 73 INT 130,5200217,RET - LUM 70W,,1,RET - LUM 70W,"Tablas 1 al 392_2025.pdf, pagina 173",5200217
173,SN,1035062,CR 70 CL 99 - 73 INT 130,5200201,RET - BOMB 70W,,1,RET - BOMB 70W,"Tablas 1 al 392_2025.pdf, pagina 173",5200201
174,SN,1037270,Cr 27 Cl 100 C - 1,5200270,LUM LED (KORELED) 44W,1,,LUM LED KORELED 44W,"Tablas 1 al 392_2025.pdf, pagina 174",5200270
174,SN,1037270,Cr 27 Cl 100 C - 1,5200231,"BR 1"" - 0.4M - 0°",1,,BR 1 - 0.4M - 0°,"Tablas 1 al 392_2025.pdf, pagina 174",5200231
175,SN,1037404,SENDERO PEATONAL CR 15 A CL 52 - 63,5200270,LUM LED (KORELED) 44W,1,,LUM LED KORELED 44W,"Tablas 1 al 392_2025.pdf, pagina 175",5200270
175,SN,1037404,SENDERO PEATONAL CR 15 A CL 52 - 63,5200232,"BR 1"" - 1.5M - 52°/0°",1,,BR 1 - 1.5M - 52°/0°,"Tablas 1 al 392_2025.pdf, pagina 175",5200232
175,SN,1037404,SENDERO PEATONAL CR 15 A CL 52 - 63,5200464,CABL CU 3X14 (ENCAU),20,,CABL CU 3X14 ENCAU,"Tablas 1 al 392_2025.pdf, pagina 175",5200464
175,SN,1037404,SENDERO PEATONAL CR 15 A CL 52 - 63,R5200410,RET - DUPLEX CU 14 AWG,,20,RET - DUPLEX CU 14 AWG,"Tablas 1 al 392_2025.pdf, pagina 175",R5200410
175,SN,1037404,SENDERO PEATONAL CR 15 A CL 52 - 63,R5200217,RET - LUM 70W,,1,RET - LUM 70W,"Tablas 1 al 392_2025.pdf, pagina 175",R5200217
175,SN,1037404,SENDERO PEATONAL CR 15 A CL 52 - 63,R5200201,RET - BOMB 70W,,1,RET - BOMB 70W,"Tablas 1 al 392_2025.pdf, pagina 175",R5200201
176,SN,1037589,Rural 136029809805550000,5200270,LUM LED (KORELED) 44W,1,,LUM LED KORELED 44W,"Tablas 1 al 392_2025.pdf, pagina 176",5200270
176,SN,1037589,Rural 136029809805550000,5200231,"BR 1"" - 0.4M - 0°",1,,BR 1 - 0.4M - 0°,"Tablas 1 al 392_2025.pdf, pagina 176",5200231
177,SN,1038220,SMAP 0162-25 Cr 49 A Cl 107 - 160,5200270,LUM LED (KORELED) 44W,3,,LUM LED KORELED 44W,"Tablas 1 al 392_2025.pdf, pagina 177",5200270
177,SN,1038220,SMAP 0162-25 Cr 49 A Cl 107 - 160,5200232,"BR 1"" - 1.5M - 52°/0°",3,,BR 1 - 1.5M - 52°/0°,"Tablas 1 al 392_2025.pdf, pagina 177",5200232
177,SN,1038220,SMAP 0162-25 Cr 49 A Cl 107 - 160,5200464,CABL CU 3X14 (ENCAU),3249,,CABL CU 3X14 ENCAU,"Tablas 1 al 392_2025.pdf, pagina 177",5200464
177,SN,1038220,SMAP 0162-25 Cr 49 A Cl 107 - 160,5200419,POST PRFV 8M 510KGF,2,,POST PRFV 8M 510KGF,"Tablas 1 al 392_2025.pdf, pagina 177",5200419
178,SN,1039466,SENDERO PEATONAL CL 58 CR 45 - 13,5200270,LUM LED (KORELED) 44W,1,1,LUM LED KORELED 44W,"Tablas 1 al 392_2025.pdf, pagina 178",5200270
178,SN,1039466,SENDERO PEATONAL CL 58 CR 45 - 13,5200231,"BR 1"" - 0.4M - 0°",1,1,BR 1 - 0.4M - 0°,"Tablas 1 al 392_2025.pdf, pagina 178",5200231
179,SN,1042694,SENDERO PEATONAL CR 31A CL 84-188(INT 1155),5200270,LUM LED (KORELED) 44W,1,,LUM LED KORELED 44W,"Tablas 1 al 392_2025.pdf, pagina 179",5200270
179,SN,1042694,SENDERO PEATONAL CR 31A CL 84-188(INT 1155),5200231,"BR 1"" - 0.4M - 0°",1,,BR 1 - 0.4M - 0°,"Tablas 1 al 392_2025.pdf, pagina 179",5200231
180,SN,1046931,CR 36 B CL 81 - 55 INT 108,5200231,"UCAP BRAZO 1"" - 0.4M - 0°",1,,BRAZO 1 - 0.4M - 0°,"Tablas 1 al 392_2025.pdf, pagina 180",5200231
180,SN,1046931,CR 36 B CL 81 - 55 INT 108,5200270,LUM LED (KORELED) 44W,1,,LUM LED KORELED 44W,"Tablas 1 al 392_2025.pdf, pagina 180",5200270
180,SN,1046931,CR 36 B CL 81 - 55 INT 108,5200464,UCAP CABLE CU ENCAUCHETADO 3X14 CU,1170,,CABLE CU ENCAUCHETADO 3X14 CU,"Tablas 1 al 392_2025.pdf, pagina 180",5200464
181,SN,646550,PLAZUELA SAN IGNACIO CARRERA 44 CON CALLES 48 Y 49,5200219,RET - LUM 250W,,10,RET - LUM 250W,"Tablas 1 al 392_2025.pdf, pagina 181",5200219
181,SN,646550,PLAZUELA SAN IGNACIO CARRERA 44 CON CALLES 48 Y 49,,Luminaria tipo Farol LED 49W poste metálico,26,,LUMINARIA TIPO FAROL LED 49W POSTE METALICO,"Tablas 1 al 392_2025.pdf, pagina 181",SIN CODIGO|LUMINARIA TIPO FAROL LED 49W POSTE METALICO
181,SN,646550,PLAZUELA SAN IGNACIO CARRERA 44 CON CALLES 48 Y 49,,Luminaria tipo Farol sodio 150W poste metálico,,24,LUMINARIA TIPO FAROL SODIO 150W POSTE METALICO,"Tablas 1 al 392_2025.pdf, pagina 181",SIN CODIGO|LUMINARIA TIPO FAROL SODIO 150W POSTE METALICO
181,SN,646550,PLAZUELA SAN IGNACIO CARRERA 44 CON CALLES 48 Y 49,5200270,LUM LED (KORELED) 44W,3,,LUM LED KORELED 44W,"Tablas 1 al 392_2025.pdf, pagina 181",5200270
181,SN,646550,PLAZUELA SAN IGNACIO CARRERA 44 CON CALLES 48 Y 49,5010130,PROYEC LED (ACROLED) 49W ASIM,6,,PROYEC LED ACROLED 49W ASIM,"Tablas 1 al 392_2025.pdf, pagina 181",5010130
181,SN,646550,PLAZUELA SAN IGNACIO CARRERA 44 CON CALLES 48 Y 49,,Poste metálico circular 4m colonial,26,24,POSTE METALICO CIRCULAR 4M COLONIAL,"Tablas 1 al 392_2025.pdf, pagina 181",SIN CODIGO|POSTE METALICO CIRCULAR 4M COLONIAL
181,SN,646550,PLAZUELA SAN IGNACIO CARRERA 44 CON CALLES 48 Y 49,5200315,Poste metálico redondo 10m,,1,POSTE METALICO REDONDO 10M,"Tablas 1 al 392_2025.pdf, pagina 181",5200315
181,SN,646550,PLAZUELA SAN IGNACIO CARRERA 44 CON CALLES 48 Y 49,5200329,POST PRFV 10M 6 PG 200KGF AP,1,,POST PRFV 10M 6 PG 200KGF AP,"Tablas 1 al 392_2025.pdf, pagina 181",5200329
181,SN,646550,PLAZUELA SAN IGNACIO CARRERA 44 CON CALLES 48 Y 49,5200232,"BR 1"" - 1.5M - 52°/0°",3,,BR 1 - 1.5M - 52°/0°,"Tablas 1 al 392_2025.pdf, pagina 181",5200232
181,SN,646550,PLAZUELA SAN IGNACIO CARRERA 44 CON CALLES 48 Y 49,5200236,"BR 1 1/2"" - 1.5M - 52°/20°",,10,BR 1 1/2 - 1.5M - 52°/20°,"Tablas 1 al 392_2025.pdf, pagina 181",5200236
181,SN,646550,PLAZUELA SAN IGNACIO CARRERA 44 CON CALLES 48 Y 49,5200422,Cable fza Al 3x6 awg XLPE 600V 90°C enterrado,17,,CABLE FZA AL 3X6 AWG XLPE 600V 90°C ENTERRADO,"Tablas 1 al 392_2025.pdf, pagina 181",5200422
182,SN,656831,Puente Cl 63 Cr 125 - 15 Int 110,5200231,"UCAP BRAZO 1"" - 0.4M - 0°",1,,BRAZO 1 - 0.4M - 0°,"Tablas 1 al 392_2025.pdf, pagina 182",5200231
182,SN,656831,Puente Cl 63 Cr 125 - 15 Int 110,5200270,LUM LED (KORELED) 44W,1,,LUM LED KORELED 44W,"Tablas 1 al 392_2025.pdf, pagina 182",5200270
182,SN,656831,Puente Cl 63 Cr 125 - 15 Int 110,5200419,UCAP POSTE PRFV 8M (ENTERRAR),1,,POSTE PRFV 8M ENTERRAR,"Tablas 1 al 392_2025.pdf, pagina 182",5200419
182,SN,656831,Puente Cl 63 Cr 125 - 15 Int 110,5200464,UCAP CABLE CU ENCAUCHETADO 3X14 CU,11,,CABLE CU ENCAUCHETADO 3X14 CU,"Tablas 1 al 392_2025.pdf, pagina 182",5200464
183,SS,730135,"SENDERO PEATONAL, CR 20 ENTRE CL 33 Y CL 34",5200270,LUM LED (KORELED) 44W,7,,LUM LED KORELED 44W,"Tablas 1 al 392_2025.pdf, pagina 183",5200270
183,SS,730135,"SENDERO PEATONAL, CR 20 ENTRE CL 33 Y CL 34",5200217,LUMINARIA 70W,,7,LUMINARIA 70W,"Tablas 1 al 392_2025.pdf, pagina 183",5200217
183,SS,730135,"SENDERO PEATONAL, CR 20 ENTRE CL 33 Y CL 34",5200201,BOMBILLA Na 70W,,7,BOMBILLA NA 70W,"Tablas 1 al 392_2025.pdf, pagina 183",5200201
183,SS,730135,"SENDERO PEATONAL, CR 20 ENTRE CL 33 Y CL 34",5200232,"BRAZO 1"" - 1.5m - 52°/0°",2,7,BRAZO 1 - 1.5M - 52°/0°,"Tablas 1 al 392_2025.pdf, pagina 183",5200232
183,SS,730135,"SENDERO PEATONAL, CR 20 ENTRE CL 33 Y CL 34",5200231,"BRAZO 1"" - 0.4m - 0°",5,,BRAZO 1 - 0.4M - 0°,"Tablas 1 al 392_2025.pdf, pagina 183",5200231
183,SS,730135,"SENDERO PEATONAL, CR 20 ENTRE CL 33 Y CL 34",5200464,Cable Cu encauchetado 3X14 AWG,14,,CABLE CU ENCAUCHETADO 3X14 AWG,"Tablas 1 al 392_2025.pdf, pagina 183",5200464
183,SS,730135,"SENDERO PEATONAL, CR 20 ENTRE CL 33 Y CL 34",5200419,Poste PRFV 8m (Enterrar),1,,POSTE PRFV 8M ENTERRAR,"Tablas 1 al 392_2025.pdf, pagina 183",5200419
184,SN,1026259,SMAP-DEPI-0130-25 Cancha las Violetas CL 31 C CR 89 C,5000268,"PROYEC LED 190W TIPO Y MEDIA (MEDIUM ""M"") 5000K",32,,PROYEC LED 190W TIPO Y MEDIA MEDIUM M 5000K,"Tablas 1 al 392_2025.pdf, pagina 184",5000268
184,SN,1026259,SMAP-DEPI-0130-25 Cancha las Violetas CL 31 C CR 89 C,5200407,"UCAP TRIPLEX AL 2X4+1X4 XLP,AEREO",204,200,TRIPLEX AL 2X4+1X4 XLP AEREO,"Tablas 1 al 392_2025.pdf, pagina 184",5200407
184,SN,1026259,SMAP-DEPI-0130-25 Cancha las Violetas CL 31 C CR 89 C,5200418,UCAP POSTE PRFV 18M (ENTERRAR),4,,POSTE PRFV 18M ENTERRAR,"Tablas 1 al 392_2025.pdf, pagina 184",5200418
184,SN,1026259,SMAP-DEPI-0130-25 Cancha las Violetas CL 31 C CR 89 C,5200277,PROYEC LED (COSMOLED EV) 150W V-LARGA,,24,PROYEC LED COSMOLED EV 150W V-LARGA,"Tablas 1 al 392_2025.pdf, pagina 184",5200277
184,SN,1026259,SMAP-DEPI-0130-25 Cancha las Violetas CL 31 C CR 89 C,5200309,UCAP POSTE CONCRETO OCTOG 12M,,6,POSTE CONCRETO OCTOG 12M,"Tablas 1 al 392_2025.pdf, pagina 184",5200309
184,SN,1026259,SMAP-DEPI-0130-25 Cancha las Violetas CL 31 C CR 89 C,5200270,LUM LED (KORELED) 44W,,3,LUM LED KORELED 44W,"Tablas 1 al 392_2025.pdf, pagina 184",5200270
184,SN,1026259,SMAP-DEPI-0130-25 Cancha las Violetas CL 31 C CR 89 C,5200232,"BRAZO 1"" - 1.5m - 52°/0°",,3,BRAZO 1 - 1.5M - 52°/0°,"Tablas 1 al 392_2025.pdf, pagina 184",5200232
185,SN,1038209,ANDENES CR 88 CL 34-05,5200302,POST CONC 5M 350KGF CAR,8,,POST CONC 5M 350KGF CAR,"Tablas 1 al 392_2025.pdf, pagina 185",5200302
185,SN,1038209,ANDENES CR 88 CL 34-05,5200501,CAJ CONC 50X50 CM (CON TAPA),9,,CAJ CONC 50X50 CM CON TAPA,"Tablas 1 al 392_2025.pdf, pagina 185",5200501
185,SN,1038209,ANDENES CR 88 CL 34-05,5200270,LUM LED (KORELED) 44W,9,,LUM LED KORELED 44W,"Tablas 1 al 392_2025.pdf, pagina 185",5200270
185,SN,1038209,ANDENES CR 88 CL 34-05,5200238,BR CAR SEMI-LAR 0.75M/0°,8,,BR CAR SEMI-LAR 0.75M/0°,"Tablas 1 al 392_2025.pdf, pagina 185",5200238
185,SN,1038209,ANDENES CR 88 CL 34-05,5200411,CABL CU 3X8 ENTERR ZONA VER,128,,CABL CU 3X8 ENTERR ZONA VER,"Tablas 1 al 392_2025.pdf, pagina 185",5200411
185,SN,1038209,ANDENES CR 88 CL 34-05,5200231,"BR 1"" - 0.4M - 0",1,,BR 1 - 0.4M - 0,"Tablas 1 al 392_2025.pdf, pagina 185",5200231
186,SN,1044333,SMAP-DEPI-0167-25 CL 20 CR 43 G,5200223,LUM LED (LYRALED) FIJVERT 53W ASIM.,,3,LUM LED LYRALED FIJVERT 53W ASIM,"Tablas 1 al 392_2025.pdf, pagina 186",5200223
186,SN,1044333,SMAP-DEPI-0167-25 CL 20 CR 43 G,5200270,LUM LED (KORELED) 44W,1,,LUM LED KORELED 44W,"Tablas 1 al 392_2025.pdf, pagina 186",5200270
186,SN,1044333,SMAP-DEPI-0167-25 CL 20 CR 43 G,5200275,PROYEC LED (AREALED II) 140W V-CORTA,8,,PROYEC LED AREALED II 140W V-CORTA,"Tablas 1 al 392_2025.pdf, pagina 186",5200275
186,SN,1044333,SMAP-DEPI-0167-25 CL 20 CR 43 G,5200232,"BR 1"" - 1.5M - 52°/0°",1,,BR 1 - 1.5M - 52°/0°,"Tablas 1 al 392_2025.pdf, pagina 186",5200232
186,SN,1044333,SMAP-DEPI-0167-25 CL 20 CR 43 G,5200311,POST PRFV 12M 350KGF AP,2,,POST PRFV 12M 350KGF AP,"Tablas 1 al 392_2025.pdf, pagina 186",5200311
186,SN,1044333,SMAP-DEPI-0167-25 CL 20 CR 43 G,5200419,POST PRFV 8M 510KGF,1,,POST PRFV 8M 510KGF,"Tablas 1 al 392_2025.pdf, pagina 186",5200419
186,SN,1044333,SMAP-DEPI-0167-25 CL 20 CR 43 G,5200422,CABLE AL 3X6 ENTERRADO ZONA VERDE,68,,CABLE AL 3X6 ENTERRADO ZONA VERDE,"Tablas 1 al 392_2025.pdf, pagina 186",5200422
186,SN,1044333,SMAP-DEPI-0167-25 CL 20 CR 43 G,5200502,CAJ CONC 50X50 CM (DIR ENTERR),4,,CAJ CONC 50X50 CM DIR ENTERR,"Tablas 1 al 392_2025.pdf, pagina 186",5200502
186,SN,1044333,SMAP-DEPI-0167-25 CL 20 CR 43 G,5090209,PUESTA A TIERRA,1,,PUESTA A TIERRA,"Tablas 1 al 392_2025.pdf, pagina 186",5090209
186,SN,1044333,SMAP-DEPI-0167-25 CL 20 CR 43 G,5200801,control latching relay 80A,1,,CONTROL LATCHING RELAY 80A,"Tablas 1 al 392_2025.pdf, pagina 186",5200801
186,SN,1044333,SMAP-DEPI-0167-25 CL 20 CR 43 G,5200323,POST MET 4M ORNA BASE PERNADA,,3,POST MET 4M ORNA BASE PERNADA,"Tablas 1 al 392_2025.pdf, pagina 186",5200323
187,SN,1049605,"CL 84 CR 75, Lopez De Mesa",5010131,PROYEC LED (ACROLED) 30W ASIM,6,,PROYEC LED ACROLED 30W ASIM,"Tablas 1 al 392_2025.pdf, pagina 187",5010131
187,SN,1049605,"CL 84 CR 75, Lopez De Mesa",5010132,PROYEC LED (ACROLED) 40W ASIME,12,,PROYEC LED ACROLED 40W ASIME,"Tablas 1 al 392_2025.pdf, pagina 187",5010132
187,SN,1049605,"CL 84 CR 75, Lopez De Mesa",5200464,CABL CU 3X14 (ENCAU),150,,CABL CU 3X14 ENCAU,"Tablas 1 al 392_2025.pdf, pagina 187",5200464
187,SN,1049605,"CL 84 CR 75, Lopez De Mesa",5090208,Caja de paso metalica,18,,CAJA DE PASO METALICA,"Tablas 1 al 392_2025.pdf, pagina 187",5090208
187,SN,1049605,"CL 84 CR 75, Lopez De Mesa",5200219,RET-LUM 250W,,6,RET-LUM 250W,"Tablas 1 al 392_2025.pdf, pagina 187",5200219
187,SN,1049605,"CL 84 CR 75, Lopez De Mesa",5200203,RET-BPMB 250W,,6,RET-BPMB 250W,"Tablas 1 al 392_2025.pdf, pagina 187",5200203
187,SN,1049605,"CL 84 CR 75, Lopez De Mesa",5200231,"BR 1"" - 0.4M - 0°",,6,BR 1 - 0.4M - 0°,"Tablas 1 al 392_2025.pdf, pagina 187",5200231
188,SN,1088257,SMAP 0013-25 CL 111 G CR 64 - 14,5200270,LUM LED (KORELED) 44W,2,,LUM LED KORELED 44W,"Tablas 1 al 392_2025.pdf, pagina 188",5200270
188,SN,1088257,SMAP 0013-25 CL 111 G CR 64 - 14,5200302,UCAP POSTE CONCRETO CARABOBO 5M,2,,POSTE CONCRETO CARABOBO 5M,"Tablas 1 al 392_2025.pdf, pagina 188",5200302
188,SN,1088257,SMAP 0013-25 CL 111 G CR 64 - 14,5200421,CABLE FZA AL 3X6 AWG XLPE 600V 90°C,34,,CABLE FZA AL 3X6 AWG XLPE 600V 90°C,"Tablas 1 al 392_2025.pdf, pagina 188",5200421
188,SN,1088257,SMAP 0013-25 CL 111 G CR 64 - 14,5200464,UCAP CABLE CU ENCAUCHETADO 3X14 CU,10,,CABLE CU ENCAUCHETADO 3X14 CU,"Tablas 1 al 392_2025.pdf, pagina 188",5200464
188,SN,1088257,SMAP 0013-25 CL 111 G CR 64 - 14,5200501,UCAP CAJA CONCRETO 50X50 CM,2,,CAJA CONCRETO 50X50 CM,"Tablas 1 al 392_2025.pdf, pagina 188",5200501
188,SN,1088257,SMAP 0013-25 CL 111 G CR 64 - 14,5200503,"UCAP CANAL ANDEN TUBERIA PVC 2""",14,,CANAL ANDEN TUBERIA PVC 2,"Tablas 1 al 392_2025.pdf, pagina 188",5200503
188,SN,1088257,SMAP 0013-25 CL 111 G CR 64 - 14,5200238,UCAP BRAZO SENCILLO CARABOBO,3,1,BRAZO SENCILLO CARABOBO,"Tablas 1 al 392_2025.pdf, pagina 188",5200238
188,SN,1088257,SMAP 0013-25 CL 111 G CR 64 - 14,5200505,"UCAP CANAL ZONA V TUBERIA PVC 2""",16,,CANAL ZONA V TUBERIA PVC 2,"Tablas 1 al 392_2025.pdf, pagina 188",5200505
189,SN,1088267,SMAP 0015-25 Cl 57 Cr 56,5200240,UCAP BRAZO DOBLE CARABOBO YERBA,1,,BRAZO DOBLE CARABOBO YERBA,"Tablas 1 al 392_2025.pdf, pagina 189",5200240
189,SN,1088267,SMAP 0015-25 Cl 57 Cr 56,5200270,LUM LED (KORELED) 44W,2,,LUM LED KORELED 44W,"Tablas 1 al 392_2025.pdf, pagina 189",5200270
189,SN,1088267,SMAP 0015-25 Cl 57 Cr 56,5200302,UCAP POSTE CONCRETO CARABOBO 5M,1,,POSTE CONCRETO CARABOBO 5M,"Tablas 1 al 392_2025.pdf, pagina 189",5200302
189,SN,1088267,SMAP 0015-25 Cl 57 Cr 56,5200422,CABLE FZA AL 3X6 AWG XLPE 600V 90°C ENTERRADO,15,,CABLE FZA AL 3X6 AWG XLPE 600V 90°C ENTERRADO,"Tablas 1 al 392_2025.pdf, pagina 189",5200422
189,SN,1088267,SMAP 0015-25 Cl 57 Cr 56,5200502,UCAP CAJA CONCRETO DIRECTAMENTE ENT,1,,CAJA CONCRETO DIRECTAMENTE ENT,"Tablas 1 al 392_2025.pdf, pagina 189",5200502
190,SN,1088278,SMAP 0016-25 CL 6 CR 16 - 14,5200270,LUM LED (KORELED) 44W,1,,LUM LED KORELED 44W,"Tablas 1 al 392_2025.pdf, pagina 190",5200270
190,SN,1088278,SMAP 0016-25 CL 6 CR 16 - 14,5200232,"BR 1"" - 1.5M - 52°/0°",1,,BR 1 - 1.5M - 52°/0°,"Tablas 1 al 392_2025.pdf, pagina 190",5200232
190,SN,1088278,SMAP 0016-25 CL 6 CR 16 - 14,5200308,POST CONC 8M 510KGF OCT,1,,POST CONC 8M 510KGF OCT,"Tablas 1 al 392_2025.pdf, pagina 190",5200308
190,SN,1088278,SMAP 0016-25 CL 6 CR 16 - 14,5200464,CABL CU 3X14 (ENCAU),21,,CABL CU 3X14 ENCAU,"Tablas 1 al 392_2025.pdf, pagina 190",5200464
191,SN,1088283,SMAP 0017-25 CL 6 CR 16 - 14,5200293,LUM LED (OMEGA II) 64.5W,1,,LUM LED OMEGA II 64.5W,"Tablas 1 al 392_2025.pdf, pagina 191",5200293
191,SN,1088283,SMAP 0017-25 CL 6 CR 16 - 14,5200241,BR CURVO 3000M,1,,BR CURVO 3000M,"Tablas 1 al 392_2025.pdf, pagina 191",5200241
191,SN,1088283,SMAP 0017-25 CL 6 CR 16 - 14,R5200217,RET - LUM 70W,,1,RET - LUM 70W,"Tablas 1 al 392_2025.pdf, pagina 191",R5200217
191,SN,1088283,SMAP 0017-25 CL 6 CR 16 - 14,R5200201,RET - BOMB 70W,,1,RET - BOMB 70W,"Tablas 1 al 392_2025.pdf, pagina 191",R5200201
191,SN,1088283,SMAP 0017-25 CL 6 CR 16 - 14,R5200232,"RET - BR 1"" - 1.5M - 52°/0°",,1,RET - BR 1 - 1.5M - 52°/0°,"Tablas 1 al 392_2025.pdf, pagina 191",R5200232
192,SN,1088305,SMAP 0018-25 CL 7 D CR 43 C - 23,5200270,LUM LED (KORELED) 44W,2,,LUM LED KORELED 44W,"Tablas 1 al 392_2025.pdf, pagina 192",5200270
192,SN,1088305,SMAP 0018-25 CL 7 D CR 43 C - 23,5200231,"BR 1"" - 0.4M - 0°",1,,BR 1 - 0.4M - 0°,"Tablas 1 al 392_2025.pdf, pagina 192",5200231
192,SN,1088305,SMAP 0018-25 CL 7 D CR 43 C - 23,5200238-5,BR CAR CORT-960 MM/0°,1,,BR CAR CORT-960 MM/0°,"Tablas 1 al 392_2025.pdf, pagina 192",5200238-5
192,SN,1088305,SMAP 0018-25 CL 7 D CR 43 C - 23,5200308,POST CONC 8M 510KGF OCT,1,,POST CONC 8M 510KGF OCT,"Tablas 1 al 392_2025.pdf, pagina 192",5200308
192,SN,1088305,SMAP 0018-25 CL 7 D CR 43 C - 23,5200302,POST CONC 5M 350KGF CAR,1,,POST CONC 5M 350KGF CAR,"Tablas 1 al 392_2025.pdf, pagina 192",5200302
192,SN,1088305,SMAP 0018-25 CL 7 D CR 43 C - 23,5200501,CAJ CONC 50X50 CM (CON TAPA),2,,CAJ CONC 50X50 CM CON TAPA,"Tablas 1 al 392_2025.pdf, pagina 192",5200501
192,SN,1088305,SMAP 0018-25 CL 7 D CR 43 C - 23,5200421,UCAP CABLE AL 3X6 EN CANAL EXISTENTE,14,,CABLE AL 3X6 EN CANAL EXISTENTE,"Tablas 1 al 392_2025.pdf, pagina 192",5200421
192,SN,1088305,SMAP 0018-25 CL 7 D CR 43 C - 23,5200505,"CANAL TUBERIA PVC 2"" + ZONA VERDE",12,,CANAL TUBERIA PVC 2 + ZONA VERDE,"Tablas 1 al 392_2025.pdf, pagina 192",5200505
192,SN,1088305,SMAP 0018-25 CL 7 D CR 43 C - 23,5200407,TPX AL 2X4+1X4 XLP AEREO,11,,TPX AL 2X4+1X4 XLP AEREO,"Tablas 1 al 392_2025.pdf, pagina 192",5200407
193,SN,1088309,SMAP 0019-25 CR 43 C ENTR CL 7 D Y CL 6,5200269,LUM LED (RALED II) 110.7W,1,,LUM LED RALED II 110.7W,"Tablas 1 al 392_2025.pdf, pagina 193",5200269
193,SN,1088309,SMAP 0019-25 CR 43 C ENTR CL 7 D Y CL 6,5200235,"BR 1 1/2"" - 1.5M - 52°/0°",1,,BR 1 1/2 - 1.5M - 52°/0°,"Tablas 1 al 392_2025.pdf, pagina 193",5200235
193,SN,1088309,SMAP 0019-25 CR 43 C ENTR CL 7 D Y CL 6,5200394,POST PRFV 7.5M 350KGF AP BASE REF. 1 O 2,1,,POST PRFV 7.5M 350KGF AP BASE REF 1 O 2,"Tablas 1 al 392_2025.pdf, pagina 193",5200394
194,SN,1088482,ANDEN SMAP-CIL-0024-25 CL 56 CR 45 - 73,5200270,LUM LED (KORELED) 44W,2,,LUM LED KORELED 44W,"Tablas 1 al 392_2025.pdf, pagina 194",5200270
194,SN,1088482,ANDEN SMAP-CIL-0024-25 CL 56 CR 45 - 73,5200231,"BR 1"" - 0.4M - 0°",2,,BR 1 - 0.4M - 0°,"Tablas 1 al 392_2025.pdf, pagina 194",5200231
194,SN,1088482,ANDEN SMAP-CIL-0024-25 CL 56 CR 45 - 73,5200419,POST PRFV 8M 510KGF,2,,POST PRFV 8M 510KGF,"Tablas 1 al 392_2025.pdf, pagina 194",5200419
194,SN,1088482,ANDEN SMAP-CIL-0024-25 CL 56 CR 45 - 73,5200464,CABL CU 3X14 (ENCAU),24,,CABL CU 3X14 ENCAU,"Tablas 1 al 392_2025.pdf, pagina 194",5200464
195,SN,1088497,SMAP-CIL-0026-25 CALLE 56 CR 41 34,5200270,LUM LED (KORELED) 44W,3,,LUM LED KORELED 44W,"Tablas 1 al 392_2025.pdf, pagina 195",5200270
195,SN,1088497,SMAP-CIL-0026-25 CALLE 56 CR 41 34,5200231,"BR 1"" - 0.4M - 0°",3,,BR 1 - 0.4M - 0°,"Tablas 1 al 392_2025.pdf, pagina 195",5200231
195,SN,1088497,SMAP-CIL-0026-25 CALLE 56 CR 41 34,5200241,BRAZO CURVO 3000m,1,,BRAZO CURVO 3000M,"Tablas 1 al 392_2025.pdf, pagina 195",5200241
195,SN,1088497,SMAP-CIL-0026-25 CALLE 56 CR 41 34,5200232,"BRAZO 1"" - 1.5m - 52°/0°",,1,BRAZO 1 - 1.5M - 52°/0°,"Tablas 1 al 392_2025.pdf, pagina 195",5200232
196,SN,1096870,Cl 70 A Cr 45 - 30,5200232,"UCAP BRAZO 1"" - 1.5M - 52°/0°",1,,BRAZO 1 - 1.5M - 52°/0°,"Tablas 1 al 392_2025.pdf, pagina 196",5200232
196,SN,1096870,Cl 70 A Cr 45 - 30,5200270,LUM LED (KORELED) 44W,1,,LUM LED KORELED 44W,"Tablas 1 al 392_2025.pdf, pagina 196",5200270
196,SN,1096870,Cl 70 A Cr 45 - 30,5200464,UCAP CABLE CU ENCAUCHETADO 3X14 CU,13,,CABLE CU ENCAUCHETADO 3X14 CU,"Tablas 1 al 392_2025.pdf, pagina 196",5200464
197,SN,1096913,Estación Metro Plus Palos Verdes Cr 45 Cl 66 - 10,5200241,UCAP BRAZO CURVO 3000M,4,,BRAZO CURVO 3000M,"Tablas 1 al 392_2025.pdf, pagina 197",5200241
197,SN,1096913,Estación Metro Plus Palos Verdes Cr 45 Cl 66 - 10,5200272,LUM LED (SEPIALED II) 128W,8,5,LUM LED SEPIALED II 128W,"Tablas 1 al 392_2025.pdf, pagina 197",5200272
197,SN,1096913,Estación Metro Plus Palos Verdes Cr 45 Cl 66 - 10,5200301,UCAP POSTE CONCRETO REDONDO 9M.,4,,POSTE CONCRETO REDONDO 9M,"Tablas 1 al 392_2025.pdf, pagina 197",5200301
197,SN,1096913,Estación Metro Plus Palos Verdes Cr 45 Cl 66 - 10,5200407,"UCAP TRIPLEX AL 2X4+1X4 XLP,AEREO",11,,TRIPLEX AL 2X4+1X4 XLP AEREO,"Tablas 1 al 392_2025.pdf, pagina 197",5200407
197,SN,1096913,Estación Metro Plus Palos Verdes Cr 45 Cl 66 - 10,5200421,CABLE FZA AL 3X6 AWG XLPE 600V 90°C,96,,CABLE FZA AL 3X6 AWG XLPE 600V 90°C,"Tablas 1 al 392_2025.pdf, pagina 197",5200421
197,SN,1096913,Estación Metro Plus Palos Verdes Cr 45 Cl 66 - 10,5200501,UCAP CAJA CONCRETO 50X50 CM,4,,CAJA CONCRETO 50X50 CM,"Tablas 1 al 392_2025.pdf, pagina 197",5200501
197,SN,1096913,Estación Metro Plus Palos Verdes Cr 45 Cl 66 - 10,5200503,"UCAP CANAL ANDEN TUBERIA PVC 2""",88,,CANAL ANDEN TUBERIA PVC 2,"Tablas 1 al 392_2025.pdf, pagina 197",5200503
197,SN,1096913,Estación Metro Plus Palos Verdes Cr 45 Cl 66 - 10,5200235,"UCAP BRAZO 1 1/2"" - 1.5M - 52°/0°",4,5,BRAZO 1 1/2 - 1.5M - 52°/0°,"Tablas 1 al 392_2025.pdf, pagina 197",5200235
198,SN,1099803,Parque Bellos Horizontes Tejiendo hogares CL 101 AA CR 83,5200231,"UCAP BRAZO 1"" - 0.4M - 0°",9,,BRAZO 1 - 0.4M - 0°,"Tablas 1 al 392_2025.pdf, pagina 198",5200231
198,SN,1099803,Parque Bellos Horizontes Tejiendo hogares CL 101 AA CR 83,5200232,"UCAP BRAZO 1"" - 1.5M - 52°/0°",1,1,BRAZO 1 - 1.5M - 52°/0°,"Tablas 1 al 392_2025.pdf, pagina 198",5200232
198,SN,1099803,Parque Bellos Horizontes Tejiendo hogares CL 101 AA CR 83,5200270,LUM LED (KORELED) 44W,10,1,LUM LED KORELED 44W,"Tablas 1 al 392_2025.pdf, pagina 198",5200270
198,SN,1099803,Parque Bellos Horizontes Tejiendo hogares CL 101 AA CR 83,5200407,"UCAP TRIPLEX AL 2X4+1X4 XLP,AEREO",124,,TRIPLEX AL 2X4+1X4 XLP AEREO,"Tablas 1 al 392_2025.pdf, pagina 198",5200407
198,SN,1099803,Parque Bellos Horizontes Tejiendo hogares CL 101 AA CR 83,5200419,UCAP POSTE PRFV 8M (ENTERRAR),10,,POSTE PRFV 8M ENTERRAR,"Tablas 1 al 392_2025.pdf, pagina 198",5200419
199,SN,1100630,Cr 23 C Cl 75 C - 207 Int 108,5200231,"UCAP BRAZO 1"" - 0.4M - 0°",1,,BRAZO 1 - 0.4M - 0°,"Tablas 1 al 392_2025.pdf, pagina 199",5200231
199,SN,1100630,Cr 23 C Cl 75 C - 207 Int 108,5200270,LUM LED (KORELED) 44W,1,,LUM LED KORELED 44W,"Tablas 1 al 392_2025.pdf, pagina 199",5200270
199,SN,1100630,Cr 23 C Cl 75 C - 207 Int 108,5200464,UCAP CABLE CU ENCAUCHETADO 3X14 CU,13,,CABLE CU ENCAUCHETADO 3X14 CU,"Tablas 1 al 392_2025.pdf, pagina 199",5200464
200,SN,1106030,VIA - SENDERO PEATONAL CR 43 A CL 12 A,5200293,LUM LED (OMEGA II ) 64.5W,1,,LUM LED OMEGA II 64.5W,"Tablas 1 al 392_2025.pdf, pagina 200",5200293
200,SN,1106030,VIA - SENDERO PEATONAL CR 43 A CL 12 A,5200308,Poste concreto octog 8m,1,,POSTE CONCRETO OCTOG 8M,"Tablas 1 al 392_2025.pdf, pagina 200",5200308
200,SN,1106030,VIA - SENDERO PEATONAL CR 43 A CL 12 A,5200464,Cable Cu encauchetado 3X14 AWG,18,,CABLE CU ENCAUCHETADO 3X14 AWG,"Tablas 1 al 392_2025.pdf, pagina 200",5200464
200,SN,1106030,VIA - SENDERO PEATONAL CR 43 A CL 12 A,5200232,"BRAZO 1"" - 1.5m - 52°/0°",1,,BRAZO 1 - 1.5M - 52°/0°,"Tablas 1 al 392_2025.pdf, pagina 200",5200232
201,SN,1106368,SENDEROPEATONAL CL 82 BB CL 15,5200309,Poste concreto octog 12m,,1,POSTE CONCRETO OCTOG 12M,"Tablas 1 al 392_2025.pdf, pagina 201",5200309
201,SN,1106368,SENDEROPEATONAL CL 82 BB CL 15,5020117,Poste PRFV 9m (Enterrar),1,,POSTE PRFV 9M ENTERRAR,"Tablas 1 al 392_2025.pdf, pagina 201",5020117
201,SN,1106368,SENDEROPEATONAL CL 82 BB CL 15,5200217,LUM LED (KORELED) 44W,1,1,LUM LED KORELED 44W,"Tablas 1 al 392_2025.pdf, pagina 201",5200217
201,SN,1106368,SENDEROPEATONAL CL 82 BB CL 15,5200232,"BRAZO 1"" - 1.5m - 52°/0°",1,1,BRAZO 1 - 1.5M - 52°/0°,"Tablas 1 al 392_2025.pdf, pagina 201",5200232
202,SN,1112478,Sendero Peatonal Diagonal 17 D Cr 56 A - 1 Int 210,5200270,LUM LED (KORELED) 44W,1,,LUM LED KORELED 44W,"Tablas 1 al 392_2025.pdf, pagina 202",5200270
202,SN,1112478,Sendero Peatonal Diagonal 17 D Cr 56 A - 1 Int 210,5200231,"UCAP BRAZO 1"" - 0.4M - 0°",1,,BRAZO 1 - 0.4M - 0°,"Tablas 1 al 392_2025.pdf, pagina 202",5200231
203,SN,1114384,SMAP 0049-25 CR 35 CL 5 A - 15,5200231,"UCAP BRAZO 1"" - 0.4M - 0°",6,,BRAZO 1 - 0.4M - 0°,"Tablas 1 al 392_2025.pdf, pagina 203",5200231
203,SN,1114384,SMAP 0049-25 CR 35 CL 5 A - 15,5200232,"UCAP BRAZO 1"" - 1.5M - 52°/0°",2,,BRAZO 1 - 1.5M - 52°/0°,"Tablas 1 al 392_2025.pdf, pagina 203",5200232
203,SN,1114384,SMAP 0049-25 CR 35 CL 5 A - 15,5200270,LUM LED (KORELED) 44W,8,,LUM LED KORELED 44W,"Tablas 1 al 392_2025.pdf, pagina 203",5200270
203,SN,1114384,SMAP 0049-25 CR 35 CL 5 A - 15,5200308,UCAP POSTE CONCRETO OCTOG 8M,2,,POSTE CONCRETO OCTOG 8M,"Tablas 1 al 392_2025.pdf, pagina 203",5200308
203,SN,1114384,SMAP 0049-25 CR 35 CL 5 A - 15,5200419,UCAP POSTE PRFV 8M (ENTERRAR),1,,POSTE PRFV 8M ENTERRAR,"Tablas 1 al 392_2025.pdf, pagina 203",5200419
203,SN,1114384,SMAP 0049-25 CR 35 CL 5 A - 15,5200422,CABLE FZA AL 3X6 AWG XLPE 600V 90°C ENTERRADO,12,,CABLE FZA AL 3X6 AWG XLPE 600V 90°C ENTERRADO,"Tablas 1 al 392_2025.pdf, pagina 203",5200422
203,SN,1114384,SMAP 0049-25 CR 35 CL 5 A - 15,5200464,UCAP CABLE CU ENCAUCHETADO 3X14 CU,72,,CABLE CU ENCAUCHETADO 3X14 CU,"Tablas 1 al 392_2025.pdf, pagina 203",5200464
203,SN,1114384,SMAP 0049-25 CR 35 CL 5 A - 15,5200501,UCAP CAJA CONCRETO 50X50 CM,1,,CAJA CONCRETO 50X50 CM,"Tablas 1 al 392_2025.pdf, pagina 203",5200501
204,SN,1114417,GIMASIO CALLEJERO U.D. ATANASIO GIRARDOT SMAP-CIL-0054- 25 CR 70 CON CL 48,5200272,LUM LED (SEPIALED II) 128W,9,,LUM LED SEPIALED II 128W,"Tablas 1 al 392_2025.pdf, pagina 204",5200272
204,SN,1114417,GIMASIO CALLEJERO U.D. ATANASIO GIRARDOT SMAP-CIL-0054- 25 CR 70 CON CL 48,5200419,POST PRFV 8M 510KGF,2,,POST PRFV 8M 510KGF,"Tablas 1 al 392_2025.pdf, pagina 204",5200419
204,SN,1114417,GIMASIO CALLEJERO U.D. ATANASIO GIRARDOT SMAP-CIL-0054- 25 CR 70 CON CL 48,5200464,CABL CU 3X14 (ENCAU),92,,CABL CU 3X14 ENCAU,"Tablas 1 al 392_2025.pdf, pagina 204",5200464
204,SN,1114417,GIMASIO CALLEJERO U.D. ATANASIO GIRARDOT SMAP-CIL-0054- 25 CR 70 CON CL 48,R5200218,RET - LUM 150W,,2,RET - LUM 150W,"Tablas 1 al 392_2025.pdf, pagina 204",R5200218
204,SN,1114417,GIMASIO CALLEJERO U.D. ATANASIO GIRARDOT SMAP-CIL-0054- 25 CR 70 CON CL 48,R5200219,RET - LUM 250W,,5,RET - LUM 250W,"Tablas 1 al 392_2025.pdf, pagina 204",R5200219
204,SN,1114417,GIMASIO CALLEJERO U.D. ATANASIO GIRARDOT SMAP-CIL-0054- 25 CR 70 CON CL 48,R5200410,RET - DUPLEX CU 14 AWG,,59,RET - DUPLEX CU 14 AWG,"Tablas 1 al 392_2025.pdf, pagina 204",R5200410
204,SN,1114417,GIMASIO CALLEJERO U.D. ATANASIO GIRARDOT SMAP-CIL-0054- 25 CR 70 CON CL 48,5200235,"BRAZO 1 1/2"" - 1.5M - 52°/0°",9,7,BRAZO 1 1/2 - 1.5M - 52°/0°,"Tablas 1 al 392_2025.pdf, pagina 204",5200235
204,SN,1114417,GIMASIO CALLEJERO U.D. ATANASIO GIRARDOT SMAP-CIL-0054- 25 CR 70 CON CL 48,R5200202,RET - BOMB 150W,,2,RET - BOMB 150W,"Tablas 1 al 392_2025.pdf, pagina 204",R5200202
204,SN,1114417,GIMASIO CALLEJERO U.D. ATANASIO GIRARDOT SMAP-CIL-0054- 25 CR 70 CON CL 48,R5200203,RET - BOMB 250W,,5,RET - BOMB 250W,"Tablas 1 al 392_2025.pdf, pagina 204",R5200203
205,SS,1121532,CLINICA VITHA Calle 44 # 80-02,5200407,"triplex Al 2x4+1x4 xlp,aereo",76,117,TRIPLEX AL 2X4+1X4 XLP AEREO,"Tablas 1 al 392_2025.pdf, pagina 205",5200407
205,SS,1121532,CLINICA VITHA Calle 44 # 80-02,5200308,Poste concreto octog 8m,1,2,POSTE CONCRETO OCTOG 8M,"Tablas 1 al 392_2025.pdf, pagina 205",5200308
205,SS,1121532,CLINICA VITHA Calle 44 # 80-02,5200419,Poste PRFV 8m (Enterrar),2,1,POSTE PRFV 8M ENTERRAR,"Tablas 1 al 392_2025.pdf, pagina 205",5200419
205,SS,1121532,CLINICA VITHA Calle 44 # 80-02,5200464,Cable Cu encauchetado 3X14 AWG,14,,CABLE CU ENCAUCHETADO 3X14 AWG,"Tablas 1 al 392_2025.pdf, pagina 205",5200464
205,SS,1121532,CLINICA VITHA Calle 44 # 80-02,5200207,Luminaria LED 110W Horizontal,2,2,LUMINARIA LED 110W HORIZONTAL,"Tablas 1 al 392_2025.pdf, pagina 205",5200207
205,SS,1121532,CLINICA VITHA Calle 44 # 80-02,5200270,LUM LED (KORELED) 44W,1,1,LUM LED KORELED 44W,"Tablas 1 al 392_2025.pdf, pagina 205",5200270
205,SS,1121532,CLINICA VITHA Calle 44 # 80-02,5200241,BRAZO CURVO 3000m,2,2,BRAZO CURVO 3000M,"Tablas 1 al 392_2025.pdf, pagina 205",5200241
205,SS,1121532,CLINICA VITHA Calle 44 # 80-02,5200231,"BRAZO 1"" - 0.4m - 0°",1,1,BRAZO 1 - 0.4M - 0°,"Tablas 1 al 392_2025.pdf, pagina 205",5200231
205,SS,1121532,CLINICA VITHA Calle 44 # 80-02,5200293,LUM LED (OMEGA II ) 64.5W,1,1,LUM LED OMEGA II 64.5W,"Tablas 1 al 392_2025.pdf, pagina 205",5200293
205,SS,1121532,CLINICA VITHA Calle 44 # 80-02,5200232,"BRAZO 1"" - 1.5m - 52°/0°",1,1,BRAZO 1 - 1.5M - 52°/0°,"Tablas 1 al 392_2025.pdf, pagina 205",5200232
206,SN,1130561,Sendero Cr 40 Cl 88 - 44 Int 202,5200231,"UCAP BRAZO 1"" - 0.4M - 0°",2,1,BRAZO 1 - 0.4M - 0°,"Tablas 1 al 392_2025.pdf, pagina 206",5200231
206,SN,1130561,Sendero Cr 40 Cl 88 - 44 Int 202,5200270,LUM LED (KORELED) 44W,2,,LUM LED KORELED 44W,"Tablas 1 al 392_2025.pdf, pagina 206",5200270
206,SN,1130561,Sendero Cr 40 Cl 88 - 44 Int 202,5200464,UCAP CABLE CU ENCAUCHETADO 3X14 CU,20,,CABLE CU ENCAUCHETADO 3X14 CU,"Tablas 1 al 392_2025.pdf, pagina 206",5200464
206,SN,1130561,Sendero Cr 40 Cl 88 - 44 Int 202,5200217,UCAP LUMINARIA 70W,,1,LUMINARIA 70W,"Tablas 1 al 392_2025.pdf, pagina 206",5200217
206,SN,1130561,Sendero Cr 40 Cl 88 - 44 Int 202,5200201,UCAP BOMBILLO 70W,,1,BOMBILLO 70W,"Tablas 1 al 392_2025.pdf, pagina 206",5200201
206,SN,1130561,Sendero Cr 40 Cl 88 - 44 Int 202,5200410,UCAP DUPLEX CU 14 AWG-THW 300V,,15,DUPLEX CU 14 AWG-THW 300V,"Tablas 1 al 392_2025.pdf, pagina 206",5200410
207,SN,1133896,Vía y Sendero Cr 32 Cl 41 - 4,5200231,"UCAP BRAZO 1"" - 0.4M - 0°",1,,BRAZO 1 - 0.4M - 0°,"Tablas 1 al 392_2025.pdf, pagina 207",5200231
207,SN,1133896,Vía y Sendero Cr 32 Cl 41 - 4,5200232,"UCAP BRAZO 1"" - 1.5M - 52°/0°",1,1,BRAZO 1 - 1.5M - 52°/0°,"Tablas 1 al 392_2025.pdf, pagina 207",5200232
207,SN,1133896,Vía y Sendero Cr 32 Cl 41 - 4,5200270,LUM LED (KORELED) 44W,1,,LUM LED KORELED 44W,"Tablas 1 al 392_2025.pdf, pagina 207",5200270
207,SN,1133896,Vía y Sendero Cr 32 Cl 41 - 4,5200271,LUM LED (MAXIMO M) 59.16W,1,1,LUM LED MAXIMO M 59.16W,"Tablas 1 al 392_2025.pdf, pagina 207",5200271
207,SN,1133896,Vía y Sendero Cr 32 Cl 41 - 4,5200308,UCAP POSTE CONCRETO OCTOG 8M,1,,POSTE CONCRETO OCTOG 8M,"Tablas 1 al 392_2025.pdf, pagina 207",5200308
207,SN,1133896,Vía y Sendero Cr 32 Cl 41 - 4,5200464,UCAP CABLE CU ENCAUCHETADO 3X14 CU,15,,CABLE CU ENCAUCHETADO 3X14 CU,"Tablas 1 al 392_2025.pdf, pagina 207",5200464
208,SN,1079594,TRAVESIAS,5200270,LUM LED (KORELED) 44W,2,,LUM LED KORELED 44W,"Tablas 1 al 392_2025.pdf, pagina 208",5200270
208,SN,1079594,TRAVESIAS,5200231,"BR 1"" - 0.4M - 0°",2,,BR 1 - 0.4M - 0°,"Tablas 1 al 392_2025.pdf, pagina 208",5200231
209,SN,1081350,SOLICITUD DE MEJORAMIENTO SMAP-CIL-0006-25 Carrera 59 x Calles 54,5020117,UCAP POSTE PRFV 9M (ENTERRAR),7,,POSTE PRFV 9M ENTERRAR,"Tablas 1 al 392_2025.pdf, pagina 209",5020117
209,SN,1081350,SOLICITUD DE MEJORAMIENTO SMAP-CIL-0006-25 Carrera 59 x Calles 54,5200231,"UCAP BRAZO 1"" - 0.4M - 0°",4,,BRAZO 1 - 0.4M - 0°,"Tablas 1 al 392_2025.pdf, pagina 209",5200231
209,SN,1081350,SOLICITUD DE MEJORAMIENTO SMAP-CIL-0006-25 Carrera 59 x Calles 54,5200232,"UCAP BRAZO 1"" - 1.5M - 52°/0°",1,1,BRAZO 1 - 1.5M - 52°/0°,"Tablas 1 al 392_2025.pdf, pagina 209",5200232
209,SN,1081350,SOLICITUD DE MEJORAMIENTO SMAP-CIL-0006-25 Carrera 59 x Calles 54,5200235,"UCAP BRAZO 1 1/2"" - 1.5M - 52°/0°",9,,BRAZO 1 1/2 - 1.5M - 52°/0°,"Tablas 1 al 392_2025.pdf, pagina 209",5200235
209,SN,1081350,SOLICITUD DE MEJORAMIENTO SMAP-CIL-0006-25 Carrera 59 x Calles 54,5200241,UCAP BRAZO CURVO 3000M,20,9,BRAZO CURVO 3000M,"Tablas 1 al 392_2025.pdf, pagina 209",5200241
209,SN,1081350,SOLICITUD DE MEJORAMIENTO SMAP-CIL-0006-25 Carrera 59 x Calles 54,5200269,LUM LED 110-1 (RALED II),29,,LUM LED 110-1 RALED II,"Tablas 1 al 392_2025.pdf, pagina 209",5200269
209,SN,1081350,SOLICITUD DE MEJORAMIENTO SMAP-CIL-0006-25 Carrera 59 x Calles 54,5200270,LUM LED (KORELED) 44W,5,,LUM LED KORELED 44W,"Tablas 1 al 392_2025.pdf, pagina 209",5200270
209,SN,1081350,SOLICITUD DE MEJORAMIENTO SMAP-CIL-0006-25 Carrera 59 x Calles 54,5200311,UCAP POSTE DE FIBRA 12 M ENTERRAR,5,,POSTE DE FIBRA 12 M ENTERRAR,"Tablas 1 al 392_2025.pdf, pagina 209",5200311
209,SN,1081350,SOLICITUD DE MEJORAMIENTO SMAP-CIL-0006-25 Carrera 59 x Calles 54,5200407,"UCAP TRIPLEX AL 2X4+1X4 XLP,AEREO",93,,TRIPLEX AL 2X4+1X4 XLP AEREO,"Tablas 1 al 392_2025.pdf, pagina 209",5200407
209,SN,1081350,SOLICITUD DE MEJORAMIENTO SMAP-CIL-0006-25 Carrera 59 x Calles 54,5200419,UCAP POSTE PRFV 8M (ENTERRAR),1,,POSTE PRFV 8M ENTERRAR,"Tablas 1 al 392_2025.pdf, pagina 209",5200419
209,SN,1081350,SOLICITUD DE MEJORAMIENTO SMAP-CIL-0006-25 Carrera 59 x Calles 54,5200219,UCAP LUMINARIA 250W,,13,LUMINARIA 250W,"Tablas 1 al 392_2025.pdf, pagina 209",5200219
209,SN,1081350,SOLICITUD DE MEJORAMIENTO SMAP-CIL-0006-25 Carrera 59 x Calles 54,5200203,UCAP BOMBILLO 250W,,13,BOMBILLO 250W,"Tablas 1 al 392_2025.pdf, pagina 209",5200203
209,SN,1081350,SOLICITUD DE MEJORAMIENTO SMAP-CIL-0006-25 Carrera 59 x Calles 54,5200220,UCAP LUMINARIA 400W,,7,LUMINARIA 400W,"Tablas 1 al 392_2025.pdf, pagina 209",5200220
209,SN,1081350,SOLICITUD DE MEJORAMIENTO SMAP-CIL-0006-25 Carrera 59 x Calles 54,5200204,UCAP BOMBILLO 400W,,7,BOMBILLO 400W,"Tablas 1 al 392_2025.pdf, pagina 209",5200204
209,SN,1081350,SOLICITUD DE MEJORAMIENTO SMAP-CIL-0006-25 Carrera 59 x Calles 54,5200236,"UCAP BRAZO 1 1/2"" - 1.5M - 52°/20°",,11,BRAZO 1 1/2 - 1.5M - 52°/20°,"Tablas 1 al 392_2025.pdf, pagina 209",5200236
209,SN,1081350,SOLICITUD DE MEJORAMIENTO SMAP-CIL-0006-25 Carrera 59 x Calles 54,5200256,LUM LED 50W 4000K FIJACIÓN HORIZONTAL,,1,LUM LED 50W 4000K FIJACION HORIZONTAL,"Tablas 1 al 392_2025.pdf, pagina 209",5200256
209,SN,1081350,SOLICITUD DE MEJORAMIENTO SMAP-CIL-0006-25 Carrera 59 x Calles 54,5200316,UCAP POSTE METÁLICO REDONDO 12M,,7,POSTE METALICO REDONDO 12M,"Tablas 1 al 392_2025.pdf, pagina 209",5200316
210,SN,1097021,Cr 31 Cl 70 - 28 Int 118,5200231,"UCAP BRAZO 1"" - 0.4M - 0°",2,,BRAZO 1 - 0.4M - 0°,"Tablas 1 al 392_2025.pdf, pagina 210",5200231
210,SN,1097021,Cr 31 Cl 70 - 28 Int 118,5200270,LUM LED (KORELED) 44W,2,,LUM LED KORELED 44W,"Tablas 1 al 392_2025.pdf, pagina 210",5200270
210,SN,1097021,Cr 31 Cl 70 - 28 Int 118,5200201,UCAP BOMBILLO 70W,,3,BOMBILLO 70W,"Tablas 1 al 392_2025.pdf, pagina 210",5200201
210,SN,1097021,Cr 31 Cl 70 - 28 Int 118,5200217,UCAP LUMINARIA 70W,,1,LUMINARIA 70W,"Tablas 1 al 392_2025.pdf, pagina 210",5200217
210,SN,1097021,Cr 31 Cl 70 - 28 Int 118,5200232,"UCAP BRAZO 1"" - 1.5M - 52°/0°",,1,BRAZO 1 - 1.5M - 52°/0°,"Tablas 1 al 392_2025.pdf, pagina 210",5200232
211,SN,1097251,ANDEN CR 43 B CL 18-161,5200256,LUM LED (OMEGA) 50W,1,1,LUM LED OMEGA 50W,"Tablas 1 al 392_2025.pdf, pagina 211",5200256
211,SN,1097251,ANDEN CR 43 B CL 18-161,5200238-4,BR CAR SEMI-LAR 0.75M/0°,1,,BR CAR SEMI-LAR 0.75M/0°,"Tablas 1 al 392_2025.pdf, pagina 211",5200238-4
211,SN,1097251,ANDEN CR 43 B CL 18-161,5200238-5,BR CAR CORT-960 MM/0°,,1,BR CAR CORT-960 MM/0°,"Tablas 1 al 392_2025.pdf, pagina 211",5200238-5
211,SN,1097251,ANDEN CR 43 B CL 18-161,5200302,POST CONC 5M 350KGF CAR,1,1,POST CONC 5M 350KGF CAR,"Tablas 1 al 392_2025.pdf, pagina 211",5200302
212,SN,1097251,ANDEN CR 43 B CL 18-161,5200256,LUM LED (OMEGA) 50W,1,1,LUM LED OMEGA 50W,"Tablas 1 al 392_2025.pdf, pagina 212",5200256
212,SN,1097251,ANDEN CR 43 B CL 18-161,5200238-4,BR CAR SEMI-LAR 0.75M/0°,1,,BR CAR SEMI-LAR 0.75M/0°,"Tablas 1 al 392_2025.pdf, pagina 212",5200238-4
212,SN,1097251,ANDEN CR 43 B CL 18-161,5200238-5,BR CAR CORT-960 MM/0°,,1,BR CAR CORT-960 MM/0°,"Tablas 1 al 392_2025.pdf, pagina 212",5200238-5
212,SN,1097251,ANDEN CR 43 B CL 18-161,5200302,POST CONC 5M 350KGF CAR,1,1,POST CONC 5M 350KGF CAR,"Tablas 1 al 392_2025.pdf, pagina 212",5200302
213,SN,1106038,SENDERO PEATONAL CR 29 # 9 ASUR -120,5200270,LUM LED (KORELED) 44W,2,,LUM LED KORELED 44W,"Tablas 1 al 392_2025.pdf, pagina 213",5200270
213,SN,1106038,SENDERO PEATONAL CR 29 # 9 ASUR -120,5200231,"BRAZO 1"" - 0.4m - 0°",2,,BRAZO 1 - 0.4M - 0°,"Tablas 1 al 392_2025.pdf, pagina 213",5200231
214,SN,1107658,Sendero Peatonal CR 43 A CL 12 A,5200270,LUM LED (KORELED) 44W,7,,LUM LED KORELED 44W,"Tablas 1 al 392_2025.pdf, pagina 214",5200270
214,SN,1107658,Sendero Peatonal CR 43 A CL 12 A,5200302,Poste concreto carabobo 5m,5,,POSTE CONCRETO CARABOBO 5M,"Tablas 1 al 392_2025.pdf, pagina 214",5200302
214,SN,1107658,Sendero Peatonal CR 43 A CL 12 A,5200422,Cable fza Al 3x6 awg XLPE 600V 90°C enterrado,114,,CABLE FZA AL 3X6 AWG XLPE 600V 90°C ENTERRADO,"Tablas 1 al 392_2025.pdf, pagina 214",5200422
214,SN,1107658,Sendero Peatonal CR 43 A CL 12 A,5200238,BRAZO SENCILLO CARABOBO,5,,BRAZO SENCILLO CARABOBO,"Tablas 1 al 392_2025.pdf, pagina 214",5200238
214,SN,1107658,Sendero Peatonal CR 43 A CL 12 A,5200231,"BRAZO 1"" - 0.4m - 0°",2,,BRAZO 1 - 0.4M - 0°,"Tablas 1 al 392_2025.pdf, pagina 214",5200231
214,SN,1107658,Sendero Peatonal CR 43 A CL 12 A,5200501,caja concreto 50x50 cm,7,,CAJA CONCRETO 50X50 CM,"Tablas 1 al 392_2025.pdf, pagina 214",5200501
214,SN,1107658,Sendero Peatonal CR 43 A CL 12 A,5200529,"Tuberia 1-1/2"" IMC",16,,TUBERIA 1-1/2 IMC,"Tablas 1 al 392_2025.pdf, pagina 214",5200529
214,SN,1107658,Sendero Peatonal CR 43 A CL 12 A,5200503,"canal anden tuberia PVC 2""",3,,CANAL ANDEN TUBERIA PVC 2,"Tablas 1 al 392_2025.pdf, pagina 214",5200503
215,SN,1109890,Sendero peatonal CR 68 CL 48 - 10,5200270,LUM LED (KORELED) 44W,2,,LUM LED KORELED 44W,"Tablas 1 al 392_2025.pdf, pagina 215",5200270
215,SN,1109890,Sendero peatonal CR 68 CL 48 - 10,5200231,"BR 1"" - 0.4M - 0°",2,,BR 1 - 0.4M - 0°,"Tablas 1 al 392_2025.pdf, pagina 215",5200231
216,SN,1114424,PISTA DE SKATE U.D. ATANASIO GIRARDOT SMAP-CIL-0054-25 CR 70 CON CL 48,5000269,"PROYECTOR LED 110W TIPO V LARGA (LONG ""L"") 5000K",9,,PROYECTOR LED 110W TIPO V LARGA LONG L 5000K,"Tablas 1 al 392_2025.pdf, pagina 216",5000269
216,SN,1114424,PISTA DE SKATE U.D. ATANASIO GIRARDOT SMAP-CIL-0054-25 CR 70 CON CL 48,5200311,POST PRFV 12M 350KGF AP,2,,POST PRFV 12M 350KGF AP,"Tablas 1 al 392_2025.pdf, pagina 216",5200311
216,SN,1114424,PISTA DE SKATE U.D. ATANASIO GIRARDOT SMAP-CIL-0054-25 CR 70 CON CL 48,R5200127,RET - PROYEC HID 400W - 1000W,,4,RET - PROYEC HID 400W - 1000W,"Tablas 1 al 392_2025.pdf, pagina 216",R5200127
216,SN,1114424,PISTA DE SKATE U.D. ATANASIO GIRARDOT SMAP-CIL-0054-25 CR 70 CON CL 48,R5200214,RET - BOMB 1000W,,4,RET - BOMB 1000W,"Tablas 1 al 392_2025.pdf, pagina 216",R5200214
216,SN,1114424,PISTA DE SKATE U.D. ATANASIO GIRARDOT SMAP-CIL-0054-25 CR 70 CON CL 48,5200464,CABL CU 3X14 (ENCAU),47,,CABL CU 3X14 ENCAU,"Tablas 1 al 392_2025.pdf, pagina 216",5200464
216,SN,1114424,PISTA DE SKATE U.D. ATANASIO GIRARDOT SMAP-CIL-0054-25 CR 70 CON CL 48,R5200410,RET - DUPLEX CU 14 AWG,,26,RET - DUPLEX CU 14 AWG,"Tablas 1 al 392_2025.pdf, pagina 216",R5200410
217,SN,1114457,SMAP-CIL-0058-25 SENDERO PEATONAL CR 102 CL 92 -53 CERRO EL PICACHO,5200270,LUM LED (KORELED) 44W,1,,LUM LED KORELED 44W,"Tablas 1 al 392_2025.pdf, pagina 217",5200270
217,SN,1114457,SMAP-CIL-0058-25 SENDERO PEATONAL CR 102 CL 92 -53 CERRO EL PICACHO,5200419,POST PRFV 8M 510KGF,1,,POST PRFV 8M 510KGF,"Tablas 1 al 392_2025.pdf, pagina 217",5200419
217,SN,1114457,SMAP-CIL-0058-25 SENDERO PEATONAL CR 102 CL 92 -53 CERRO EL PICACHO,5200464,CABL CU 3X14 (ENCAU),12,,CABL CU 3X14 ENCAU,"Tablas 1 al 392_2025.pdf, pagina 217",5200464
218,SN,1115395,PARQUE LA ALEGRIA CL 104DD CR 82 E - 62,5200270,LUM LED (KORELED) 44W,1,,LUM LED KORELED 44W,"Tablas 1 al 392_2025.pdf, pagina 218",5200270
218,SN,1115395,PARQUE LA ALEGRIA CL 104DD CR 82 E - 62,5200231,"BR 1"" - 0.4M - 0°",1,,BR 1 - 0.4M - 0°,"Tablas 1 al 392_2025.pdf, pagina 218",5200231
218,SN,1115395,PARQUE LA ALEGRIA CL 104DD CR 82 E - 62,5200419,POST PRFV 8M 510KGF,1,,POST PRFV 8M 510KGF,"Tablas 1 al 392_2025.pdf, pagina 218",5200419
218,SN,1115395,PARQUE LA ALEGRIA CL 104DD CR 82 E - 62,5200464,CABL CU 3X14 (ENCAU),12,,CABL CU 3X14 ENCAU,"Tablas 1 al 392_2025.pdf, pagina 218",5200464
219,SS,1117307,Conexiones viales sobre las quebradas Hueso y Pelahueso Cr 86 - Cl 47DD y Cr 86 - Cl 47F,5090209,PUESTA A TIERRA,2,,PUESTA A TIERRA,"Tablas 1 al 392_2025.pdf, pagina 219",5090209
219,SS,1117307,Conexiones viales sobre las quebradas Hueso y Pelahueso Cr 86 - Cl 47DD y Cr 86 - Cl 47F,5200231,"UCAP BRAZO 1"" - 0.4M - 0°",3,,BRAZO 1 - 0.4M - 0°,"Tablas 1 al 392_2025.pdf, pagina 219",5200231
219,SS,1117307,Conexiones viales sobre las quebradas Hueso y Pelahueso Cr 86 - Cl 47DD y Cr 86 - Cl 47F,5200232,"UCAP BRAZO 1"" - 1.5M - 52°/0°",8,,BRAZO 1 - 1.5M - 52°/0°,"Tablas 1 al 392_2025.pdf, pagina 219",5200232
219,SS,1117307,Conexiones viales sobre las quebradas Hueso y Pelahueso Cr 86 - Cl 47DD y Cr 86 - Cl 47F,5200235,"UCAP BRAZO 1 1/2"" - 1.5M - 52°/0°",4,,BRAZO 1 1/2 - 1.5M - 52°/0°,"Tablas 1 al 392_2025.pdf, pagina 219",5200235
219,SS,1117307,Conexiones viales sobre las quebradas Hueso y Pelahueso Cr 86 - Cl 47DD y Cr 86 - Cl 47F,5200269,LUM LED 110-1 (RALED II),4,,LUM LED 110-1 RALED II,"Tablas 1 al 392_2025.pdf, pagina 219",5200269
219,SS,1117307,Conexiones viales sobre las quebradas Hueso y Pelahueso Cr 86 - Cl 47DD y Cr 86 - Cl 47F,5200270,LUM LED (KORELED) 44W,7,,LUM LED KORELED 44W,"Tablas 1 al 392_2025.pdf, pagina 219",5200270
219,SS,1117307,Conexiones viales sobre las quebradas Hueso y Pelahueso Cr 86 - Cl 47DD y Cr 86 - Cl 47F,5200293,LUM LED (OMEGA II) 64.5W,7,,LUM LED OMEGA II 64.5W,"Tablas 1 al 392_2025.pdf, pagina 219",5200293
219,SS,1117307,Conexiones viales sobre las quebradas Hueso y Pelahueso Cr 86 - Cl 47DD y Cr 86 - Cl 47F,5200301,UCAP POSTE CONCRETO REDONDO 9M.,8,4,POSTE CONCRETO REDONDO 9M,"Tablas 1 al 392_2025.pdf, pagina 219",5200301
219,SS,1117307,Conexiones viales sobre las quebradas Hueso y Pelahueso Cr 86 - Cl 47DD y Cr 86 - Cl 47F,5200302,UCAP POSTE CONCRETO CARABOBO 5M,3,,POSTE CONCRETO CARABOBO 5M,"Tablas 1 al 392_2025.pdf, pagina 219",5200302
219,SS,1117307,Conexiones viales sobre las quebradas Hueso y Pelahueso Cr 86 - Cl 47DD y Cr 86 - Cl 47F,5200421,CABLE FZA AL 3X6 AWG XLPE 600V 90°C,262,,CABLE FZA AL 3X6 AWG XLPE 600V 90°C,"Tablas 1 al 392_2025.pdf, pagina 219",5200421
219,SS,1117307,Conexiones viales sobre las quebradas Hueso y Pelahueso Cr 86 - Cl 47DD y Cr 86 - Cl 47F,5200905,PROYECTOR LED 25W SIMETRICO 5000K (ACROLED),1,,PROYECTOR LED 25W SIMETRICO 5000K ACROLED,"Tablas 1 al 392_2025.pdf, pagina 219",5200905
219,SS,1117307,Conexiones viales sobre las quebradas Hueso y Pelahueso Cr 86 - Cl 47DD y Cr 86 - Cl 47F,5200238,BRAZO CARABOBO SENCILLO,3,,BRAZO CARABOBO SENCILLO,"Tablas 1 al 392_2025.pdf, pagina 219",5200238
219,SS,1117307,Conexiones viales sobre las quebradas Hueso y Pelahueso Cr 86 - Cl 47DD y Cr 86 - Cl 47F,5200241,UCAP BRAZO CURVO 3000M,,7,BRAZO CURVO 3000M,"Tablas 1 al 392_2025.pdf, pagina 219",5200241
219,SS,1117307,Conexiones viales sobre las quebradas Hueso y Pelahueso Cr 86 - Cl 47DD y Cr 86 - Cl 47F,5200272,LUM LED (SEPIALED II) 128W,,7,LUM LED SEPIALED II 128W,"Tablas 1 al 392_2025.pdf, pagina 219",5200272
219,SS,1117307,Conexiones viales sobre las quebradas Hueso y Pelahueso Cr 86 - Cl 47DD y Cr 86 - Cl 47F,,UCAP CAJA CONCRETO 50X50 CM,13,,CAJA CONCRETO 50X50 CM,"Tablas 1 al 392_2025.pdf, pagina 219",SIN CODIGO|CAJA CONCRETO 50X50 CM
219,SS,1117307,Conexiones viales sobre las quebradas Hueso y Pelahueso Cr 86 - Cl 47DD y Cr 86 - Cl 47F,,CAJA DE PASO METÁLICA,2,,CAJA DE PASO METALICA,"Tablas 1 al 392_2025.pdf, pagina 219",SIN CODIGO|CAJA DE PASO METALICA
219,SS,1117307,Conexiones viales sobre las quebradas Hueso y Pelahueso Cr 86 - Cl 47DD y Cr 86 - Cl 47F,,"UCAP CANAL ANDEN TUBERIA PVC 2""",86,,CANAL ANDEN TUBERIA PVC 2,"Tablas 1 al 392_2025.pdf, pagina 219",SIN CODIGO|CANAL ANDEN TUBERIA PVC 2
219,SS,1117307,Conexiones viales sobre las quebradas Hueso y Pelahueso Cr 86 - Cl 47DD y Cr 86 - Cl 47F,,"UCAP TUBERIA 1"" IMC",11,,TUBERIA 1 IMC,"Tablas 1 al 392_2025.pdf, pagina 219",SIN CODIGO|TUBERIA 1 IMC
219,SS,1117307,Conexiones viales sobre las quebradas Hueso y Pelahueso Cr 86 - Cl 47DD y Cr 86 - Cl 47F,,Tuberia IMC 1 1/2,6,,TUBERIA IMC 1 1/2,"Tablas 1 al 392_2025.pdf, pagina 219",SIN CODIGO|TUBERIA IMC 1 1/2
220,SN,1119690,PARQUE ESCULTURA LUIS LOPEZ DE MESA CL 80 CR 74 - 126,5200270,LUM LED (KORELED) 44W,3,,LUM LED KORELED 44W,"Tablas 1 al 392_2025.pdf, pagina 220",5200270
220,SN,1119690,PARQUE ESCULTURA LUIS LOPEZ DE MESA CL 80 CR 74 - 126,5200231,"BR 1"" - 0.4M - 0°",2,,BR 1 - 0.4M - 0°,"Tablas 1 al 392_2025.pdf, pagina 220",5200231
220,SN,1119690,PARQUE ESCULTURA LUIS LOPEZ DE MESA CL 80 CR 74 - 126,5200232,"BR 1"" - 1.5M - 52°/0°",1,,BR 1 - 1.5M - 52°/0°,"Tablas 1 al 392_2025.pdf, pagina 220",5200232
220,SN,1119690,PARQUE ESCULTURA LUIS LOPEZ DE MESA CL 80 CR 74 - 126,5200419,POST PRFV 8M 510KGF,2,,POST PRFV 8M 510KGF,"Tablas 1 al 392_2025.pdf, pagina 220",5200419
220,SN,1119690,PARQUE ESCULTURA LUIS LOPEZ DE MESA CL 80 CR 74 - 126,5200464,CABL CU 3X14 (ENCAU),18,,CABL CU 3X14 ENCAU,"Tablas 1 al 392_2025.pdf, pagina 220",5200464
220,SN,1119690,PARQUE ESCULTURA LUIS LOPEZ DE MESA CL 80 CR 74 - 126,5200501,CAJ CONC 50X50 CM (CON TAPA),1,,CAJ CONC 50X50 CM CON TAPA,"Tablas 1 al 392_2025.pdf, pagina 220",5200501
220,SN,1119690,PARQUE ESCULTURA LUIS LOPEZ DE MESA CL 80 CR 74 - 126,R5200303,RET - POST CONC 5M 350KGF BAILARINA,,2,RET - POST CONC 5M 350KGF BAILARINA,"Tablas 1 al 392_2025.pdf, pagina 220",R5200303
220,SN,1119690,PARQUE ESCULTURA LUIS LOPEZ DE MESA CL 80 CR 74 - 126,R5200230,RET - BR DOBL BAILARINA,,3,RET - BR DOBL BAILARINA,"Tablas 1 al 392_2025.pdf, pagina 220",R5200230
220,SN,1119690,PARQUE ESCULTURA LUIS LOPEZ DE MESA CL 80 CR 74 - 126,R5200217,RET - LUM 70W,,3,RET - LUM 70W,"Tablas 1 al 392_2025.pdf, pagina 220",R5200217
220,SN,1119690,PARQUE ESCULTURA LUIS LOPEZ DE MESA CL 80 CR 74 - 126,R5200201,RET - BOMB 70W,,3,RET - BOMB 70W,"Tablas 1 al 392_2025.pdf, pagina 220",R5200201
221,SN,1120339,Vía M4 Cl 71 C Entre Cr 32 y Cr 34,5200235,"UCAP BRAZO 1 1/2"" - 1.5M - 52°/0°",11,,BRAZO 1 1/2 - 1.5M - 52°/0°,"Tablas 1 al 392_2025.pdf, pagina 221",5200235
221,SN,1120339,Vía M4 Cl 71 C Entre Cr 32 y Cr 34,5200272,LUM LED (SEPIALED II) 128W,11,,LUM LED SEPIALED II 128W,"Tablas 1 al 392_2025.pdf, pagina 221",5200272
221,SN,1120339,Vía M4 Cl 71 C Entre Cr 32 y Cr 34,5200419,UCAP POSTE PRFV 8M (ENTERRAR),1,,POSTE PRFV 8M ENTERRAR,"Tablas 1 al 392_2025.pdf, pagina 221",5200419
221,SN,1120339,Vía M4 Cl 71 C Entre Cr 32 y Cr 34,5200464,UCAP CABLE CU ENCAUCHETADO 3X14 CU,15,,CABLE CU ENCAUCHETADO 3X14 CU,"Tablas 1 al 392_2025.pdf, pagina 221",5200464
221,SN,1120339,Vía M4 Cl 71 C Entre Cr 32 y Cr 34,5200217,UCAP LUMINARIA 70W,,9,LUMINARIA 70W,"Tablas 1 al 392_2025.pdf, pagina 221",5200217
221,SN,1120339,Vía M4 Cl 71 C Entre Cr 32 y Cr 34,5200201,UCAP BOMBILLO 70W,,9,BOMBILLO 70W,"Tablas 1 al 392_2025.pdf, pagina 221",5200201
221,SN,1120339,Vía M4 Cl 71 C Entre Cr 32 y Cr 34,5200232,"UCAP BRAZO 1"" - 1.5M - 52°/0°",,1,BRAZO 1 - 1.5M - 52°/0°,"Tablas 1 al 392_2025.pdf, pagina 221",5200232
221,SN,1120339,Vía M4 Cl 71 C Entre Cr 32 y Cr 34,5200233,"UCAP BRAZO 1"" - 1.5M - 52°/20°",,9,BRAZO 1 - 1.5M - 52°/20°,"Tablas 1 al 392_2025.pdf, pagina 221",5200233
221,SN,1120339,Vía M4 Cl 71 C Entre Cr 32 y Cr 34,5200270,LUM LED (KORELED) 44W,,1,LUM LED KORELED 44W,"Tablas 1 al 392_2025.pdf, pagina 221",5200270
222,SN,1121084,VIA - SENDERO PEATONAL CL 28 A CR 78 A-05,5200293,LUM LED (OMEGA II ) 64.5W,1,,LUM LED OMEGA II 64.5W,"Tablas 1 al 392_2025.pdf, pagina 222",5200293
222,SN,1121084,VIA - SENDERO PEATONAL CL 28 A CR 78 A-05,5200235,"BRAZO 1 1/2"" - 1.5M - 52°/0°",,1,BRAZO 1 1/2 - 1.5M - 52°/0°,"Tablas 1 al 392_2025.pdf, pagina 222",5200235
222,SN,1121084,VIA - SENDERO PEATONAL CL 28 A CR 78 A-05,5200419,Poste PRFV 8m (Enterrar),1,,POSTE PRFV 8M ENTERRAR,"Tablas 1 al 392_2025.pdf, pagina 222",5200419
222,SN,1121084,VIA - SENDERO PEATONAL CL 28 A CR 78 A-05,5200464,Cable Cu encauchetado 3X14 AWG,18,,CABLE CU ENCAUCHETADO 3X14 AWG,"Tablas 1 al 392_2025.pdf, pagina 222",5200464
222,SN,1121084,VIA - SENDERO PEATONAL CL 28 A CR 78 A-05,5200241,BRAZO CURVO 3000m,1,,BRAZO CURVO 3000M,"Tablas 1 al 392_2025.pdf, pagina 222",5200241
222,SN,1121084,VIA - SENDERO PEATONAL CL 28 A CR 78 A-05,5200243,BRAZO RECTO 4500m,1,,BRAZO RECTO 4500M,"Tablas 1 al 392_2025.pdf, pagina 222",5200243
222,SN,1121084,VIA - SENDERO PEATONAL CL 28 A CR 78 A-05,5200270,LUM LED (KORELED) 44W,2,,LUM LED KORELED 44W,"Tablas 1 al 392_2025.pdf, pagina 222",5200270
222,SN,1121084,VIA - SENDERO PEATONAL CL 28 A CR 78 A-05,5200231,"BRAZO 1"" - 0.4m - 0°",2,,BRAZO 1 - 0.4M - 0°,"Tablas 1 al 392_2025.pdf, pagina 222",5200231
223,SN,1121132,SENDERO PEATONAL CR 115 B CL 38 F - 36,5200270,LUM LED (KORELED) 44W,2,,LUM LED KORELED 44W,"Tablas 1 al 392_2025.pdf, pagina 223",5200270
223,SN,1121132,SENDERO PEATONAL CR 115 B CL 38 F - 36,5200231,"BRAZO 1"" - 0.4m - 0°",2,,BRAZO 1 - 0.4M - 0°,"Tablas 1 al 392_2025.pdf, pagina 223",5200231
224,SN,1121139,PARQUE INFANTIL-SENDERO PEATONAL CL 28 A CR 78 A-05,5200293,LUM LED (OMEGA II ) 64.5W,2,,LUM LED OMEGA II 64.5W,"Tablas 1 al 392_2025.pdf, pagina 224",5200293
224,SN,1121139,PARQUE INFANTIL-SENDERO PEATONAL CL 28 A CR 78 A-05,5200235,"BRAZO 1 1/2"" - 1.5M - 52°/0°",2,,BRAZO 1 1/2 - 1.5M - 52°/0°,"Tablas 1 al 392_2025.pdf, pagina 224",5200235
224,SN,1121139,PARQUE INFANTIL-SENDERO PEATONAL CL 28 A CR 78 A-05,5200419,Poste PRFV 8m (Enterrar),1,,POSTE PRFV 8M ENTERRAR,"Tablas 1 al 392_2025.pdf, pagina 224",5200419
224,SN,1121139,PARQUE INFANTIL-SENDERO PEATONAL CL 28 A CR 78 A-05,5200464,Cable Cu encauchetado 3X14 AWG,20,,CABLE CU ENCAUCHETADO 3X14 AWG,"Tablas 1 al 392_2025.pdf, pagina 224",5200464
225,SN,1121149,"Vía, Anden y Ciclorruta Cr 40 Cl 52 - 27",5200231,"UCAP BRAZO 1"" - 0.4M - 0°",1,,BRAZO 1 - 0.4M - 0°,"Tablas 1 al 392_2025.pdf, pagina 225",5200231
225,SN,1121149,"Vía, Anden y Ciclorruta Cr 40 Cl 52 - 27",5200241,UCAP BRAZO CURVO 3000M,1,,BRAZO CURVO 3000M,"Tablas 1 al 392_2025.pdf, pagina 225",5200241
225,SN,1121149,"Vía, Anden y Ciclorruta Cr 40 Cl 52 - 27",5200269,LUM LED 110-1 (RALED II),1,,LUM LED 110-1 RALED II,"Tablas 1 al 392_2025.pdf, pagina 225",5200269
225,SN,1121149,"Vía, Anden y Ciclorruta Cr 40 Cl 52 - 27",5200270,LUM LED (KORELED) 44W,1,,LUM LED KORELED 44W,"Tablas 1 al 392_2025.pdf, pagina 225",5200270
225,SN,1121149,"Vía, Anden y Ciclorruta Cr 40 Cl 52 - 27",5200301,UCAP POSTE CONCRETO REDONDO 9M.,1,,POSTE CONCRETO REDONDO 9M,"Tablas 1 al 392_2025.pdf, pagina 225",5200301
225,SN,1121149,"Vía, Anden y Ciclorruta Cr 40 Cl 52 - 27",5200422,CABLE FZA AL 3X6 AWG XLPE 600V 90°C ENTERRADO,15,,CABLE FZA AL 3X6 AWG XLPE 600V 90°C ENTERRADO,"Tablas 1 al 392_2025.pdf, pagina 225",5200422
225,SN,1121149,"Vía, Anden y Ciclorruta Cr 40 Cl 52 - 27",5200464,UCAP CABLE CU ENCAUCHETADO 3X14 CU,10,,CABLE CU ENCAUCHETADO 3X14 CU,"Tablas 1 al 392_2025.pdf, pagina 225",5200464
225,SN,1121149,"Vía, Anden y Ciclorruta Cr 40 Cl 52 - 27",5200502,UCAP CAJA CONCRETO DIRECTAMENTE ENT,1,,CAJA CONCRETO DIRECTAMENTE ENT,"Tablas 1 al 392_2025.pdf, pagina 225",5200502
226,SN,1121202,VIA CR 96 CL 40 -95,5200272,LUM LED (SEPIALED II) 128W,1,,LUM LED SEPIALED II 128W,"Tablas 1 al 392_2025.pdf, pagina 226",5200272
226,SN,1121202,VIA CR 96 CL 40 -95,5200235,"BRAZO 1 1/2"" - 1.5M - 52°/0°",1,,BRAZO 1 1/2 - 1.5M - 52°/0°,"Tablas 1 al 392_2025.pdf, pagina 226",5200235
226,SN,1121202,VIA CR 96 CL 40 -95,5200219,LUMINARIA 250W,,1,LUMINARIA 250W,"Tablas 1 al 392_2025.pdf, pagina 226",5200219
226,SN,1121202,VIA CR 96 CL 40 -95,5200203,BOMBILLA Na 250W,,1,BOMBILLA NA 250W,"Tablas 1 al 392_2025.pdf, pagina 226",5200203
226,SN,1121202,VIA CR 96 CL 40 -95,5200236,"BRAZO 1 1/2"" - 1.5M - 52°/20°",,1,BRAZO 1 1/2 - 1.5M - 52°/20°,"Tablas 1 al 392_2025.pdf, pagina 226",5200236
227,SN,1121295,CRUCE VEHICULAR CL 40 CR 108,5200272,LUM LED (SEPIALED II) 128W,1,,LUM LED SEPIALED II 128W,"Tablas 1 al 392_2025.pdf, pagina 227",5200272
227,SN,1121295,CRUCE VEHICULAR CL 40 CR 108,5200235,"BRAZO 1 1/2"" - 1.5M - 52°/0°",1,,BRAZO 1 1/2 - 1.5M - 52°/0°,"Tablas 1 al 392_2025.pdf, pagina 227",5200235
228,SN,1121310,CRUCE VEHICULAR CR 81 CL 48 A,5200269,UCAP Luminaria LED (RALED II) 110.7W,1,,LUMINARIA LED RALED II 110.7W,"Tablas 1 al 392_2025.pdf, pagina 228",5200269
228,SN,1121310,CRUCE VEHICULAR CR 81 CL 48 A,5200235,"BRAZO 1 1/2"" - 1.5M - 52°/0°",1,,BRAZO 1 1/2 - 1.5M - 52°/0°,"Tablas 1 al 392_2025.pdf, pagina 228",5200235
228,SN,1121310,CRUCE VEHICULAR CR 81 CL 48 A,5200224,LUMINARIA LED 74W,,1,LUMINARIA LED 74W,"Tablas 1 al 392_2025.pdf, pagina 228",5200224
228,SN,1121310,CRUCE VEHICULAR CR 81 CL 48 A,5200419,Poste PRFV 8m (Enterrar),1,,POSTE PRFV 8M ENTERRAR,"Tablas 1 al 392_2025.pdf, pagina 228",5200419
228,SN,1121310,CRUCE VEHICULAR CR 81 CL 48 A,5200464,Cable Cu encauchetado 3X14 AWG,12,,CABLE CU ENCAUCHETADO 3X14 AWG,"Tablas 1 al 392_2025.pdf, pagina 228",5200464
229,SN,1121323,SENDERO PEATONAL CR 70 CL 32-50,5200270,LUM LED (KORELED) 44W,2,,LUM LED KORELED 44W,"Tablas 1 al 392_2025.pdf, pagina 229",5200270
229,SN,1121323,SENDERO PEATONAL CR 70 CL 32-50,5200231,"BRAZO 1"" - 0.4m - 0°",2,,BRAZO 1 - 0.4M - 0°,"Tablas 1 al 392_2025.pdf, pagina 229",5200231
229,SN,1121323,SENDERO PEATONAL CR 70 CL 32-50,5200219,LUMINARIA 250W,,1,LUMINARIA 250W,"Tablas 1 al 392_2025.pdf, pagina 229",5200219
229,SN,1121323,SENDERO PEATONAL CR 70 CL 32-50,5200203,BOMBILLA Na 250W,,1,BOMBILLA NA 250W,"Tablas 1 al 392_2025.pdf, pagina 229",5200203
229,SN,1121323,SENDERO PEATONAL CR 70 CL 32-50,5200235,"BRAZO 1 1/2"" - 1.5M - 52°/0°",,1,BRAZO 1 1/2 - 1.5M - 52°/0°,"Tablas 1 al 392_2025.pdf, pagina 229",5200235
229,SN,1121323,SENDERO PEATONAL CR 70 CL 32-50,5200419,Poste PRFV 8m (Enterrar),1,,POSTE PRFV 8M ENTERRAR,"Tablas 1 al 392_2025.pdf, pagina 229",5200419
229,SN,1121323,SENDERO PEATONAL CR 70 CL 32-50,5200464,Cable Cu encauchetado 3X14 AWG,26,,CABLE CU ENCAUCHETADO 3X14 AWG,"Tablas 1 al 392_2025.pdf, pagina 229",5200464
229,SN,1121323,SENDERO PEATONAL CR 70 CL 32-50,5200410,duplex cu 14 awg-thw 300v,,26,DUPLEX CU 14 AWG-THW 300V,"Tablas 1 al 392_2025.pdf, pagina 229",5200410
230,SN,1121375,Sendero Cr 44 Cl 37 - 37,5200231,"UCAP BRAZO 1"" - 0.4M - 0°",1,1,BRAZO 1 - 0.4M - 0°,"Tablas 1 al 392_2025.pdf, pagina 230",5200231
230,SN,1121375,Sendero Cr 44 Cl 37 - 37,5200270,LUM LED (KORELED) 44W,1,,LUM LED KORELED 44W,"Tablas 1 al 392_2025.pdf, pagina 230",5200270
230,SN,1121375,Sendero Cr 44 Cl 37 - 37,5200217,UCAP LUMINARIA 70W,,1,LUMINARIA 70W,"Tablas 1 al 392_2025.pdf, pagina 230",5200217
230,SN,1121375,Sendero Cr 44 Cl 37 - 37,5200201,UCAP BOMBILLO 70W,,1,BOMBILLO 70W,"Tablas 1 al 392_2025.pdf, pagina 230",5200201
231,SN,1121389,Vía y Anden Cr 50 Cl 65 - 8,5200231,"UCAP BRAZO 1"" - 0.4M - 0°",1,,BRAZO 1 - 0.4M - 0°,"Tablas 1 al 392_2025.pdf, pagina 231",5200231
231,SN,1121389,Vía y Anden Cr 50 Cl 65 - 8,5200235,"UCAP BRAZO 1 1/2"" - 1.5M - 52°/0°",1,,BRAZO 1 1/2 - 1.5M - 52°/0°,"Tablas 1 al 392_2025.pdf, pagina 231",5200235
231,SN,1121389,Vía y Anden Cr 50 Cl 65 - 8,5200239,UCAP BRAZO DOBLE CARABOBO,1,,BRAZO DOBLE CARABOBO,"Tablas 1 al 392_2025.pdf, pagina 231",5200239
231,SN,1121389,Vía y Anden Cr 50 Cl 65 - 8,5200269,LUM LED 110-1 (RALED II),1,,LUM LED 110-1 RALED II,"Tablas 1 al 392_2025.pdf, pagina 231",5200269
231,SN,1121389,Vía y Anden Cr 50 Cl 65 - 8,5200270,LUM LED (KORELED) 44W,2,,LUM LED KORELED 44W,"Tablas 1 al 392_2025.pdf, pagina 231",5200270
231,SN,1121389,Vía y Anden Cr 50 Cl 65 - 8,5200238,UCAP BRAZO SENCILLO CARABOBO,,1,BRAZO SENCILLO CARABOBO,"Tablas 1 al 392_2025.pdf, pagina 231",5200238
232,SN,1121393,Plazoleta Cr 57 Cl 65,5200232,"UCAP BRAZO 1"" - 1.5M - 52°/0°",2,,BRAZO 1 - 1.5M - 52°/0°,"Tablas 1 al 392_2025.pdf, pagina 232",5200232
232,SN,1121393,Plazoleta Cr 57 Cl 65,5200270,LUM LED (KORELED) 44W,2,,LUM LED KORELED 44W,"Tablas 1 al 392_2025.pdf, pagina 232",5200270
232,SN,1121393,Plazoleta Cr 57 Cl 65,5200218,UCAP LUMINARIA 150W,,2,LUMINARIA 150W,"Tablas 1 al 392_2025.pdf, pagina 232",5200218
232,SN,1121393,Plazoleta Cr 57 Cl 65,5200202,UCAP BOMBILLO 150W,,2,BOMBILLO 150W,"Tablas 1 al 392_2025.pdf, pagina 232",5200202
232,SN,1121393,Plazoleta Cr 57 Cl 65,5200236,"UCAP BRAZO 1 1/2"" - 1.5M - 52°/20°",,2,BRAZO 1 1/2 - 1.5M - 52°/20°,"Tablas 1 al 392_2025.pdf, pagina 232",5200236
233,SN,1121410,Vía y Anden Cr 51 B Cl 91 - 102,5200235,"UCAP BRAZO 1 1/2"" - 1.5M - 52°/0°",1,,BRAZO 1 1/2 - 1.5M - 52°/0°,"Tablas 1 al 392_2025.pdf, pagina 233",5200235
233,SN,1121410,Vía y Anden Cr 51 B Cl 91 - 102,5200272,LUM LED (SEPIALED II) 128W,1,,LUM LED SEPIALED II 128W,"Tablas 1 al 392_2025.pdf, pagina 233",5200272
233,SN,1121410,Vía y Anden Cr 51 B Cl 91 - 102,5200217,UCAP LUMINARIA 70W,,1,LUMINARIA 70W,"Tablas 1 al 392_2025.pdf, pagina 233",5200217
233,SN,1121410,Vía y Anden Cr 51 B Cl 91 - 102,5200201,UCAP BOMBILLO 70W,,1,BOMBILLO 70W,"Tablas 1 al 392_2025.pdf, pagina 233",5200201
233,SN,1121410,Vía y Anden Cr 51 B Cl 91 - 102,5200219,UCAP LUMINARIA 250W,,1,LUMINARIA 250W,"Tablas 1 al 392_2025.pdf, pagina 233",5200219
233,SN,1121410,Vía y Anden Cr 51 B Cl 91 - 102,5200203,UCAP BOMBILLO 250W,,1,BOMBILLO 250W,"Tablas 1 al 392_2025.pdf, pagina 233",5200203
233,SN,1121410,Vía y Anden Cr 51 B Cl 91 - 102,5200230,UCAP BRAZO DOBLE BAILARINA,,1,BRAZO DOBLE BAILARINA,"Tablas 1 al 392_2025.pdf, pagina 233",5200230
233,SN,1121410,Vía y Anden Cr 51 B Cl 91 - 102,5200236,"UCAP BRAZO 1 1/2"" - 1.5M - 52°/20°",,1,BRAZO 1 1/2 - 1.5M - 52°/20°,"Tablas 1 al 392_2025.pdf, pagina 233",5200236
233,SN,1121410,Vía y Anden Cr 51 B Cl 91 - 102,5200303,UCAP POSTE CONCRETO TIPO METRO 5M,,1,POSTE CONCRETO TIPO METRO 5M,"Tablas 1 al 392_2025.pdf, pagina 233",5200303
233,SN,1121410,Vía y Anden Cr 51 B Cl 91 - 102,5200410,UCAP DUPLEX CU 14 AWG-THW 300V,,10,DUPLEX CU 14 AWG-THW 300V,"Tablas 1 al 392_2025.pdf, pagina 233",5200410
234,SN,1126867,SENDEROPEATONAL CR 50 FF CL 6 SUR-100,5200270,LUM LED (KORELED) 44W,3,,LUM LED KORELED 44W,"Tablas 1 al 392_2025.pdf, pagina 234",5200270
234,SN,1126867,SENDEROPEATONAL CR 50 FF CL 6 SUR-100,5200231,"BRAZO 1"" - 0.4m - 0°",3,,BRAZO 1 - 0.4M - 0°,"Tablas 1 al 392_2025.pdf, pagina 234",5200231
234,SN,1126867,SENDEROPEATONAL CR 50 FF CL 6 SUR-100,5200464,Cable Cu encauchetado 3X14 AWG,25,,CABLE CU ENCAUCHETADO 3X14 AWG,"Tablas 1 al 392_2025.pdf, pagina 234",5200464
234,SN,1126867,SENDEROPEATONAL CR 50 FF CL 6 SUR-100,5200419,Poste PRFV 8m (Enterrar),2,,POSTE PRFV 8M ENTERRAR,"Tablas 1 al 392_2025.pdf, pagina 234",5200419
234,SN,1126867,SENDEROPEATONAL CR 50 FF CL 6 SUR-100,5200217,LUMINARIA 70W,,1,LUMINARIA 70W,"Tablas 1 al 392_2025.pdf, pagina 234",5200217
234,SN,1126867,SENDEROPEATONAL CR 50 FF CL 6 SUR-100,5200232,"BRAZO 1"" - 1.5m - 52°/0°",,1,BRAZO 1 - 1.5M - 52°/0°,"Tablas 1 al 392_2025.pdf, pagina 234",5200232
235,SN,1133021,Anden Cr 48 C Cl 12 Sur,5010131,LUM. LED 30W. SUPERFICIES (ACROLED SIM. 5K),1,,LUM LED 30W SUPERFICIES ACROLED SIM 5K,"Tablas 1 al 392_2025.pdf, pagina 235",5010131
235,SN,1133021,Anden Cr 48 C Cl 12 Sur,5200231,"UCAP BRAZO 1"" - 0.4M - 0°",1,,BRAZO 1 - 0.4M - 0°,"Tablas 1 al 392_2025.pdf, pagina 235",5200231
235,SN,1133021,Anden Cr 48 C Cl 12 Sur,5200270,LUM LED (KORELED) 44W,1,,LUM LED KORELED 44W,"Tablas 1 al 392_2025.pdf, pagina 235",5200270
235,SN,1133021,Anden Cr 48 C Cl 12 Sur,5200419,UCAP POSTE PRFV 8M (ENTERRAR),1,,POSTE PRFV 8M ENTERRAR,"Tablas 1 al 392_2025.pdf, pagina 235",5200419
235,SN,1133021,Anden Cr 48 C Cl 12 Sur,5200464,UCAP CABLE CU ENCAUCHETADO 3X14 CU,32,,CABLE CU ENCAUCHETADO 3X14 CU,"Tablas 1 al 392_2025.pdf, pagina 235",5200464
236,SN,1133060,SMAP 0093-25 CL 106 CR 32,5200239,UCAP BRAZO DOBLE CARABOBO,1,,BRAZO DOBLE CARABOBO,"Tablas 1 al 392_2025.pdf, pagina 236",5200239
236,SN,1133060,SMAP 0093-25 CL 106 CR 32,5200270,LUM LED (KORELED) 44W,2,,LUM LED KORELED 44W,"Tablas 1 al 392_2025.pdf, pagina 236",5200270
236,SN,1133060,SMAP 0093-25 CL 106 CR 32,5200302,UCAP POSTE CONCRETO CARABOBO 5M,1,,POSTE CONCRETO CARABOBO 5M,"Tablas 1 al 392_2025.pdf, pagina 236",5200302
236,SN,1133060,SMAP 0093-25 CL 106 CR 32,5200464,UCAP CABLE CU ENCAUCHETADO 3X14 CU,5,,CABLE CU ENCAUCHETADO 3X14 CU,"Tablas 1 al 392_2025.pdf, pagina 236",5200464
236,SN,1133060,SMAP 0093-25 CL 106 CR 32,5200303,UCAP POSTE CONCRETO TIPO METRO 5M,,1,POSTE CONCRETO TIPO METRO 5M,"Tablas 1 al 392_2025.pdf, pagina 236",5200303
237,SN,1133075,Vía Cr 24 B Cl 17 - 25,5200235,"UCAP BRAZO 1 1/2"" - 1.5M - 52°/0°",1,,BRAZO 1 1/2 - 1.5M - 52°/0°,"Tablas 1 al 392_2025.pdf, pagina 237",5200235
237,SN,1133075,Vía Cr 24 B Cl 17 - 25,5200272,LUM LED (SEPIALED II) 128W,1,,LUM LED SEPIALED II 128W,"Tablas 1 al 392_2025.pdf, pagina 237",5200272
237,SN,1133075,Vía Cr 24 B Cl 17 - 25,5200202,UCAP BOMBILLO 150W,,1,BOMBILLO 150W,"Tablas 1 al 392_2025.pdf, pagina 237",5200202
237,SN,1133075,Vía Cr 24 B Cl 17 - 25,5200218,UCAP LUMINARIA 150W,,1,LUMINARIA 150W,"Tablas 1 al 392_2025.pdf, pagina 237",5200218
237,SN,1133075,Vía Cr 24 B Cl 17 - 25,5200236,"UCAP BRAZO 1 1/2"" - 1.5M - 52°/20°",,1,BRAZO 1 1/2 - 1.5M - 52°/20°,"Tablas 1 al 392_2025.pdf, pagina 237",5200236
238,SN,1133079,Vía Dg 17 Cl 20 C Sur,5200232,"UCAP BRAZO 1"" - 1.5M - 52°/0°",9,3,BRAZO 1 - 1.5M - 52°/0°,"Tablas 1 al 392_2025.pdf, pagina 238",5200232
238,SN,1133079,Vía Dg 17 Cl 20 C Sur,5200270,LUM LED (KORELED) 44W,9,,LUM LED KORELED 44W,"Tablas 1 al 392_2025.pdf, pagina 238",5200270
238,SN,1133079,Vía Dg 17 Cl 20 C Sur,5200419,UCAP POSTE PRFV 8M (ENTERRAR),4,,POSTE PRFV 8M ENTERRAR,"Tablas 1 al 392_2025.pdf, pagina 238",5200419
238,SN,1133079,Vía Dg 17 Cl 20 C Sur,5200464,UCAP CABLE CU ENCAUCHETADO 3X14 CU,96,,CABLE CU ENCAUCHETADO 3X14 CU,"Tablas 1 al 392_2025.pdf, pagina 238",5200464
238,SN,1133079,Vía Dg 17 Cl 20 C Sur,5200217,UCAP LUMINARIA 70W,,5,LUMINARIA 70W,"Tablas 1 al 392_2025.pdf, pagina 238",5200217
238,SN,1133079,Vía Dg 17 Cl 20 C Sur,5200201,UCAP BOMBILLO 70W,,5,BOMBILLO 70W,"Tablas 1 al 392_2025.pdf, pagina 238",5200201
238,SN,1133079,Vía Dg 17 Cl 20 C Sur,5200231,"UCAP BRAZO 1"" - 0.4M - 0°",,2,BRAZO 1 - 0.4M - 0°,"Tablas 1 al 392_2025.pdf, pagina 238",5200231
239,SN,1133092,Vía y Anden Cr 17 Cl 12 Sur - 260,5200231,"UCAP BRAZO 1"" - 0.4M - 0°",3,,BRAZO 1 - 0.4M - 0°,"Tablas 1 al 392_2025.pdf, pagina 239",5200231
239,SN,1133092,Vía y Anden Cr 17 Cl 12 Sur - 260,5200232,"UCAP BRAZO 1"" - 1.5M - 52°/0°",1,1,BRAZO 1 - 1.5M - 52°/0°,"Tablas 1 al 392_2025.pdf, pagina 239",5200232
239,SN,1133092,Vía y Anden Cr 17 Cl 12 Sur - 260,5200270,LUM LED (KORELED) 44W,3,,LUM LED KORELED 44W,"Tablas 1 al 392_2025.pdf, pagina 239",5200270
239,SN,1133092,Vía y Anden Cr 17 Cl 12 Sur - 260,5200293,LUM LED (OMEGA II) 64.5W,1,,LUM LED OMEGA II 64.5W,"Tablas 1 al 392_2025.pdf, pagina 239",5200293
239,SN,1133092,Vía y Anden Cr 17 Cl 12 Sur - 260,5200464,UCAP CABLE CU ENCAUCHETADO 3X14 CU,10,,CABLE CU ENCAUCHETADO 3X14 CU,"Tablas 1 al 392_2025.pdf, pagina 239",5200464
239,SN,1133092,Vía y Anden Cr 17 Cl 12 Sur - 260,5200217,UCAP LUMINARIA 70W,,1,LUMINARIA 70W,"Tablas 1 al 392_2025.pdf, pagina 239",5200217
239,SN,1133092,Vía y Anden Cr 17 Cl 12 Sur - 260,5200201,UCAP BOMBILLO 70W,,1,BOMBILLO 70W,"Tablas 1 al 392_2025.pdf, pagina 239",5200201
240,SN,1133127,SMAP 0099-25 CL 104 F CR 74 - 52,5200217,UCAP LUMINARIA 70W,,1,LUMINARIA 70W,"Tablas 1 al 392_2025.pdf, pagina 240",5200217
240,SN,1133127,SMAP 0099-25 CL 104 F CR 74 - 52,5200201,UCAP BOMBILLO 70W,,1,BOMBILLO 70W,"Tablas 1 al 392_2025.pdf, pagina 240",5200201
240,SN,1133127,SMAP 0099-25 CL 104 F CR 74 - 52,5200232,"UCAP BRAZO 1"" - 1.5M - 52°/0°",,1,BRAZO 1 - 1.5M - 52°/0°,"Tablas 1 al 392_2025.pdf, pagina 240",5200232
241,SN,1133145,Sendero CR 24 BD CL 71 - 173,5200232,"UCAP BRAZO 1"" - 1.5M - 52°/0°",2,,BRAZO 1 - 1.5M - 52°/0°,"Tablas 1 al 392_2025.pdf, pagina 241",5200232
241,SN,1133145,Sendero CR 24 BD CL 71 - 173,5200270,LUM LED (KORELED) 44W,2,,LUM LED KORELED 44W,"Tablas 1 al 392_2025.pdf, pagina 241",5200270
241,SN,1133145,Sendero CR 24 BD CL 71 - 173,5200464,UCAP CABLE CU ENCAUCHETADO 3X14 CU,42,,CABLE CU ENCAUCHETADO 3X14 CU,"Tablas 1 al 392_2025.pdf, pagina 241",5200464
242,SN,1133905,Sendero Cl 89 Entre Cr 50 C y Cr 50 D,5200231,"UCAP BRAZO 1"" - 0.4M - 0°",2,,BRAZO 1 - 0.4M - 0°,"Tablas 1 al 392_2025.pdf, pagina 242",5200231
242,SN,1133905,Sendero Cl 89 Entre Cr 50 C y Cr 50 D,5200270,LUM LED (KORELED) 44W,2,,LUM LED KORELED 44W,"Tablas 1 al 392_2025.pdf, pagina 242",5200270
243,SN,1133909,SMAP 0111-25 Cl 49 Cr 81 - 52,5200232,"UCAP BRAZO 1"" - 1.5M - 52°/0°",2,,BRAZO 1 - 1.5M - 52°/0°,"Tablas 1 al 392_2025.pdf, pagina 243",5200232
243,SN,1133909,SMAP 0111-25 Cl 49 Cr 81 - 52,5200270,LUM LED (KORELED) 44W,2,,LUM LED KORELED 44W,"Tablas 1 al 392_2025.pdf, pagina 243",5200270
243,SN,1133909,SMAP 0111-25 Cl 49 Cr 81 - 52,5200308,UCAP POSTE CONCRETO OCTOG 8M,1,,POSTE CONCRETO OCTOG 8M,"Tablas 1 al 392_2025.pdf, pagina 243",5200308
243,SN,1133909,SMAP 0111-25 Cl 49 Cr 81 - 52,5200419,UCAP POSTE PRFV 8M (ENTERRAR),1,,POSTE PRFV 8M ENTERRAR,"Tablas 1 al 392_2025.pdf, pagina 243",5200419
243,SN,1133909,SMAP 0111-25 Cl 49 Cr 81 - 52,5200464,UCAP CABLE CU ENCAUCHETADO 3X14 CU,18,,CABLE CU ENCAUCHETADO 3X14 CU,"Tablas 1 al 392_2025.pdf, pagina 243",5200464
244,SN,1133920,SMAP 0112-25 CR 81 CL 52 - 26,5200231,"UCAP BRAZO 1"" - 0.4M - 0°",2,,BRAZO 1 - 0.4M - 0°,"Tablas 1 al 392_2025.pdf, pagina 244",5200231
244,SN,1133920,SMAP 0112-25 CR 81 CL 52 - 26,5200232,"UCAP BRAZO 1"" - 1.5M - 52°/0°",1,,BRAZO 1 - 1.5M - 52°/0°,"Tablas 1 al 392_2025.pdf, pagina 244",5200232
244,SN,1133920,SMAP 0112-25 CR 81 CL 52 - 26,5200270,LUM LED (KORELED) 44W,3,,LUM LED KORELED 44W,"Tablas 1 al 392_2025.pdf, pagina 244",5200270
245,SN,1133932,SMAP 0113-25 Cr 81 A Cl 48 B - 60,5200231,"UCAP BRAZO 1"" - 0.4M - 0°",1,,BRAZO 1 - 0.4M - 0°,"Tablas 1 al 392_2025.pdf, pagina 245",5200231
245,SN,1133932,SMAP 0113-25 Cr 81 A Cl 48 B - 60,5200270,LUM LED (KORELED) 44W,1,,LUM LED KORELED 44W,"Tablas 1 al 392_2025.pdf, pagina 245",5200270
246,SN,1133968,Vía Cr 48 C Cl 10 Sur,5000266,LUM LED 176W ASIMÉTRICA 4000K HORIZONTAL,2,,LUM LED 176W ASIMETRICA 4000K HORIZONTAL,"Tablas 1 al 392_2025.pdf, pagina 246",5000266
246,SN,1133968,Vía Cr 48 C Cl 10 Sur,5200220,UCAP LUMINARIA 400W,,2,LUMINARIA 400W,"Tablas 1 al 392_2025.pdf, pagina 246",5200220
246,SN,1133968,Vía Cr 48 C Cl 10 Sur,5200204,UCAP BOMBILLO 400W,,2,BOMBILLO 400W,"Tablas 1 al 392_2025.pdf, pagina 246",5200204
247,SN,1141973,Sendero Cl 42 Cr 102 - 29 Int 102,5200222,UCAP LUMINARIA LED 40W,1,1,LUMINARIA LED 40W,"Tablas 1 al 392_2025.pdf, pagina 247",5200222
247,SN,1141973,Sendero Cl 42 Cr 102 - 29 Int 102,5200302,UCAP POSTE CONCRETO CARABOBO 5M,1,1,POSTE CONCRETO CARABOBO 5M,"Tablas 1 al 392_2025.pdf, pagina 247",5200302
247,SN,1141973,Sendero Cl 42 Cr 102 - 29 Int 102,5200238,UCAP BRAZO SENCILLO CARABOBO,1,1,BRAZO SENCILLO CARABOBO,"Tablas 1 al 392_2025.pdf, pagina 247",5200238
248,SN,1152532,Sendero Cl 11 A Cr 34,5200231,"UCAP BRAZO 1"" - 0.4M - 0°",1,,BRAZO 1 - 0.4M - 0°,"Tablas 1 al 392_2025.pdf, pagina 248",5200231
248,SN,1152532,Sendero Cl 11 A Cr 34,5200270,LUM LED (KORELED) 44W,3,,LUM LED KORELED 44W,"Tablas 1 al 392_2025.pdf, pagina 248",5200270
248,SN,1152532,Sendero Cl 11 A Cr 34,5200302,UCAP POSTE CONCRETO CARABOBO 5M,2,,POSTE CONCRETO CARABOBO 5M,"Tablas 1 al 392_2025.pdf, pagina 248",5200302
248,SN,1152532,Sendero Cl 11 A Cr 34,5200407,"UCAP TRIPLEX AL 2X4+1X4 XLP,AEREO",18,,TRIPLEX AL 2X4+1X4 XLP AEREO,"Tablas 1 al 392_2025.pdf, pagina 248",5200407
248,SN,1152532,Sendero Cl 11 A Cr 34,5200422,CABLE FZA AL 3X6 AWG XLPE 600V 90°C ENTERRADO,54,,CABLE FZA AL 3X6 AWG XLPE 600V 90°C ENTERRADO,"Tablas 1 al 392_2025.pdf, pagina 248",5200422
248,SN,1152532,Sendero Cl 11 A Cr 34,5200464,UCAP CABLE CU ENCAUCHETADO 3X14 CU,10,20,CABLE CU ENCAUCHETADO 3X14 CU,"Tablas 1 al 392_2025.pdf, pagina 248",5200464
248,SN,1152532,Sendero Cl 11 A Cr 34,5200502,UCAP CAJA CONCRETO DIRECTAMENTE ENT,2,,CAJA CONCRETO DIRECTAMENTE ENT,"Tablas 1 al 392_2025.pdf, pagina 248",5200502
248,SN,1152532,Sendero Cl 11 A Cr 34,5200238,BRAZO CARABOBO SENCILLO,2,,BRAZO CARABOBO SENCILLO,"Tablas 1 al 392_2025.pdf, pagina 248",5200238
249,SN,1156078,SENDERO PEATONAL PARQUE PINOCHO CR 77 CL 45 E - 02,5200270,LUM LED (KORELED) 44W,2,,LUM LED KORELED 44W,"Tablas 1 al 392_2025.pdf, pagina 249",5200270
249,SN,1156078,SENDERO PEATONAL PARQUE PINOCHO CR 77 CL 45 E - 02,5200231,"BR 1"" - 0.4M - 0°",2,,BR 1 - 0.4M - 0°,"Tablas 1 al 392_2025.pdf, pagina 249",5200231
249,SN,1156078,SENDERO PEATONAL PARQUE PINOCHO CR 77 CL 45 E - 02,5200464,CABL CU 3X14 (ENCAU),22,,CABL CU 3X14 ENCAU,"Tablas 1 al 392_2025.pdf, pagina 249",5200464
250,SN,177638,PUENTE PEATONAL CL 97 A CR 64 C,5200270,LUM LED (KORELED) 44W,2,,LUM LED KORELED 44W,"Tablas 1 al 392_2025.pdf, pagina 250",5200270
250,SN,177638,PUENTE PEATONAL CL 97 A CR 64 C,5200293,LUM LED (OMEGA II) 64.5W,1,,LUM LED OMEGA II 64.5W,"Tablas 1 al 392_2025.pdf, pagina 250",5200293
250,SN,177638,PUENTE PEATONAL CL 97 A CR 64 C,5200232,"BR 1"" - 1.5M - 52°/0°",3,,BR 1 - 1.5M - 52°/0°,"Tablas 1 al 392_2025.pdf, pagina 250",5200232
250,SN,177638,PUENTE PEATONAL CL 97 A CR 64 C,5200464,CABL CU 3X14 (ENCAU),12,,CABL CU 3X14 ENCAU,"Tablas 1 al 392_2025.pdf, pagina 250",5200464
250,SN,177638,PUENTE PEATONAL CL 97 A CR 64 C,5200422,CABLE AL 3X6 ENTERRADO ZONA VERDE,25,,CABLE AL 3X6 ENTERRADO ZONA VERDE,"Tablas 1 al 392_2025.pdf, pagina 250",5200422
250,SN,177638,PUENTE PEATONAL CL 97 A CR 64 C,5020117,POST PRFV 9M 350KGF AP,1,,POST PRFV 9M 350KGF AP,"Tablas 1 al 392_2025.pdf, pagina 250",5020117
250,SN,177638,PUENTE PEATONAL CL 97 A CR 64 C,5200419,POST PRFV 8M 510KGF,1,,POST PRFV 8M 510KGF,"Tablas 1 al 392_2025.pdf, pagina 250",5200419
250,SN,177638,PUENTE PEATONAL CL 97 A CR 64 C,5200501,CAJ CONC 50X50 CM (CON TAPA),1,,CAJ CONC 50X50 CM CON TAPA,"Tablas 1 al 392_2025.pdf, pagina 250",5200501
251,SS,189730,"Anden peatonal, CR 86 CL 47D",5200410,duplex cu 14 awg-thw 300v,,14,DUPLEX CU 14 AWG-THW 300V,"Tablas 1 al 392_2025.pdf, pagina 251",5200410
251,SS,189730,"Anden peatonal, CR 86 CL 47D",5200256,Lum LED 50W 4000K fijación horizontal,1,,LUM LED 50W 4000K FIJACION HORIZONTAL,"Tablas 1 al 392_2025.pdf, pagina 251",5200256
251,SS,189730,"Anden peatonal, CR 86 CL 47D",5200238,BRAZO SENCILLO CARABOBO,1,,BRAZO SENCILLO CARABOBO,"Tablas 1 al 392_2025.pdf, pagina 251",5200238
251,SS,189730,"Anden peatonal, CR 86 CL 47D",5200302,Poste concreto carabobo 5m,1,,POSTE CONCRETO CARABOBO 5M,"Tablas 1 al 392_2025.pdf, pagina 251",5200302
251,SS,189730,"Anden peatonal, CR 86 CL 47D",5200502,caja concreto directamente ent,2,,CAJA CONCRETO DIRECTAMENTE ENT,"Tablas 1 al 392_2025.pdf, pagina 251",5200502
251,SS,189730,"Anden peatonal, CR 86 CL 47D",5200411,cable 3x8 enterrado z.verde,15,,CABLE 3X8 ENTERRADO Z.VERDE,"Tablas 1 al 392_2025.pdf, pagina 251",5200411
251,SS,189730,"Anden peatonal, CR 86 CL 47D",5200407,"triplex Al 2x4+1x4 xlp,aereo",14,,TRIPLEX AL 2X4+1X4 XLP AEREO,"Tablas 1 al 392_2025.pdf, pagina 251",5200407
252,SS,202420,"Anden peatonal, Cl 34AA #125-166",5200201,BOMBILLA Na 70W,,1,BOMBILLA NA 70W,"Tablas 1 al 392_2025.pdf, pagina 252",5200201
252,SS,202420,"Anden peatonal, Cl 34AA #125-166",5200217,LUMINARIA 70W,,1,LUMINARIA 70W,"Tablas 1 al 392_2025.pdf, pagina 252",5200217
252,SS,202420,"Anden peatonal, Cl 34AA #125-166",5200231,"BRAZO 1"" - 0.4m - 0°",3,1,BRAZO 1 - 0.4M - 0°,"Tablas 1 al 392_2025.pdf, pagina 252",5200231
252,SS,202420,"Anden peatonal, Cl 34AA #125-166",5200410,duplex cu 14 awg-thw 300v,,52,DUPLEX CU 14 AWG-THW 300V,"Tablas 1 al 392_2025.pdf, pagina 252",5200410
252,SS,202420,"Anden peatonal, Cl 34AA #125-166",5200270,LUM LED (KORELED) 44W,3,,LUM LED KORELED 44W,"Tablas 1 al 392_2025.pdf, pagina 252",5200270
252,SS,202420,"Anden peatonal, Cl 34AA #125-166",5200464,Cable Cu encauchetado 3X14 AWG,37,,CABLE CU ENCAUCHETADO 3X14 AWG,"Tablas 1 al 392_2025.pdf, pagina 252",5200464
252,SS,202420,"Anden peatonal, Cl 34AA #125-166",5200419,Poste PRFV 8m (Enterrar),1,,POSTE PRFV 8M ENTERRAR,"Tablas 1 al 392_2025.pdf, pagina 252",5200419
253,SN,202513,CL 107 A CR 42 C-17,5200270,LUM LED (KORELED) 44W,1,,LUM LED KORELED 44W,"Tablas 1 al 392_2025.pdf, pagina 253",5200270
253,SN,202513,CL 107 A CR 42 C-17,5200232,"BR 1"" - 1.5M - 52°/0°",1,,BR 1 - 1.5M - 52°/0°,"Tablas 1 al 392_2025.pdf, pagina 253",5200232
254,SS,204269,"Anden peatonal, CL 58 CR 85D-33",5200206,Luminaria LED 56W Horizontal,1,,LUMINARIA LED 56W HORIZONTAL,"Tablas 1 al 392_2025.pdf, pagina 254",5200206
254,SS,204269,"Anden peatonal, CL 58 CR 85D-33",5200231,"BRAZO 1"" - 0.4m - 0°",1,,BRAZO 1 - 0.4M - 0°,"Tablas 1 al 392_2025.pdf, pagina 254",5200231
254,SS,204269,"Anden peatonal, CL 58 CR 85D-33",5200419,Poste PRFV 8m (Enterrar),1,,POSTE PRFV 8M ENTERRAR,"Tablas 1 al 392_2025.pdf, pagina 254",5200419
254,SS,204269,"Anden peatonal, CL 58 CR 85D-33",5200464,Cable Cu encauchetado 3X14 AWG,9,,CABLE CU ENCAUCHETADO 3X14 AWG,"Tablas 1 al 392_2025.pdf, pagina 254",5200464
255,SS,211343,"Anden peatonal, CL 34AA CR 125-72 ( INT 120 )",5200201,BOMBILLA Na 70W,,2,BOMBILLA NA 70W,"Tablas 1 al 392_2025.pdf, pagina 255",5200201
255,SS,211343,"Anden peatonal, CL 34AA CR 125-72 ( INT 120 )",5200217,LUMINARIA 70W,,2,LUMINARIA 70W,"Tablas 1 al 392_2025.pdf, pagina 255",5200217
255,SS,211343,"Anden peatonal, CL 34AA CR 125-72 ( INT 120 )",5200232,"BRAZO 1"" - 1.5m - 52°/0°",1,2,BRAZO 1 - 1.5M - 52°/0°,"Tablas 1 al 392_2025.pdf, pagina 255",5200232
255,SS,211343,"Anden peatonal, CL 34AA CR 125-72 ( INT 120 )",5200410,duplex cu 14 awg-thw 300v,,12,DUPLEX CU 14 AWG-THW 300V,"Tablas 1 al 392_2025.pdf, pagina 255",5200410
255,SS,211343,"Anden peatonal, CL 34AA CR 125-72 ( INT 120 )",5200306,Poste madera redondo de 8m,,2,POSTE MADERA REDONDO DE 8M,"Tablas 1 al 392_2025.pdf, pagina 255",5200306
255,SS,211343,"Anden peatonal, CL 34AA CR 125-72 ( INT 120 )",5200270,LUM LED (KORELED) 44W,3,,LUM LED KORELED 44W,"Tablas 1 al 392_2025.pdf, pagina 255",5200270
255,SS,211343,"Anden peatonal, CL 34AA CR 125-72 ( INT 120 )",5200231,"BRAZO 1"" - 0.4m - 0°",2,,BRAZO 1 - 0.4M - 0°,"Tablas 1 al 392_2025.pdf, pagina 255",5200231
255,SS,211343,"Anden peatonal, CL 34AA CR 125-72 ( INT 120 )",5200419,Poste PRFV 8m (Enterrar),3,,POSTE PRFV 8M ENTERRAR,"Tablas 1 al 392_2025.pdf, pagina 255",5200419
255,SS,211343,"Anden peatonal, CL 34AA CR 125-72 ( INT 120 )",5200464,Cable Cu encauchetado 3X14 AWG,27,,CABLE CU ENCAUCHETADO 3X14 AWG,"Tablas 1 al 392_2025.pdf, pagina 255",5200464
256,SS,571864,"VIA SECUNDARIA, CR 78 CL 41 - 32",5200270,LUM LED (KORELED) 44W,2,1,LUM LED KORELED 44W,"Tablas 1 al 392_2025.pdf, pagina 256",5200270
256,SS,571864,"VIA SECUNDARIA, CR 78 CL 41 - 32",5200293,LUM LED (OMEGA II) 64.5W,2,1,LUM LED OMEGA II 64.5W,"Tablas 1 al 392_2025.pdf, pagina 256",5200293
256,SS,571864,"VIA SECUNDARIA, CR 78 CL 41 - 32",5200231,"BRAZO 1"" - 0.4m - 0°",2,1,BRAZO 1 - 0.4M - 0°,"Tablas 1 al 392_2025.pdf, pagina 256",5200231
256,SS,571864,"VIA SECUNDARIA, CR 78 CL 41 - 32",5200235,"BRAZO 1 1/2"" - 1.5M - 52°/0°",,2,BRAZO 1 1/2 - 1.5M - 52°/0°,"Tablas 1 al 392_2025.pdf, pagina 256",5200235
256,SS,571864,"VIA SECUNDARIA, CR 78 CL 41 - 32",5200241,BRAZO CURVO 3000m,3,,BRAZO CURVO 3000M,"Tablas 1 al 392_2025.pdf, pagina 256",5200241
256,SS,571864,"VIA SECUNDARIA, CR 78 CL 41 - 32",5200301,Poste concreto redondo 9m.,1,1,POSTE CONCRETO REDONDO 9M,"Tablas 1 al 392_2025.pdf, pagina 256",5200301
256,SS,571864,"VIA SECUNDARIA, CR 78 CL 41 - 32",5200464,Cable Cu encauchetado 3X14 AWG,13,10,CABLE CU ENCAUCHETADO 3X14 AWG,"Tablas 1 al 392_2025.pdf, pagina 256",5200464
257,SN,1019168,SENDERO PEATONAL CL 55 CR 126-166 INT 110,5200270,LUM LED (KORELED) 44W,1,,LUM LED KORELED 44W,"Tablas 1 al 392_2025.pdf, pagina 257",5200270
257,SN,1019168,SENDERO PEATONAL CL 55 CR 126-166 INT 110,5200231,"BR 1"" - 0.4M - 0°",1,1,BR 1 - 0.4M - 0°,"Tablas 1 al 392_2025.pdf, pagina 257",5200231
257,SN,1019168,SENDERO PEATONAL CL 55 CR 126-166 INT 110,5200217,LUM 70W,,1,LUM 70W,"Tablas 1 al 392_2025.pdf, pagina 257",5200217
257,SN,1019168,SENDERO PEATONAL CL 55 CR 126-166 INT 110,5200201,BOMB 70W,,1,BOMB 70W,"Tablas 1 al 392_2025.pdf, pagina 257",5200201
258,SN,1021654,SENDERO PEATONAL CR 107 B CL 48 B-45 (INT 108),5200270,LUM LED (KORELED) 44W,2,,LUM LED KORELED 44W,"Tablas 1 al 392_2025.pdf, pagina 258",5200270
258,SN,1021654,SENDERO PEATONAL CR 107 B CL 48 B-45 (INT 108),5200232,"BR 1"" - 1.5M - 52°/0°",2,1,BR 1 - 1.5M - 52°/0°,"Tablas 1 al 392_2025.pdf, pagina 258",5200232
258,SN,1021654,SENDERO PEATONAL CR 107 B CL 48 B-45 (INT 108),5200217,LUM 70W,,1,LUM 70W,"Tablas 1 al 392_2025.pdf, pagina 258",5200217
258,SN,1021654,SENDERO PEATONAL CR 107 B CL 48 B-45 (INT 108),5200201,BOMB 70W,,1,BOMB 70W,"Tablas 1 al 392_2025.pdf, pagina 258",5200201
259,SN,1033764,CL 81 CR 24 - 138 INT 112,5200270,LUM LED (KORELED) 44W,1,,LUM LED KORELED 44W,"Tablas 1 al 392_2025.pdf, pagina 259",5200270
259,SN,1033764,CL 81 CR 24 - 138 INT 112,5200231,"BR 1"" - 0.4M - 0°",1,,BR 1 - 0.4M - 0°,"Tablas 1 al 392_2025.pdf, pagina 259",5200231
260,SN,1038213,SMAP 0161-25 CR 48 A CL 107 C - 35,5200270,LUM LED (KORELED) 44W,2,,LUM LED KORELED 44W,"Tablas 1 al 392_2025.pdf, pagina 260",5200270
260,SN,1038213,SMAP 0161-25 CR 48 A CL 107 C - 35,5200232,"BR 1"" - 1.5M - 52°/0°",2,,BR 1 - 1.5M - 52°/0°,"Tablas 1 al 392_2025.pdf, pagina 260",5200232
260,SN,1038213,SMAP 0161-25 CR 48 A CL 107 C - 35,5200464,CABL CU 3X14 (ENCAU),2207,,CABL CU 3X14 ENCAU,"Tablas 1 al 392_2025.pdf, pagina 260",5200464
260,SN,1038213,SMAP 0161-25 CR 48 A CL 107 C - 35,5200419,POST PRFV 8M 510KGF,2,,POST PRFV 8M 510KGF,"Tablas 1 al 392_2025.pdf, pagina 260",5200419
261,SN,1041122,SENDERO PEATONAL CR 65 D TRANS 34 B 25,5200207,LUM LED (OMEGA II) 110W,1,1,LUM LED OMEGA II 110W,"Tablas 1 al 392_2025.pdf, pagina 261",5200207
261,SN,1041122,SENDERO PEATONAL CR 65 D TRANS 34 B 25,5200206,LUM LED ROY ALPHA (OMEGA II) 56W SMD,1,1,LUM LED ROY ALPHA OMEGA II 56W SMD,"Tablas 1 al 392_2025.pdf, pagina 261",5200206
261,SN,1041122,SENDERO PEATONAL CR 65 D TRANS 34 B 25,5200301,POST CONC 9M 510KGF AP,1,1,POST CONC 9M 510KGF AP,"Tablas 1 al 392_2025.pdf, pagina 261",5200301
261,SN,1041122,SENDERO PEATONAL CR 65 D TRANS 34 B 25,5200241,BR CURVO 3000M,1,1,BR CURVO 3000M,"Tablas 1 al 392_2025.pdf, pagina 261",5200241
261,SN,1041122,SENDERO PEATONAL CR 65 D TRANS 34 B 25,5200231,"BR 1"" - 0.4M - 0°",1,1,BR 1 - 0.4M - 0°,"Tablas 1 al 392_2025.pdf, pagina 261",5200231
262,SN,1047218,CL 29 CR 41-13,5200270,LUM LED (KORELED) 44W,2,,LUM LED KORELED 44W,"Tablas 1 al 392_2025.pdf, pagina 262",5200270
262,SN,1047218,CL 29 CR 41-13,5200238,BRAZO SENCILLO CARABOBO,2,,BRAZO SENCILLO CARABOBO,"Tablas 1 al 392_2025.pdf, pagina 262",5200238
263,SN,1047909,VIA SECUNDARIA CR 42 CL 71A 12,5200270,LUM LED (KORELED) 44W,2,,LUM LED KORELED 44W,"Tablas 1 al 392_2025.pdf, pagina 263",5200270
263,SN,1047909,VIA SECUNDARIA CR 42 CL 71A 12,5200232,"BRAZO 1"" - 1.5m - 52°/0°",2,,BRAZO 1 - 1.5M - 52°/0°,"Tablas 1 al 392_2025.pdf, pagina 263",5200232
264,SN,1048805,SENDERO PEATONAL CL 57 C CR 34 - 22 INT 301,5200270,LUM LED (KORELED) 44W,1,,LUM LED KORELED 44W,"Tablas 1 al 392_2025.pdf, pagina 264",5200270
264,SN,1048805,SENDERO PEATONAL CL 57 C CR 34 - 22 INT 301,5200232,"BR 1"" - 1.5M - 52°/0°",1,,BR 1 - 1.5M - 52°/0°,"Tablas 1 al 392_2025.pdf, pagina 264",5200232
265,SN,1050944,CL 66 CR 50B-23,5200270,LUM LED (KORELED) 44W,1,,LUM LED KORELED 44W,"Tablas 1 al 392_2025.pdf, pagina 265",5200270
265,SN,1050944,CL 66 CR 50B-23,5200231,"BR 1"" - 0.4M - 0°",1,,BR 1 - 0.4M - 0°,"Tablas 1 al 392_2025.pdf, pagina 265",5200231
265,SN,1050944,CL 66 CR 50B-23,5200272,LUM LED (SEPIALED II) 128W,2,,LUM LED SEPIALED II 128W,"Tablas 1 al 392_2025.pdf, pagina 265",5200272
265,SN,1050944,CL 66 CR 50B-23,5200235,"BR 1 1/2"" - 1.5M - 52°/0°",2,,BR 1 1/2 - 1.5M - 52°/0°,"Tablas 1 al 392_2025.pdf, pagina 265",5200235
265,SN,1050944,CL 66 CR 50B-23,5200407,TPX AL 2X4+1X4 XLP AEREO,25,,TPX AL 2X4+1X4 XLP AEREO,"Tablas 1 al 392_2025.pdf, pagina 265",5200407
266,SN,1051046,CRA 40 # 61-70,5200272,LUM LED (SEPIALED II) 128W,1,,LUM LED SEPIALED II 128W,"Tablas 1 al 392_2025.pdf, pagina 266",5200272
266,SN,1051046,CRA 40 # 61-70,5200235,"BR 1 1/2"" - 1.5M - 52°/0°",1,,BR 1 1/2 - 1.5M - 52°/0°,"Tablas 1 al 392_2025.pdf, pagina 266",5200235
266,SN,1051046,CRA 40 # 61-70,5200407,TPX AL 2X4+1X4 XLP AEREO,20,,TPX AL 2X4+1X4 XLP AEREO,"Tablas 1 al 392_2025.pdf, pagina 266",5200407
267,SN,1051292,VIA SECUNDARIA CR 23 C CL 75 C 118 ( 168 ),5200270,LUM LED (KORELED) 44W,3,,LUM LED KORELED 44W,"Tablas 1 al 392_2025.pdf, pagina 267",5200270
267,SN,1051292,VIA SECUNDARIA CR 23 C CL 75 C 118 ( 168 ),5200231,"BR 1"" - 0.4M - 0°",3,,BR 1 - 0.4M - 0°,"Tablas 1 al 392_2025.pdf, pagina 267",5200231
268,SN,1051780,CR 23 C CL 75 C - 118 INT 134,5200270,LUM LED (KORELED) 44W,2,,LUM LED KORELED 44W,"Tablas 1 al 392_2025.pdf, pagina 268",5200270
268,SN,1051780,CR 23 C CL 75 C - 118 INT 134,5200232,"BR 1"" - 1.5M - 52°/0°",2,,BR 1 - 1.5M - 52°/0°,"Tablas 1 al 392_2025.pdf, pagina 268",5200232
269,SN,1051817,Cr 31 AA CL 82 - 16 Int147,5200270,LUM LED (KORELED) 44W,2,,LUM LED KORELED 44W,"Tablas 1 al 392_2025.pdf, pagina 269",5200270
269,SN,1051817,Cr 31 AA CL 82 - 16 Int147,5200232,"BR 1"" - 1.5M - 52°/0°",2,,BR 1 - 1.5M - 52°/0°,"Tablas 1 al 392_2025.pdf, pagina 269",5200232
270,SN,1058257,CL 62 CR 39A - 29,5200272,LUM LED (SEPIALED II) 128W,1,,LUM LED SEPIALED II 128W,"Tablas 1 al 392_2025.pdf, pagina 270",5200272
271,SN,1060273,SMAP-DEPI-0174-25 CALLE 46 N° 16E 94,5200270,LUM LED (KORELED) 44W,1,,LUM LED KORELED 44W,"Tablas 1 al 392_2025.pdf, pagina 271",5200270
271,SN,1060273,SMAP-DEPI-0174-25 CALLE 46 N° 16E 94,5200231,"BR 1"" - 0.4M - 0°",1,,BR 1 - 0.4M - 0°,"Tablas 1 al 392_2025.pdf, pagina 271",5200231
271,SN,1060273,SMAP-DEPI-0174-25 CALLE 46 N° 16E 94,5200217,LUMINARIA 70W,,1,LUMINARIA 70W,"Tablas 1 al 392_2025.pdf, pagina 271",5200217
271,SN,1060273,SMAP-DEPI-0174-25 CALLE 46 N° 16E 94,5200233,"BR 1"" - 1.5M - 52°/20°",,1,BR 1 - 1.5M - 52°/20°,"Tablas 1 al 392_2025.pdf, pagina 271",5200233
272,SN,1060278,SMAP-DEPI-0175-25 CL 42 entre CR 33A Y CRA 35,5200270,LUM LED (KORELED) 44W,2,,LUM LED KORELED 44W,"Tablas 1 al 392_2025.pdf, pagina 272",5200270
272,SN,1060278,SMAP-DEPI-0175-25 CL 42 entre CR 33A Y CRA 35,5200231,"BR 1"" - 0.4M - 0°",1,,BR 1 - 0.4M - 0°,"Tablas 1 al 392_2025.pdf, pagina 272",5200231
272,SN,1060278,SMAP-DEPI-0175-25 CL 42 entre CR 33A Y CRA 35,5200464,Cable Cu encauchetado 3X14 AWG,7,,CABLE CU ENCAUCHETADO 3X14 AWG,"Tablas 1 al 392_2025.pdf, pagina 272",5200464
272,SN,1060278,SMAP-DEPI-0175-25 CL 42 entre CR 33A Y CRA 35,5200217,LUMINARIA 70W,,1,LUMINARIA 70W,"Tablas 1 al 392_2025.pdf, pagina 272",5200217
273,SS,1176108,SOLICITUD COMUNIDAD - SS 1176108 RURAL_147032299000000000,5200232,"UCAP BRAZO 1"" - 1.5M - 52°/0°",2,,BRAZO 1 - 1.5M - 52°/0°,"Tablas 1 al 392_2025.pdf, pagina 273",5200232
273,SS,1176108,SOLICITUD COMUNIDAD - SS 1176108 RURAL_147032299000000000,5200270,LUM LED (KORELED) 44W,2,,LUM LED KORELED 44W,"Tablas 1 al 392_2025.pdf, pagina 273",5200270
273,SS,1176108,SOLICITUD COMUNIDAD - SS 1176108 RURAL_147032299000000000,5200464,UCAP CABLE CU ENCAUCHETADO 3X14 CU,28,,CABLE CU ENCAUCHETADO 3X14 CU,"Tablas 1 al 392_2025.pdf, pagina 273",5200464
274,SS,1178146,Sendero Cl 35 AA Cr 35 D - 24,5200232,"UCAP BRAZO 1"" - 1.5M - 52°/0°",2,1,BRAZO 1 - 1.5M - 52°/0°,"Tablas 1 al 392_2025.pdf, pagina 274",5200232
274,SS,1178146,Sendero Cl 35 AA Cr 35 D - 24,5200270,LUM LED (KORELED) 44W,2,,LUM LED KORELED 44W,"Tablas 1 al 392_2025.pdf, pagina 274",5200270
274,SS,1178146,Sendero Cl 35 AA Cr 35 D - 24,5200217,UCAP LUMINARIA 70W,,2,LUMINARIA 70W,"Tablas 1 al 392_2025.pdf, pagina 274",5200217
274,SS,1178146,Sendero Cl 35 AA Cr 35 D - 24,5200201,UCAP BOMBILLO 70W,,2,BOMBILLO 70W,"Tablas 1 al 392_2025.pdf, pagina 274",5200201
274,SS,1178146,Sendero Cl 35 AA Cr 35 D - 24,5200231,"UCAP BRAZO 1"" - 0.4M - 0°",,1,BRAZO 1 - 0.4M - 0°,"Tablas 1 al 392_2025.pdf, pagina 274",5200231
275,SS,1179582,Sendero peatonal CL 61 AA CR 106 B-21,5200231,"UCAP BRAZO 1"" - 0.4M - 0°",1,,BRAZO 1 - 0.4M - 0°,"Tablas 1 al 392_2025.pdf, pagina 275",5200231
275,SS,1179582,Sendero peatonal CL 61 AA CR 106 B-21,5200270,LUM LED (KORELED) 44W,1,,LUM LED KORELED 44W,"Tablas 1 al 392_2025.pdf, pagina 275",5200270
276,SS,1179801,SMAP-0204-25 CR 63A CL 32D,5200217,UCAP LUMINARIA 70W,,1,LUMINARIA 70W,"Tablas 1 al 392_2025.pdf, pagina 276",5200217
276,SS,1179801,SMAP-0204-25 CR 63A CL 32D,5200201,UCAP BOMBILLO 70W,,1,BOMBILLO 70W,"Tablas 1 al 392_2025.pdf, pagina 276",5200201
276,SS,1179801,SMAP-0204-25 CR 63A CL 32D,5200219,UCAP LUMINARIA 250W,,3,LUMINARIA 250W,"Tablas 1 al 392_2025.pdf, pagina 276",5200219
276,SS,1179801,SMAP-0204-25 CR 63A CL 32D,5200203,UCAP BOMBILLO 250W,,3,BOMBILLO 250W,"Tablas 1 al 392_2025.pdf, pagina 276",5200203
276,SS,1179801,SMAP-0204-25 CR 63A CL 32D,5200232,"UCAP BRAZO 1"" - 1.5M - 52°/0°",,1,BRAZO 1 - 1.5M - 52°/0°,"Tablas 1 al 392_2025.pdf, pagina 276",5200232
276,SS,1179801,SMAP-0204-25 CR 63A CL 32D,5200236,"UCAP BRAZO 1 1/2"" - 1.5M - 20°/20°",,3,BRAZO 1 1/2 - 1.5M - 20°/20°,"Tablas 1 al 392_2025.pdf, pagina 276",5200236
276,SS,1179801,SMAP-0204-25 CR 63A CL 32D,5200306,UCAP POSTE MADERA REDONDO DE 8M,,1,POSTE MADERA REDONDO DE 8M,"Tablas 1 al 392_2025.pdf, pagina 276",5200306
276,SS,1179801,SMAP-0204-25 CR 63A CL 32D,5200315,UCAP POSTE METÁLICO REDONDO 10M,,3,POSTE METALICO REDONDO 10M,"Tablas 1 al 392_2025.pdf, pagina 276",5200315
277,SS,1183263,Sendero CR 18 CC CL 57 A - 110 INT 214,5200231,"UCAP BRAZO 1"" - 0.4M - 0°",1,,BRAZO 1 - 0.4M - 0°,"Tablas 1 al 392_2025.pdf, pagina 277",5200231
277,SS,1183263,Sendero CR 18 CC CL 57 A - 110 INT 214,5200270,LUM LED (KORELED) 44W,1,,LUM LED KORELED 44W,"Tablas 1 al 392_2025.pdf, pagina 277",5200270
278,SS,1184144,Cancha Arenilla Oriente Cl 84 AA Cr 22 A - 72,5200403,"PROYEC LED 168W TIPO V MEDIA (MEDIUM ""M"") 5000K",24,,PROYEC LED 168W TIPO V MEDIA MEDIUM M 5000K,"Tablas 1 al 392_2025.pdf, pagina 278",5200403
278,SS,1184144,Cancha Arenilla Oriente Cl 84 AA Cr 22 A - 72,5200276,PROYEC LED (AREALED II) 212W V-MEDIA,,10,PROYEC LED AREALED II 212W V-MEDIA,"Tablas 1 al 392_2025.pdf, pagina 278",5200276
278,SS,1184144,Cancha Arenilla Oriente Cl 84 AA Cr 22 A - 72,5200277,PROYEC LED (COSMOLED EV) 150W V-LARGA,,10,PROYEC LED COSMOLED EV 150W V-LARGA,"Tablas 1 al 392_2025.pdf, pagina 278",5200277
279,SS,1185026,Retiro luminaria sodio CR 83 CL 19 - 30,5200219,UCAP LUMINARIA 250W,,1,LUMINARIA 250W,"Tablas 1 al 392_2025.pdf, pagina 279",5200219
279,SS,1185026,Retiro luminaria sodio CR 83 CL 19 - 30,5200203,UCAP BOMBILLO 250W,,1,BOMBILLO 250W,"Tablas 1 al 392_2025.pdf, pagina 279",5200203
279,SS,1185026,Retiro luminaria sodio CR 83 CL 19 - 30,5200233,"UCAP BRAZO 1"" - 1.5M - 52°/20°",,1,BRAZO 1 - 1.5M - 52°/20°,"Tablas 1 al 392_2025.pdf, pagina 279",5200233
280,SS,1185031,SMAP-CIL-0219-25 CR 42A CL 39C 70,5200232,"UCAP BRAZO 1"" - 1.5M - 52°/0°",1,1,BRAZO 1 - 1.5M - 52°/0°,"Tablas 1 al 392_2025.pdf, pagina 280",5200232
280,SS,1185031,SMAP-CIL-0219-25 CR 42A CL 39C 70,5200270,LUM LED (KORELED) 44W,1,,LUM LED KORELED 44W,"Tablas 1 al 392_2025.pdf, pagina 280",5200270
280,SS,1185031,SMAP-CIL-0219-25 CR 42A CL 39C 70,5200419,UCAP POSTE PRFV 8M (ENTERRAR),1,,POSTE PRFV 8M ENTERRAR,"Tablas 1 al 392_2025.pdf, pagina 280",5200419
280,SS,1185031,SMAP-CIL-0219-25 CR 42A CL 39C 70,5200217,UCAP LUMINARIA 70W,,1,LUMINARIA 70W,"Tablas 1 al 392_2025.pdf, pagina 280",5200217
280,SS,1185031,SMAP-CIL-0219-25 CR 42A CL 39C 70,5200201,UCAP BOMBILLO 70W,,1,BOMBILLO 70W,"Tablas 1 al 392_2025.pdf, pagina 280",5200201
280,SS,1185031,SMAP-CIL-0219-25 CR 42A CL 39C 70,5200306,UCAP POSTE MADERA REDONDO DE 8M,,1,POSTE MADERA REDONDO DE 8M,"Tablas 1 al 392_2025.pdf, pagina 280",5200306
281,SS,1185104,VIA - SMAP-CIL-0227-25 CL 63 CR 109,5200232,"UCAP BRAZO 1"" - 1.5M - 52°/0°",4,,BRAZO 1 - 1.5M - 52°/0°,"Tablas 1 al 392_2025.pdf, pagina 281",5200232
281,SS,1185104,VIA - SMAP-CIL-0227-25 CL 63 CR 109,5200270,LUM LED (KORELED) 44W,4,,LUM LED KORELED 44W,"Tablas 1 al 392_2025.pdf, pagina 281",5200270
281,SS,1185104,VIA - SMAP-CIL-0227-25 CL 63 CR 109,5200301,UCAP POSTE CONCRETO REDONDO 9M.,4,,POSTE CONCRETO REDONDO 9M,"Tablas 1 al 392_2025.pdf, pagina 281",5200301
281,SS,1185104,VIA - SMAP-CIL-0227-25 CL 63 CR 109,5200407,"UCAP TRIPLEX AL 2X4+1X4 XLP,AEREO",127,25,TRIPLEX AL 2X4+1X4 XLP AEREO,"Tablas 1 al 392_2025.pdf, pagina 281",5200407
281,SS,1185104,VIA - SMAP-CIL-0227-25 CL 63 CR 109,5200200,Luminaria LED 50W Horizontal - HURTADAS,,4,LUMINARIA LED 50W HORIZONTAL - HURTADAS,"Tablas 1 al 392_2025.pdf, pagina 281",5200200
281,SS,1185104,VIA - SMAP-CIL-0227-25 CL 63 CR 109,5020117,Poste PRFV 9m (Enterrar) - HURTADOS,,3,POSTE PRFV 9M ENTERRAR - HURTADOS,"Tablas 1 al 392_2025.pdf, pagina 281",5020117
281,SS,1185104,VIA - SMAP-CIL-0227-25 CL 63 CR 109,5200270,LUM LED (KORELED) 44W EXISTENTE EN TERRENO JUNTO E10,1,,LUM LED KORELED 44W EXISTENTE EN TERRENO JUNTO E10,"Tablas 1 al 392_2025.pdf, pagina 281",5200270
282,SS,1185143,SMAP-CIL-0232-25 Diagonal 75C CL 32E - 78,5200235,"UCAP BRAZO 1 1/2"" - 1.5M - 52°/0°",1,,BRAZO 1 1/2 - 1.5M - 52°/0°,"Tablas 1 al 392_2025.pdf, pagina 282",5200235
282,SS,1185143,SMAP-CIL-0232-25 Diagonal 75C CL 32E - 78,5200269,"LUM LED 110,7 (RALED II)",1,,LUM LED 110 7 RALED II,"Tablas 1 al 392_2025.pdf, pagina 282",5200269
282,SS,1185143,SMAP-CIL-0232-25 Diagonal 75C CL 32E - 78,5200217,UCAP LUMINARIA 70W,,1,LUMINARIA 70W,"Tablas 1 al 392_2025.pdf, pagina 282",5200217
282,SS,1185143,SMAP-CIL-0232-25 Diagonal 75C CL 32E - 78,5200201,UCAP BOMBILLO 70W,,1,BOMBILLO 70W,"Tablas 1 al 392_2025.pdf, pagina 282",5200201
282,SS,1185143,SMAP-CIL-0232-25 Diagonal 75C CL 32E - 78,5200233,"UCAP BRAZO 1"" - 1.5M - 52°/20°",,1,BRAZO 1 - 1.5M - 52°/20°,"Tablas 1 al 392_2025.pdf, pagina 282",5200233
283,SS,1186692,Sendero Peatonal - Altavista CL 20DD CR 84BC -39,5200231,"UCAP BRAZO 1"" - 0.4M - 0°",1,,BRAZO 1 - 0.4M - 0°,"Tablas 1 al 392_2025.pdf, pagina 283",5200231
283,SS,1186692,Sendero Peatonal - Altavista CL 20DD CR 84BC -39,5200270,LUM LED (KORELED) 44W,1,,LUM LED KORELED 44W,"Tablas 1 al 392_2025.pdf, pagina 283",5200270
284,SS,1190011,SOLICITUD COMUNIDAD - SS 1190011 CR 87 F CL 27 -36 (INTERIOR 102 ),5200231,"UCAP BRAZO 1"" - 0.4M - 0°",1,,BRAZO 1 - 0.4M - 0°,"Tablas 1 al 392_2025.pdf, pagina 284",5200231
284,SS,1190011,SOLICITUD COMUNIDAD - SS 1190011 CR 87 F CL 27 -36 (INTERIOR 102 ),5200232,"UCAP BRAZO 1"" - 1.5M - 52°/0°",1,,BRAZO 1 - 1.5M - 52°/0°,"Tablas 1 al 392_2025.pdf, pagina 284",5200232
284,SS,1190011,SOLICITUD COMUNIDAD - SS 1190011 CR 87 F CL 27 -36 (INTERIOR 102 ),5200270,LUM LED (KORELED) 44W,2,1,LUM LED KORELED 44W,"Tablas 1 al 392_2025.pdf, pagina 284",5200270
284,SS,1190011,SOLICITUD COMUNIDAD - SS 1190011 CR 87 F CL 27 -36 (INTERIOR 102 ),5200238,UCAP BRAZO SENCILLO CARABOBO,,1,BRAZO SENCILLO CARABOBO,"Tablas 1 al 392_2025.pdf, pagina 284",5200238
285,SS,1190953,SMAP-CIL-0241-25 CR 83 CL 47A,5200231,"UCAP BRAZO 1"" - 0.4M - 0°",1,,BRAZO 1 - 0.4M - 0°,"Tablas 1 al 392_2025.pdf, pagina 285",5200231
285,SS,1190953,SMAP-CIL-0241-25 CR 83 CL 47A,5200270,LUM LED (KORELED) 44W,1,,LUM LED KORELED 44W,"Tablas 1 al 392_2025.pdf, pagina 285",5200270
286,SS,1191694,Sendero Peatonal - La Loma CL 48 CC CR 121-34 (INTERIOR 115),5200231,"UCAP BRAZO 1"" - 0.4M - 0°",1,,BRAZO 1 - 0.4M - 0°,"Tablas 1 al 392_2025.pdf, pagina 286",5200231
286,SS,1191694,Sendero Peatonal - La Loma CL 48 CC CR 121-34 (INTERIOR 115),5200270,LUM LED (KORELED) 44W,1,,LUM LED KORELED 44W,"Tablas 1 al 392_2025.pdf, pagina 286",5200270
287,SS,1191816,SENDERO PEATONAL CL 65 AA CR 95 - 03 URB VILLA CAMPIÑA,5200231,"UCAP BRAZO 1"" - 0.4M - 0°",1,,BRAZO 1 - 0.4M - 0°,"Tablas 1 al 392_2025.pdf, pagina 287",5200231
287,SS,1191816,SENDERO PEATONAL CL 65 AA CR 95 - 03 URB VILLA CAMPIÑA,5200270,LUM LED (KORELED) 44W,1,,LUM LED KORELED 44W,"Tablas 1 al 392_2025.pdf, pagina 287",5200270
287,SS,1191816,SENDERO PEATONAL CL 65 AA CR 95 - 03 URB VILLA CAMPIÑA,5200419,UCAP POSTE PRFV 8M (ENTERRAR),1,,POSTE PRFV 8M ENTERRAR,"Tablas 1 al 392_2025.pdf, pagina 287",5200419
287,SS,1191816,SENDERO PEATONAL CL 65 AA CR 95 - 03 URB VILLA CAMPIÑA,5200464,UCAP CABLE CU ENCAUCHETADO 3X14 CU,5,,CABLE CU ENCAUCHETADO 3X14 CU,"Tablas 1 al 392_2025.pdf, pagina 287",5200464
288,SS,1192203,Sendero Peatonal-Villa Angel CL 39D SUR CR 69D-3 (INTERIOR 107),5200231,"UCAP BRAZO 1"" - 0.4M - 0°",1,,BRAZO 1 - 0.4M - 0°,"Tablas 1 al 392_2025.pdf, pagina 288",5200231
288,SS,1192203,Sendero Peatonal-Villa Angel CL 39D SUR CR 69D-3 (INTERIOR 107),5200270,LUM LED (KORELED) 44W,1,,LUM LED KORELED 44W,"Tablas 1 al 392_2025.pdf, pagina 288",5200270
289,SS,1193413,SENDERO PEATONAL CR 83 C CL 33 - 19,5200239,UCAP BRAZO DOBLE CARABOBO,1,,BRAZO DOBLE CARABOBO,"Tablas 1 al 392_2025.pdf, pagina 289",5200239
289,SS,1193413,SENDERO PEATONAL CR 83 C CL 33 - 19,5200270,LUM LED (KORELED) 44W,1,,LUM LED KORELED 44W,"Tablas 1 al 392_2025.pdf, pagina 289",5200270
289,SS,1193413,SENDERO PEATONAL CR 83 C CL 33 - 19,5200238,UCAP BRAZO SENCILLO CARABOBO,,1,BRAZO SENCILLO CARABOBO,"Tablas 1 al 392_2025.pdf, pagina 289",5200238
290,SS,1198499,Sendero Cl 92 Cr 48 - 31,5200231,"UCAP BRAZO 1"" - 0.4M - 0°",1,,BRAZO 1 - 0.4M - 0°,"Tablas 1 al 392_2025.pdf, pagina 290",5200231
290,SS,1198499,Sendero Cl 92 Cr 48 - 31,5200270,LUM LED (KORELED) 44W,1,,LUM LED KORELED 44W,"Tablas 1 al 392_2025.pdf, pagina 290",5200270
291,SS,1199042,SOLICITUD MEJORAMIENTO SMAP-CIL-0270-25 CL 67 CR 45,5200231,"UCAP BRAZO 1"" - 0.4M - 0°",2,,BRAZO 1 - 0.4M - 0°,"Tablas 1 al 392_2025.pdf, pagina 291",5200231
291,SS,1199042,SOLICITUD MEJORAMIENTO SMAP-CIL-0270-25 CL 67 CR 45,5200270,LUM LED (KORELED) 44W,2,,LUM LED KORELED 44W,"Tablas 1 al 392_2025.pdf, pagina 291",5200270
291,SS,1199042,SOLICITUD MEJORAMIENTO SMAP-CIL-0270-25 CL 67 CR 45,5200419,UCAP POSTE PRFV 8M (ENTERRAR),1,,POSTE PRFV 8M ENTERRAR,"Tablas 1 al 392_2025.pdf, pagina 291",5200419
291,SS,1199042,SOLICITUD MEJORAMIENTO SMAP-CIL-0270-25 CL 67 CR 45,5200464,UCAP CABLE CU ENCAUCHETADO 3X14 CU,26,,CABLE CU ENCAUCHETADO 3X14 CU,"Tablas 1 al 392_2025.pdf, pagina 291",5200464
292,SS,1199047,SOLICITUD MEJORAMIENTO SMAP-CIL-0271-25 CL 67 CR 44,5200270,LUM LED (KORELED) 44W,1,,LUM LED KORELED 44W,"Tablas 1 al 392_2025.pdf, pagina 292",5200270
292,SS,1199047,SOLICITUD MEJORAMIENTO SMAP-CIL-0271-25 CL 67 CR 44,5200302,UCAP POSTE CONCRETO CARABOBO 5M,1,,POSTE CONCRETO CARABOBO 5M,"Tablas 1 al 392_2025.pdf, pagina 292",5200302
292,SS,1199047,SOLICITUD MEJORAMIENTO SMAP-CIL-0271-25 CL 67 CR 44,5200422,CABLE FZA AL 3X6 AWG XLPE 600V 90°C ENTERRADO,22,,CABLE FZA AL 3X6 AWG XLPE 600V 90°C ENTERRADO,"Tablas 1 al 392_2025.pdf, pagina 292",5200422
292,SS,1199047,SOLICITUD MEJORAMIENTO SMAP-CIL-0271-25 CL 67 CR 44,5200502,UCAP CAJA CONCRETO DIRECTAMENTE ENT,2,,CAJA CONCRETO DIRECTAMENTE ENT,"Tablas 1 al 392_2025.pdf, pagina 292",5200502
292,SS,1199047,SOLICITUD MEJORAMIENTO SMAP-CIL-0271-25 CL 67 CR 44,5200238,BRAZO CARABOBO SENCILLO,1,,BRAZO CARABOBO SENCILLO,"Tablas 1 al 392_2025.pdf, pagina 292",5200238
293,SS,1199065,Sendero Cr 24 DC Cl 71 AA - 118,5200231,"UCAP BRAZO 1"" - 0.4M - 0°",1,1,BRAZO 1 - 0.4M - 0°,"Tablas 1 al 392_2025.pdf, pagina 293",5200231
293,SS,1199065,Sendero Cr 24 DC Cl 71 AA - 118,5200270,LUM LED (KORELED) 44W,1,,LUM LED KORELED 44W,"Tablas 1 al 392_2025.pdf, pagina 293",5200270
293,SS,1199065,Sendero Cr 24 DC Cl 71 AA - 118,5200217,UCAP LUMINARIA 70W,,1,LUMINARIA 70W,"Tablas 1 al 392_2025.pdf, pagina 293",5200217
293,SS,1199065,Sendero Cr 24 DC Cl 71 AA - 118,5200201,UCAP BOMBILLO 70W,,1,BOMBILLO 70W,"Tablas 1 al 392_2025.pdf, pagina 293",5200201
294,SS,1199115,SMAP-CIL-0277-25 Coliseo la avanzada CR 27 CL 106 BB-118,5090208,CAJA DE PASO METÁLICA,7,,CAJA DE PASO METALICA,"Tablas 1 al 392_2025.pdf, pagina 294",5090208
294,SS,1199115,SMAP-CIL-0277-25 Coliseo la avanzada CR 27 CL 106 BB-118,5200232,"UCAP BRAZO 1"" - 1.5M - 52°/0°",6,,BRAZO 1 - 1.5M - 52°/0°,"Tablas 1 al 392_2025.pdf, pagina 294",5200232
294,SS,1199115,SMAP-CIL-0277-25 Coliseo la avanzada CR 27 CL 106 BB-118,5200293,LUM LED (OMEGA II) 64.5W,6,,LUM LED OMEGA II 64.5W,"Tablas 1 al 392_2025.pdf, pagina 294",5200293
294,SS,1199115,SMAP-CIL-0277-25 Coliseo la avanzada CR 27 CL 106 BB-118,5200407,"UCAP TRIPLEX AL 2X4+1X4 XLP,AEREO",8,,TRIPLEX AL 2X4+1X4 XLP AEREO,"Tablas 1 al 392_2025.pdf, pagina 294",5200407
294,SS,1199115,SMAP-CIL-0277-25 Coliseo la avanzada CR 27 CL 106 BB-118,5200464,UCAP CABLE CU ENCAUCHETADO 3X14 CU,74,,CABLE CU ENCAUCHETADO 3X14 CU,"Tablas 1 al 392_2025.pdf, pagina 294",5200464
294,SS,1199115,SMAP-CIL-0277-25 Coliseo la avanzada CR 27 CL 106 BB-118,5200528,"UCAP TUBERIA 1"" IMC",67,,TUBERIA 1 IMC,"Tablas 1 al 392_2025.pdf, pagina 294",5200528
294,SS,1199115,SMAP-CIL-0277-25 Coliseo la avanzada CR 27 CL 106 BB-118,5200219,UCAP LUMINARIA 250W,,6,LUMINARIA 250W,"Tablas 1 al 392_2025.pdf, pagina 294",5200219
294,SS,1199115,SMAP-CIL-0277-25 Coliseo la avanzada CR 27 CL 106 BB-118,5200203,UCAP BOMBILLO 250W,,6,BOMBILLO 250W,"Tablas 1 al 392_2025.pdf, pagina 294",5200203
294,SS,1199115,SMAP-CIL-0277-25 Coliseo la avanzada CR 27 CL 106 BB-118,5200231,"UCAP BRAZO 1"" - 0.4M - 0°",,6,BRAZO 1 - 0.4M - 0°,"Tablas 1 al 392_2025.pdf, pagina 294",5200231
294,SS,1199115,SMAP-CIL-0277-25 Coliseo la avanzada CR 27 CL 106 BB-118,5200410,UCAP DUPLEX CU 14 AWG-THW 300V,,39,DUPLEX CU 14 AWG-THW 300V,"Tablas 1 al 392_2025.pdf, pagina 294",5200410
295,SS,1199122,SMAP-0278-25 Cl 84 AA Cr 22 A - 72,5200232,"UCAP BRAZO 1"" - 1.5M - 52°/0°",3,1,BRAZO 1 - 1.5M - 52°/0°,"Tablas 1 al 392_2025.pdf, pagina 295",5200232
295,SS,1199122,SMAP-0278-25 Cl 84 AA Cr 22 A - 72,5200270,LUM LED (KORELED) 44W,3,,LUM LED KORELED 44W,"Tablas 1 al 392_2025.pdf, pagina 295",5200270
295,SS,1199122,SMAP-0278-25 Cl 84 AA Cr 22 A - 72,5200464,UCAP CABLE CU ENCAUCHETADO 3X14 CU,40,,CABLE CU ENCAUCHETADO 3X14 CU,"Tablas 1 al 392_2025.pdf, pagina 295",5200464
295,SS,1199122,SMAP-0278-25 Cl 84 AA Cr 22 A - 72,5200217,UCAP LUMINARIA 70W,,3,LUMINARIA 70W,"Tablas 1 al 392_2025.pdf, pagina 295",5200217
295,SS,1199122,SMAP-0278-25 Cl 84 AA Cr 22 A - 72,5200201,UCAP BOMBILLO 70W,,3,BOMBILLO 70W,"Tablas 1 al 392_2025.pdf, pagina 295",5200201
295,SS,1199122,SMAP-0278-25 Cl 84 AA Cr 22 A - 72,5200231,"UCAP BRAZO 1"" - 0.4M - 0°",,2,BRAZO 1 - 0.4M - 0°,"Tablas 1 al 392_2025.pdf, pagina 295",5200231
295,SS,1199122,SMAP-0278-25 Cl 84 AA Cr 22 A - 72,5200410,UCAP DUPLEX CU 14 AWG-THW 300V,,34,DUPLEX CU 14 AWG-THW 300V,"Tablas 1 al 392_2025.pdf, pagina 295",5200410
296,SS,1199146,49,5200232,"UCAP BRAZO 1"" - 1.5M - 52°/0°",2,,BRAZO 1 - 1.5M - 52°/0°,"Tablas 1 al 392_2025.pdf, pagina 296",5200232
296,SS,1199146,49,5200270,LUM LED (KORELED) 44W,2,,LUM LED KORELED 44W,"Tablas 1 al 392_2025.pdf, pagina 296",5200270
296,SS,1199146,49,5200419,UCAP POSTE PRFV 8M (ENTERRAR),1,,POSTE PRFV 8M ENTERRAR,"Tablas 1 al 392_2025.pdf, pagina 296",5200419
296,SS,1199146,49,5200464,UCAP CABLE CU ENCAUCHETADO 3X14 CU,27,,CABLE CU ENCAUCHETADO 3X14 CU,"Tablas 1 al 392_2025.pdf, pagina 296",5200464
296,SS,1199146,49,5200217,UCAP LUMINARIA 70W,,1,LUMINARIA 70W,"Tablas 1 al 392_2025.pdf, pagina 296",5200217
296,SS,1199146,49,5200201,UCAP BOMBILLO 70W,,1,BOMBILLO 70W,"Tablas 1 al 392_2025.pdf, pagina 296",5200201
296,SS,1199146,49,5200233,"UCAP BRAZO 1"" - 1.5M - 52°/20°",,1,BRAZO 1 - 1.5M - 52°/20°,"Tablas 1 al 392_2025.pdf, pagina 296",5200233
296,SS,1199146,49,5200301,UCAP POSTE CONCRETO REDONDO 9M.,,1,POSTE CONCRETO REDONDO 9M,"Tablas 1 al 392_2025.pdf, pagina 296",5200301
296,SS,1199146,49,5200410,UCAP DUPLEX CU 14 AWG-THW 300V,,41,DUPLEX CU 14 AWG-THW 300V,"Tablas 1 al 392_2025.pdf, pagina 296",5200410
297,SS,1199162,SENDERO PEATONAL CR 77C POR CL 52,5200231,"UCAP BRAZO 1"" - 0.4M - 0°",1,,BRAZO 1 - 0.4M - 0°,"Tablas 1 al 392_2025.pdf, pagina 297",5200231
297,SS,1199162,SENDERO PEATONAL CR 77C POR CL 52,5200270,LUM LED (KORELED) 44W,1,,LUM LED KORELED 44W,"Tablas 1 al 392_2025.pdf, pagina 297",5200270
298,SS,1202784,Sendero Cr 18 B Cl 59 A - 20 Int 201,5200231,"UCAP BRAZO 1"" - 0.4M - 0°",1,,BRAZO 1 - 0.4M - 0°,"Tablas 1 al 392_2025.pdf, pagina 298",5200231
298,SS,1202784,Sendero Cr 18 B Cl 59 A - 20 Int 201,5200270,LUM LED (KORELED) 44W,1,,LUM LED KORELED 44W,"Tablas 1 al 392_2025.pdf, pagina 298",5200270
298,SS,1202784,Sendero Cr 18 B Cl 59 A - 20 Int 201,5200464,UCAP CABLE CU ENCAUCHETADO 3X14 CU,16,,CABLE CU ENCAUCHETADO 3X14 CU,"Tablas 1 al 392_2025.pdf, pagina 298",5200464
299,SS,1203327,Sendero Cr 24 C Cl 90 - 325 Int 123,5200232,"UCAP BRAZO 1"" - 1.5M - 52°/0°",2,,BRAZO 1 - 1.5M - 52°/0°,"Tablas 1 al 392_2025.pdf, pagina 299",5200232
299,SS,1203327,Sendero Cr 24 C Cl 90 - 325 Int 123,5200270,LUM LED (KORELED) 44W,2,,LUM LED KORELED 44W,"Tablas 1 al 392_2025.pdf, pagina 299",5200270
300,SS,1203431,Sendero CR 35 B CL 107 A - 29 INT 202,5200231,"UCAP BRAZO 1"" - 0.4M - 0°",1,,BRAZO 1 - 0.4M - 0°,"Tablas 1 al 392_2025.pdf, pagina 300",5200231
300,SS,1203431,Sendero CR 35 B CL 107 A - 29 INT 202,5200270,LUM LED (KORELED) 44W,1,,LUM LED KORELED 44W,"Tablas 1 al 392_2025.pdf, pagina 300",5200270
300,SS,1203431,Sendero CR 35 B CL 107 A - 29 INT 202,5200464,UCAP CABLE CU ENCAUCHETADO 3X14 CU,12,,CABLE CU ENCAUCHETADO 3X14 CU,"Tablas 1 al 392_2025.pdf, pagina 300",5200464
301,SS,1204541,(cid:9)RADICADO 20250120203152(cid:9) CL 7 CR 39 -107,5200231,"UCAP BRAZO 1"" - 0.4M - 0°",3,,BRAZO 1 - 0.4M - 0°,"Tablas 1 al 392_2025.pdf, pagina 301",5200231
301,SS,1204541,(cid:9)RADICADO 20250120203152(cid:9) CL 7 CR 39 -107,5200241,UCAP BRAZO CURVO 3000M,2,,BRAZO CURVO 3000M,"Tablas 1 al 392_2025.pdf, pagina 301",5200241
301,SS,1204541,(cid:9)RADICADO 20250120203152(cid:9) CL 7 CR 39 -107,5200270,LUM LED (KORELED) 44W,3,,LUM LED KORELED 44W,"Tablas 1 al 392_2025.pdf, pagina 301",5200270
301,SS,1204541,(cid:9)RADICADO 20250120203152(cid:9) CL 7 CR 39 -107,5200233,"UCAP BRAZO 1"" - 1.5M - 52°/20°",,2,BRAZO 1 - 1.5M - 52°/20°,"Tablas 1 al 392_2025.pdf, pagina 301",5200233
302,SS,1205429,ANDEN CL 54 A CR 77 B - 41,5200231,"UCAP BRAZO 1"" - 0.4M - 0°",1,,BRAZO 1 - 0.4M - 0°,"Tablas 1 al 392_2025.pdf, pagina 302",5200231
302,SS,1205429,ANDEN CL 54 A CR 77 B - 41,5200270,LUM LED (KORELED) 44W,1,,LUM LED KORELED 44W,"Tablas 1 al 392_2025.pdf, pagina 302",5200270
303,SS,1205443,Cancha de Futbol Cr 88 Cl 18 A,5200276,PROYEC LED (AREALED II) 212W V-MEDIA,32,32,PROYEC LED AREALED II 212W V-MEDIA,"Tablas 1 al 392_2025.pdf, pagina 303",5200276
304,SS,1206262,ALREDEDORES EDIFICIO ATLAS CL 42 CR 48 - 55,5200231,"UCAP BRAZO 1"" - 0.4M - 0°",4,,BRAZO 1 - 0.4M - 0°,"Tablas 1 al 392_2025.pdf, pagina 304",5200231
304,SS,1206262,ALREDEDORES EDIFICIO ATLAS CL 42 CR 48 - 55,5200270,LUM LED (KORELED) 44W,4,,LUM LED KORELED 44W,"Tablas 1 al 392_2025.pdf, pagina 304",5200270
304,SS,1206262,ALREDEDORES EDIFICIO ATLAS CL 42 CR 48 - 55,5200272,LUM LED (SEPIALED II) 128W,1,1,LUM LED SEPIALED II 128W,"Tablas 1 al 392_2025.pdf, pagina 304",5200272
304,SS,1206262,ALREDEDORES EDIFICIO ATLAS CL 42 CR 48 - 55,5200235,"BRAZO 1 1/2"" - 1.5M - 52°/0°",1,1,BRAZO 1 1/2 - 1.5M - 52°/0°,"Tablas 1 al 392_2025.pdf, pagina 304",5200235
305,SS,1206329,SMAP-CIL-0289-25 CL 31C CR 89A -10,5200231,"UCAP BRAZO 1"" - 0.4M - 0°",1,,BRAZO 1 - 0.4M - 0°,"Tablas 1 al 392_2025.pdf, pagina 305",5200231
305,SS,1206329,SMAP-CIL-0289-25 CL 31C CR 89A -10,5200270,LUM LED (KORELED) 44W,1,,LUM LED KORELED 44W,"Tablas 1 al 392_2025.pdf, pagina 305",5200270
305,SS,1206329,SMAP-CIL-0289-25 CL 31C CR 89A -10,5200464,UCAP CABLE CU ENCAUCHETADO 3X14 CU,14,,CABLE CU ENCAUCHETADO 3X14 CU,"Tablas 1 al 392_2025.pdf, pagina 305",5200464
306,SS,1206397,SENDERO PEATONAL SMAP-CIL-0291-25 CL 27 CR 41 - 86,5200270,LUM LED (KORELED) 44W,8,,LUM LED KORELED 44W,"Tablas 1 al 392_2025.pdf, pagina 306",5200270
306,SS,1206397,SENDERO PEATONAL SMAP-CIL-0291-25 CL 27 CR 41 - 86,5200248,Luminaria LED 37W,,8,LUMINARIA LED 37W,"Tablas 1 al 392_2025.pdf, pagina 306",5200248
307,SS,1206405,SMAP-0292-25 CR 48 A CL 107 C - 35,5200231,"UCAP BRAZO 1"" - 0.4M - 0°",1,,BRAZO 1 - 0.4M - 0°,"Tablas 1 al 392_2025.pdf, pagina 307",5200231
307,SS,1206405,SMAP-0292-25 CR 48 A CL 107 C - 35,5200270,LUM LED (KORELED) 44W,1,,LUM LED KORELED 44W,"Tablas 1 al 392_2025.pdf, pagina 307",5200270
307,SS,1206405,SMAP-0292-25 CR 48 A CL 107 C - 35,5200418,UCAP POSTE PRFV 18M (ENTERRAR),1,,POSTE PRFV 18M ENTERRAR,"Tablas 1 al 392_2025.pdf, pagina 307",5200418
307,SS,1206405,SMAP-0292-25 CR 48 A CL 107 C - 35,5200464,UCAP CABLE CU ENCAUCHETADO 3X14 CU,12,,CABLE CU ENCAUCHETADO 3X14 CU,"Tablas 1 al 392_2025.pdf, pagina 307",5200464
308,SS,1206427,SMAP-0297-25 CR 28 CL 79 B - 99,5200217,UCAP LUMINARIA 70W,,1,LUMINARIA 70W,"Tablas 1 al 392_2025.pdf, pagina 308",5200217
308,SS,1206427,SMAP-0297-25 CR 28 CL 79 B - 99,5200201,UCAP BOMBILLO 70W,,1,BOMBILLO 70W,"Tablas 1 al 392_2025.pdf, pagina 308",5200201
308,SS,1206427,SMAP-0297-25 CR 28 CL 79 B - 99,5200232,"UCAP BRAZO 1"" - 1.5M - 52°/0°",,1,BRAZO 1 - 1.5M - 52°/0°,"Tablas 1 al 392_2025.pdf, pagina 308",5200232
309,SS,1206436,SMAP-0299-25 Cl 82 A Cr 54 C - 41,5200231,"UCAP BRAZO 1"" - 0.4M - 0°",1,1,BRAZO 1 - 0.4M - 0°,"Tablas 1 al 392_2025.pdf, pagina 309",5200231
309,SS,1206436,SMAP-0299-25 Cl 82 A Cr 54 C - 41,5200270,LUM LED (KORELED) 44W,1,,LUM LED KORELED 44W,"Tablas 1 al 392_2025.pdf, pagina 309",5200270
309,SS,1206436,SMAP-0299-25 Cl 82 A Cr 54 C - 41,5200217,UCAP LUMINARIA 70W,,1,LUMINARIA 70W,"Tablas 1 al 392_2025.pdf, pagina 309",5200217
309,SS,1206436,SMAP-0299-25 Cl 82 A Cr 54 C - 41,5200201,UCAP BOMBILLO 70W,,1,BOMBILLO 70W,"Tablas 1 al 392_2025.pdf, pagina 309",5200201
310,SS,1206443,SMAP-CIL-0301-25 CR 94 CL 35B-82,5200232,"UCAP BRAZO 1"" - 1.5M - 52°/0°",1,,BRAZO 1 - 1.5M - 52°/0°,"Tablas 1 al 392_2025.pdf, pagina 310",5200232
310,SS,1206443,SMAP-CIL-0301-25 CR 94 CL 35B-82,5200293,LUM LED (OMEGA II) 64.5W,1,,LUM LED OMEGA II 64.5W,"Tablas 1 al 392_2025.pdf, pagina 310",5200293
310,SS,1206443,SMAP-CIL-0301-25 CR 94 CL 35B-82,5200217,UCAP LUMINARIA 70W,,1,LUMINARIA 70W,"Tablas 1 al 392_2025.pdf, pagina 310",5200217
310,SS,1206443,SMAP-CIL-0301-25 CR 94 CL 35B-82,5200201,UCAP BOMBILLO 70W,,1,BOMBILLO 70W,"Tablas 1 al 392_2025.pdf, pagina 310",5200201
310,SS,1206443,SMAP-CIL-0301-25 CR 94 CL 35B-82,5200233,"UCAP BRAZO 1"" - 1.5M - 52°/20°",,1,BRAZO 1 - 1.5M - 52°/20°,"Tablas 1 al 392_2025.pdf, pagina 310",5200233
311,SS,1206866,Sendero Cl 70 Cr 24 EA - 26 Int 105,5200231,"UCAP BRAZO 1"" - 0.4M - 0°",1,,BRAZO 1 - 0.4M - 0°,"Tablas 1 al 392_2025.pdf, pagina 311",5200231
311,SS,1206866,Sendero Cl 70 Cr 24 EA - 26 Int 105,5200232,"UCAP BRAZO 1"" - 1.5M - 52°/0°",1,1,BRAZO 1 - 1.5M - 52°/0°,"Tablas 1 al 392_2025.pdf, pagina 311",5200232
311,SS,1206866,Sendero Cl 70 Cr 24 EA - 26 Int 105,5200270,LUM LED (KORELED) 44W,2,,LUM LED KORELED 44W,"Tablas 1 al 392_2025.pdf, pagina 311",5200270
311,SS,1206866,Sendero Cl 70 Cr 24 EA - 26 Int 105,5200217,UCAP LUMINARIA 70W,,1,LUMINARIA 70W,"Tablas 1 al 392_2025.pdf, pagina 311",5200217
311,SS,1206866,Sendero Cl 70 Cr 24 EA - 26 Int 105,5200201,UCAP BOMBILLO 70W,,1,BOMBILLO 70W,"Tablas 1 al 392_2025.pdf, pagina 311",5200201
312,SS,1207736,Anden Cl 58 Cr 31,5200231,"UCAP BRAZO 1"" - 0.4M - 0°",2,,BRAZO 1 - 0.4M - 0°,"Tablas 1 al 392_2025.pdf, pagina 312",5200231
312,SS,1207736,Anden Cl 58 Cr 31,5200270,LUM LED (KORELED) 44W,2,,LUM LED KORELED 44W,"Tablas 1 al 392_2025.pdf, pagina 312",5200270
313,SS,1208497,Vía y Sendero Cl 27 Cr 31 - 1 - Int 111,5200231,"UCAP BRAZO 1"" - 0.4M - 0°",1,4,BRAZO 1 - 0.4M - 0°,"Tablas 1 al 392_2025.pdf, pagina 313",5200231
313,SS,1208497,Vía y Sendero Cl 27 Cr 31 - 1 - Int 111,5200232,"UCAP BRAZO 1"" - 1.5M - 52°/0°",4,,BRAZO 1 - 1.5M - 52°/0°,"Tablas 1 al 392_2025.pdf, pagina 313",5200232
313,SS,1208497,Vía y Sendero Cl 27 Cr 31 - 1 - Int 111,5200270,LUM LED (KORELED) 44W,5,,LUM LED KORELED 44W,"Tablas 1 al 392_2025.pdf, pagina 313",5200270
313,SS,1208497,Vía y Sendero Cl 27 Cr 31 - 1 - Int 111,5200464,UCAP CABLE CU ENCAUCHETADO 3X14 CU,15,,CABLE CU ENCAUCHETADO 3X14 CU,"Tablas 1 al 392_2025.pdf, pagina 313",5200464
313,SS,1208497,Vía y Sendero Cl 27 Cr 31 - 1 - Int 111,5200217,UCAP LUMINARIA 70W,,4,LUMINARIA 70W,"Tablas 1 al 392_2025.pdf, pagina 313",5200217
313,SS,1208497,Vía y Sendero Cl 27 Cr 31 - 1 - Int 111,5200201,UCAP BOMBILLO 70W,,4,BOMBILLO 70W,"Tablas 1 al 392_2025.pdf, pagina 313",5200201
314,SS,1209086,Sendero Cl 32 Cr 33 B - 63 Int 189,5200231,"UCAP BRAZO 1"" - 0.4M - 0°",2,,BRAZO 1 - 0.4M - 0°,"Tablas 1 al 392_2025.pdf, pagina 314",5200231
314,SS,1209086,Sendero Cl 32 Cr 33 B - 63 Int 189,5200270,LUM LED (KORELED) 44W,2,,LUM LED KORELED 44W,"Tablas 1 al 392_2025.pdf, pagina 314",5200270
314,SS,1209086,Sendero Cl 32 Cr 33 B - 63 Int 189,5200464,UCAP CABLE CU ENCAUCHETADO 3X14 CU,10,,CABLE CU ENCAUCHETADO 3X14 CU,"Tablas 1 al 392_2025.pdf, pagina 314",5200464
315,SS,1209338,Vía Cr 31 A Cl 101 B - 62,5200232,"UCAP BRAZO 1"" - 1.5M - 52°/0°",1,,BRAZO 1 - 1.5M - 52°/0°,"Tablas 1 al 392_2025.pdf, pagina 315",5200232
315,SS,1209338,Vía Cr 31 A Cl 101 B - 62,5200270,LUM LED (KORELED) 44W,1,,LUM LED KORELED 44W,"Tablas 1 al 392_2025.pdf, pagina 315",5200270
315,SS,1209338,Vía Cr 31 A Cl 101 B - 62,5200464,UCAP CABLE CU ENCAUCHETADO 3X14 CU,17,,CABLE CU ENCAUCHETADO 3X14 CU,"Tablas 1 al 392_2025.pdf, pagina 315",5200464
316,SS,1209574,Sendero Peatonal CR 73 CL 51 - 18,5200231,"UCAP BRAZO 1"" - 0.4M - 0°",1,,BRAZO 1 - 0.4M - 0°,"Tablas 1 al 392_2025.pdf, pagina 316",5200231
316,SS,1209574,Sendero Peatonal CR 73 CL 51 - 18,5200270,LUM LED (KORELED) 44W,1,,LUM LED KORELED 44W,"Tablas 1 al 392_2025.pdf, pagina 316",5200270
317,SS,1209587,Sendero CL 94 CR 50 C - 44 INT 201,5200231,"UCAP BRAZO 1"" - 0.4M - 0°",1,,BRAZO 1 - 0.4M - 0°,"Tablas 1 al 392_2025.pdf, pagina 317",5200231
317,SS,1209587,Sendero CL 94 CR 50 C - 44 INT 201,5200270,LUM LED (KORELED) 44W,1,,LUM LED KORELED 44W,"Tablas 1 al 392_2025.pdf, pagina 317",5200270
318,SS,1209779,Vía Cl 63 Cr 45 D - 56,5200232,"UCAP BRAZO 1"" - 1.5M - 52°/0°",1,,BRAZO 1 - 1.5M - 52°/0°,"Tablas 1 al 392_2025.pdf, pagina 318",5200232
318,SS,1209779,Vía Cl 63 Cr 45 D - 56,5200270,LUM LED (KORELED) 44W,1,,LUM LED KORELED 44W,"Tablas 1 al 392_2025.pdf, pagina 318",5200270
318,SS,1209779,Vía Cl 63 Cr 45 D - 56,5200464,UCAP CABLE CU ENCAUCHETADO 3X14 CU,13,,CABLE CU ENCAUCHETADO 3X14 CU,"Tablas 1 al 392_2025.pdf, pagina 318",5200464
319,SS,1210646,Sendero Cr 2 Cl 52 - 70 Int 101,5200231,"UCAP BRAZO 1"" - 0.4M - 0°",2,1,BRAZO 1 - 0.4M - 0°,"Tablas 1 al 392_2025.pdf, pagina 319",5200231
319,SS,1210646,Sendero Cr 2 Cl 52 - 70 Int 101,5200270,LUM LED (KORELED) 44W,2,,LUM LED KORELED 44W,"Tablas 1 al 392_2025.pdf, pagina 319",5200270
319,SS,1210646,Sendero Cr 2 Cl 52 - 70 Int 101,5200464,UCAP CABLE CU ENCAUCHETADO 3X14 CU,15,15,CABLE CU ENCAUCHETADO 3X14 CU,"Tablas 1 al 392_2025.pdf, pagina 319",5200464
319,SS,1210646,Sendero Cr 2 Cl 52 - 70 Int 101,5200217,UCAP LUMINARIA 70W,,2,LUMINARIA 70W,"Tablas 1 al 392_2025.pdf, pagina 319",5200217
319,SS,1210646,Sendero Cr 2 Cl 52 - 70 Int 101,5200201,UCAP BOMBILLO 70W,,2,BOMBILLO 70W,"Tablas 1 al 392_2025.pdf, pagina 319",5200201
319,SS,1210646,Sendero Cr 2 Cl 52 - 70 Int 101,5200232,"UCAP BRAZO 1"" - 1.5M - 52°/0°",,1,BRAZO 1 - 1.5M - 52°/0°,"Tablas 1 al 392_2025.pdf, pagina 319",5200232
320,SS,1211348,VIA CL 64 CR 91 - 89,5020117,UCAP POSTE PRFV 9M (ENTERRAR),2,1,POSTE PRFV 9M ENTERRAR,"Tablas 1 al 392_2025.pdf, pagina 320",5020117
320,SS,1211348,VIA CL 64 CR 91 - 89,5200241,UCAP BRAZO CURVO 3000M,2,1,BRAZO CURVO 3000M,"Tablas 1 al 392_2025.pdf, pagina 320",5200241
320,SS,1211348,VIA CL 64 CR 91 - 89,5200407,"UCAP TRIPLEX AL 2X4+1X4 XLP,AEREO",50,,TRIPLEX AL 2X4+1X4 XLP AEREO,"Tablas 1 al 392_2025.pdf, pagina 320",5200407
320,SS,1211348,VIA CL 64 CR 91 - 89,5200235,"UCAP BRAZO 1 1/2"" - 1.5M - 52°/0°",,1,BRAZO 1 1/2 - 1.5M - 52°/0°,"Tablas 1 al 392_2025.pdf, pagina 320",5200235
320,SS,1211348,VIA CL 64 CR 91 - 89,5200308,UCAP POSTE CONCRETO OCTOG 8M,,1,POSTE CONCRETO OCTOG 8M,"Tablas 1 al 392_2025.pdf, pagina 320",5200308
320,SS,1211348,VIA CL 64 CR 91 - 89,5200272,LUM LED (SEPIALED II) 128W,2,2,LUM LED SEPIALED II 128W,"Tablas 1 al 392_2025.pdf, pagina 320",5200272
321,SS,1212679,Pista Skateboard CR 72 50F SUR,5200407,"UCAP TRIPLEX AL 2X4+1X4 XLP,AEREO",65,52,TRIPLEX AL 2X4+1X4 XLP AEREO,"Tablas 1 al 392_2025.pdf, pagina 321",5200407
321,SS,1212679,Pista Skateboard CR 72 50F SUR,5200419,UCAP POSTE PRFV 8M (ENTERRAR),1,,POSTE PRFV 8M ENTERRAR,"Tablas 1 al 392_2025.pdf, pagina 321",5200419
321,SS,1212679,Pista Skateboard CR 72 50F SUR,5200306,UCAP POSTE MADERA REDONDO DE 8M,,1,POSTE MADERA REDONDO DE 8M,"Tablas 1 al 392_2025.pdf, pagina 321",5200306
322,SN,213863,SMAP UDEA 0379 CL 111 A CR 64 C - 180,5200231,"UCAP BRAZO 1"" - 0.4M - 0°",12,,BRAZO 1 - 0.4M - 0°,"Tablas 1 al 392_2025.pdf, pagina 322",5200231
322,SN,213863,SMAP UDEA 0379 CL 111 A CR 64 C - 180,5200241,UCAP BRAZO CURVO 3000M,21,,BRAZO CURVO 3000M,"Tablas 1 al 392_2025.pdf, pagina 322",5200241
322,SN,213863,SMAP UDEA 0379 CL 111 A CR 64 C - 180,5200270,LUM LED (KORELED) 44W,12,,LUM LED KORELED 44W,"Tablas 1 al 392_2025.pdf, pagina 322",5200270
322,SN,213863,SMAP UDEA 0379 CL 111 A CR 64 C - 180,5200272,LUM LED (SEPIALED II) 128W,21,,LUM LED SEPIALED II 128W,"Tablas 1 al 392_2025.pdf, pagina 322",5200272
322,SN,213863,SMAP UDEA 0379 CL 111 A CR 64 C - 180,5200407,"UCAP TRIPLEX AL 2X4+1X4 XLP,AEREO",120,,TRIPLEX AL 2X4+1X4 XLP AEREO,"Tablas 1 al 392_2025.pdf, pagina 322",5200407
322,SN,213863,SMAP UDEA 0379 CL 111 A CR 64 C - 180,5200419,UCAP POSTE PRFV 8M (ENTERRAR),8,,POSTE PRFV 8M ENTERRAR,"Tablas 1 al 392_2025.pdf, pagina 322",5200419
322,SN,213863,SMAP UDEA 0379 CL 111 A CR 64 C - 180,5200217,UCAP LUMINARIA 70W,,10,LUMINARIA 70W,"Tablas 1 al 392_2025.pdf, pagina 322",5200217
322,SN,213863,SMAP UDEA 0379 CL 111 A CR 64 C - 180,5200201,UCAP BOMBILLO 70W,,10,BOMBILLO 70W,"Tablas 1 al 392_2025.pdf, pagina 322",5200201
322,SN,213863,SMAP UDEA 0379 CL 111 A CR 64 C - 180,5200219,UCAP LUMINARIA 250W,,12,LUMINARIA 250W,"Tablas 1 al 392_2025.pdf, pagina 322",5200219
322,SN,213863,SMAP UDEA 0379 CL 111 A CR 64 C - 180,5200203,UCAP BOMBILLO 250W,,12,BOMBILLO 250W,"Tablas 1 al 392_2025.pdf, pagina 322",5200203
322,SN,213863,SMAP UDEA 0379 CL 111 A CR 64 C - 180,5200233,"UCAP BRAZO 1"" - 1.5M - 52°/20°",,10,BRAZO 1 - 1.5M - 52°/20°,"Tablas 1 al 392_2025.pdf, pagina 322",5200233
322,SN,213863,SMAP UDEA 0379 CL 111 A CR 64 C - 180,5200236,"UCAP BRAZO 1 1/2"" - 1.5M - 52°/20°",,12,BRAZO 1 1/2 - 1.5M - 52°/20°,"Tablas 1 al 392_2025.pdf, pagina 322",5200236
323,SS,226214,"SMAP-UDEA-0408-21, CL 34 AA CR 93 B - 21",5200214,BOMBILLA MH 1000W,,12,BOMBILLA MH 1000W,"Tablas 1 al 392_2025.pdf, pagina 323",5200214
323,SS,226214,"SMAP-UDEA-0408-21, CL 34 AA CR 93 B - 21",5200127,Proy. 1000w.,,12,PROY 1000W,"Tablas 1 al 392_2025.pdf, pagina 323",5200127
323,SS,226214,"SMAP-UDEA-0408-21, CL 34 AA CR 93 B - 21",5200201,BOMBILLA Na 70W,,1,BOMBILLA NA 70W,"Tablas 1 al 392_2025.pdf, pagina 323",5200201
323,SS,226214,"SMAP-UDEA-0408-21, CL 34 AA CR 93 B - 21",5200217,LUMINARIA 70W,,1,LUMINARIA 70W,"Tablas 1 al 392_2025.pdf, pagina 323",5200217
323,SS,226214,"SMAP-UDEA-0408-21, CL 34 AA CR 93 B - 21",5200233,"BRAZO 1"" - 1.5m - 52°/20°",,1,BRAZO 1 - 1.5M - 52°/20°,"Tablas 1 al 392_2025.pdf, pagina 323",5200233
323,SS,226214,"SMAP-UDEA-0408-21, CL 34 AA CR 93 B - 21",5200222,LUMINARIA LED 40W,7,,LUMINARIA LED 40W,"Tablas 1 al 392_2025.pdf, pagina 323",5200222
323,SS,226214,"SMAP-UDEA-0408-21, CL 34 AA CR 93 B - 21",5200232,"BRAZO 1"" - 1.5m - 52°/0°",7,,BRAZO 1 - 1.5M - 52°/0°,"Tablas 1 al 392_2025.pdf, pagina 323",5200232
323,SS,226214,"SMAP-UDEA-0408-21, CL 34 AA CR 93 B - 21",5200419,Poste PRFV 8m (Enterrar),3,,POSTE PRFV 8M ENTERRAR,"Tablas 1 al 392_2025.pdf, pagina 323",5200419
323,SS,226214,"SMAP-UDEA-0408-21, CL 34 AA CR 93 B - 21",5200464,Cable Cu encauchetado 3X14 AWG,24,,CABLE CU ENCAUCHETADO 3X14 AWG,"Tablas 1 al 392_2025.pdf, pagina 323",5200464
323,SS,226214,"SMAP-UDEA-0408-21, CL 34 AA CR 93 B - 21",5200276,PROYEC LED (AREALED II) 212W V-MEDIA,18,,PROYEC LED AREALED II 212W V-MEDIA,"Tablas 1 al 392_2025.pdf, pagina 323",5200276
324,SS,678347,SENDERO PEATONAL CENTRALIDAD PALMITAS,5010131,LUM. LED 30W. SUPERFICIES (ACROLED SIM. 5K),2,,LUM LED 30W SUPERFICIES ACROLED SIM 5K,"Tablas 1 al 392_2025.pdf, pagina 324",5010131
324,SS,678347,SENDERO PEATONAL CENTRALIDAD PALMITAS,5090208,CAJA DE PASO METÁLICA,3,,CAJA DE PASO METALICA,"Tablas 1 al 392_2025.pdf, pagina 324",5090208
324,SS,678347,SENDERO PEATONAL CENTRALIDAD PALMITAS,5200464,UCAP CABLE CU ENCAUCHETADO 3X14 CU,20,,CABLE CU ENCAUCHETADO 3X14 CU,"Tablas 1 al 392_2025.pdf, pagina 324",5200464
324,SS,678347,SENDERO PEATONAL CENTRALIDAD PALMITAS,5200529,Tuberia IMC 1 1/2,20,,TUBERIA IMC 1 1/2,"Tablas 1 al 392_2025.pdf, pagina 324",5200529
325,SS,923864,SMAP-0028-24 CR 63 CL 33,5010132,LUM. LED 40W SUPERFICIES (ACROLED ASIM. 5K),12,,LUM LED 40W SUPERFICIES ACROLED ASIM 5K,"Tablas 1 al 392_2025.pdf, pagina 325",5010132
325,SS,923864,SMAP-0028-24 CR 63 CL 33,5090208,CAJA DE PASO METÁLICA,14,,CAJA DE PASO METALICA,"Tablas 1 al 392_2025.pdf, pagina 325",5090208
325,SS,923864,SMAP-0028-24 CR 63 CL 33,5200464,UCAP CABLE CU ENCAUCHETADO 3X14 CU,160,,CABLE CU ENCAUCHETADO 3X14 CU,"Tablas 1 al 392_2025.pdf, pagina 325",5200464
325,SS,923864,SMAP-0028-24 CR 63 CL 33,5200528,"UCAP TUBERIA 1"" IMC",132,,TUBERIA 1 IMC,"Tablas 1 al 392_2025.pdf, pagina 325",5200528
325,SS,923864,SMAP-0028-24 CR 63 CL 33,5200219,UCAP LUMINARIA 250W,,8,LUMINARIA 250W,"Tablas 1 al 392_2025.pdf, pagina 325",5200219
325,SS,923864,SMAP-0028-24 CR 63 CL 33,5200203,UCAP BOMBILLO 250W,,8,BOMBILLO 250W,"Tablas 1 al 392_2025.pdf, pagina 325",5200203
325,SS,923864,SMAP-0028-24 CR 63 CL 33,5200410,UCAP DUPLEX CU 14 AWG-THW 300V,,86,DUPLEX CU 14 AWG-THW 300V,"Tablas 1 al 392_2025.pdf, pagina 325",5200410
326,SS,923872,SMAP-0029-24 Cr 63 Cl 55,5010132,LUM. LED 40W SUPERFICIES (ACROLED ASIM. 5K),20,,LUM LED 40W SUPERFICIES ACROLED ASIM 5K,"Tablas 1 al 392_2025.pdf, pagina 326",5010132
326,SS,923872,SMAP-0029-24 Cr 63 Cl 55,5090208,CAJA DE PASO METÁLICA,24,,CAJA DE PASO METALICA,"Tablas 1 al 392_2025.pdf, pagina 326",5090208
326,SS,923872,SMAP-0029-24 Cr 63 Cl 55,5200464,UCAP CABLE CU ENCAUCHETADO 3X14 CU,273,,CABLE CU ENCAUCHETADO 3X14 CU,"Tablas 1 al 392_2025.pdf, pagina 326",5200464
326,SS,923872,SMAP-0029-24 Cr 63 Cl 55,5200528,"UCAP TUBERIA 1"" IMC",225,,TUBERIA 1 IMC,"Tablas 1 al 392_2025.pdf, pagina 326",5200528
326,SS,923872,SMAP-0029-24 Cr 63 Cl 55,5200219,UCAP LUMINARIA 250W,,6,LUMINARIA 250W,"Tablas 1 al 392_2025.pdf, pagina 326",5200219
326,SS,923872,SMAP-0029-24 Cr 63 Cl 55,5200203,UCAP BOMBILLO 250W,,6,BOMBILLO 250W,"Tablas 1 al 392_2025.pdf, pagina 326",5200203
327,SN,942565,CANCHA MULTIPLE CL 48 NN # 6 AB-101,5010131,PROYEC LED (ACROLED) 30W ASIM,12,,PROYEC LED ACROLED 30W ASIM,"Tablas 1 al 392_2025.pdf, pagina 327",5010131
327,SN,942565,CANCHA MULTIPLE CL 48 NN # 6 AB-101,5200464,CABL CU 3X14 (ENCAU),80,,CABL CU 3X14 ENCAU,"Tablas 1 al 392_2025.pdf, pagina 327",5200464
327,SN,942565,CANCHA MULTIPLE CL 48 NN # 6 AB-101,5200528,"UCAP Tuberia 1"" IMC",80,,TUBERIA 1 IMC,"Tablas 1 al 392_2025.pdf, pagina 327",5200528
327,SN,942565,CANCHA MULTIPLE CL 48 NN # 6 AB-101,5090208,Caja de paso metalica,19,,CAJA DE PASO METALICA,"Tablas 1 al 392_2025.pdf, pagina 327",5090208
327,SN,942565,CANCHA MULTIPLE CL 48 NN # 6 AB-101,5200799,TABL CONT AP 240VCA 25A EXTERIOR,1,,TABL CONT AP 240VCA 25A EXTERIOR,"Tablas 1 al 392_2025.pdf, pagina 327",5200799
328,SN,967386,ANDEN DG 63 B TRAS 42,5200270,LUM LED (KORELED) 44W,6,,LUM LED KORELED 44W,"Tablas 1 al 392_2025.pdf, pagina 328",5200270
328,SN,967386,ANDEN DG 63 B TRAS 42,5200238-4,BR CAR SEMI-LAR 0.75M/0°,5,,BR CAR SEMI-LAR 0.75M/0°,"Tablas 1 al 392_2025.pdf, pagina 328",5200238-4
328,SN,967386,ANDEN DG 63 B TRAS 42,5200302,POST CONC 5M 350KGF CAR,5,,POST CONC 5M 350KGF CAR,"Tablas 1 al 392_2025.pdf, pagina 328",5200302
328,SN,967386,ANDEN DG 63 B TRAS 42,5200501,CAJ CONC 50X50 CM (CON TAPA),6,,CAJ CONC 50X50 CM CON TAPA,"Tablas 1 al 392_2025.pdf, pagina 328",5200501
328,SN,967386,ANDEN DG 63 B TRAS 42,5200407,TPX AL 2X4+1X4 XLP AEREO,16,,TPX AL 2X4+1X4 XLP AEREO,"Tablas 1 al 392_2025.pdf, pagina 328",5200407
328,SN,967386,ANDEN DG 63 B TRAS 42,5200422,CABLE AL 3X6 ENTERRADO ZONA VERDE,62,,CABLE AL 3X6 ENTERRADO ZONA VERDE,"Tablas 1 al 392_2025.pdf, pagina 328",5200422
328,SN,967386,ANDEN DG 63 B TRAS 42,5200419,POST PRFV 8M 510KGF,1,,POST PRFV 8M 510KGF,"Tablas 1 al 392_2025.pdf, pagina 328",5200419
328,SN,967386,ANDEN DG 63 B TRAS 42,5200231,"BR 1"" - 0.4M - 0°",1,,BR 1 - 0.4M - 0°,"Tablas 1 al 392_2025.pdf, pagina 328",5200231
329,SN,1027051,VÍA CL 32 F CR 69-11,5020117,POST PRFV 9M 350KGF AP,1,,POST PRFV 9M 350KGF AP,"Tablas 1 al 392_2025.pdf, pagina 329",5020117
329,SN,1027051,VÍA CL 32 F CR 69-11,5200464,CABL CU 3X14 (ENCAU),12,,CABL CU 3X14 ENCAU,"Tablas 1 al 392_2025.pdf, pagina 329",5200464
329,SN,1027051,VÍA CL 32 F CR 69-11,5200207,LUM LED (OMEGA II) 110W,1,1,LUM LED OMEGA II 110W,"Tablas 1 al 392_2025.pdf, pagina 329",5200207
329,SN,1027051,VÍA CL 32 F CR 69-11,5200232,"BR 1"" - 1.5M - 52°/0°",1,1,BR 1 - 1.5M - 52°/0°,"Tablas 1 al 392_2025.pdf, pagina 329",5200232
330,SN,1027052,SMAP-DEPI-0143-25 CL 41 CR 25 A 40,R5200217,RET - LUM 70W,,1,RET - LUM 70W,"Tablas 1 al 392_2025.pdf, pagina 330",R5200217
330,SN,1027052,SMAP-DEPI-0143-25 CL 41 CR 25 A 40,5200293,LUM LED (OMEGA II) 64.5W,1,,LUM LED OMEGA II 64.5W,"Tablas 1 al 392_2025.pdf, pagina 330",5200293
330,SN,1027052,SMAP-DEPI-0143-25 CL 41 CR 25 A 40,R5200201,RET - BOMB 70W,,1,RET - BOMB 70W,"Tablas 1 al 392_2025.pdf, pagina 330",R5200201
330,SN,1027052,SMAP-DEPI-0143-25 CL 41 CR 25 A 40,5200233,"BR 1"" - 1.5M - 52°/20°",,1,BR 1 - 1.5M - 52°/20°,"Tablas 1 al 392_2025.pdf, pagina 330",5200233
330,SN,1027052,SMAP-DEPI-0143-25 CL 41 CR 25 A 40,5200235,"BR 1 1/2"" - 1.5M - 52°/0°",1,,BR 1 1/2 - 1.5M - 52°/0°,"Tablas 1 al 392_2025.pdf, pagina 330",5200235
331,SN,1027071,ANDENES CR 51 D ENTRE CL 62 Y 59,5200308,POST CONC 8M 510KGF OCT,2,,POST CONC 8M 510KGF OCT,"Tablas 1 al 392_2025.pdf, pagina 331",5200308
331,SN,1027071,ANDENES CR 51 D ENTRE CL 62 Y 59,5200270,LUM LED (KORELED) 44W,13,,LUM LED KORELED 44W,"Tablas 1 al 392_2025.pdf, pagina 331",5200270
331,SN,1027071,ANDENES CR 51 D ENTRE CL 62 Y 59,5200231,"BR 1"" - 0.4M - 0°",13,,BR 1 - 0.4M - 0°,"Tablas 1 al 392_2025.pdf, pagina 331",5200231
331,SN,1027071,ANDENES CR 51 D ENTRE CL 62 Y 59,5200407,TPX AL 2X4+1X4 XLP AEREO,62,,TPX AL 2X4+1X4 XLP AEREO,"Tablas 1 al 392_2025.pdf, pagina 331",5200407
332,SN,1030281,SENDERO PEATONAL CR 25 B CL 18 A SUR 56 INT 371,5200270,LUM LED (KORELED) 44W,2,1,LUM LED KORELED 44W,"Tablas 1 al 392_2025.pdf, pagina 332",5200270
332,SN,1030281,SENDERO PEATONAL CR 25 B CL 18 A SUR 56 INT 371,5200231,"BR 1"" - 0.4M - 0°",1,,BR 1 - 0.4M - 0°,"Tablas 1 al 392_2025.pdf, pagina 332",5200231
332,SN,1030281,SENDERO PEATONAL CR 25 B CL 18 A SUR 56 INT 371,5200232,"BR 1"" - 1.5M - 52°/0°",1,1,BR 1 - 1.5M - 52°/0°,"Tablas 1 al 392_2025.pdf, pagina 332",5200232
332,SN,1030281,SENDERO PEATONAL CR 25 B CL 18 A SUR 56 INT 371,5200419,POST PRFV 8M 510KGF,2,,POST PRFV 8M 510KGF,"Tablas 1 al 392_2025.pdf, pagina 332",5200419
332,SN,1030281,SENDERO PEATONAL CR 25 B CL 18 A SUR 56 INT 371,R5200306,RET - POST MAD 8M 510KGF,,1,RET - POST MAD 8M 510KGF,"Tablas 1 al 392_2025.pdf, pagina 332",R5200306
332,SN,1030281,SENDERO PEATONAL CR 25 B CL 18 A SUR 56 INT 371,5200464,CABL CU 3X14 (ENCAU),12,,CABL CU 3X14 ENCAU,"Tablas 1 al 392_2025.pdf, pagina 332",5200464
333,SN,1041953,SENDERO PEATONAL CR 10 CL 55 - 395 INT 139,5200270,LUM LED (KORELED) 44W,1,,LUM LED KORELED 44W,"Tablas 1 al 392_2025.pdf, pagina 333",5200270
333,SN,1041953,SENDERO PEATONAL CR 10 CL 55 - 395 INT 139,5200231,"BR 1"" - 0.4M - 0°",1,,BR 1 - 0.4M - 0°,"Tablas 1 al 392_2025.pdf, pagina 333",5200231
333,SN,1041953,SENDERO PEATONAL CR 10 CL 55 - 395 INT 139,55220000446149,PCOASBTL EPR CFUV 38XM1 45 1(E0NKGCFAU),117,,PCOASBTL EPR CFUV 38XM1 45 1 E0NKGCFAU,"Tablas 1 al 392_2025.pdf, pagina 333",55220000446149
333,SN,1041953,SENDERO PEATONAL CR 10 CL 55 - 395 INT 139,5200464,CABL CU 3X14 (ENCAU),21,,CABL CU 3X14 ENCAU,"Tablas 1 al 392_2025.pdf, pagina 333",5200464
334,SN,1042344,SENDERO PEATONAL CL 32 CR 33 B 63,5200270,LUM LED (KORELED) 44W,1,,LUM LED KORELED 44W,"Tablas 1 al 392_2025.pdf, pagina 334",5200270
334,SN,1042344,SENDERO PEATONAL CL 32 CR 33 B 63,5200231,"BR 1"" - 0.4M - 0°",1,,BR 1 - 0.4M - 0°,"Tablas 1 al 392_2025.pdf, pagina 334",5200231
335,SN,1043187,SENDERO PEATONAL CL 54 CR 83-55 INT 109,5200270,LUM LED (KORELED) 44W,1,,LUM LED KORELED 44W,"Tablas 1 al 392_2025.pdf, pagina 335",5200270
335,SN,1043187,SENDERO PEATONAL CL 54 CR 83-55 INT 109,5200464,CABL CU 3X14 (ENCAU),8,,CABL CU 3X14 ENCAU,"Tablas 1 al 392_2025.pdf, pagina 335",5200464
335,SN,1043187,SENDERO PEATONAL CL 54 CR 83-55 INT 109,5200217,LUM 70W,,1,LUM 70W,"Tablas 1 al 392_2025.pdf, pagina 335",5200217
335,SN,1043187,SENDERO PEATONAL CL 54 CR 83-55 INT 109,5200201,BOMB 70W,,1,BOMB 70W,"Tablas 1 al 392_2025.pdf, pagina 335",5200201
335,SN,1043187,SENDERO PEATONAL CL 54 CR 83-55 INT 109,5200410,DUPLEX CU 14 AWG,,8,DUPLEX CU 14 AWG,"Tablas 1 al 392_2025.pdf, pagina 335",5200410
336,SN,1043420,SENDERO PEATONAL CR 105 CL 45 A -61,5200270,LUM LED (KORELED) 44W,1,,LUM LED KORELED 44W,"Tablas 1 al 392_2025.pdf, pagina 336",5200270
336,SN,1043420,SENDERO PEATONAL CR 105 CL 45 A -61,5200231,"BR 1"" - 0.4M - 0°",1,,BR 1 - 0.4M - 0°,"Tablas 1 al 392_2025.pdf, pagina 336",5200231
336,SN,1043420,SENDERO PEATONAL CR 105 CL 45 A -61,5200464,CABL CU 3X14 (ENCAU),7,,CABL CU 3X14 ENCAU,"Tablas 1 al 392_2025.pdf, pagina 336",5200464
336,SN,1043420,SENDERO PEATONAL CR 105 CL 45 A -61,5200419,POST PRFV 8M 510KGF,1,,POST PRFV 8M 510KGF,"Tablas 1 al 392_2025.pdf, pagina 336",5200419
337,SN,1043817,VIA SECUNDARIA PAJARITO SECTOR LAS AMACAS,5200270,LUM LED (KORELED) 44W,1,,LUM LED KORELED 44W,"Tablas 1 al 392_2025.pdf, pagina 337",5200270
337,SN,1043817,VIA SECUNDARIA PAJARITO SECTOR LAS AMACAS,5200232,"BR 1"" - 1.5M - 52°/0°",1,,BR 1 - 1.5M - 52°/0°,"Tablas 1 al 392_2025.pdf, pagina 337",5200232
337,SN,1043817,VIA SECUNDARIA PAJARITO SECTOR LAS AMACAS,5200464,CABL CU 3X14 (ENCAU),14,,CABL CU 3X14 ENCAU,"Tablas 1 al 392_2025.pdf, pagina 337",5200464
338,SN,1044867,SENDERO PEATONAL CR 99 B CL 49 AC -04 INT 301,5200270,LUM LED (KORELED) 44W,1,,LUM LED KORELED 44W,"Tablas 1 al 392_2025.pdf, pagina 338",5200270
338,SN,1044867,SENDERO PEATONAL CR 99 B CL 49 AC -04 INT 301,5200231,"BR 1"" - 0.4M - 0°",1,,BR 1 - 0.4M - 0°,"Tablas 1 al 392_2025.pdf, pagina 338",5200231
339,SN,1046920,SENDERO PEATONAL CR 19 CL 59 C -57 INT 1208,5200270,LUM LED (KORELED) 44W,1,,LUM LED KORELED 44W,"Tablas 1 al 392_2025.pdf, pagina 339",5200270
339,SN,1046920,SENDERO PEATONAL CR 19 CL 59 C -57 INT 1208,5200232,"BR 1"" - 1.5M - 52°/0°",1,,BR 1 - 1.5M - 52°/0°,"Tablas 1 al 392_2025.pdf, pagina 339",5200232
339,SN,1046920,SENDERO PEATONAL CR 19 CL 59 C -57 INT 1208,5200464,CABL CU 3X14 (ENCAU),1260,,CABL CU 3X14 ENCAU,"Tablas 1 al 392_2025.pdf, pagina 339",5200464
340,SN,1050701,SENDERO PEATONAL CL 75 ENTRE CR 74 D Y CR 75,5200270,LUM LED (KORELED) 44W,1,,LUM LED KORELED 44W,"Tablas 1 al 392_2025.pdf, pagina 340",5200270
340,SN,1050701,SENDERO PEATONAL CL 75 ENTRE CR 74 D Y CR 75,5200232,"BR 1"" - 1.5M - 52°/0°",1,,BR 1 - 1.5M - 52°/0°,"Tablas 1 al 392_2025.pdf, pagina 340",5200232
340,SN,1050701,SENDERO PEATONAL CL 75 ENTRE CR 74 D Y CR 75,5020117,POST PRFV 9M 350KGF AP,1,,POST PRFV 9M 350KGF AP,"Tablas 1 al 392_2025.pdf, pagina 340",5020117
340,SN,1050701,SENDERO PEATONAL CL 75 ENTRE CR 74 D Y CR 75,5200464,CABL CU 3X14 (ENCAU),17,,CABL CU 3X14 ENCAU,"Tablas 1 al 392_2025.pdf, pagina 340",5200464
341,SN,1050767,SENDERO PEATONAL CR 23 B CL 84B-146 (2137),5200270,LUM LED (KORELED) 44W,1,,LUM LED KORELED 44W,"Tablas 1 al 392_2025.pdf, pagina 341",5200270
341,SN,1050767,SENDERO PEATONAL CR 23 B CL 84B-146 (2137),5200231,"BR 1"" - 0.4M - 0°",1,,BR 1 - 0.4M - 0°,"Tablas 1 al 392_2025.pdf, pagina 341",5200231
341,SN,1050767,SENDERO PEATONAL CR 23 B CL 84B-146 (2137),5200464,CABL CU 3X14 (ENCAU),2224,,CABL CU 3X14 ENCAU,"Tablas 1 al 392_2025.pdf, pagina 341",5200464
342,SN,1051814,Cr 106 Cl 55 - 19 Int 109,5200270,LUM LED (KORELED) 44W,1,,LUM LED KORELED 44W,"Tablas 1 al 392_2025.pdf, pagina 342",5200270
342,SN,1051814,Cr 106 Cl 55 - 19 Int 109,5200231,"BR 1"" - 0.4M - 0°",1,,BR 1 - 0.4M - 0°,"Tablas 1 al 392_2025.pdf, pagina 342",5200231
343,SN,1052442,SENDERO PEATONAL CL 76 C CR 90 B -6,R5200217,RET - LUM 70W,,1,RET - LUM 70W,"Tablas 1 al 392_2025.pdf, pagina 343",R5200217
343,SN,1052442,SENDERO PEATONAL CL 76 C CR 90 B -6,5200270,LUM LED (KORELED) 44W,1,,LUM LED KORELED 44W,"Tablas 1 al 392_2025.pdf, pagina 343",5200270
343,SN,1052442,SENDERO PEATONAL CL 76 C CR 90 B -6,R5200201,RET - BOMB 70W,,1,RET - BOMB 70W,"Tablas 1 al 392_2025.pdf, pagina 343",R5200201
343,SN,1052442,SENDERO PEATONAL CL 76 C CR 90 B -6,5200232,"BR 1"" - 1.5M - 52°/0°",1,1,BR 1 - 1.5M - 52°/0°,"Tablas 1 al 392_2025.pdf, pagina 343",5200232
344,SN,1053725,SENDERO PEATONAL CL 16 SUR CR 45 - 13,5200270,LUM LED (KORELED) 44W,1,,LUM LED KORELED 44W,"Tablas 1 al 392_2025.pdf, pagina 344",5200270
344,SN,1053725,SENDERO PEATONAL CL 16 SUR CR 45 - 13,5200232,"BR 1"" - 1.5M - 52°/0°",1,,BR 1 - 1.5M - 52°/0°,"Tablas 1 al 392_2025.pdf, pagina 344",5200232
344,SN,1053725,SENDERO PEATONAL CL 16 SUR CR 45 - 13,5000320,POST PRFV 6M 250KGF CINTURON VER,1,,POST PRFV 6M 250KGF CINTURON VER,"Tablas 1 al 392_2025.pdf, pagina 344",5000320
344,SN,1053725,SENDERO PEATONAL CL 16 SUR CR 45 - 13,5200422,CABLE AL 3X6 ENTERRADO ZONA VERDE,12,,CABLE AL 3X6 ENTERRADO ZONA VERDE,"Tablas 1 al 392_2025.pdf, pagina 344",5200422
344,SN,1053725,SENDERO PEATONAL CL 16 SUR CR 45 - 13,5200502,CAJ CONC 50X50 CM (DIR ENTERR),1,,CAJ CONC 50X50 CM DIR ENTERR,"Tablas 1 al 392_2025.pdf, pagina 344",5200502
345,SN,1054697,SENDERO PEATONAL CL 18 CR 109 - 94 (148),5200270,LUM LED (KORELED) 44W,4,1,LUM LED KORELED 44W,"Tablas 1 al 392_2025.pdf, pagina 345",5200270
345,SN,1054697,SENDERO PEATONAL CL 18 CR 109 - 94 (148),5200231,"BR 1"" - 0.4M - 0°",3,,BR 1 - 0.4M - 0°,"Tablas 1 al 392_2025.pdf, pagina 345",5200231
345,SN,1054697,SENDERO PEATONAL CL 18 CR 109 - 94 (148),5200419,POST PRFV 8M 510KGF,1,,POST PRFV 8M 510KGF,"Tablas 1 al 392_2025.pdf, pagina 345",5200419
345,SN,1054697,SENDERO PEATONAL CL 18 CR 109 - 94 (148),5200464,CABL CU 3X14 (ENCAU),22,,CABL CU 3X14 ENCAU,"Tablas 1 al 392_2025.pdf, pagina 345",5200464
345,SN,1054697,SENDERO PEATONAL CL 18 CR 109 - 94 (148),5200232,"BR 1"" - 1.5M - 52°/0°",1,1,BR 1 - 1.5M - 52°/0°,"Tablas 1 al 392_2025.pdf, pagina 345",5200232
346,SN,1055704,Juan XXIII La Quiebra CL 48 DD # 99B -10,5200270,LUM LED (KORELED) 44W,1,,LUM LED KORELED 44W,"Tablas 1 al 392_2025.pdf, pagina 346",5200270
346,SN,1055704,Juan XXIII La Quiebra CL 48 DD # 99B -10,5200231,"BR 1"" - 0.4M - 0°",1,,BR 1 - 0.4M - 0°,"Tablas 1 al 392_2025.pdf, pagina 346",5200231
346,SN,1055704,Juan XXIII La Quiebra CL 48 DD # 99B -10,211332,"COLLARIN 160MM 7"" DOS SALIDAS",1,,COLLARIN 160MM 7 DOS SALIDAS,"Tablas 1 al 392_2025.pdf, pagina 346",211332
347,SN,1058566,SENDERO PEATONAL CL 85 A CR 23 CC- 25,5200270,LUM LED (KORELED) 44W,1,,LUM LED KORELED 44W,"Tablas 1 al 392_2025.pdf, pagina 347",5200270
347,SN,1058566,SENDERO PEATONAL CL 85 A CR 23 CC- 25,5200231,"BR 1"" - 0.4M - 0°",1,,BR 1 - 0.4M - 0°,"Tablas 1 al 392_2025.pdf, pagina 347",5200231
348,SN,1063487,SENDERO PEATONAL CL 58 CR 94-71 INT ( 102 ),5200270,LUM LED (KORELED) 44W,2,,LUM LED KORELED 44W,"Tablas 1 al 392_2025.pdf, pagina 348",5200270
348,SN,1063487,SENDERO PEATONAL CL 58 CR 94-71 INT ( 102 ),5200231,"BR 1"" - 0.4M - 0°",2,,BR 1 - 0.4M - 0°,"Tablas 1 al 392_2025.pdf, pagina 348",5200231
349,SN,1063979,SENDERO PEATONAL CR 112 CL 48 B -42 (INT. 101),5200270,LUM LED (KORELED) 44W,1,,LUM LED KORELED 44W,"Tablas 1 al 392_2025.pdf, pagina 349",5200270
349,SN,1063979,SENDERO PEATONAL CR 112 CL 48 B -42 (INT. 101),5200231,"BR 1"" - 0.4M - 0°",1,,BR 1 - 0.4M - 0°,"Tablas 1 al 392_2025.pdf, pagina 349",5200231
349,SN,1063979,SENDERO PEATONAL CR 112 CL 48 B -42 (INT. 101),5200464,CABL CU 3X14 (ENCAU),31,,CABL CU 3X14 ENCAU,"Tablas 1 al 392_2025.pdf, pagina 349",5200464
350,SN,1081365,VÍA CR 82 CL 49 E-74,5200272,LUM LED (SEPIALED II) 128W,2,,LUM LED SEPIALED II 128W,"Tablas 1 al 392_2025.pdf, pagina 350",5200272
351,SN,1081630,Cr 28 AE Cl 108 EC - 51,5200270,LUM LED (KORELED) 44W,1,,LUM LED KORELED 44W,"Tablas 1 al 392_2025.pdf, pagina 351",5200270
351,SN,1081630,Cr 28 AE Cl 108 EC - 51,5200232,"BR 1"" - 1.5M - 52°/0°",1,,BR 1 - 1.5M - 52°/0°,"Tablas 1 al 392_2025.pdf, pagina 351",5200232
352,SN,1083429,VÍA CL 62 ENTRE CRS 50A Y 50,5200272,LUM LED (SEPIALED II) 128W,2,1,LUM LED SEPIALED II 128W,"Tablas 1 al 392_2025.pdf, pagina 352",5200272
352,SN,1083429,VÍA CL 62 ENTRE CRS 50A Y 50,5200207,LUM LED (OMEGA II) 110W,,1,LUM LED OMEGA II 110W,"Tablas 1 al 392_2025.pdf, pagina 352",5200207
352,SN,1083429,VÍA CL 62 ENTRE CRS 50A Y 50,5200236,"BR 1 1/2"" - 1.5M - 52°/20°",2,2,BR 1 1/2 - 1.5M - 52°/20°,"Tablas 1 al 392_2025.pdf, pagina 352",5200236
352,SN,1083429,VÍA CL 62 ENTRE CRS 50A Y 50,5200308,POST CONC 8M 510KGF OCT,1,1,POST CONC 8M 510KGF OCT,"Tablas 1 al 392_2025.pdf, pagina 352",5200308
353,SN,1091061,SENDERO PEATONAL CL 53 CR 110 - 469 (INT 103),5200270,LUM LED (KORELED) 44W,1,,LUM LED KORELED 44W,"Tablas 1 al 392_2025.pdf, pagina 353",5200270
353,SN,1091061,SENDERO PEATONAL CL 53 CR 110 - 469 (INT 103),5200231,"BR 1"" - 0.4M - 0°",1,,BR 1 - 0.4M - 0°,"Tablas 1 al 392_2025.pdf, pagina 353",5200231
353,SN,1091061,SENDERO PEATONAL CL 53 CR 110 - 469 (INT 103),5200464,CABL CU 3X14 (ENCAU),9,,CABL CU 3X14 ENCAU,"Tablas 1 al 392_2025.pdf, pagina 353",5200464
354,SN,1104004,Sendero Peatonal sector 7 Lunas CR 99 CL 65 -325 (INTERIOR 156 ),5200270,LUM LED (KORELED) 44W,5,,LUM LED KORELED 44W,"Tablas 1 al 392_2025.pdf, pagina 354",5200270
354,SN,1104004,Sendero Peatonal sector 7 Lunas CR 99 CL 65 -325 (INTERIOR 156 ),5200231,"BR 1"" - 0.4M - 0°",5,,BR 1 - 0.4M - 0°,"Tablas 1 al 392_2025.pdf, pagina 354",5200231
355,SN,1113463,Sendero Peatonal Cr 26 Cl 102 B - 20 Int 105,5200231,"UCAP BRAZO 1"" - 0.4M - 0°",1,,BRAZO 1 - 0.4M - 0°,"Tablas 1 al 392_2025.pdf, pagina 355",5200231
355,SN,1113463,Sendero Peatonal Cr 26 Cl 102 B - 20 Int 105,5200270,LUM LED (KORELED) 44W,1,,LUM LED KORELED 44W,"Tablas 1 al 392_2025.pdf, pagina 355",5200270
356,SN,1114411,Cruce vehicular CR 69C CL 32D,5200232,"UCAP BRAZO 1"" - 1.5M - 52°/0°",1,,BRAZO 1 - 1.5M - 52°/0°,"Tablas 1 al 392_2025.pdf, pagina 356",5200232
356,SN,1114411,Cruce vehicular CR 69C CL 32D,5200293,LUM LED (OMEGA II) 64.5W,1,,LUM LED OMEGA II 64.5W,"Tablas 1 al 392_2025.pdf, pagina 356",5200293
356,SN,1114411,Cruce vehicular CR 69C CL 32D,5200301,UCAP POSTE CONCRETO REDONDO 9M.,1,,POSTE CONCRETO REDONDO 9M,"Tablas 1 al 392_2025.pdf, pagina 356",5200301
356,SN,1114411,Cruce vehicular CR 69C CL 32D,5200464,UCAP CABLE CU ENCAUCHETADO 3X14 CU,24,,CABLE CU ENCAUCHETADO 3X14 CU,"Tablas 1 al 392_2025.pdf, pagina 356",5200464
357,SN,1133940,SMAP 0114-25 Cl 48 A Cr 81 - 98,5200232,"UCAP BRAZO 1"" - 1.5M - 52°/0°",2,,BRAZO 1 - 1.5M - 52°/0°,"Tablas 1 al 392_2025.pdf, pagina 357",5200232
357,SN,1133940,SMAP 0114-25 Cl 48 A Cr 81 - 98,5200270,LUM LED (KORELED) 44W,2,,LUM LED KORELED 44W,"Tablas 1 al 392_2025.pdf, pagina 357",5200270
357,SN,1133940,SMAP 0114-25 Cl 48 A Cr 81 - 98,5200308,UCAP POSTE CONCRETO OCTOG 8M,1,,POSTE CONCRETO OCTOG 8M,"Tablas 1 al 392_2025.pdf, pagina 357",5200308
357,SN,1133940,SMAP 0114-25 Cl 48 A Cr 81 - 98,5200419,UCAP POSTE PRFV 8M (ENTERRAR),1,,POSTE PRFV 8M ENTERRAR,"Tablas 1 al 392_2025.pdf, pagina 357",5200419
357,SN,1133940,SMAP 0114-25 Cl 48 A Cr 81 - 98,5200464,UCAP CABLE CU ENCAUCHETADO 3X14 CU,18,,CABLE CU ENCAUCHETADO 3X14 CU,"Tablas 1 al 392_2025.pdf, pagina 357",5200464
358,SN,1133947,SMAP 0115-25 Cl 48 A Cr 81 - 98,5200270,LUM LED (KORELED) 44W,1,,LUM LED KORELED 44W,"Tablas 1 al 392_2025.pdf, pagina 358",5200270
358,SN,1133947,SMAP 0115-25 Cl 48 A Cr 81 - 98,5200302,UCAP POSTE CONCRETO CARABOBO 5M,1,,POSTE CONCRETO CARABOBO 5M,"Tablas 1 al 392_2025.pdf, pagina 358",5200302
358,SN,1133947,SMAP 0115-25 Cl 48 A Cr 81 - 98,5200422,CABLE FZA AL 3X6 AWG XLPE 600V 90°C ENTERRADO,5,,CABLE FZA AL 3X6 AWG XLPE 600V 90°C ENTERRADO,"Tablas 1 al 392_2025.pdf, pagina 358",5200422
358,SN,1133947,SMAP 0115-25 Cl 48 A Cr 81 - 98,5200502,UCAP CAJA CONCRETO DIRECTAMENTE ENT,1,,CAJA CONCRETO DIRECTAMENTE ENT,"Tablas 1 al 392_2025.pdf, pagina 358",5200502
358,SN,1133947,SMAP 0115-25 Cl 48 A Cr 81 - 98,5200238,BRAZO CARABOBO SENCILLO,1,,BRAZO CARABOBO SENCILLO,"Tablas 1 al 392_2025.pdf, pagina 358",5200238
359,SN,1133957,SMAP 0116-25 Cr 81 B Cl 49 - 28,5200208,UCAP LUMINARIA LED 140W HORIZONTAL,1,1,LUMINARIA LED 140W HORIZONTAL,"Tablas 1 al 392_2025.pdf, pagina 359",5200208
359,SN,1133957,SMAP 0116-25 Cr 81 B Cl 49 - 28,5200235,"UCAP BRAZO 1 1/2"" - 1.5M - 52°/0°",1,1,BRAZO 1 1/2 - 1.5M - 52°/0°,"Tablas 1 al 392_2025.pdf, pagina 359",5200235
359,SN,1133957,SMAP 0116-25 Cr 81 B Cl 49 - 28,5200237,UCAP BRAZO CURVO - 1.5M - 0°,1,,BRAZO CURVO - 1.5M - 0°,"Tablas 1 al 392_2025.pdf, pagina 359",5200237
359,SN,1133957,SMAP 0116-25 Cr 81 B Cl 49 - 28,5200270,LUM LED (KORELED) 44W,2,,LUM LED KORELED 44W,"Tablas 1 al 392_2025.pdf, pagina 359",5200270
359,SN,1133957,SMAP 0116-25 Cr 81 B Cl 49 - 28,5200302,UCAP POSTE CONCRETO CARABOBO 5M,1,,POSTE CONCRETO CARABOBO 5M,"Tablas 1 al 392_2025.pdf, pagina 359",5200302
359,SN,1133957,SMAP 0116-25 Cr 81 B Cl 49 - 28,5200308,UCAP POSTE CONCRETO OCTOG 8M,1,,POSTE CONCRETO OCTOG 8M,"Tablas 1 al 392_2025.pdf, pagina 359",5200308
359,SN,1133957,SMAP 0116-25 Cr 81 B Cl 49 - 28,5200422,CABLE FZA AL 3X6 AWG XLPE 600V 90°C ENTERRADO,7,,CABLE FZA AL 3X6 AWG XLPE 600V 90°C ENTERRADO,"Tablas 1 al 392_2025.pdf, pagina 359",5200422
359,SN,1133957,SMAP 0116-25 Cr 81 B Cl 49 - 28,5200464,UCAP CABLE CU ENCAUCHETADO 3X14 CU,7,,CABLE CU ENCAUCHETADO 3X14 CU,"Tablas 1 al 392_2025.pdf, pagina 359",5200464
359,SN,1133957,SMAP 0116-25 Cr 81 B Cl 49 - 28,5200502,UCAP CAJA CONCRETO DIRECTAMENTE ENT,2,,CAJA CONCRETO DIRECTAMENTE ENT,"Tablas 1 al 392_2025.pdf, pagina 359",5200502
359,SN,1133957,SMAP 0116-25 Cr 81 B Cl 49 - 28,5200238,BRAZO CARABOBO SENCILLO,1,,BRAZO CARABOBO SENCILLO,"Tablas 1 al 392_2025.pdf, pagina 359",5200238
360,SN,1133970,SMAP 0118-25 Cr 81 B Cl 49 F - 80,5200231,"UCAP BRAZO 1"" - 0.4M - 0°",3,,BRAZO 1 - 0.4M - 0°,"Tablas 1 al 392_2025.pdf, pagina 360",5200231
360,SN,1133970,SMAP 0118-25 Cr 81 B Cl 49 F - 80,5200270,LUM LED (KORELED) 44W,3,,LUM LED KORELED 44W,"Tablas 1 al 392_2025.pdf, pagina 360",5200270
361,SS,1134001,SMAP-CIL-0120-25 CL 51A CR 81B-49,5200231,"UCAP BRAZO 1"" - 0.4M - 0°",3,,BRAZO 1 - 0.4M - 0°,"Tablas 1 al 392_2025.pdf, pagina 361",5200231
361,SS,1134001,SMAP-CIL-0120-25 CL 51A CR 81B-49,5200270,LUM LED (KORELED) 44W,3,,LUM LED KORELED 44W,"Tablas 1 al 392_2025.pdf, pagina 361",5200270
361,SS,1134001,SMAP-CIL-0120-25 CL 51A CR 81B-49,5200464,UCAP CABLE CU ENCAUCHETADO 3X14 CU,25,,CABLE CU ENCAUCHETADO 3X14 CU,"Tablas 1 al 392_2025.pdf, pagina 361",5200464
362,SN,1134004,SMAP 0119-25 CL 51 A CR 81 B - 6,5200231,"UCAP BRAZO 1"" - 0.4M - 0°",2,,BRAZO 1 - 0.4M - 0°,"Tablas 1 al 392_2025.pdf, pagina 362",5200231
362,SN,1134004,SMAP 0119-25 CL 51 A CR 81 B - 6,5200270,LUM LED (KORELED) 44W,2,,LUM LED KORELED 44W,"Tablas 1 al 392_2025.pdf, pagina 362",5200270
363,SN,1134024,SMAP 0122-25 CR 82 CL 51 A - 28,5200231,"UCAP BRAZO 1"" - 0.4M - 0°",3,,BRAZO 1 - 0.4M - 0°,"Tablas 1 al 392_2025.pdf, pagina 363",5200231
363,SN,1134024,SMAP 0122-25 CR 82 CL 51 A - 28,5200270,LUM LED (KORELED) 44W,3,,LUM LED KORELED 44W,"Tablas 1 al 392_2025.pdf, pagina 363",5200270
363,SN,1134024,SMAP 0122-25 CR 82 CL 51 A - 28,5200308,UCAP POSTE CONCRETO OCTOG 8M,1,,POSTE CONCRETO OCTOG 8M,"Tablas 1 al 392_2025.pdf, pagina 363",5200308
364,SN,1134456,Parque Cl 14 A Cr 43 D - 56,5200293,LUM LED (OMEGA II) 64.5W,1,,LUM LED OMEGA II 64.5W,"Tablas 1 al 392_2025.pdf, pagina 364",5200293
364,SN,1134456,Parque Cl 14 A Cr 43 D - 56,5200302,UCAP POSTE CONCRETO CARABOBO 5M,1,,POSTE CONCRETO CARABOBO 5M,"Tablas 1 al 392_2025.pdf, pagina 364",5200302
364,SN,1134456,Parque Cl 14 A Cr 43 D - 56,5200464,UCAP CABLE CU ENCAUCHETADO 3X14 CU,1,,CABLE CU ENCAUCHETADO 3X14 CU,"Tablas 1 al 392_2025.pdf, pagina 364",5200464
364,SN,1134456,Parque Cl 14 A Cr 43 D - 56,5200501,UCAP CAJA CONCRETO 50X50 CM,1,,CAJA CONCRETO 50X50 CM,"Tablas 1 al 392_2025.pdf, pagina 364",5200501
364,SN,1134456,Parque Cl 14 A Cr 43 D - 56,5200503,"UCAP CANAL ANDEN TUBERIA PVC 2""",15,,CANAL ANDEN TUBERIA PVC 2,"Tablas 1 al 392_2025.pdf, pagina 364",5200503
364,SN,1134456,Parque Cl 14 A Cr 43 D - 56,5200238,BRAZO CARABOBO SENCILLO,1,,BRAZO CARABOBO SENCILLO,"Tablas 1 al 392_2025.pdf, pagina 364",5200238
365,SN,1136801,Escalas Cr 46 Cl 65 - 6,5200232,"UCAP BRAZO 1"" - 1.5M - 52°/0°",1,,BRAZO 1 - 1.5M - 52°/0°,"Tablas 1 al 392_2025.pdf, pagina 365",5200232
365,SN,1136801,Escalas Cr 46 Cl 65 - 6,5200270,LUM LED (KORELED) 44W,1,,LUM LED KORELED 44W,"Tablas 1 al 392_2025.pdf, pagina 365",5200270
366,SN,1137492,Broche San Carbon CL 16 x CR 30 - Av las Palmas x La Inferior,5200231,"UCAP BRAZO 1"" - 0.4M - 0°",6,,BRAZO 1 - 0.4M - 0°,"Tablas 1 al 392_2025.pdf, pagina 366",5200231
366,SN,1137492,Broche San Carbon CL 16 x CR 30 - Av las Palmas x La Inferior,5200232,"UCAP BRAZO 1"" - 1.5M - 52°/0°",2,,BRAZO 1 - 1.5M - 52°/0°,"Tablas 1 al 392_2025.pdf, pagina 366",5200232
366,SN,1137492,Broche San Carbon CL 16 x CR 30 - Av las Palmas x La Inferior,5200235,"UCAP BRAZO 1 1/2"" - 1.5M - 52°/0°",1,4,BRAZO 1 1/2 - 1.5M - 52°/0°,"Tablas 1 al 392_2025.pdf, pagina 366",5200235
366,SN,1137492,Broche San Carbon CL 16 x CR 30 - Av las Palmas x La Inferior,5200241,UCAP BRAZO CURVO 3000M,4,,BRAZO CURVO 3000M,"Tablas 1 al 392_2025.pdf, pagina 366",5200241
366,SN,1137492,Broche San Carbon CL 16 x CR 30 - Av las Palmas x La Inferior,5200269,LUM LED 110-1 (RALED II),5,,LUM LED 110-1 RALED II,"Tablas 1 al 392_2025.pdf, pagina 366",5200269
366,SN,1137492,Broche San Carbon CL 16 x CR 30 - Av las Palmas x La Inferior,5200270,LUM LED (KORELED) 44W,6,,LUM LED KORELED 44W,"Tablas 1 al 392_2025.pdf, pagina 366",5200270
366,SN,1137492,Broche San Carbon CL 16 x CR 30 - Av las Palmas x La Inferior,5200293,LUM LED (OMEGA II) 64.5W,2,,LUM LED OMEGA II 64.5W,"Tablas 1 al 392_2025.pdf, pagina 366",5200293
366,SN,1137492,Broche San Carbon CL 16 x CR 30 - Av las Palmas x La Inferior,5200301,UCAP POSTE CONCRETO REDONDO 9M.,4,,POSTE CONCRETO REDONDO 9M,"Tablas 1 al 392_2025.pdf, pagina 366",5200301
366,SN,1137492,Broche San Carbon CL 16 x CR 30 - Av las Palmas x La Inferior,5200422,CABLE FZA AL 3X6 AWG XLPE 600V 90°C ENTERRADO,175,,CABLE FZA AL 3X6 AWG XLPE 600V 90°C ENTERRADO,"Tablas 1 al 392_2025.pdf, pagina 366",5200422
366,SN,1137492,Broche San Carbon CL 16 x CR 30 - Av las Palmas x La Inferior,5200224,UCAP LUMINARIA LED 74W,,4,LUMINARIA LED 74W,"Tablas 1 al 392_2025.pdf, pagina 366",5200224
366,SN,1137492,Broche San Carbon CL 16 x CR 30 - Av las Palmas x La Inferior,5200308,UCAP POSTE CONCRETO OCTOG 8M,,3,POSTE CONCRETO OCTOG 8M,"Tablas 1 al 392_2025.pdf, pagina 366",5200308
366,SN,1137492,Broche San Carbon CL 16 x CR 30 - Av las Palmas x La Inferior,5200420,UCAP CABLE 3X8 AWG (ENCAUCHETADO) CANAL EXIST.,,69,CABLE 3X8 AWG ENCAUCHETADO CANAL EXIST,"Tablas 1 al 392_2025.pdf, pagina 366",5200420
366,SN,1137492,Broche San Carbon CL 16 x CR 30 - Av las Palmas x La Inferior,5200501,Caja de Distribución - RS3-001/RS4-001,,4,CAJA DE DISTRIBUCION - RS3-001/RS4-001,"Tablas 1 al 392_2025.pdf, pagina 366",5200501
367,SN,1143189,Anden Cl 10 Cr 30,5200232,"UCAP BRAZO 1"" - 1.5M - 52°/0°",1,,BRAZO 1 - 1.5M - 52°/0°,"Tablas 1 al 392_2025.pdf, pagina 367",5200232
367,SN,1143189,Anden Cl 10 Cr 30,5200270,LUM LED (KORELED) 44W,1,,LUM LED KORELED 44W,"Tablas 1 al 392_2025.pdf, pagina 367",5200270
368,SN,1145356,Sendero Cr 24 AA Cl 56 E - 203,5200231,"UCAP BRAZO 1"" - 0.4M - 0°",1,,BRAZO 1 - 0.4M - 0°,"Tablas 1 al 392_2025.pdf, pagina 368",5200231
368,SN,1145356,Sendero Cr 24 AA Cl 56 E - 203,5200270,LUM LED (KORELED) 44W,1,,LUM LED KORELED 44W,"Tablas 1 al 392_2025.pdf, pagina 368",5200270
368,SN,1145356,Sendero Cr 24 AA Cl 56 E - 203,5200419,UCAP POSTE PRFV 8M (ENTERRAR),1,,POSTE PRFV 8M ENTERRAR,"Tablas 1 al 392_2025.pdf, pagina 368",5200419
368,SN,1145356,Sendero Cr 24 AA Cl 56 E - 203,5200464,UCAP CABLE CU ENCAUCHETADO 3X14 CU,30,,CABLE CU ENCAUCHETADO 3X14 CU,"Tablas 1 al 392_2025.pdf, pagina 368",5200464
369,SS,1150304,SMAP-CIL-0128-25 CR66 CL92D,5020117,UCAP POSTE PRFV 9M (ENTERRAR),1,,POSTE PRFV 9M ENTERRAR,"Tablas 1 al 392_2025.pdf, pagina 369",5020117
369,SS,1150304,SMAP-CIL-0128-25 CR66 CL92D,5200235,"UCAP BRAZO 1 1/2"" - 1.5M - 52°/0°",1,,BRAZO 1 1/2 - 1.5M - 52°/0°,"Tablas 1 al 392_2025.pdf, pagina 369",5200235
369,SS,1150304,SMAP-CIL-0128-25 CR66 CL92D,5200272,LUM LED (SEPIALED II) 128W,1,,LUM LED SEPIALED II 128W,"Tablas 1 al 392_2025.pdf, pagina 369",5200272
369,SS,1150304,SMAP-CIL-0128-25 CR66 CL92D,5200464,UCAP CABLE CU ENCAUCHETADO 3X14 CU,21,,CABLE CU ENCAUCHETADO 3X14 CU,"Tablas 1 al 392_2025.pdf, pagina 369",5200464
370,SS,1150430,Cancha Polideportiva Cr 66 G Cl 17 A,5090208,CAJA DE PASO METÁLICA,24,,CAJA DE PASO METALICA,"Tablas 1 al 392_2025.pdf, pagina 370",5090208
370,SS,1150430,Cancha Polideportiva Cr 66 G Cl 17 A,5200905,(cid:9)PROYECTOR LED 25W SIMETRICO 5000K (ACROLED),18,,CID 9 PROYECTOR LED 25W SIMETRICO 5000K ACROLED,"Tablas 1 al 392_2025.pdf, pagina 370",5200905
370,SS,1150430,Cancha Polideportiva Cr 66 G Cl 17 A,5200407,"UCAP TRIPLEX AL 2X4+1X4 XLP,AEREO",7,,TRIPLEX AL 2X4+1X4 XLP AEREO,"Tablas 1 al 392_2025.pdf, pagina 370",5200407
370,SS,1150430,Cancha Polideportiva Cr 66 G Cl 17 A,5200421,CABLE FZA AL 3X6 AWG XLPE 600V 90°C,133,,CABLE FZA AL 3X6 AWG XLPE 600V 90°C,"Tablas 1 al 392_2025.pdf, pagina 370",5200421
370,SS,1150430,Cancha Polideportiva Cr 66 G Cl 17 A,5200529,Tuberia IMC 1 1/2,109,,TUBERIA IMC 1 1/2,"Tablas 1 al 392_2025.pdf, pagina 370",5200529
371,SN,1150475,SMAP-0150-25 Cr 87 F Cl 28,5200231,"UCAP BRAZO 1"" - 0.4M - 0°",1,,BRAZO 1 - 0.4M - 0°,"Tablas 1 al 392_2025.pdf, pagina 371",5200231
371,SN,1150475,SMAP-0150-25 Cr 87 F Cl 28,5200232,"UCAP BRAZO 1"" - 1.5M - 52°/0°",1,,BRAZO 1 - 1.5M - 52°/0°,"Tablas 1 al 392_2025.pdf, pagina 371",5200232
371,SN,1150475,SMAP-0150-25 Cr 87 F Cl 28,5200239,UCAP BRAZO DOBLE CARABOBO,2,,BRAZO DOBLE CARABOBO,"Tablas 1 al 392_2025.pdf, pagina 371",5200239
371,SN,1150475,SMAP-0150-25 Cr 87 F Cl 28,5200270,LUM LED (KORELED) 44W,7,,LUM LED KORELED 44W,"Tablas 1 al 392_2025.pdf, pagina 371",5200270
371,SN,1150475,SMAP-0150-25 Cr 87 F Cl 28,5200293,LUM LED (OMEGA II) 64.5W,1,,LUM LED OMEGA II 64.5W,"Tablas 1 al 392_2025.pdf, pagina 371",5200293
371,SN,1150475,SMAP-0150-25 Cr 87 F Cl 28,5200302,UCAP POSTE CONCRETO CARABOBO 5M,2,,POSTE CONCRETO CARABOBO 5M,"Tablas 1 al 392_2025.pdf, pagina 371",5200302
371,SN,1150475,SMAP-0150-25 Cr 87 F Cl 28,5200422,CABLE FZA AL 3X6 AWG XLPE 600V 90°C ENTERRADO,10,,CABLE FZA AL 3X6 AWG XLPE 600V 90°C ENTERRADO,"Tablas 1 al 392_2025.pdf, pagina 371",5200422
371,SN,1150475,SMAP-0150-25 Cr 87 F Cl 28,5200501,UCAP CAJA CONCRETO 50X50 CM,1,,CAJA CONCRETO 50X50 CM,"Tablas 1 al 392_2025.pdf, pagina 371",5200501
371,SN,1150475,SMAP-0150-25 Cr 87 F Cl 28,5200238,BRAZO CARABOBO SENCILLO,4,,BRAZO CARABOBO SENCILLO,"Tablas 1 al 392_2025.pdf, pagina 371",5200238
371,SN,1150475,SMAP-0150-25 Cr 87 F Cl 28,5200217,UCAP LUMINARIA 70W,,8,LUMINARIA 70W,"Tablas 1 al 392_2025.pdf, pagina 371",5200217
371,SN,1150475,SMAP-0150-25 Cr 87 F Cl 28,5200201,UCAP BOMBILLO 70W,,8,BOMBILLO 70W,"Tablas 1 al 392_2025.pdf, pagina 371",5200201
371,SN,1150475,SMAP-0150-25 Cr 87 F Cl 28,5200219,UCAP LUMINARIA 250W,,1,LUMINARIA 250W,"Tablas 1 al 392_2025.pdf, pagina 371",5200219
371,SN,1150475,SMAP-0150-25 Cr 87 F Cl 28,5200203,UCAP BOMBILLO 250W,,1,BOMBILLO 250W,"Tablas 1 al 392_2025.pdf, pagina 371",5200203
371,SN,1150475,SMAP-0150-25 Cr 87 F Cl 28,5200230,UCAP BRAZO DOBLE BAILARINA,,8,BRAZO DOBLE BAILARINA,"Tablas 1 al 392_2025.pdf, pagina 371",5200230
371,SN,1150475,SMAP-0150-25 Cr 87 F Cl 28,5200235,"UCAP BRAZO 1 1/2"" - 1.5M - 52°/0°",,1,BRAZO 1 1/2 - 1.5M - 52°/0°,"Tablas 1 al 392_2025.pdf, pagina 371",5200235
371,SN,1150475,SMAP-0150-25 Cr 87 F Cl 28,5200303,UCAP POSTE CONCRETO TIPO METRO 5M,,1,POSTE CONCRETO TIPO METRO 5M,"Tablas 1 al 392_2025.pdf, pagina 371",5200303
371,SN,1150475,SMAP-0150-25 Cr 87 F Cl 28,5200410,UCAP DUPLEX CU 14 AWG-THW 300V,,10,DUPLEX CU 14 AWG-THW 300V,"Tablas 1 al 392_2025.pdf, pagina 371",5200410
372,SN,1150508,SMAP-0153-25 Cl 29 Cr 54 - 41,5200231,"UCAP BRAZO 1"" - 0.4M - 0°",2,,BRAZO 1 - 0.4M - 0°,"Tablas 1 al 392_2025.pdf, pagina 372",5200231
372,SN,1150508,SMAP-0153-25 Cl 29 Cr 54 - 41,5200241,UCAP BRAZO CURVO 3000M,1,,BRAZO CURVO 3000M,"Tablas 1 al 392_2025.pdf, pagina 372",5200241
372,SN,1150508,SMAP-0153-25 Cl 29 Cr 54 - 41,5200270,LUM LED (KORELED) 44W,2,,LUM LED KORELED 44W,"Tablas 1 al 392_2025.pdf, pagina 372",5200270
372,SN,1150508,SMAP-0153-25 Cl 29 Cr 54 - 41,5200272,LUM LED (SEPIALED II) 128W,1,,LUM LED SEPIALED II 128W,"Tablas 1 al 392_2025.pdf, pagina 372",5200272
372,SN,1150508,SMAP-0153-25 Cl 29 Cr 54 - 41,5200218,UCAP LUMINARIA 150W,,1,LUMINARIA 150W,"Tablas 1 al 392_2025.pdf, pagina 372",5200218
372,SN,1150508,SMAP-0153-25 Cl 29 Cr 54 - 41,5200202,UCAP BOMBILLO 150W,,1,BOMBILLO 150W,"Tablas 1 al 392_2025.pdf, pagina 372",5200202
372,SN,1150508,SMAP-0153-25 Cl 29 Cr 54 - 41,5200236,"UCAP BRAZO 1 1/2"" - 1.5M - 52°/20°",,1,BRAZO 1 1/2 - 1.5M - 52°/20°,"Tablas 1 al 392_2025.pdf, pagina 372",5200236
373,SN,1159521,SMAP-0167-25 CR 53 CL 94 A - 47,5200231,"UCAP BRAZO 1"" - 0.4M - 0°",1,,BRAZO 1 - 0.4M - 0°,"Tablas 1 al 392_2025.pdf, pagina 373",5200231
373,SN,1159521,SMAP-0167-25 CR 53 CL 94 A - 47,5200270,LUM LED (KORELED) 44W,1,,LUM LED KORELED 44W,"Tablas 1 al 392_2025.pdf, pagina 373",5200270
373,SN,1159521,SMAP-0167-25 CR 53 CL 94 A - 47,5200217,UCAP LUMINARIA 70W,,1,LUMINARIA 70W,"Tablas 1 al 392_2025.pdf, pagina 373",5200217
373,SN,1159521,SMAP-0167-25 CR 53 CL 94 A - 47,5200201,UCAP BOMBILLO 70W,,1,BOMBILLO 70W,"Tablas 1 al 392_2025.pdf, pagina 373",5200201
373,SN,1159521,SMAP-0167-25 CR 53 CL 94 A - 47,5200230,UCAP BRAZO DOBLE BAILARINA,,1,BRAZO DOBLE BAILARINA,"Tablas 1 al 392_2025.pdf, pagina 373",5200230
373,SN,1159521,SMAP-0167-25 CR 53 CL 94 A - 47,5200303,UCAP POSTE CONCRETO TIPO METRO 5M,,1,POSTE CONCRETO TIPO METRO 5M,"Tablas 1 al 392_2025.pdf, pagina 373",5200303
374,SS,1160195,Sendero Teatro Metropolitano CR62 CL41,5200232,"UCAP BRAZO 1"" - 1.5M - 52°/0°",13,,BRAZO 1 - 1.5M - 52°/0°,"Tablas 1 al 392_2025.pdf, pagina 374",5200232
374,SS,1160195,Sendero Teatro Metropolitano CR62 CL41,5200293,LUM LED (OMEGA II) 64.5W,13,,LUM LED OMEGA II 64.5W,"Tablas 1 al 392_2025.pdf, pagina 374",5200293
374,SS,1160195,Sendero Teatro Metropolitano CR62 CL41,5200421,CABLE FZA AL 3X6 AWG XLPE 600V 90°C,226,,CABLE FZA AL 3X6 AWG XLPE 600V 90°C,"Tablas 1 al 392_2025.pdf, pagina 374",5200421
374,SS,1160195,Sendero Teatro Metropolitano CR62 CL41,5200501,UCAP CAJA CONCRETO 50X50 CM,13,,CAJA CONCRETO 50X50 CM,"Tablas 1 al 392_2025.pdf, pagina 374",5200501
374,SS,1160195,Sendero Teatro Metropolitano CR62 CL41,5020117,UCAP POSTE PRFV 9M (ENTERRAR),,7,POSTE PRFV 9M ENTERRAR,"Tablas 1 al 392_2025.pdf, pagina 374",5020117
374,SS,1160195,Sendero Teatro Metropolitano CR62 CL41,5200207,UCAP LUMINARIA LED 110W HORIZONTAL,,7,LUMINARIA LED 110W HORIZONTAL,"Tablas 1 al 392_2025.pdf, pagina 374",5200207
374,SS,1160195,Sendero Teatro Metropolitano CR62 CL41,5200235,"UCAP BRAZO 1 1/2"" - 1.5M - 52°/0°",,7,BRAZO 1 1/2 - 1.5M - 52°/0°,"Tablas 1 al 392_2025.pdf, pagina 374",5200235
375,SS,1165353,Zona de Parqueo Cl 104 B Cr 48 - 60,5200231,"UCAP BRAZO 1"" - 0.4M - 0°",3,,BRAZO 1 - 0.4M - 0°,"Tablas 1 al 392_2025.pdf, pagina 375",5200231
375,SS,1165353,Zona de Parqueo Cl 104 B Cr 48 - 60,5200241,UCAP BRAZO CURVO 3000M,4,,BRAZO CURVO 3000M,"Tablas 1 al 392_2025.pdf, pagina 375",5200241
375,SS,1165353,Zona de Parqueo Cl 104 B Cr 48 - 60,5200270,LUM LED (KORELED) 44W,3,,LUM LED KORELED 44W,"Tablas 1 al 392_2025.pdf, pagina 375",5200270
375,SS,1165353,Zona de Parqueo Cl 104 B Cr 48 - 60,5200272,LUM LED (SEPIALED II) 128W,4,4,LUM LED SEPIALED II 128W,"Tablas 1 al 392_2025.pdf, pagina 375",5200272
375,SS,1165353,Zona de Parqueo Cl 104 B Cr 48 - 60,5200308,UCAP POSTE CONCRETO OCTOG 8M,1,,POSTE CONCRETO OCTOG 8M,"Tablas 1 al 392_2025.pdf, pagina 375",5200308
375,SS,1165353,Zona de Parqueo Cl 104 B Cr 48 - 60,5200464,UCAP CABLE CU ENCAUCHETADO 3X14 CU,10,,CABLE CU ENCAUCHETADO 3X14 CU,"Tablas 1 al 392_2025.pdf, pagina 375",5200464
375,SS,1165353,Zona de Parqueo Cl 104 B Cr 48 - 60,5200235,"UCAP BRAZO 1 1/2"" - 1.5M - 52°/0°",,4,BRAZO 1 1/2 - 1.5M - 52°/0°,"Tablas 1 al 392_2025.pdf, pagina 375",5200235
376,SN,1167861,VÍA CON ANDÉN PEATONAL ADYACENTE CL 33 CR 43-82,5200232,"UCAP BRAZO 1"" - 1.5M - 52°/0°",2,1,BRAZO 1 - 1.5M - 52°/0°,"Tablas 1 al 392_2025.pdf, pagina 376",5200232
376,SN,1167861,VÍA CON ANDÉN PEATONAL ADYACENTE CL 33 CR 43-82,5200293,LUM LED (OMEGA II) 64.5W,2,1,LUM LED OMEGA II 64.5W,"Tablas 1 al 392_2025.pdf, pagina 376",5200293
376,SN,1167861,VÍA CON ANDÉN PEATONAL ADYACENTE CL 33 CR 43-82,5200308,UCAP POSTE CONCRETO OCTOG 8M,2,,POSTE CONCRETO OCTOG 8M,"Tablas 1 al 392_2025.pdf, pagina 376",5200308
376,SN,1167861,VÍA CON ANDÉN PEATONAL ADYACENTE CL 33 CR 43-82,5200464,UCAP CABLE CU ENCAUCHETADO 3X14 CU,36,,CABLE CU ENCAUCHETADO 3X14 CU,"Tablas 1 al 392_2025.pdf, pagina 376",5200464
377,SS,1168418,ESCALAS CR 32 A CL 84 - 78,5200231,"UCAP BRAZO 1"" - 0.4M - 0°",1,,BRAZO 1 - 0.4M - 0°,"Tablas 1 al 392_2025.pdf, pagina 377",5200231
377,SS,1168418,ESCALAS CR 32 A CL 84 - 78,5200270,LUM LED (KORELED) 44W,1,,LUM LED KORELED 44W,"Tablas 1 al 392_2025.pdf, pagina 377",5200270
377,SS,1168418,ESCALAS CR 32 A CL 84 - 78,5200464,UCAP CABLE CU ENCAUCHETADO 3X14 CU,16,,CABLE CU ENCAUCHETADO 3X14 CU,"Tablas 1 al 392_2025.pdf, pagina 377",5200464
378,SS,1168902,Mejoramiento Urbano UNAULA Cr 55A Cl 49A,5200235,"UCAP BRAZO 1 1/2"" - 1.5M - 52°/0°",1,,BRAZO 1 1/2 - 1.5M - 52°/0°,"Tablas 1 al 392_2025.pdf, pagina 378",5200235
378,SS,1168902,Mejoramiento Urbano UNAULA Cr 55A Cl 49A,5200270,LUM LED (KORELED) 44W,3,,LUM LED KORELED 44W,"Tablas 1 al 392_2025.pdf, pagina 378",5200270
378,SS,1168902,Mejoramiento Urbano UNAULA Cr 55A Cl 49A,5200301,UCAP POSTE CONCRETO REDONDO 9M.,1,,POSTE CONCRETO REDONDO 9M,"Tablas 1 al 392_2025.pdf, pagina 378",5200301
378,SS,1168902,Mejoramiento Urbano UNAULA Cr 55A Cl 49A,5200302,UCAP POSTE CONCRETO CARABOBO 5M,3,,POSTE CONCRETO CARABOBO 5M,"Tablas 1 al 392_2025.pdf, pagina 378",5200302
378,SS,1168902,Mejoramiento Urbano UNAULA Cr 55A Cl 49A,5200304,UCAP POSTE CONCRETO REDONDO 12M,1,,POSTE CONCRETO REDONDO 12M,"Tablas 1 al 392_2025.pdf, pagina 378",5200304
378,SS,1168902,Mejoramiento Urbano UNAULA Cr 55A Cl 49A,5200407,"UCAP TRIPLEX AL 2X4+1X4 XLP,AEREO",14,,TRIPLEX AL 2X4+1X4 XLP AEREO,"Tablas 1 al 392_2025.pdf, pagina 378",5200407
378,SS,1168902,Mejoramiento Urbano UNAULA Cr 55A Cl 49A,5200421,CABLE FZA AL 3X6 AWG XLPE 600V 90°C,176,,CABLE FZA AL 3X6 AWG XLPE 600V 90°C,"Tablas 1 al 392_2025.pdf, pagina 378",5200421
378,SS,1168902,Mejoramiento Urbano UNAULA Cr 55A Cl 49A,5200238,BRAZO CARABOBO SENCILLO,3,,BRAZO CARABOBO SENCILLO,"Tablas 1 al 392_2025.pdf, pagina 378",5200238
378,SS,1168902,Mejoramiento Urbano UNAULA Cr 55A Cl 49A,5200241,UCAP BRAZO CURVO 3000M,,1,BRAZO CURVO 3000M,"Tablas 1 al 392_2025.pdf, pagina 378",5200241
378,SS,1168902,Mejoramiento Urbano UNAULA Cr 55A Cl 49A,,Caja concreto 50x50 cm,10,,CAJA CONCRETO 50X50 CM,"Tablas 1 al 392_2025.pdf, pagina 378",SIN CODIGO|CAJA CONCRETO 50X50 CM
378,SS,1168902,Mejoramiento Urbano UNAULA Cr 55A Cl 49A,,"Tubo PVC 2""",14,,TUBO PVC 2,"Tablas 1 al 392_2025.pdf, pagina 378",SIN CODIGO|TUBO PVC 2
379,SS,1169177,SMAP-CIL-0174-25 CR66 CL92D,5200231,"UCAP BRAZO 1"" - 0.4M - 0°",1,,BRAZO 1 - 0.4M - 0°,"Tablas 1 al 392_2025.pdf, pagina 379",5200231
379,SS,1169177,SMAP-CIL-0174-25 CR66 CL92D,5200232,"UCAP BRAZO 1"" - 1.5M - 52°/0°",1,1,BRAZO 1 - 1.5M - 52°/0°,"Tablas 1 al 392_2025.pdf, pagina 379",5200232
379,SS,1169177,SMAP-CIL-0174-25 CR66 CL92D,5200270,LUM LED (KORELED) 44W,1,,LUM LED KORELED 44W,"Tablas 1 al 392_2025.pdf, pagina 379",5200270
379,SS,1169177,SMAP-CIL-0174-25 CR66 CL92D,5200293,LUM LED (OMEGA II) 64.5W,1,1,LUM LED OMEGA II 64.5W,"Tablas 1 al 392_2025.pdf, pagina 379",5200293
379,SS,1169177,SMAP-CIL-0174-25 CR66 CL92D,5200301,UCAP POSTE CONCRETO REDONDO 9M.,1,,POSTE CONCRETO REDONDO 9M,"Tablas 1 al 392_2025.pdf, pagina 379",5200301
379,SS,1169177,SMAP-CIL-0174-25 CR66 CL92D,5200464,UCAP CABLE CU ENCAUCHETADO 3X14 CU,20,,CABLE CU ENCAUCHETADO 3X14 CU,"Tablas 1 al 392_2025.pdf, pagina 379",5200464
380,SS,1169188,SMAP-0175-25 CL 30 CR 65,5200270,LUM LED (KORELED) 44W,2,,LUM LED KORELED 44W,"Tablas 1 al 392_2025.pdf, pagina 380",5200270
380,SS,1169188,SMAP-0175-25 CL 30 CR 65,5200217,UCAP LUMINARIA 70W,,2,LUMINARIA 70W,"Tablas 1 al 392_2025.pdf, pagina 380",5200217
380,SS,1169188,SMAP-0175-25 CL 30 CR 65,5200201,UCAP BOMBILLO 70W,,2,BOMBILLO 70W,"Tablas 1 al 392_2025.pdf, pagina 380",5200201
381,SS,1169482,SMAP-CIL-0183-25 CR 24B CL 17-110,5200235,"UCAP BRAZO 1 1/2"" - 1.5M - 52°/0°",1,,BRAZO 1 1/2 - 1.5M - 52°/0°,"Tablas 1 al 392_2025.pdf, pagina 381",5200235
381,SS,1169482,SMAP-CIL-0183-25 CR 24B CL 17-110,5200272,LUM LED (SEPIALED II) 128W,1,,LUM LED SEPIALED II 128W,"Tablas 1 al 392_2025.pdf, pagina 381",5200272
381,SS,1169482,SMAP-CIL-0183-25 CR 24B CL 17-110,5200218,UCAP LUMINARIA 150W,,1,LUMINARIA 150W,"Tablas 1 al 392_2025.pdf, pagina 381",5200218
381,SS,1169482,SMAP-CIL-0183-25 CR 24B CL 17-110,5200202,UCAP BOMBILLO 150W,,1,BOMBILLO 150W,"Tablas 1 al 392_2025.pdf, pagina 381",5200202
381,SS,1169482,SMAP-CIL-0183-25 CR 24B CL 17-110,5200236,"UCAP BRAZO 1 1/2"" - 1.5M - 52°/20°",,1,BRAZO 1 1/2 - 1.5M - 52°/20°,"Tablas 1 al 392_2025.pdf, pagina 381",5200236
382,SS,1169486,SMAP-0185-25 TV 5 # 1A - 83,5200232,"UCAP BRAZO 1"" - 1.5M - 52°/0°",1,,BRAZO 1 - 1.5M - 52°/0°,"Tablas 1 al 392_2025.pdf, pagina 382",5200232
382,SS,1169486,SMAP-0185-25 TV 5 # 1A - 83,5200270,LUM LED (KORELED) 44W,1,,LUM LED KORELED 44W,"Tablas 1 al 392_2025.pdf, pagina 382",5200270
382,SS,1169486,SMAP-0185-25 TV 5 # 1A - 83,5200419,UCAP POSTE PRFV 8M (ENTERRAR),1,,POSTE PRFV 8M ENTERRAR,"Tablas 1 al 392_2025.pdf, pagina 382",5200419
382,SS,1169486,SMAP-0185-25 TV 5 # 1A - 83,5200464,UCAP CABLE CU ENCAUCHETADO 3X14 CU,23,,CABLE CU ENCAUCHETADO 3X14 CU,"Tablas 1 al 392_2025.pdf, pagina 382",5200464
383,SS,1169495,SMAP-CIL-0188-25 CR 63 CC CL 103 D- 61,5020117,UCAP POSTE PRFV 9M (ENTERRAR),1,,POSTE PRFV 9M ENTERRAR,"Tablas 1 al 392_2025.pdf, pagina 383",5020117
383,SS,1169495,SMAP-CIL-0188-25 CR 63 CC CL 103 D- 61,5200231,"UCAP BRAZO 1"" - 0.4M - 0°",1,,BRAZO 1 - 0.4M - 0°,"Tablas 1 al 392_2025.pdf, pagina 383",5200231
383,SS,1169495,SMAP-CIL-0188-25 CR 63 CC CL 103 D- 61,5200232,"UCAP BRAZO 1"" - 1.5M - 52°/0°",1,,BRAZO 1 - 1.5M - 52°/0°,"Tablas 1 al 392_2025.pdf, pagina 383",5200232
383,SS,1169495,SMAP-CIL-0188-25 CR 63 CC CL 103 D- 61,5200270,LUM LED (KORELED) 44W,2,,LUM LED KORELED 44W,"Tablas 1 al 392_2025.pdf, pagina 383",5200270
383,SS,1169495,SMAP-CIL-0188-25 CR 63 CC CL 103 D- 61,5200464,UCAP CABLE CU ENCAUCHETADO 3X14 CU,13,,CABLE CU ENCAUCHETADO 3X14 CU,"Tablas 1 al 392_2025.pdf, pagina 383",5200464
384,SS,1169496,SMAP-0189-25 CR 63DA CL 103DD - 31,5020117,UCAP POSTE PRFV 9M (ENTERRAR),1,,POSTE PRFV 9M ENTERRAR,"Tablas 1 al 392_2025.pdf, pagina 384",5020117
384,SS,1169496,SMAP-0189-25 CR 63DA CL 103DD - 31,5200231,"UCAP BRAZO 1"" - 0.4M - 0°",1,,BRAZO 1 - 0.4M - 0°,"Tablas 1 al 392_2025.pdf, pagina 384",5200231
384,SS,1169496,SMAP-0189-25 CR 63DA CL 103DD - 31,5200270,LUM LED (KORELED) 44W,1,,LUM LED KORELED 44W,"Tablas 1 al 392_2025.pdf, pagina 384",5200270
384,SS,1169496,SMAP-0189-25 CR 63DA CL 103DD - 31,5200464,UCAP CABLE CU ENCAUCHETADO 3X14 CU,8,,CABLE CU ENCAUCHETADO 3X14 CU,"Tablas 1 al 392_2025.pdf, pagina 384",5200464
385,SS,1169501,SMAP-CIL-0190-25 CR66 CL92D,5200231,"UCAP BRAZO 1"" - 0.4M - 0°",2,,BRAZO 1 - 0.4M - 0°,"Tablas 1 al 392_2025.pdf, pagina 385",5200231
385,SS,1169501,SMAP-CIL-0190-25 CR66 CL92D,5200270,LUM LED (KORELED) 44W,2,,LUM LED KORELED 44W,"Tablas 1 al 392_2025.pdf, pagina 385",5200270
386,SN,1171120,Sendero Cr 8 A Cl 58 B - 101 Int 173,5200231,"UCAP BRAZO 1"" - 52/0 - 0°",1,1,BRAZO 1 - 52/0 - 0°,"Tablas 1 al 392_2025.pdf, pagina 386",5200231
386,SN,1171120,Sendero Cr 8 A Cl 58 B - 101 Int 173,5200270,LUM LED (KORELED) 44W,1,1,LUM LED KORELED 44W,"Tablas 1 al 392_2025.pdf, pagina 386",5200270
386,SN,1171120,Sendero Cr 8 A Cl 58 B - 101 Int 173,5200464,UCAP CABLE CU ENCAUCHETADO 3X14 CU,42,,CABLE CU ENCAUCHETADO 3X14 CU,"Tablas 1 al 392_2025.pdf, pagina 386",5200464
386,SN,1171120,Sendero Cr 8 A Cl 58 B - 101 Int 173,5200407,"UCAP TRIPLEX AL 2X4+1X4 XLP,AEREO",,62,TRIPLEX AL 2X4+1X4 XLP AEREO,"Tablas 1 al 392_2025.pdf, pagina 386",5200407
386,SN,1171120,Sendero Cr 8 A Cl 58 B - 101 Int 173,5200419,UCAP POSTE PRFV 8M (ENTERRAR),,1,POSTE PRFV 8M ENTERRAR,"Tablas 1 al 392_2025.pdf, pagina 386",5200419
387,SS,1173167,SMAP-0201-25 CR 52 ENTRE CL 89 Y 87,5200231,"UCAP BRAZO 1"" - 0.4M - 0°",4,,BRAZO 1 - 0.4M - 0°,"Tablas 1 al 392_2025.pdf, pagina 387",5200231
387,SS,1173167,SMAP-0201-25 CR 52 ENTRE CL 89 Y 87,5200232,"UCAP BRAZO 1"" - 1.5M - 52°/0°",2,,BRAZO 1 - 1.5M - 52°/0°,"Tablas 1 al 392_2025.pdf, pagina 387",5200232
387,SS,1173167,SMAP-0201-25 CR 52 ENTRE CL 89 Y 87,5200270,LUM LED (KORELED) 44W,6,,LUM LED KORELED 44W,"Tablas 1 al 392_2025.pdf, pagina 387",5200270
387,SS,1173167,SMAP-0201-25 CR 52 ENTRE CL 89 Y 87,5200419,UCAP POSTE PRFV 8M (ENTERRAR),3,,POSTE PRFV 8M ENTERRAR,"Tablas 1 al 392_2025.pdf, pagina 387",5200419
387,SS,1173167,SMAP-0201-25 CR 52 ENTRE CL 89 Y 87,5200464,UCAP CABLE CU ENCAUCHETADO 3X14 CU,44,,CABLE CU ENCAUCHETADO 3X14 CU,"Tablas 1 al 392_2025.pdf, pagina 387",5200464
388,SS,1175502,Vía M4 Cl 71 B Cr 24 DF - 54,5200232,"UCAP BRAZO 1"" - 1.5M - 52°/0°",1,,BRAZO 1 - 1.5M - 52°/0°,"Tablas 1 al 392_2025.pdf, pagina 388",5200232
388,SS,1175502,Vía M4 Cl 71 B Cr 24 DF - 54,5200293,LUM LED (OMEGA II) 64.5W,1,,LUM LED OMEGA II 64.5W,"Tablas 1 al 392_2025.pdf, pagina 388",5200293
389,SS,1176887,Sendero Cl 45 F Cr 14 C - 3,5200231,"UCAP BRAZO 1"" - 0.4M - 0°",1,,BRAZO 1 - 0.4M - 0°,"Tablas 1 al 392_2025.pdf, pagina 389",5200231
389,SS,1176887,Sendero Cl 45 F Cr 14 C - 3,5200270,LUM LED (KORELED) 44W,1,,LUM LED KORELED 44W,"Tablas 1 al 392_2025.pdf, pagina 389",5200270
389,SS,1176887,Sendero Cl 45 F Cr 14 C - 3,5200419,UCAP POSTE PRFV 8M (ENTERRAR),1,,POSTE PRFV 8M ENTERRAR,"Tablas 1 al 392_2025.pdf, pagina 389",5200419
389,SS,1176887,Sendero Cl 45 F Cr 14 C - 3,5200464,UCAP CABLE CU ENCAUCHETADO 3X14 CU,13,,CABLE CU ENCAUCHETADO 3X14 CU,"Tablas 1 al 392_2025.pdf, pagina 389",5200464
390,SS,1178676,DERECHO PETICION VIA Y SENDERO PEATONAL CL 17 CR 27 A -37 (INTERIOR 5 ),5200232,"UCAP BRAZO 1"" - 1.5M - 52°/0°",1,,BRAZO 1 - 1.5M - 52°/0°,"Tablas 1 al 392_2025.pdf, pagina 390",5200232
390,SS,1178676,DERECHO PETICION VIA Y SENDERO PEATONAL CL 17 CR 27 A -37 (INTERIOR 5 ),5200293,LUM LED (OMEGA II) 64.5W,1,,LUM LED OMEGA II 64.5W,"Tablas 1 al 392_2025.pdf, pagina 390",5200293
390,SS,1178676,DERECHO PETICION VIA Y SENDERO PEATONAL CL 17 CR 27 A -37 (INTERIOR 5 ),5200301,UCAP POSTE CONCRETO REDONDO 9M.,1,,POSTE CONCRETO REDONDO 9M,"Tablas 1 al 392_2025.pdf, pagina 390",5200301
390,SS,1178676,DERECHO PETICION VIA Y SENDERO PEATONAL CL 17 CR 27 A -37 (INTERIOR 5 ),5200421,CABLE FZA AL 3X6 AWG XLPE 600V 90°C,22,,CABLE FZA AL 3X6 AWG XLPE 600V 90°C,"Tablas 1 al 392_2025.pdf, pagina 390",5200421
391,SS,1182513,SMAP-0180-25 CR 43G CL 18 - 61,5200270,LUM LED (KORELED) 44W,2,1,LUM LED KORELED 44W,"Tablas 1 al 392_2025.pdf, pagina 391",5200270
391,SS,1182513,SMAP-0180-25 CR 43G CL 18 - 61,5200238,UCAP BRAZO SENCILLO CARABOBO,2,1,BRAZO SENCILLO CARABOBO,"Tablas 1 al 392_2025.pdf, pagina 391",5200238
391,SS,1182513,SMAP-0180-25 CR 43G CL 18 - 61,5200239,UCAP BRAZO DOBLE CARABOBO,,1,BRAZO DOBLE CARABOBO,"Tablas 1 al 392_2025.pdf, pagina 391",5200239
392,SS,1184181,SMAP-0240-25 CR 35A entre CL5E y CL 7,5200231,"UCAP BRAZO 1"" - 0.4M - 0°",1,,BRAZO 1 - 0.4M - 0°,"Tablas 1 al 392_2025.pdf, pagina 392",5200231
392,SS,1184181,SMAP-0240-25 CR 35A entre CL5E y CL 7,5200235,"UCAP BRAZO 1 1/2"" - 1.5M - 52°/0°",1,1,BRAZO 1 1/2 - 1.5M - 52°/0°,"Tablas 1 al 392_2025.pdf, pagina 392",5200235
392,SS,1184181,SMAP-0240-25 CR 35A entre CL5E y CL 7,5200241,UCAP BRAZO CURVO 3000M,2,,BRAZO CURVO 3000M,"Tablas 1 al 392_2025.pdf, pagina 392",5200241
392,SS,1184181,SMAP-0240-25 CR 35A entre CL5E y CL 7,5200269,"LUM LED 110,7 (RALED II)",2,,LUM LED 110 7 RALED II,"Tablas 1 al 392_2025.pdf, pagina 392",5200269
392,SS,1184181,SMAP-0240-25 CR 35A entre CL5E y CL 7,5200270,LUM LED (KORELED) 44W,1,,LUM LED KORELED 44W,"Tablas 1 al 392_2025.pdf, pagina 392",5200270
392,SS,1184181,SMAP-0240-25 CR 35A entre CL5E y CL 7,5200308,UCAP POSTE CONCRETO OCTOG 8M,2,,POSTE CONCRETO OCTOG 8M,"Tablas 1 al 392_2025.pdf, pagina 392",5200308
392,SS,1184181,SMAP-0240-25 CR 35A entre CL5E y CL 7,5200464,UCAP CABLE CU ENCAUCHETADO 3X14 CU,22,,CABLE CU ENCAUCHETADO 3X14 CU,"Tablas 1 al 392_2025.pdf, pagina 392",5200464
1,SS,567386,Cancha Arena Cincuentenario CR 53 con CL 73,5090209,PUESTA A TIERRA,4,,PUESTA A TIERRA,"Tabla 1 al 331_2026.pdf, pagina 1",5090209
1,SS,567386,Cancha Arena Cincuentenario CR 53 con CL 73,5200407,"UCAP TRIPLEX AL 2X4+1X4 XLP,AEREO",133,,TRIPLEX AL 2X4+1X4 XLP AEREO,"Tabla 1 al 331_2026.pdf, pagina 1",5200407
1,SS,567386,Cancha Arena Cincuentenario CR 53 con CL 73,5200418,UCAP POSTE PRFV 18M (ENTERRAR),4,,POSTE PRFV 18M ENTERRAR,"Tabla 1 al 331_2026.pdf, pagina 1",5200418
1,SS,567386,Cancha Arena Cincuentenario CR 53 con CL 73,5200403,"PROYEC LED 168W TIPO V MEDIA (MEDIUM ""M"") 5000K",96,,PROYEC LED 168W TIPO V MEDIA MEDIUM M 5000K,"Tabla 1 al 331_2026.pdf, pagina 1",5200403
1,SS,567386,Cancha Arena Cincuentenario CR 53 con CL 73,5200127,UCAP PROY. 1000W.,,24,PROY 1000W,"Tabla 1 al 331_2026.pdf, pagina 1",5200127
1,SS,567386,Cancha Arena Cincuentenario CR 53 con CL 73,5200214,UCAP BOMBILLO 1000W,,24,BOMBILLO 1000W,"Tabla 1 al 331_2026.pdf, pagina 1",5200214
1,SS,567386,Cancha Arena Cincuentenario CR 53 con CL 73,5200304,UCAP POSTE CONCRETO REDONDO 12M,,6,POSTE CONCRETO REDONDO 12M,"Tabla 1 al 331_2026.pdf, pagina 1",5200304
1,SS,567386,Cancha Arena Cincuentenario CR 53 con CL 73,5200409,"UCAP TRIPLEX AL 2X1/0+1X2 XLP,AEREO",,136,TRIPLEX AL 2X1/0+1X2 XLP AEREO,"Tabla 1 al 331_2026.pdf, pagina 1",5200409
1,SS,567386,Cancha Arena Cincuentenario CR 53 con CL 73,,Cruceta 3600 mm,16,,CRUCETA 3600 MM,"Tabla 1 al 331_2026.pdf, pagina 1",SIN CODIGO|CRUCETA 3600 MM
1,SS,567386,Cancha Arena Cincuentenario CR 53 con CL 73,,Cruceta 1500 mm,,12,CRUCETA 1500 MM,"Tabla 1 al 331_2026.pdf, pagina 1",SIN CODIGO|CRUCETA 1500 MM
1,SS,567386,Cancha Arena Cincuentenario CR 53 con CL 73,,Punta captadora Franklin,4,,PUNTA CAPTADORA FRANKLIN,"Tabla 1 al 331_2026.pdf, pagina 1",SIN CODIGO|PUNTA CAPTADORA FRANKLIN
2,SN,1088440,SMAP-CIL-0021-25 CALLE 10 N° 43F 70,5200270,LUM LED (KORELED) 44W,1,,LUM LED KORELED 44W,"Tabla 1 al 331_2026.pdf, pagina 2",5200270
2,SN,1088440,SMAP-CIL-0021-25 CALLE 10 N° 43F 70,5200231,"BR 1"" - 0.4M - 0°",1,,BR 1 - 0.4M - 0°,"Tabla 1 al 331_2026.pdf, pagina 2",5200231
2,SN,1088440,SMAP-CIL-0021-25 CALLE 10 N° 43F 70,5200464,Cable Cu encauchetado 3X14 AWG,15,,CABLE CU ENCAUCHETADO 3X14 AWG,"Tabla 1 al 331_2026.pdf, pagina 2",5200464
2,SN,1088440,SMAP-CIL-0021-25 CALLE 10 N° 43F 70,5200419,Poste PRFV 8m (Enterrar),1,,POSTE PRFV 8M ENTERRAR,"Tabla 1 al 331_2026.pdf, pagina 2",5200419
3,SN,1088457,SMAP-CIL-0022-25 CARRERA 43 N° 11 28,5200270,LUM LED (KORELED) 44W,1,,LUM LED KORELED 44W,"Tabla 1 al 331_2026.pdf, pagina 3",5200270
3,SN,1088457,SMAP-CIL-0022-25 CARRERA 43 N° 11 28,5200231,"BR 1"" - 0.4M - 0°",1,,BR 1 - 0.4M - 0°,"Tabla 1 al 331_2026.pdf, pagina 3",5200231
3,SN,1088457,SMAP-CIL-0022-25 CARRERA 43 N° 11 28,5200464,Cable Cu encauchetado 3X14 AWG,12,,CABLE CU ENCAUCHETADO 3X14 AWG,"Tabla 1 al 331_2026.pdf, pagina 3",5200464
4,SS,1111246,Sendero Vereda el Corazón,5200231,"UCAP BRAZO 1"" - 0.4M - 0°",2,,BRAZO 1 - 0.4M - 0°,"Tabla 1 al 331_2026.pdf, pagina 4",5200231
4,SS,1111246,Sendero Vereda el Corazón,5200270,LUM LED (KORELED) 44W,2,,LUM LED KORELED 44W,"Tabla 1 al 331_2026.pdf, pagina 4",5200270
5,SS,1123301,Sendero Cl 65 A Cr 97 - 143,5200231,"UCAP BRAZO 1"" - 0.4M - 0°",1,,BRAZO 1 - 0.4M - 0°,"Tabla 1 al 331_2026.pdf, pagina 5",5200231
5,SS,1123301,Sendero Cl 65 A Cr 97 - 143,5200270,LUM LED (KORELED) 44W,1,,LUM LED KORELED 44W,"Tabla 1 al 331_2026.pdf, pagina 5",5200270
5,SS,1123301,Sendero Cl 65 A Cr 97 - 143,5200419,UCAP POSTE PRFV 8M (ENTERRAR),1,,POSTE PRFV 8M ENTERRAR,"Tabla 1 al 331_2026.pdf, pagina 5",5200419
5,SS,1123301,Sendero Cl 65 A Cr 97 - 143,5200464,UCAP CABLE CU ENCAUCHETADO 3X14 CU,13,,CABLE CU ENCAUCHETADO 3X14 CU,"Tabla 1 al 331_2026.pdf, pagina 5",5200464
6,SS,1128468,Sendero Cr 92 A Cl 78 B - 124,5200231,"UCAP BRAZO 1"" - 0.4M - 0°",1,,BRAZO 1 - 0.4M - 0°,"Tabla 1 al 331_2026.pdf, pagina 6",5200231
6,SS,1128468,Sendero Cr 92 A Cl 78 B - 124,5200232,"UCAP BRAZO 1"" - 1.5M - 52°/0°",1,,BRAZO 1 - 1.5M - 52°/0°,"Tabla 1 al 331_2026.pdf, pagina 6",5200232
6,SS,1128468,Sendero Cr 92 A Cl 78 B - 124,5200270,LUM LED (KORELED) 44W,2,,LUM LED KORELED 44W,"Tabla 1 al 331_2026.pdf, pagina 6",5200270
7,SS,1141140,Sendero Cr 44 Entre Cl 45 y 46,5200232,"UCAP BRAZO 1"" - 1.5M - 52°/0°",3,,BRAZO 1 - 1.5M - 52°/0°,"Tabla 1 al 331_2026.pdf, pagina 7",5200232
7,SS,1141140,Sendero Cr 44 Entre Cl 45 y 46,5200270,LUM LED (KORELED) 44W,3,,LUM LED KORELED 44W,"Tabla 1 al 331_2026.pdf, pagina 7",5200270
7,SS,1141140,Sendero Cr 44 Entre Cl 45 y 46,5200407,"UCAP TRIPLEX AL 2X4+1X4 XLP,AEREO",47,37,TRIPLEX AL 2X4+1X4 XLP AEREO,"Tabla 1 al 331_2026.pdf, pagina 7",5200407
7,SS,1141140,Sendero Cr 44 Entre Cl 45 y 46,5200419,UCAP POSTE PRFV 8M (ENTERRAR),1,,POSTE PRFV 8M ENTERRAR,"Tabla 1 al 331_2026.pdf, pagina 7",5200419
7,SS,1141140,Sendero Cr 44 Entre Cl 45 y 46,5200218,UCAP LUMINARIA 150W,,4,LUMINARIA 150W,"Tabla 1 al 331_2026.pdf, pagina 7",5200218
7,SS,1141140,Sendero Cr 44 Entre Cl 45 y 46,5200202,UCAP BOMBILLO 150W,,4,BOMBILLO 150W,"Tabla 1 al 331_2026.pdf, pagina 7",5200202
7,SS,1141140,Sendero Cr 44 Entre Cl 45 y 46,5200235,"UCAP BRAZO 1 1/2"" - 1.5M - 52°/0°",,4,BRAZO 1 1/2 - 1.5M - 52°/0°,"Tabla 1 al 331_2026.pdf, pagina 7",5200235
7,SS,1141140,Sendero Cr 44 Entre Cl 45 y 46,5200301,UCAP POSTE CONCRETO REDONDO 9M.,,1,POSTE CONCRETO REDONDO 9M,"Tabla 1 al 331_2026.pdf, pagina 7",5200301
8,SS,1151938,Sendero Cl 81 A Cr 91 A - 9,5200231,"UCAP BRAZO 1"" - 0.4M - 0°",3,,BRAZO 1 - 0.4M - 0°,"Tabla 1 al 331_2026.pdf, pagina 8",5200231
8,SS,1151938,Sendero Cl 81 A Cr 91 A - 9,5200270,LUM LED (KORELED) 44W,3,2,LUM LED KORELED 44W,"Tabla 1 al 331_2026.pdf, pagina 8",5200270
8,SS,1151938,Sendero Cl 81 A Cr 91 A - 9,5200419,UCAP POSTE PRFV 8M (ENTERRAR),1,,POSTE PRFV 8M ENTERRAR,"Tabla 1 al 331_2026.pdf, pagina 8",5200419
8,SS,1151938,Sendero Cl 81 A Cr 91 A - 9,5200464,UCAP CABLE CU ENCAUCHETADO 3X14 CU,12,,CABLE CU ENCAUCHETADO 3X14 CU,"Tabla 1 al 331_2026.pdf, pagina 8",5200464
8,SS,1151938,Sendero Cl 81 A Cr 91 A - 9,5200232,"UCAP BRAZO 1"" - 1.5M - 52°/0°",,2,BRAZO 1 - 1.5M - 52°/0°,"Tabla 1 al 331_2026.pdf, pagina 8",5200232
9,SS,1208632,Sendero y Plazoletas Cl 94 A Cr 64 A,5200270,LUM LED (KORELED) 44W,23,,LUM LED KORELED 44W,"Tabla 1 al 331_2026.pdf, pagina 9",5200270
9,SS,1208632,Sendero y Plazoletas Cl 94 A Cr 64 A,5200302,UCAP POSTE CONCRETO CARABOBO 5M,23,,POSTE CONCRETO CARABOBO 5M,"Tabla 1 al 331_2026.pdf, pagina 9",5200302
9,SS,1208632,Sendero y Plazoletas Cl 94 A Cr 64 A,5200420,UCAP CABLE 3X8 AWG (ENCAUCHETADO) CANAL EXIST.,8,,CABLE 3X8 AWG ENCAUCHETADO CANAL EXIST,"Tabla 1 al 331_2026.pdf, pagina 9",5200420
9,SS,1208632,Sendero y Plazoletas Cl 94 A Cr 64 A,5200464,UCAP CABLE CU ENCAUCHETADO 3X14 CU,138,,CABLE CU ENCAUCHETADO 3X14 CU,"Tabla 1 al 331_2026.pdf, pagina 9",5200464
9,SS,1208632,Sendero y Plazoletas Cl 94 A Cr 64 A,5200501,UCAP CAJA CONCRETO 50X50 CM,5,,CAJA CONCRETO 50X50 CM,"Tabla 1 al 331_2026.pdf, pagina 9",5200501
9,SS,1208632,Sendero y Plazoletas Cl 94 A Cr 64 A,5200238,BRAZO CARABOBO SENCILLO,23,,BRAZO CARABOBO SENCILLO,"Tabla 1 al 331_2026.pdf, pagina 9",5200238
9,SS,1208632,Sendero y Plazoletas Cl 94 A Cr 64 A,5200324,UCAP METÁLICO CIRCULAR 6M (BASE),,25,METALICO CIRCULAR 6M BASE,"Tabla 1 al 331_2026.pdf, pagina 9",5200324
9,SS,1208632,Sendero y Plazoletas Cl 94 A Cr 64 A,5000254,UCAP LUMINARIA LED 50W FIJACIÓN VERTICAL,,4,LUMINARIA LED 50W FIJACION VERTICAL,"Tabla 1 al 331_2026.pdf, pagina 9",5000254
10,SS,1213872,SMAP-CIL-0316-25 CR 52 entre CL 29 y 29A,5020117,UCAP POSTE PRFV 9M (ENTERRAR),2,,POSTE PRFV 9M ENTERRAR,"Tabla 1 al 331_2026.pdf, pagina 10",5020117
10,SS,1213872,SMAP-CIL-0316-25 CR 52 entre CL 29 y 29A,5200232,"UCAP BRAZO 1"" - 1.5M - 52°/0°",2,,BRAZO 1 - 1.5M - 52°/0°,"Tabla 1 al 331_2026.pdf, pagina 10",5200232
10,SS,1213872,SMAP-CIL-0316-25 CR 52 entre CL 29 y 29A,5200241,UCAP BRAZO CURVO 3000M,3,,BRAZO CURVO 3000M,"Tabla 1 al 331_2026.pdf, pagina 10",5200241
10,SS,1213872,SMAP-CIL-0316-25 CR 52 entre CL 29 y 29A,5200269,"LUM LED 110,7 (RALED II)",3,,LUM LED 110 7 RALED II,"Tabla 1 al 331_2026.pdf, pagina 10",5200269
10,SS,1213872,SMAP-CIL-0316-25 CR 52 entre CL 29 y 29A,5200293,LUM LED (OMEGA II) 64.5W,2,,LUM LED OMEGA II 64.5W,"Tabla 1 al 331_2026.pdf, pagina 10",5200293
10,SS,1213872,SMAP-CIL-0316-25 CR 52 entre CL 29 y 29A,5200464,UCAP CABLE CU ENCAUCHETADO 3X14 CU,58,,CABLE CU ENCAUCHETADO 3X14 CU,"Tabla 1 al 331_2026.pdf, pagina 10",5200464
11,SS,1217034,Sendero Cl 104 Cr 87 - 35 Int 1120,5200231,"UCAP BRAZO 1"" - 0.4M - 0°",1,,BRAZO 1 - 0.4M - 0°,"Tabla 1 al 331_2026.pdf, pagina 11",5200231
11,SS,1217034,Sendero Cl 104 Cr 87 - 35 Int 1120,5200270,LUM LED (KORELED) 44W,1,,LUM LED KORELED 44W,"Tabla 1 al 331_2026.pdf, pagina 11",5200270
12,SS,1217780,Sendero Cr 49 Cl 63 - 67,5200231,"UCAP BRAZO 1"" - 0.4M - 0°",1,,BRAZO 1 - 0.4M - 0°,"Tabla 1 al 331_2026.pdf, pagina 12",5200231
12,SS,1217780,Sendero Cr 49 Cl 63 - 67,5200270,LUM LED (KORELED) 44W,1,,LUM LED KORELED 44W,"Tabla 1 al 331_2026.pdf, pagina 12",5200270
13,SS,1221330,SMAP-CIL-0319-25 CR 111 CL 34CC -147,5200231,"UCAP BRAZO 1"" - 0.4M - 0°",1,,BRAZO 1 - 0.4M - 0°,"Tabla 1 al 331_2026.pdf, pagina 13",5200231
13,SS,1221330,SMAP-CIL-0319-25 CR 111 CL 34CC -147,5200270,LUM LED (KORELED) 44W,1,,LUM LED KORELED 44W,"Tabla 1 al 331_2026.pdf, pagina 13",5200270
14,SS,1221636,Sendero Peatonal CL 34 B CR 118 -132,5200231,"UCAP BRAZO 1"" - 0.4M - 0°",3,,BRAZO 1 - 0.4M - 0°,"Tabla 1 al 331_2026.pdf, pagina 14",5200231
14,SS,1221636,Sendero Peatonal CL 34 B CR 118 -132,5200270,LUM LED (KORELED) 44W,3,,LUM LED KORELED 44W,"Tabla 1 al 331_2026.pdf, pagina 14",5200270
15,SS,1224420,Zona Verde Recreacional San Pablo Cl 98 x Cr 34B,5000264,"LUMINARIA LED 62,4W ASIMÉTRICA 4000K HORIZONTAL",3,,LUMINARIA LED 62 4W ASIMETRICA 4000K HORIZONTAL,"Tabla 1 al 331_2026.pdf, pagina 15",5000264
15,SS,1224420,Zona Verde Recreacional San Pablo Cl 98 x Cr 34B,5200271,LUM LED (MAXIMO M) 59.16W,,2,LUM LED MAXIMO M 59.16W,"Tabla 1 al 331_2026.pdf, pagina 15",5200271
15,SS,1224420,Zona Verde Recreacional San Pablo Cl 98 x Cr 34B,5200419,Poste PRFV 8m (Enterrar),2,1,POSTE PRFV 8M ENTERRAR,"Tabla 1 al 331_2026.pdf, pagina 15",5200419
15,SS,1224420,Zona Verde Recreacional San Pablo Cl 98 x Cr 34B,5200308,Poste concreto octog 8m,,1,POSTE CONCRETO OCTOG 8M,"Tabla 1 al 331_2026.pdf, pagina 15",5200308
15,SS,1224420,Zona Verde Recreacional San Pablo Cl 98 x Cr 34B,5200232,"BRAZO 1"" - 1.5m - 52°/0°",,2,BRAZO 1 - 1.5M - 52°/0°,"Tabla 1 al 331_2026.pdf, pagina 15",5200232
15,SS,1224420,Zona Verde Recreacional San Pablo Cl 98 x Cr 34B,5200235,"BRAZO 1 1/2"" - 1.5M - 52°/0°",3,,BRAZO 1 1/2 - 1.5M - 52°/0°,"Tabla 1 al 331_2026.pdf, pagina 15",5200235
15,SS,1224420,Zona Verde Recreacional San Pablo Cl 98 x Cr 34B,5200422,CABLE FZA AL 3X6 AWG XLPE 600V 90°C ENTERRADO,19,,CABLE FZA AL 3X6 AWG XLPE 600V 90°C ENTERRADO,"Tabla 1 al 331_2026.pdf, pagina 15",5200422
15,SS,1224420,Zona Verde Recreacional San Pablo Cl 98 x Cr 34B,5200407,"triplex Al 2x4+1x4 xlp,aereo",10,,TRIPLEX AL 2X4+1X4 XLP AEREO,"Tabla 1 al 331_2026.pdf, pagina 15",5200407
15,SS,1224420,Zona Verde Recreacional San Pablo Cl 98 x Cr 34B,,UCAP CAJA CONCRETO DIRECTAMENTE ENT,2,,CAJA CONCRETO DIRECTAMENTE ENT,"Tabla 1 al 331_2026.pdf, pagina 15",SIN CODIGO|CAJA CONCRETO DIRECTAMENTE ENT
15,SS,1224420,Zona Verde Recreacional San Pablo Cl 98 x Cr 34B,,"canal anden tuberia PVC 2""",20,,CANAL ANDEN TUBERIA PVC 2,"Tabla 1 al 331_2026.pdf, pagina 15",SIN CODIGO|CANAL ANDEN TUBERIA PVC 2
15,SS,1224420,Zona Verde Recreacional San Pablo Cl 98 x Cr 34B,,"Tuberia 2"" IMC x 6m, incluye Capacete",1,,TUBERIA 2 IMC X 6M INCLUYE CAPACETE,"Tabla 1 al 331_2026.pdf, pagina 15",SIN CODIGO|TUBERIA 2 IMC X 6M INCLUYE CAPACETE
16,SS,1228328,SMAP-CIL-0343-25 CR 42 CL 5 SUR-141,5200231,"UCAP BRAZO 1"" - 0.4M - 0°",1,,BRAZO 1 - 0.4M - 0°,"Tabla 1 al 331_2026.pdf, pagina 16",5200231
16,SS,1228328,SMAP-CIL-0343-25 CR 42 CL 5 SUR-141,5200232,"UCAP BRAZO 1"" - 1.5M - 52°/0°",1,,BRAZO 1 - 1.5M - 52°/0°,"Tabla 1 al 331_2026.pdf, pagina 16",5200232
16,SS,1228328,SMAP-CIL-0343-25 CR 42 CL 5 SUR-141,5200270,LUM LED (KORELED) 44W,1,2,LUM LED KORELED 44W,"Tabla 1 al 331_2026.pdf, pagina 16",5200270
16,SS,1228328,SMAP-CIL-0343-25 CR 42 CL 5 SUR-141,5200271,LUM LED (MAXIMO M) 59.16W,3,,LUM LED MAXIMO M 59.16W,"Tabla 1 al 331_2026.pdf, pagina 16",5200271
16,SS,1228328,SMAP-CIL-0343-25 CR 42 CL 5 SUR-141,5200308,UCAP POSTE CONCRETO OCTOG 8M,1,,POSTE CONCRETO OCTOG 8M,"Tabla 1 al 331_2026.pdf, pagina 16",5200308
16,SS,1228328,SMAP-CIL-0343-25 CR 42 CL 5 SUR-141,5200464,UCAP CABLE CU ENCAUCHETADO 3X14 CU,14,,CABLE CU ENCAUCHETADO 3X14 CU,"Tabla 1 al 331_2026.pdf, pagina 16",5200464
17,SS,1229658,Andén CR 39 A CL 18 B SUR -154,5200231,"UCAP BRAZO 1"" - 0.4M - 0°",1,,BRAZO 1 - 0.4M - 0°,"Tabla 1 al 331_2026.pdf, pagina 17",5200231
17,SS,1229658,Andén CR 39 A CL 18 B SUR -154,5200270,LUM LED (KORELED) 44W,1,,LUM LED KORELED 44W,"Tabla 1 al 331_2026.pdf, pagina 17",5200270
18,SS,1229695,Anden Cl 48 Cr 38 - 29,5200231,"UCAP BRAZO 1"" - 0.4M - 0°",1,,BRAZO 1 - 0.4M - 0°,"Tabla 1 al 331_2026.pdf, pagina 18",5200231
18,SS,1229695,Anden Cl 48 Cr 38 - 29,5200270,LUM LED (KORELED) 44W,1,,LUM LED KORELED 44W,"Tabla 1 al 331_2026.pdf, pagina 18",5200270
19,SS,1229896,Sendero CR 31B CL 82 - 49,5200231,"UCAP BRAZO 1"" - 0.4M - 0°",1,,BRAZO 1 - 0.4M - 0°,"Tabla 1 al 331_2026.pdf, pagina 19",5200231
19,SS,1229896,Sendero CR 31B CL 82 - 49,5200270,LUM LED (KORELED) 44W,1,,LUM LED KORELED 44W,"Tabla 1 al 331_2026.pdf, pagina 19",5200270
20,SS,1230992,Sendero Cr 26 H Cl 37 - 40,5200232,"UCAP BRAZO 1"" - 1.5M - 52°/0°",1,,BRAZO 1 - 1.5M - 52°/0°,"Tabla 1 al 331_2026.pdf, pagina 20",5200232
20,SS,1230992,Sendero Cr 26 H Cl 37 - 40,5200270,LUM LED (KORELED) 44W,1,,LUM LED KORELED 44W,"Tabla 1 al 331_2026.pdf, pagina 20",5200270
20,SS,1230992,Sendero Cr 26 H Cl 37 - 40,5200419,UCAP POSTE PRFV 8M (ENTERRAR),1,,POSTE PRFV 8M ENTERRAR,"Tabla 1 al 331_2026.pdf, pagina 20",5200419
20,SS,1230992,Sendero Cr 26 H Cl 37 - 40,5200464,UCAP CABLE CU ENCAUCHETADO 3X14 CU,17,,CABLE CU ENCAUCHETADO 3X14 CU,"Tabla 1 al 331_2026.pdf, pagina 20",5200464
21,SS,1231219,Sendero Cr 43 Cl 83 - 61 Int 101,5200231,"UCAP BRAZO 1"" - 0.4M - 0°",1,,BRAZO 1 - 0.4M - 0°,"Tabla 1 al 331_2026.pdf, pagina 21",5200231
21,SS,1231219,Sendero Cr 43 Cl 83 - 61 Int 101,5200270,LUM LED (KORELED) 44W,1,,LUM LED KORELED 44W,"Tabla 1 al 331_2026.pdf, pagina 21",5200270
22,SS,1232792,Sendero Peatonal-Villa Café CR 89 CL 27-57,5200231,"UCAP BRAZO 1"" - 0.4M - 0°",2,,BRAZO 1 - 0.4M - 0°,"Tabla 1 al 331_2026.pdf, pagina 22",5200231
22,SS,1232792,Sendero Peatonal-Villa Café CR 89 CL 27-57,5200270,LUM LED (KORELED) 44W,2,,LUM LED KORELED 44W,"Tabla 1 al 331_2026.pdf, pagina 22",5200270
23,SS,1235650,PUENTE PEATONAL CL 45 G # 78 G -84,5200231,"UCAP BRAZO 1"" - 0.4M - 0°",1,,BRAZO 1 - 0.4M - 0°,"Tabla 1 al 331_2026.pdf, pagina 23",5200231
23,SS,1235650,PUENTE PEATONAL CL 45 G # 78 G -84,5200270,LUM LED (KORELED) 44W,1,,LUM LED KORELED 44W,"Tabla 1 al 331_2026.pdf, pagina 23",5200270
23,SS,1235650,PUENTE PEATONAL CL 45 G # 78 G -84,5200419,UCAP POSTE PRFV 8M (ENTERRAR),1,,POSTE PRFV 8M ENTERRAR,"Tabla 1 al 331_2026.pdf, pagina 23",5200419
23,SS,1235650,PUENTE PEATONAL CL 45 G # 78 G -84,5200464,UCAP CABLE CU ENCAUCHETADO 3X14 CU,15,,CABLE CU ENCAUCHETADO 3X14 CU,"Tabla 1 al 331_2026.pdf, pagina 23",5200464
24,SS,1237047,Anden Cl 45 F Cr 76 - 57,5200231,"UCAP BRAZO 1"" - 0.4M - 0°",1,,BRAZO 1 - 0.4M - 0°,"Tabla 1 al 331_2026.pdf, pagina 24",5200231
24,SS,1237047,Anden Cl 45 F Cr 76 - 57,5200232,"UCAP BRAZO 1"" - 1.5M - 52°/0°",1,,BRAZO 1 - 1.5M - 52°/0°,"Tabla 1 al 331_2026.pdf, pagina 24",5200232
24,SS,1237047,Anden Cl 45 F Cr 76 - 57,5200270,LUM LED (KORELED) 44W,2,,LUM LED KORELED 44W,"Tabla 1 al 331_2026.pdf, pagina 24",5200270
24,SS,1237047,Anden Cl 45 F Cr 76 - 57,5200464,UCAP CABLE CU ENCAUCHETADO 3X14 CU,10,,CABLE CU ENCAUCHETADO 3X14 CU,"Tabla 1 al 331_2026.pdf, pagina 24",5200464
25,SS,1238738,Vía M4 Cr 80 AA Cl 37,5200308,UCAP POSTE CONCRETO OCTOG 8M,1,,POSTE CONCRETO OCTOG 8M,"Tabla 1 al 331_2026.pdf, pagina 25",5200308
25,SS,1238738,Vía M4 Cr 80 AA Cl 37,5200464,UCAP CABLE CU ENCAUCHETADO 3X14 CU,12,,CABLE CU ENCAUCHETADO 3X14 CU,"Tabla 1 al 331_2026.pdf, pagina 25",5200464
26,SS,1238893,Sendero Cr 42 C Cr 107 - 35,5200232,"UCAP BRAZO 1"" - 1.5M - 52°/0°",1,1,BRAZO 1 - 1.5M - 52°/0°,"Tabla 1 al 331_2026.pdf, pagina 26",5200232
26,SS,1238893,Sendero Cr 42 C Cr 107 - 35,5200270,LUM LED (KORELED) 44W,1,,LUM LED KORELED 44W,"Tabla 1 al 331_2026.pdf, pagina 26",5200270
26,SS,1238893,Sendero Cr 42 C Cr 107 - 35,5200217,UCAP LUMINARIA 70W,,1,LUMINARIA 70W,"Tabla 1 al 331_2026.pdf, pagina 26",5200217
26,SS,1238893,Sendero Cr 42 C Cr 107 - 35,5200201,UCAP BOMBILLO 70W,,1,BOMBILLO 70W,"Tabla 1 al 331_2026.pdf, pagina 26",5200201
27,SS,1238921,SMAP-0360-25 CL 107 FD CR 27 E - 39 INT 101,5200231,"UCAP BRAZO 1"" - 0.4M - 0°",1,1,BRAZO 1 - 0.4M - 0°,"Tabla 1 al 331_2026.pdf, pagina 27",5200231
27,SS,1238921,SMAP-0360-25 CL 107 FD CR 27 E - 39 INT 101,5200270,LUM LED (KORELED) 44W,1,,LUM LED KORELED 44W,"Tabla 1 al 331_2026.pdf, pagina 27",5200270
27,SS,1238921,SMAP-0360-25 CL 107 FD CR 27 E - 39 INT 101,5200217,UCAP LUMINARIA 70W,,1,LUMINARIA 70W,"Tabla 1 al 331_2026.pdf, pagina 27",5200217
27,SS,1238921,SMAP-0360-25 CL 107 FD CR 27 E - 39 INT 101,5200201,UCAP BOMBILLO 70W,,1,BOMBILLO 70W,"Tabla 1 al 331_2026.pdf, pagina 27",5200201
28,SS,1238934,SMAP-CIL-0362-25 CR 83A CL 32B-47,5200232,"UCAP BRAZO 1"" - 1.5M - 52°/0°",1,,BRAZO 1 - 1.5M - 52°/0°,"Tabla 1 al 331_2026.pdf, pagina 28",5200232
28,SS,1238934,SMAP-CIL-0362-25 CR 83A CL 32B-47,5200293,LUM LED (OMEGA II) 64.5W,1,,LUM LED OMEGA II 64.5W,"Tabla 1 al 331_2026.pdf, pagina 28",5200293
28,SS,1238934,SMAP-CIL-0362-25 CR 83A CL 32B-47,5200308,UCAP POSTE CONCRETO OCTOG 8M,1,,POSTE CONCRETO OCTOG 8M,"Tabla 1 al 331_2026.pdf, pagina 28",5200308
28,SS,1238934,SMAP-CIL-0362-25 CR 83A CL 32B-47,5200464,UCAP CABLE CU ENCAUCHETADO 3X14 CU,9,,CABLE CU ENCAUCHETADO 3X14 CU,"Tabla 1 al 331_2026.pdf, pagina 28",5200464
28,SS,1238934,SMAP-CIL-0362-25 CR 83A CL 32B-47,5200217,UCAP LUMINARIA 70W,,1,LUMINARIA 70W,"Tabla 1 al 331_2026.pdf, pagina 28",5200217
28,SS,1238934,SMAP-CIL-0362-25 CR 83A CL 32B-47,5200201,UCAP BOMBILLO 70W,,1,BOMBILLO 70W,"Tabla 1 al 331_2026.pdf, pagina 28",5200201
28,SS,1238934,SMAP-CIL-0362-25 CR 83A CL 32B-47,5200233,"UCAP BRAZO 1"" - 1.5M - 52°/20°",,1,BRAZO 1 - 1.5M - 52°/20°,"Tabla 1 al 331_2026.pdf, pagina 28",5200233
29,SS,1238944,SMAP-CIL-0364-25 Cl 53B 85E-31,5200235,"UCAP BRAZO 1 1/2"" - 1.5M - 52°/0°",1,,BRAZO 1 1/2 - 1.5M - 52°/0°,"Tabla 1 al 331_2026.pdf, pagina 29",5200235
29,SS,1238944,SMAP-CIL-0364-25 Cl 53B 85E-31,5200272,LUM LED (SEPIALED II) 128W,1,,LUM LED SEPIALED II 128W,"Tabla 1 al 331_2026.pdf, pagina 29",5200272
29,SS,1238944,SMAP-CIL-0364-25 Cl 53B 85E-31,5200308,UCAP POSTE CONCRETO OCTOG 8M,1,,POSTE CONCRETO OCTOG 8M,"Tabla 1 al 331_2026.pdf, pagina 29",5200308
29,SS,1238944,SMAP-CIL-0364-25 Cl 53B 85E-31,5200464,UCAP CABLE CU ENCAUCHETADO 3X14 CU,12,,CABLE CU ENCAUCHETADO 3X14 CU,"Tabla 1 al 331_2026.pdf, pagina 29",5200464
29,SS,1238944,SMAP-CIL-0364-25 Cl 53B 85E-31,5200243,UCAP BRAZO RECTO 4500M,,1,BRAZO RECTO 4500M,"Tabla 1 al 331_2026.pdf, pagina 29",5200243
30,SS,1238979,SMAP-CIL-0370-25 CR 92 CC # 15A-07,5200231,"UCAP BRAZO 1"" - 0.4M - 0°",1,,BRAZO 1 - 0.4M - 0°,"Tabla 1 al 331_2026.pdf, pagina 30",5200231
30,SS,1238979,SMAP-CIL-0370-25 CR 92 CC # 15A-07,5200270,LUM LED (KORELED) 44W,1,,LUM LED KORELED 44W,"Tabla 1 al 331_2026.pdf, pagina 30",5200270
30,SS,1238979,SMAP-CIL-0370-25 CR 92 CC # 15A-07,5200217,UCAP LUMINARIA 70W,,1,LUMINARIA 70W,"Tabla 1 al 331_2026.pdf, pagina 30",5200217
30,SS,1238979,SMAP-CIL-0370-25 CR 92 CC # 15A-07,5200201,UCAP BOMBILLO 70W,,1,BOMBILLO 70W,"Tabla 1 al 331_2026.pdf, pagina 30",5200201
30,SS,1238979,SMAP-CIL-0370-25 CR 92 CC # 15A-07,5200233,"UCAP BRAZO 1"" - 1.5M - 52°/20°",,1,BRAZO 1 - 1.5M - 52°/20°,"Tabla 1 al 331_2026.pdf, pagina 30",5200233
31,SS,1238994,SMAP-0372-25 CL 43 D CR 8 B,5200232,"UCAP BRAZO 1"" - 1.5M - 52°/0°",1,,BRAZO 1 - 1.5M - 52°/0°,"Tabla 1 al 331_2026.pdf, pagina 31",5200232
31,SS,1238994,SMAP-0372-25 CL 43 D CR 8 B,5200469,PROYECTOR LED ACROLED 32W 120-277VCA ASIMETRICO 5000K,3,,PROYECTOR LED ACROLED 32W 120-277VCA ASIMETRICO 5000K,"Tabla 1 al 331_2026.pdf, pagina 31",5200469
31,SS,1238994,SMAP-0372-25 CL 43 D CR 8 B,5200270,LUM LED (KORELED) 44W,1,,LUM LED KORELED 44W,"Tabla 1 al 331_2026.pdf, pagina 31",5200270
31,SS,1238994,SMAP-0372-25 CL 43 D CR 8 B,5200464,UCAP CABLE CU ENCAUCHETADO 3X14 CU,93,,CABLE CU ENCAUCHETADO 3X14 CU,"Tabla 1 al 331_2026.pdf, pagina 31",5200464
31,SS,1238994,SMAP-0372-25 CL 43 D CR 8 B,5200528,"UCAP TUBERIA 1"" IMC",60,,TUBERIA 1 IMC,"Tabla 1 al 331_2026.pdf, pagina 31",5200528
32,SS,1239685,Cruce y Sendero Cl 52 Cr 49,5200232,"UCAP BRAZO 1"" - 1.5M - 52°/0°",1,,BRAZO 1 - 1.5M - 52°/0°,"Tabla 1 al 331_2026.pdf, pagina 32",5200232
32,SS,1239685,Cruce y Sendero Cl 52 Cr 49,5200270,LUM LED (KORELED) 44W,1,,LUM LED KORELED 44W,"Tabla 1 al 331_2026.pdf, pagina 32",5200270
32,SS,1239685,Cruce y Sendero Cl 52 Cr 49,5200403,"PROYEC LED 168W TIPO V MEDIA (MEDIUM ""M"") 5000K",1,,PROYEC LED 168W TIPO V MEDIA MEDIUM M 5000K,"Tabla 1 al 331_2026.pdf, pagina 32",5200403
33,SS,1239713,Sendero Cr 10 Cl 55 - 73 Int 116,5200231,"UCAP BRAZO 1"" - 0.4M - 0°",1,,BRAZO 1 - 0.4M - 0°,"Tabla 1 al 331_2026.pdf, pagina 33",5200231
33,SS,1239713,Sendero Cr 10 Cl 55 - 73 Int 116,5200270,LUM LED (KORELED) 44W,1,1,LUM LED KORELED 44W,"Tabla 1 al 331_2026.pdf, pagina 33",5200270
33,SS,1239713,Sendero Cr 10 Cl 55 - 73 Int 116,5200232,"UCAP BRAZO 1"" - 1.5M - 52°/0°",,1,BRAZO 1 - 1.5M - 52°/0°,"Tabla 1 al 331_2026.pdf, pagina 33",5200232
34,SS,1239785,Sendero Cr 42 Cl 34 - 10,5200231,"UCAP BRAZO 1"" - 0.4M - 0°",4,,BRAZO 1 - 0.4M - 0°,"Tabla 1 al 331_2026.pdf, pagina 34",5200231
34,SS,1239785,Sendero Cr 42 Cl 34 - 10,5200232,"UCAP BRAZO 1"" - 1.5M - 52°/0°",1,,BRAZO 1 - 1.5M - 52°/0°,"Tabla 1 al 331_2026.pdf, pagina 34",5200232
34,SS,1239785,Sendero Cr 42 Cl 34 - 10,5200270,LUM LED (KORELED) 44W,5,,LUM LED KORELED 44W,"Tabla 1 al 331_2026.pdf, pagina 34",5200270
34,SS,1239785,Sendero Cr 42 Cl 34 - 10,5200217,UCAP LUMINARIA 70W,,5,LUMINARIA 70W,"Tabla 1 al 331_2026.pdf, pagina 34",5200217
34,SS,1239785,Sendero Cr 42 Cl 34 - 10,5200201,UCAP BOMBILLO 70W,,5,BOMBILLO 70W,"Tabla 1 al 331_2026.pdf, pagina 34",5200201
35,SS,1239928,Sendero Cl 93 DD Cr 21 D - 94 Int 110,5200232,"UCAP BRAZO 1"" - 1.5M - 52°/0°",2,1,BRAZO 1 - 1.5M - 52°/0°,"Tabla 1 al 331_2026.pdf, pagina 35",5200232
35,SS,1239928,Sendero Cl 93 DD Cr 21 D - 94 Int 110,5200270,LUM LED (KORELED) 44W,2,,LUM LED KORELED 44W,"Tabla 1 al 331_2026.pdf, pagina 35",5200270
35,SS,1239928,Sendero Cl 93 DD Cr 21 D - 94 Int 110,5200464,UCAP CABLE CU ENCAUCHETADO 3X14 CU,25,,CABLE CU ENCAUCHETADO 3X14 CU,"Tabla 1 al 331_2026.pdf, pagina 35",5200464
35,SS,1239928,Sendero Cl 93 DD Cr 21 D - 94 Int 110,5200217,UCAP LUMINARIA 70W,,1,LUMINARIA 70W,"Tabla 1 al 331_2026.pdf, pagina 35",5200217
35,SS,1239928,Sendero Cl 93 DD Cr 21 D - 94 Int 110,5200201,UCAP BOMBILLO 70W,,1,BOMBILLO 70W,"Tabla 1 al 331_2026.pdf, pagina 35",5200201
36,SS,1245235,Sendero Cl 70 E Cr 95 - 104,5200231,"UCAP BRAZO 1"" - 0.4M - 0°",1,,BRAZO 1 - 0.4M - 0°,"Tabla 1 al 331_2026.pdf, pagina 36",5200231
36,SS,1245235,Sendero Cl 70 E Cr 95 - 104,5200270,LUM LED (KORELED) 44W,1,,LUM LED KORELED 44W,"Tabla 1 al 331_2026.pdf, pagina 36",5200270
36,SS,1245235,Sendero Cl 70 E Cr 95 - 104,5200419,UCAP POSTE PRFV 8M (ENTERRAR),1,,POSTE PRFV 8M ENTERRAR,"Tabla 1 al 331_2026.pdf, pagina 36",5200419
36,SS,1245235,Sendero Cl 70 E Cr 95 - 104,5200464,UCAP CABLE CU ENCAUCHETADO 3X14 CU,18,,CABLE CU ENCAUCHETADO 3X14 CU,"Tabla 1 al 331_2026.pdf, pagina 36",5200464
37,SS,1245646,Sendero CR 52 CL 125,5200231,"UCAP BRAZO 1"" - 0.4M - 0°",1,,BRAZO 1 - 0.4M - 0°,"Tabla 1 al 331_2026.pdf, pagina 37",5200231
37,SS,1245646,Sendero CR 52 CL 125,5200232,"UCAP BRAZO 1"" - 1.5M - 52°/0°",1,,BRAZO 1 - 1.5M - 52°/0°,"Tabla 1 al 331_2026.pdf, pagina 37",5200232
37,SS,1245646,Sendero CR 52 CL 125,5200270,LUM LED (KORELED) 44W,2,,LUM LED KORELED 44W,"Tabla 1 al 331_2026.pdf, pagina 37",5200270
37,SS,1245646,Sendero CR 52 CL 125,5200464,UCAP CABLE CU ENCAUCHETADO 3X14 CU,58,,CABLE CU ENCAUCHETADO 3X14 CU,"Tabla 1 al 331_2026.pdf, pagina 37",5200464
38,SS,1248430,Andén-Paradero buses CR 64C CL 101A-01,5200232,"UCAP BRAZO 1"" - 1.5M - 52°/0°",1,,BRAZO 1 - 1.5M - 52°/0°,"Tabla 1 al 331_2026.pdf, pagina 38",5200232
38,SS,1248430,Andén-Paradero buses CR 64C CL 101A-01,5200270,LUM LED (KORELED) 44W,1,,LUM LED KORELED 44W,"Tabla 1 al 331_2026.pdf, pagina 38",5200270
38,SS,1248430,Andén-Paradero buses CR 64C CL 101A-01,5200308,UCAP POSTE CONCRETO OCTOG 8M,1,,POSTE CONCRETO OCTOG 8M,"Tabla 1 al 331_2026.pdf, pagina 38",5200308
38,SS,1248430,Andén-Paradero buses CR 64C CL 101A-01,5200464,UCAP CABLE CU ENCAUCHETADO 3X14 CU,17,,CABLE CU ENCAUCHETADO 3X14 CU,"Tabla 1 al 331_2026.pdf, pagina 38",5200464
39,SS,1249304,VIA SMAP-CIL-0391-25 VIA PALMITAS POR TUTAINA,5200232,"UCAP BRAZO 1"" - 1.5M - 52°/0°",2,,BRAZO 1 - 1.5M - 52°/0°,"Tabla 1 al 331_2026.pdf, pagina 39",5200232
39,SS,1249304,VIA SMAP-CIL-0391-25 VIA PALMITAS POR TUTAINA,5200270,LUM LED (KORELED) 44W,2,,LUM LED KORELED 44W,"Tabla 1 al 331_2026.pdf, pagina 39",5200270
39,SS,1249304,VIA SMAP-CIL-0391-25 VIA PALMITAS POR TUTAINA,5200217,UCAP LUMINARIA 70W,,1,LUMINARIA 70W,"Tabla 1 al 331_2026.pdf, pagina 39",5200217
39,SS,1249304,VIA SMAP-CIL-0391-25 VIA PALMITAS POR TUTAINA,5200201,UCAP BOMBILLO 70W,,1,BOMBILLO 70W,"Tabla 1 al 331_2026.pdf, pagina 39",5200201
39,SS,1249304,VIA SMAP-CIL-0391-25 VIA PALMITAS POR TUTAINA,5200233,"UCAP BRAZO 1"" - 1.5M - 52°/20°",,1,BRAZO 1 - 1.5M - 52°/20°,"Tabla 1 al 331_2026.pdf, pagina 39",5200233
40,SS,1249976,CR 45 postes traslúcidos CR 45 entre CL67 A CL81,5200232,"UCAP BRAZO 1"" - 1.5M - 52°/0°",12,3,BRAZO 1 - 1.5M - 52°/0°,"Tabla 1 al 331_2026.pdf, pagina 40",5200232
40,SS,1249976,CR 45 postes traslúcidos CR 45 entre CL67 A CL81,5200235,"UCAP BRAZO 1 1/2"" - 1.5M - 52°/0°",41,37,BRAZO 1 1/2 - 1.5M - 52°/0°,"Tabla 1 al 331_2026.pdf, pagina 40",5200235
40,SS,1249976,CR 45 postes traslúcidos CR 45 entre CL67 A CL81,5200271,LUM LED (MAXIMO M) 59.16W,12,3,LUM LED MAXIMO M 59.16W,"Tabla 1 al 331_2026.pdf, pagina 40",5200271
40,SS,1249976,CR 45 postes traslúcidos CR 45 entre CL67 A CL81,5200272,LUM LED (SEPIALED II) 128W,41,54,LUM LED SEPIALED II 128W,"Tabla 1 al 331_2026.pdf, pagina 40",5200272
40,SS,1249976,CR 45 postes traslúcidos CR 45 entre CL67 A CL81,5200325,UCAP POSTE PRFV 9M TRASLUCIDO (BASE),96,,POSTE PRFV 9M TRASLUCIDO BASE,"Tabla 1 al 331_2026.pdf, pagina 40",5200325
40,SS,1249976,CR 45 postes traslúcidos CR 45 entre CL67 A CL81,5200464,UCAP CABLE CU ENCAUCHETADO 3X14 CU,553,,CABLE CU ENCAUCHETADO 3X14 CU,"Tabla 1 al 331_2026.pdf, pagina 40",5200464
40,SS,1249976,CR 45 postes traslúcidos CR 45 entre CL67 A CL81,5200231,"UCAP BRAZO 1"" - 0.4M - 0°",,18,BRAZO 1 - 0.4M - 0°,"Tabla 1 al 331_2026.pdf, pagina 40",5200231
40,SS,1249976,CR 45 postes traslúcidos CR 45 entre CL67 A CL81,5200241,UCAP BRAZO CURVO 3000M,,17,BRAZO CURVO 3000M,"Tabla 1 al 331_2026.pdf, pagina 40",5200241
40,SS,1249976,CR 45 postes traslúcidos CR 45 entre CL67 A CL81,5200270,LUM LED (KORELED) 44W,,18,LUM LED KORELED 44W,"Tabla 1 al 331_2026.pdf, pagina 40",5200270
41,SS,1164649,Sendero Cr 97 AB Cl 64 AC - 64,5200231,"UCAP BRAZO 1"" - 0.4M - 0°",1,1,BRAZO 1 - 0.4M - 0°,"Tabla 1 al 331_2026.pdf, pagina 41",5200231
41,SS,1164649,Sendero Cr 97 AB Cl 64 AC - 64,5200232,"UCAP BRAZO 1"" - 1.5M - 52°/0°",1,,BRAZO 1 - 1.5M - 52°/0°,"Tabla 1 al 331_2026.pdf, pagina 41",5200232
41,SS,1164649,Sendero Cr 97 AB Cl 64 AC - 64,5200270,LUM LED (KORELED) 44W,2,1,LUM LED KORELED 44W,"Tabla 1 al 331_2026.pdf, pagina 41",5200270
41,SS,1164649,Sendero Cr 97 AB Cl 64 AC - 64,5200419,UCAP POSTE PRFV 8M (ENTERRAR),1,,POSTE PRFV 8M ENTERRAR,"Tabla 1 al 331_2026.pdf, pagina 41",5200419
41,SS,1164649,Sendero Cr 97 AB Cl 64 AC - 64,5200464,UCAP CABLE CU ENCAUCHETADO 3X14 CU,9,,CABLE CU ENCAUCHETADO 3X14 CU,"Tabla 1 al 331_2026.pdf, pagina 41",5200464
42,SS,1165687,Juegos y Sendero Cl 106 C Cr 67 - 55,5200239,UCAP BRAZO DOBLE CARABOBO,1,,BRAZO DOBLE CARABOBO,"Tabla 1 al 331_2026.pdf, pagina 42",5200239
42,SS,1165687,Juegos y Sendero Cl 106 C Cr 67 - 55,5200270,LUM LED (KORELED) 44W,2,1,LUM LED KORELED 44W,"Tabla 1 al 331_2026.pdf, pagina 42",5200270
42,SS,1165687,Juegos y Sendero Cl 106 C Cr 67 - 55,5200238,UCAP BRAZO SENCILLO CARABOBO,,1,BRAZO SENCILLO CARABOBO,"Tabla 1 al 331_2026.pdf, pagina 42",5200238
43,SS,1185067,Anden Cl 112 Cr 67 - 62,5200231,"UCAP BRAZO 1"" - 0.4M - 0°",1,,BRAZO 1 - 0.4M - 0°,"Tabla 1 al 331_2026.pdf, pagina 43",5200231
43,SS,1185067,Anden Cl 112 Cr 67 - 62,5200270,LUM LED (KORELED) 44W,1,,LUM LED KORELED 44W,"Tabla 1 al 331_2026.pdf, pagina 43",5200270
44,SS,1195694,Sendero y Ciclorruta Cl 64 Cr 105 - 185 Int 408,5200232,"UCAP BRAZO 1"" - 1.5M - 52°/0°",1,1,BRAZO 1 - 1.5M - 52°/0°,"Tabla 1 al 331_2026.pdf, pagina 44",5200232
44,SS,1195694,Sendero y Ciclorruta Cl 64 Cr 105 - 185 Int 408,5200270,LUM LED (KORELED) 44W,1,,LUM LED KORELED 44W,"Tabla 1 al 331_2026.pdf, pagina 44",5200270
44,SS,1195694,Sendero y Ciclorruta Cl 64 Cr 105 - 185 Int 408,5200217,UCAP LUMINARIA 70W,,1,LUMINARIA 70W,"Tabla 1 al 331_2026.pdf, pagina 44",5200217
44,SS,1195694,Sendero y Ciclorruta Cl 64 Cr 105 - 185 Int 408,5200201,UCAP BOMBILLO 70W,,1,BOMBILLO 70W,"Tabla 1 al 331_2026.pdf, pagina 44",5200201
45,SS,1238982,SMAP-0371-25 Cr 42 Este Cl 82 Vereda Piedras Blancas Matasano,5200232,"UCAP BRAZO 1"" - 1.5M - 52°/0°",12,,BRAZO 1 - 1.5M - 52°/0°,"Tabla 1 al 331_2026.pdf, pagina 45",5200232
45,SS,1238982,SMAP-0371-25 Cr 42 Este Cl 82 Vereda Piedras Blancas Matasano,5200270,LUM LED (KORELED) 44W,12,,LUM LED KORELED 44W,"Tabla 1 al 331_2026.pdf, pagina 45",5200270
45,SS,1238982,SMAP-0371-25 Cr 42 Este Cl 82 Vereda Piedras Blancas Matasano,5200419,UCAP POSTE PRFV 8M (ENTERRAR),8,,POSTE PRFV 8M ENTERRAR,"Tabla 1 al 331_2026.pdf, pagina 45",5200419
45,SS,1238982,SMAP-0371-25 Cr 42 Este Cl 82 Vereda Piedras Blancas Matasano,5200464,UCAP CABLE CU ENCAUCHETADO 3X14 CU,302,,CABLE CU ENCAUCHETADO 3X14 CU,"Tabla 1 al 331_2026.pdf, pagina 45",5200464
46,SS,1248589,SMAP-0384-25 Cr 94 Cl 36 - 30,5200231,"UCAP BRAZO 1"" - 0.4M - 0°",1,,BRAZO 1 - 0.4M - 0°,"Tabla 1 al 331_2026.pdf, pagina 46",5200231
46,SS,1248589,SMAP-0384-25 Cr 94 Cl 36 - 30,5200232,"UCAP BRAZO 1"" - 1.5M - 52°/0°",1,,BRAZO 1 - 1.5M - 52°/0°,"Tabla 1 al 331_2026.pdf, pagina 46",5200232
46,SS,1248589,SMAP-0384-25 Cr 94 Cl 36 - 30,5200270,LUM LED (KORELED) 44W,2,,LUM LED KORELED 44W,"Tabla 1 al 331_2026.pdf, pagina 46",5200270
46,SS,1248589,SMAP-0384-25 Cr 94 Cl 36 - 30,5200464,UCAP CABLE CU ENCAUCHETADO 3X14 CU,26,,CABLE CU ENCAUCHETADO 3X14 CU,"Tabla 1 al 331_2026.pdf, pagina 46",5200464
47,SS,1248602,SMAP-0383-25 Cl 48 Entre Cr 43 y Cr 44,5200231,"UCAP BRAZO 1"" - 0.4M - 0°",3,,BRAZO 1 - 0.4M - 0°,"Tabla 1 al 331_2026.pdf, pagina 47",5200231
47,SS,1248602,SMAP-0383-25 Cl 48 Entre Cr 43 y Cr 44,5200270,LUM LED (KORELED) 44W,3,,LUM LED KORELED 44W,"Tabla 1 al 331_2026.pdf, pagina 47",5200270
48,SS,1248620,SMAP-0368-25 Cr 31 Cl 87 D,5200231,"UCAP BRAZO 1"" - 0.4M - 0°",2,,BRAZO 1 - 0.4M - 0°,"Tabla 1 al 331_2026.pdf, pagina 48",5200231
48,SS,1248620,SMAP-0368-25 Cr 31 Cl 87 D,5200270,LUM LED (KORELED) 44W,2,,LUM LED KORELED 44W,"Tabla 1 al 331_2026.pdf, pagina 48",5200270
49,SS,1249222,Sendero Cr 23 Cl 102 C - 90 Int 130,5200217,UCAP LUMINARIA 70W,,1,LUMINARIA 70W,"Tabla 1 al 331_2026.pdf, pagina 49",5200217
49,SS,1249222,Sendero Cr 23 Cl 102 C - 90 Int 130,5200201,UCAP BOMBILLO 70W,,1,BOMBILLO 70W,"Tabla 1 al 331_2026.pdf, pagina 49",5200201
49,SS,1249222,Sendero Cr 23 Cl 102 C - 90 Int 130,5200232,"UCAP BRAZO 1"" - 1.5M - 52°/0°",,1,BRAZO 1 - 1.5M - 52°/0°,"Tabla 1 al 331_2026.pdf, pagina 49",5200232
50,SS,1249229,Vía y Andén Cl 106 A Cr 32 - 14,5200218,UCAP LUMINARIA 150W,,1,LUMINARIA 150W,"Tabla 1 al 331_2026.pdf, pagina 50",5200218
50,SS,1249229,Vía y Andén Cl 106 A Cr 32 - 14,5200202,UCAP BOMBILLO 150W,,1,BOMBILLO 150W,"Tabla 1 al 331_2026.pdf, pagina 50",5200202
50,SS,1249229,Vía y Andén Cl 106 A Cr 32 - 14,5200235,"UCAP BRAZO 1 1/2"" - 1.5M - 52°/0°",,1,BRAZO 1 1/2 - 1.5M - 52°/0°,"Tabla 1 al 331_2026.pdf, pagina 50",5200235
51,SS,1249236,SMAP-0395-25 CR 46 TRAV 14 - 09,5200219,UCAP LUMINARIA 250W,,1,LUMINARIA 250W,"Tabla 1 al 331_2026.pdf, pagina 51",5200219
51,SS,1249236,SMAP-0395-25 CR 46 TRAV 14 - 09,5200203,UCAP BOMBILLO 250W,,1,BOMBILLO 250W,"Tabla 1 al 331_2026.pdf, pagina 51",5200203
51,SS,1249236,SMAP-0395-25 CR 46 TRAV 14 - 09,5200235,"UCAP BRAZO 1 1/2"" - 1.5M - 52°/0°",,1,BRAZO 1 1/2 - 1.5M - 52°/0°,"Tabla 1 al 331_2026.pdf, pagina 51",5200235
52,SS,1249251,SMAP-0398-25 CL 39 CR 38 - 59,5200231,"UCAP BRAZO 1"" - 0.4M - 0°",2,2,BRAZO 1 - 0.4M - 0°,"Tabla 1 al 331_2026.pdf, pagina 52",5200231
52,SS,1249251,SMAP-0398-25 CL 39 CR 38 - 59,5200232,"UCAP BRAZO 1"" - 1.5M - 52°/0°",1,1,BRAZO 1 - 1.5M - 52°/0°,"Tabla 1 al 331_2026.pdf, pagina 52",5200232
52,SS,1249251,SMAP-0398-25 CL 39 CR 38 - 59,5200270,LUM LED (KORELED) 44W,3,,LUM LED KORELED 44W,"Tabla 1 al 331_2026.pdf, pagina 52",5200270
52,SS,1249251,SMAP-0398-25 CL 39 CR 38 - 59,5200217,UCAP LUMINARIA 70W,,3,LUMINARIA 70W,"Tabla 1 al 331_2026.pdf, pagina 52",5200217
52,SS,1249251,SMAP-0398-25 CL 39 CR 38 - 59,5200201,UCAP BOMBILLO 70W,,3,BOMBILLO 70W,"Tabla 1 al 331_2026.pdf, pagina 52",5200201
53,SS,1249257,SMAP-0399-25 Cl 34 Cr 38 A,5200218,UCAP LUMINARIA 150W,,2,LUMINARIA 150W,"Tabla 1 al 331_2026.pdf, pagina 53",5200218
53,SS,1249257,SMAP-0399-25 Cl 34 Cr 38 A,5200202,UCAP BOMBILLO 150W,,2,BOMBILLO 150W,"Tabla 1 al 331_2026.pdf, pagina 53",5200202
53,SS,1249257,SMAP-0399-25 Cl 34 Cr 38 A,5200235,"UCAP BRAZO 1 1/2"" - 1.5M - 52°/0°",,2,BRAZO 1 1/2 - 1.5M - 52°/0°,"Tabla 1 al 331_2026.pdf, pagina 53",5200235
54,SS,1249260,SMAP-0400-25 Cr 45 Cl 7 - 159,5200231,"UCAP BRAZO 1"" - 0.4M - 0°",4,,BRAZO 1 - 0.4M - 0°,"Tabla 1 al 331_2026.pdf, pagina 54",5200231
54,SS,1249260,SMAP-0400-25 Cr 45 Cl 7 - 159,5200270,LUM LED (KORELED) 44W,4,,LUM LED KORELED 44W,"Tabla 1 al 331_2026.pdf, pagina 54",5200270
54,SS,1249260,SMAP-0400-25 Cr 45 Cl 7 - 159,5200308,UCAP POSTE CONCRETO OCTOG 8M,2,,POSTE CONCRETO OCTOG 8M,"Tabla 1 al 331_2026.pdf, pagina 54",5200308
54,SS,1249260,SMAP-0400-25 Cr 45 Cl 7 - 159,5200464,UCAP CABLE CU ENCAUCHETADO 3X14 CU,21,,CABLE CU ENCAUCHETADO 3X14 CU,"Tabla 1 al 331_2026.pdf, pagina 54",5200464
55,SS,1249263,SMAP-0401-25 Cr 43 F Cl 14 A,5200231,"UCAP BRAZO 1"" - 0.4M - 0°",1,1,BRAZO 1 - 0.4M - 0°,"Tabla 1 al 331_2026.pdf, pagina 55",5200231
55,SS,1249263,SMAP-0401-25 Cr 43 F Cl 14 A,5200270,LUM LED (KORELED) 44W,1,,LUM LED KORELED 44W,"Tabla 1 al 331_2026.pdf, pagina 55",5200270
55,SS,1249263,SMAP-0401-25 Cr 43 F Cl 14 A,5200217,UCAP LUMINARIA 70W,,1,LUMINARIA 70W,"Tabla 1 al 331_2026.pdf, pagina 55",5200217
55,SS,1249263,SMAP-0401-25 Cr 43 F Cl 14 A,5200201,UCAP BOMBILLO 70W,,1,BOMBILLO 70W,"Tabla 1 al 331_2026.pdf, pagina 55",5200201
56,SS,1249295,ANDEN SMAP-CIL-0387-25 CL 34 CR 80,5200231,"UCAP BRAZO 1"" - 0.4M - 0°",1,,BRAZO 1 - 0.4M - 0°,"Tabla 1 al 331_2026.pdf, pagina 56",5200231
56,SS,1249295,ANDEN SMAP-CIL-0387-25 CL 34 CR 80,5200270,LUM LED (KORELED) 44W,1,,LUM LED KORELED 44W,"Tabla 1 al 331_2026.pdf, pagina 56",5200270
56,SS,1249295,ANDEN SMAP-CIL-0387-25 CL 34 CR 80,5200308,UCAP POSTE CONCRETO OCTOG 8M,1,,POSTE CONCRETO OCTOG 8M,"Tabla 1 al 331_2026.pdf, pagina 56",5200308
56,SS,1249295,ANDEN SMAP-CIL-0387-25 CL 34 CR 80,5200464,UCAP CABLE CU ENCAUCHETADO 3X14 CU,20,,CABLE CU ENCAUCHETADO 3X14 CU,"Tabla 1 al 331_2026.pdf, pagina 56",5200464
57,SS,1250370,Sendero Peatonal CL 48 FF CR 100AE-64 (INTERIOR 105),5200231,"UCAP BRAZO 1"" - 0.4M - 0°",1,,BRAZO 1 - 0.4M - 0°,"Tabla 1 al 331_2026.pdf, pagina 57",5200231
57,SS,1250370,Sendero Peatonal CL 48 FF CR 100AE-64 (INTERIOR 105),5200270,LUM LED (KORELED) 44W,1,,LUM LED KORELED 44W,"Tabla 1 al 331_2026.pdf, pagina 57",5200270
58,SS,1252513,SMAP-0411-25 Cr 44 A Cl 89 - 140,5200231,"UCAP BRAZO 1"" - 0.4M - 0°",2,2,BRAZO 1 - 0.4M - 0°,"Tabla 1 al 331_2026.pdf, pagina 58",5200231
58,SS,1252513,SMAP-0411-25 Cr 44 A Cl 89 - 140,5200270,LUM LED (KORELED) 44W,2,,LUM LED KORELED 44W,"Tabla 1 al 331_2026.pdf, pagina 58",5200270
58,SS,1252513,SMAP-0411-25 Cr 44 A Cl 89 - 140,5200217,UCAP LUMINARIA 70W,,2,LUMINARIA 70W,"Tabla 1 al 331_2026.pdf, pagina 58",5200217
58,SS,1252513,SMAP-0411-25 Cr 44 A Cl 89 - 140,5200201,UCAP BOMBILLO 70W,,2,BOMBILLO 70W,"Tabla 1 al 331_2026.pdf, pagina 58",5200201
59,SS,1253710,Sendero Cr 48 Cl 118 - 20 Int 103,5200231,"UCAP BRAZO 1"" - 0.4M - 0°",1,,BRAZO 1 - 0.4M - 0°,"Tabla 1 al 331_2026.pdf, pagina 59",5200231
59,SS,1253710,Sendero Cr 48 Cl 118 - 20 Int 103,5200270,LUM LED (KORELED) 44W,1,,LUM LED KORELED 44W,"Tabla 1 al 331_2026.pdf, pagina 59",5200270
60,SS,1256364,SMAP-0019-25 CR 43C entre CL 6 y 7D,5200235,"UCAP BRAZO 1 1/2"" - 1.5M - 52°/0°",3,,BRAZO 1 1/2 - 1.5M - 52°/0°,"Tabla 1 al 331_2026.pdf, pagina 60",5200235
60,SS,1256364,SMAP-0019-25 CR 43C entre CL 6 y 7D,5200269,"LUM LED 110,7 (RALED II)",3,,LUM LED 110 7 RALED II,"Tabla 1 al 331_2026.pdf, pagina 60",5200269
60,SS,1256364,SMAP-0019-25 CR 43C entre CL 6 y 7D,5200394,"UCAP POSTE DE FIBRA 7,5 M ANCLAJE",3,,POSTE DE FIBRA 7 5 M ANCLAJE,"Tabla 1 al 331_2026.pdf, pagina 60",5200394
60,SS,1256364,SMAP-0019-25 CR 43C entre CL 6 y 7D,5200464,UCAP CABLE CU ENCAUCHETADO 3X14 CU,82,,CABLE CU ENCAUCHETADO 3X14 CU,"Tabla 1 al 331_2026.pdf, pagina 60",5200464
61,SN,1052703,ANDEN CR 65 E CL 32 D -59,5200419,POST PRFV 8M 510KGF,1,,POST PRFV 8M 510KGF,"Tabla 1 al 331_2026.pdf, pagina 61",5200419
61,SN,1052703,ANDEN CR 65 E CL 32 D -59,5200270,LUM LED (KORELED) 44W,2,,LUM LED KORELED 44W,"Tabla 1 al 331_2026.pdf, pagina 61",5200270
61,SN,1052703,ANDEN CR 65 E CL 32 D -59,5200231,"BR 1"" - 0.4M - 0°",2,,BR 1 - 0.4M - 0°,"Tabla 1 al 331_2026.pdf, pagina 61",5200231
61,SN,1052703,ANDEN CR 65 E CL 32 D -59,5200464,CABL CU 3X14 (ENCAU),12,,CABL CU 3X14 ENCAU,"Tabla 1 al 331_2026.pdf, pagina 61",5200464
62,SN,1150932,Vía y Anden Cl 38 A Cr 25 - 13,5200235,"UCAP BRAZO 1 1/2"" - 1.5M - 52°/0°",1,1,BRAZO 1 1/2 - 1.5M - 52°/0°,"Tabla 1 al 331_2026.pdf, pagina 62",5200235
62,SN,1150932,Vía y Anden Cl 38 A Cr 25 - 13,5200272,LUM LED (SEPIALED II) 128W,1,1,LUM LED SEPIALED II 128W,"Tabla 1 al 331_2026.pdf, pagina 62",5200272
62,SN,1150932,Vía y Anden Cl 38 A Cr 25 - 13,55220000431089,UPCoAsPte P PORSTFEV C 8OmN CRETO OCTOG 8M,1,,UPCOASPTE P PORSTFEV C 8OMN CRETO OCTOG 8M,"Tabla 1 al 331_2026.pdf, pagina 62",55220000431089
62,SN,1150932,Vía y Anden Cl 38 A Cr 25 - 13,5200464,(Enterrar) UCAP CABLE CU ENCAUCHETADO 3X14 CU,6,,ENTERRAR UCAP CABLE CU ENCAUCHETADO 3X14 CU,"Tabla 1 al 331_2026.pdf, pagina 62",5200464
63,SS,1185130,SMAP-CIL-0230-25 CR 107B CL 45B -108,5200231,"UCAP BRAZO 1"" - 0.4M - 0°",1,,BRAZO 1 - 0.4M - 0°,"Tabla 1 al 331_2026.pdf, pagina 63",5200231
63,SS,1185130,SMAP-CIL-0230-25 CR 107B CL 45B -108,5200270,LUM LED (KORELED) 44W,1,,LUM LED KORELED 44W,"Tabla 1 al 331_2026.pdf, pagina 63",5200270
64,SS,1218023,Cancha de Tejo Limonar 1 CR 61D CL 57 SUR - 7,5020117,UCAP POSTE PRFV 9M (ENTERRAR),4,,POSTE PRFV 9M ENTERRAR,"Tabla 1 al 331_2026.pdf, pagina 64",5020117
64,SS,1218023,Cancha de Tejo Limonar 1 CR 61D CL 57 SUR - 7,5200235,"UCAP BRAZO 1 1/2"" - 1.5M - 52°/0°",4,,BRAZO 1 1/2 - 1.5M - 52°/0°,"Tabla 1 al 331_2026.pdf, pagina 64",5200235
64,SS,1218023,Cancha de Tejo Limonar 1 CR 61D CL 57 SUR - 7,5200272,LUM LED (SEPIALED II) 128W,4,,LUM LED SEPIALED II 128W,"Tabla 1 al 331_2026.pdf, pagina 64",5200272
64,SS,1218023,Cancha de Tejo Limonar 1 CR 61D CL 57 SUR - 7,5200422,CABLE FZA AL 3X6 AWG XLPE 600V 90°C ENTERRADO,31,,CABLE FZA AL 3X6 AWG XLPE 600V 90°C ENTERRADO,"Tabla 1 al 331_2026.pdf, pagina 64",5200422
64,SS,1218023,Cancha de Tejo Limonar 1 CR 61D CL 57 SUR - 7,5200464,UCAP CABLE CU ENCAUCHETADO 3X14 CU,9,,CABLE CU ENCAUCHETADO 3X14 CU,"Tabla 1 al 331_2026.pdf, pagina 64",5200464
64,SS,1218023,Cancha de Tejo Limonar 1 CR 61D CL 57 SUR - 7,5200502,UCAP CAJA CONCRETO DIRECTAMENTE ENT,6,,CAJA CONCRETO DIRECTAMENTE ENT,"Tabla 1 al 331_2026.pdf, pagina 64",5200502
65,SS,1218026,Cancha de Tejo Santa Lucía-Danubio CL 44 C CR 92 - 09,5090208,CAJA DE PASO METÁLICA,8,,CAJA DE PASO METALICA,"Tabla 1 al 331_2026.pdf, pagina 65",5090208
65,SS,1218026,Cancha de Tejo Santa Lucía-Danubio CL 44 C CR 92 - 09,5200235,"UCAP BRAZO 1 1/2"" - 1.5M - 52°/0°",2,,BRAZO 1 1/2 - 1.5M - 52°/0°,"Tabla 1 al 331_2026.pdf, pagina 65",5200235
65,SS,1218026,Cancha de Tejo Santa Lucía-Danubio CL 44 C CR 92 - 09,5200905,(cid:9)PROYECTOR LED 25W SIMETRICO 5000K (ACROLED),8,,CID 9 PROYECTOR LED 25W SIMETRICO 5000K ACROLED,"Tabla 1 al 331_2026.pdf, pagina 65",5200905
65,SS,1218026,Cancha de Tejo Santa Lucía-Danubio CL 44 C CR 92 - 09,5200272,LUM LED (SEPIALED II) 128W,2,,LUM LED SEPIALED II 128W,"Tabla 1 al 331_2026.pdf, pagina 65",5200272
65,SS,1218026,Cancha de Tejo Santa Lucía-Danubio CL 44 C CR 92 - 09,5200419,UCAP POSTE PRFV 8M (ENTERRAR),2,,POSTE PRFV 8M ENTERRAR,"Tabla 1 al 331_2026.pdf, pagina 65",5200419
65,SS,1218026,Cancha de Tejo Santa Lucía-Danubio CL 44 C CR 92 - 09,5200464,UCAP CABLE CU ENCAUCHETADO 3X14 CU,48,,CABLE CU ENCAUCHETADO 3X14 CU,"Tabla 1 al 331_2026.pdf, pagina 65",5200464
66,SS,1175383,SMAP-UDEA-0589-23 CR 102 A # 58 - 87 - Sendero Peatonal,5200232,"UCAP BRAZO 1"" - 1.5M - 52°/0°",1,,BRAZO 1 - 1.5M - 52°/0°,"Tabla 1 al 331_2026.pdf, pagina 66",5200232
66,SS,1175383,SMAP-UDEA-0589-23 CR 102 A # 58 - 87 - Sendero Peatonal,5000263,LUM LED 48W ASIMÉTRICA 4000K HORIZONTAL,1,,LUM LED 48W ASIMETRICA 4000K HORIZONTAL,"Tabla 1 al 331_2026.pdf, pagina 66",5000263
66,SS,1175383,SMAP-UDEA-0589-23 CR 102 A # 58 - 87 - Sendero Peatonal,5200464,UCAP CABLE CU ENCAUCHETADO 3X14 CU,55,,CABLE CU ENCAUCHETADO 3X14 CU,"Tabla 1 al 331_2026.pdf, pagina 66",5200464
67,SS,1206407,SMAP-CIL-0293-25 CL 64AC #106 -107 - Sendero Peatonal,5200231,"UCAP BRAZO 1"" - 0.4M - 0°",1,,BRAZO 1 - 0.4M - 0°,"Tabla 1 al 331_2026.pdf, pagina 67",5200231
67,SS,1206407,SMAP-CIL-0293-25 CL 64AC #106 -107 - Sendero Peatonal,5000263,LUM LED 48W ASIMÉTRICA 4000K HORIZONTAL,1,,LUM LED 48W ASIMETRICA 4000K HORIZONTAL,"Tabla 1 al 331_2026.pdf, pagina 67",5000263
67,SS,1206407,SMAP-CIL-0293-25 CL 64AC #106 -107 - Sendero Peatonal,5200419,UCAP POSTE PRFV 8M (ENTERRAR),1,,POSTE PRFV 8M ENTERRAR,"Tabla 1 al 331_2026.pdf, pagina 67",5200419
67,SS,1206407,SMAP-CIL-0293-25 CL 64AC #106 -107 - Sendero Peatonal,5200464,UCAP CABLE CU ENCAUCHETADO 3X14 CU,20,,CABLE CU ENCAUCHETADO 3X14 CU,"Tabla 1 al 331_2026.pdf, pagina 67",5200464
68,SS,1262052,VIA VDA PAJARITO JUNTO A FUNDACIÓN REMAR,5200232,"UCAP BRAZO 1"" - 1.5M - 52°/0°",1,,BRAZO 1 - 1.5M - 52°/0°,"Tabla 1 al 331_2026.pdf, pagina 68",5200232
68,SS,1262052,VIA VDA PAJARITO JUNTO A FUNDACIÓN REMAR,5000263,LUM LED 48W ASIMÉTRICA 4000K HORIZONTAL,1,,LUM LED 48W ASIMETRICA 4000K HORIZONTAL,"Tabla 1 al 331_2026.pdf, pagina 68",5000263
69,SS,1272741,Sendero Peatonal-El Salado CR 120 CL 39 FF -32 (INTERIOR 109),5200231,"UCAP BRAZO 1"" - 0.4M - 0°",1,,BRAZO 1 - 0.4M - 0°,"Tabla 1 al 331_2026.pdf, pagina 69",5200231
69,SS,1272741,Sendero Peatonal-El Salado CR 120 CL 39 FF -32 (INTERIOR 109),5000263,LUM LED 48W ASIMÉTRICA 4000K HORIZONTAL,1,,LUM LED 48W ASIMETRICA 4000K HORIZONTAL,"Tabla 1 al 331_2026.pdf, pagina 69",5000263
70,SS,1097654,SENDERO PEATONAL CR 97 AB CL 55 -62 Urb Altos de Calazans,5020117,UCAP POSTE PRFV 9M (ENTERRAR),4,,POSTE PRFV 9M ENTERRAR,"Tabla 1 al 331_2026.pdf, pagina 70",5020117
70,SS,1097654,SENDERO PEATONAL CR 97 AB CL 55 -62 Urb Altos de Calazans,5090209,PUESTA A TIERRA,2,,PUESTA A TIERRA,"Tabla 1 al 331_2026.pdf, pagina 70",5090209
70,SS,1097654,SENDERO PEATONAL CR 97 AB CL 55 -62 Urb Altos de Calazans,5200231,"UCAP BRAZO 1"" - 0.4M - 0°",4,,BRAZO 1 - 0.4M - 0°,"Tabla 1 al 331_2026.pdf, pagina 70",5200231
70,SS,1097654,SENDERO PEATONAL CR 97 AB CL 55 -62 Urb Altos de Calazans,5000263,LUM LED 48W ASIMÉTRICA 4000K HORIZONTAL,4,,LUM LED 48W ASIMETRICA 4000K HORIZONTAL,"Tabla 1 al 331_2026.pdf, pagina 70",5000263
70,SS,1097654,SENDERO PEATONAL CR 97 AB CL 55 -62 Urb Altos de Calazans,5200407,"UCAP TRIPLEX AL 2X4+1X4 XLP,AEREO",82,,TRIPLEX AL 2X4+1X4 XLP AEREO,"Tabla 1 al 331_2026.pdf, pagina 70",5200407
71,SS,1082476,VIA - RIELES Reversadero vda la Volcana por el Cementerio,5090209,PUESTA A TIERRA,1,,PUESTA A TIERRA,"Tabla 1 al 331_2026.pdf, pagina 71",5090209
71,SS,1082476,VIA - RIELES Reversadero vda la Volcana por el Cementerio,5200232,"UCAP BRAZO 1"" - 1.5M - 52°/0°",6,,BRAZO 1 - 1.5M - 52°/0°,"Tabla 1 al 331_2026.pdf, pagina 71",5200232
71,SS,1082476,VIA - RIELES Reversadero vda la Volcana por el Cementerio,5000263,LUM LED 48W ASIMÉTRICA 4000K HORIZONTAL,6,,LUM LED 48W ASIMETRICA 4000K HORIZONTAL,"Tabla 1 al 331_2026.pdf, pagina 71",5000263
71,SS,1082476,VIA - RIELES Reversadero vda la Volcana por el Cementerio,5200407,"UCAP TRIPLEX AL 2X4+1X4 XLP,AEREO",64,,TRIPLEX AL 2X4+1X4 XLP AEREO,"Tabla 1 al 331_2026.pdf, pagina 71",5200407
71,SS,1082476,VIA - RIELES Reversadero vda la Volcana por el Cementerio,5200419,UCAP POSTE PRFV 8M (ENTERRAR),3,,POSTE PRFV 8M ENTERRAR,"Tabla 1 al 331_2026.pdf, pagina 71",5200419
72,SS,1226204,PUENTE PEATONAL CL 50 POR CR 66,5200232,"UCAP BRAZO 1"" - 1.5M - 52°/0°",4,,BRAZO 1 - 1.5M - 52°/0°,"Tabla 1 al 331_2026.pdf, pagina 72",5200232
72,SS,1226204,PUENTE PEATONAL CL 50 POR CR 66,5000263,LUM LED 48W ASIMÉTRICA 4000K HORIZONTAL,4,,LUM LED 48W ASIMETRICA 4000K HORIZONTAL,"Tabla 1 al 331_2026.pdf, pagina 72",5000263
72,SS,1226204,PUENTE PEATONAL CL 50 POR CR 66,5200407,"UCAP TRIPLEX AL 2X4+1X4 XLP,AEREO",51,,TRIPLEX AL 2X4+1X4 XLP AEREO,"Tabla 1 al 331_2026.pdf, pagina 72",5200407
72,SS,1226204,PUENTE PEATONAL CL 50 POR CR 66,5200217,UCAP LUMINARIA 70W,,2,LUMINARIA 70W,"Tabla 1 al 331_2026.pdf, pagina 72",5200217
72,SS,1226204,PUENTE PEATONAL CL 50 POR CR 66,5200201,UCAP BOMBILLO 70W,,2,BOMBILLO 70W,"Tabla 1 al 331_2026.pdf, pagina 72",5200201
72,SS,1226204,PUENTE PEATONAL CL 50 POR CR 66,5200231,"UCAP BRAZO 1"" - 0.4M - 0°",,2,BRAZO 1 - 0.4M - 0°,"Tabla 1 al 331_2026.pdf, pagina 72",5200231
72,SS,1226204,PUENTE PEATONAL CL 50 POR CR 66,5200410,duplex cu 14 awg-thw 300v,,48,DUPLEX CU 14 AWG-THW 300V,"Tabla 1 al 331_2026.pdf, pagina 72",5200410
73,SS,1267719,PARQUE CR 66 B ENTRE CL 27 Y CL 28,5200235,"UCAP BRAZO 1 1/2"" - 1.5M - 52°/0°",1,,BRAZO 1 1/2 - 1.5M - 52°/0°,"Tabla 1 al 331_2026.pdf, pagina 73",5200235
73,SS,1267719,PARQUE CR 66 B ENTRE CL 27 Y CL 28,5000263,LUM LED 48W ASIMÉTRICA 4000K HORIZONTAL,4,,LUM LED 48W ASIMETRICA 4000K HORIZONTAL,"Tabla 1 al 331_2026.pdf, pagina 73",5000263
73,SS,1267719,PARQUE CR 66 B ENTRE CL 27 Y CL 28,5000264,"LUM LED 62,4W ASIMÉTRICA 4000K HORIZONTAL",1,,LUM LED 62 4W ASIMETRICA 4000K HORIZONTAL,"Tabla 1 al 331_2026.pdf, pagina 73",5000264
73,SS,1267719,PARQUE CR 66 B ENTRE CL 27 Y CL 28,5200302,UCAP POSTE CONCRETO CARABOBO 5M,4,,POSTE CONCRETO CARABOBO 5M,"Tabla 1 al 331_2026.pdf, pagina 73",5200302
73,SS,1267719,PARQUE CR 66 B ENTRE CL 27 Y CL 28,5200419,UCAP POSTE PRFV 8M (ENTERRAR),1,,POSTE PRFV 8M ENTERRAR,"Tabla 1 al 331_2026.pdf, pagina 73",5200419
73,SS,1267719,PARQUE CR 66 B ENTRE CL 27 Y CL 28,5200422,CABLE FZA AL 3X6 AWG XLPE 600V 90°C ENTERRADO,51,,CABLE FZA AL 3X6 AWG XLPE 600V 90°C ENTERRADO,"Tabla 1 al 331_2026.pdf, pagina 73",5200422
73,SS,1267719,PARQUE CR 66 B ENTRE CL 27 Y CL 28,5200501,UCAP CAJA CONCRETO 50X50 CM,5,,CAJA CONCRETO 50X50 CM,"Tabla 1 al 331_2026.pdf, pagina 73",5200501
73,SS,1267719,PARQUE CR 66 B ENTRE CL 27 Y CL 28,5200238,BRAZO CARABOBO SENCILLO,4,,BRAZO CARABOBO SENCILLO,"Tabla 1 al 331_2026.pdf, pagina 73",5200238
74,SS,1237662,SENDERO PEATONAL CR 83 CL 104 DA -15,5200231,"UCAP BRAZO 1"" - 0.4M - 0°",4,,BRAZO 1 - 0.4M - 0°,"Tabla 1 al 331_2026.pdf, pagina 74",5200231
74,SS,1237662,SENDERO PEATONAL CR 83 CL 104 DA -15,5000263,LUM LED 48W ASIMÉTRICA 4000K HORIZONTAL,4,,LUM LED 48W ASIMETRICA 4000K HORIZONTAL,"Tabla 1 al 331_2026.pdf, pagina 74",5000263
74,SS,1237662,SENDERO PEATONAL CR 83 CL 104 DA -15,5200464,UCAP CABLE CU ENCAUCHETADO 3X14 CU,2,,CABLE CU ENCAUCHETADO 3X14 CU,"Tabla 1 al 331_2026.pdf, pagina 74",5200464
74,SS,1237662,SENDERO PEATONAL CR 83 CL 104 DA -15,5200217,UCAP LUMINARIA 70W,,3,LUMINARIA 70W,"Tabla 1 al 331_2026.pdf, pagina 74",5200217
74,SS,1237662,SENDERO PEATONAL CR 83 CL 104 DA -15,5200201,UCAP BOMBILLO 70W,,3,BOMBILLO 70W,"Tabla 1 al 331_2026.pdf, pagina 74",5200201
74,SS,1237662,SENDERO PEATONAL CR 83 CL 104 DA -15,5200232,"UCAP BRAZO 1"" - 1.5M - 52°/0°",,3,BRAZO 1 - 1.5M - 52°/0°,"Tabla 1 al 331_2026.pdf, pagina 74",5200232
75,SS,1280377,Sendero peatonal-Salado parte alta CL 39DA CR 119C-162,5200231,"UCAP BRAZO 1"" - 0.4M - 0°",2,,BRAZO 1 - 0.4M - 0°,"Tabla 1 al 331_2026.pdf, pagina 75",5200231
75,SS,1280377,Sendero peatonal-Salado parte alta CL 39DA CR 119C-162,5000263,LUM LED 48W ASIMÉTRICA 4000K HORIZONTAL,2,,LUM LED 48W ASIMETRICA 4000K HORIZONTAL,"Tabla 1 al 331_2026.pdf, pagina 75",5000263
76,SS,1150388,SENDERO PEATONAL SMAP-CIL-0138-25 CR 119 CR 55-40,5000263,LUM LED 48W ASIMÉTRICA 4000K HORIZONTAL,3,,LUM LED 48W ASIMETRICA 4000K HORIZONTAL,"Tabla 1 al 331_2026.pdf, pagina 76",5000263
76,SS,1150388,SENDERO PEATONAL SMAP-CIL-0138-25 CR 119 CR 55-40,5200422,CABLE FZA AL 3X6 AWG XLPE 600V 90°C ENTERRADO,25,,CABLE FZA AL 3X6 AWG XLPE 600V 90°C ENTERRADO,"Tabla 1 al 331_2026.pdf, pagina 76",5200422
76,SS,1150388,SENDERO PEATONAL SMAP-CIL-0138-25 CR 119 CR 55-40,5200464,UCAP CABLE CU ENCAUCHETADO 3X14 CU,18,,CABLE CU ENCAUCHETADO 3X14 CU,"Tabla 1 al 331_2026.pdf, pagina 76",5200464
76,SS,1150388,SENDERO PEATONAL SMAP-CIL-0138-25 CR 119 CR 55-40,5200238,UCAP BRAZO SENCILLO CARABOBO,3,3,BRAZO SENCILLO CARABOBO,"Tabla 1 al 331_2026.pdf, pagina 76",5200238
76,SS,1150388,SENDERO PEATONAL SMAP-CIL-0138-25 CR 119 CR 55-40,5200217,UCAP LUMINARIA 70W,,3,LUMINARIA 70W,"Tabla 1 al 331_2026.pdf, pagina 76",5200217
76,SS,1150388,SENDERO PEATONAL SMAP-CIL-0138-25 CR 119 CR 55-40,5200201,UCAP BOMBILLO 70W,,3,BOMBILLO 70W,"Tabla 1 al 331_2026.pdf, pagina 76",5200201
76,SS,1150388,SENDERO PEATONAL SMAP-CIL-0138-25 CR 119 CR 55-40,5200410,UCAP DUPLEX CU 14 AWG-THW 300V,,28,DUPLEX CU 14 AWG-THW 300V,"Tabla 1 al 331_2026.pdf, pagina 76",5200410
77,SS,1159481,SENDERO CL 91 # 65,5200231,"UCAP BRAZO 1"" - 0.4M - 0°",2,,BRAZO 1 - 0.4M - 0°,"Tabla 1 al 331_2026.pdf, pagina 77",5200231
77,SS,1159481,SENDERO CL 91 # 65,5000263,LUM LED 48W ASIMÉTRICA 4000K HORIZONTAL,2,,LUM LED 48W ASIMETRICA 4000K HORIZONTAL,"Tabla 1 al 331_2026.pdf, pagina 77",5000263
77,SS,1159481,SENDERO CL 91 # 65,5200419,UCAP POSTE PRFV 8M (ENTERRAR),2,,POSTE PRFV 8M ENTERRAR,"Tabla 1 al 331_2026.pdf, pagina 77",5200419
77,SS,1159481,SENDERO CL 91 # 65,5200464,UCAP CABLE CU ENCAUCHETADO 3X14 CU,20,,CABLE CU ENCAUCHETADO 3X14 CU,"Tabla 1 al 331_2026.pdf, pagina 77",5200464
78,SS,1280978,Canchas Polideportivas 1 y 2 San Germán Carrera 74B # 62 206,5200464,UCAP CABLE CU ENCAUCHETADO 3X14 CU,28,,CABLE CU ENCAUCHETADO 3X14 CU,"Tabla 1 al 331_2026.pdf, pagina 78",5200464
78,SS,1280978,Canchas Polideportivas 1 y 2 San Germán Carrera 74B # 62 206,5200799,CONTROL TEMPORIZADO 25 A,2,,CONTROL TEMPORIZADO 25 A,"Tabla 1 al 331_2026.pdf, pagina 78",5200799
79,SS,1280954,SENDERO PEATONAL CL 70 F CR 99 -46 INTERIOR 9803,5200231,"UCAP BRAZO 1"" - 0.4M - 0°",1,,BRAZO 1 - 0.4M - 0°,"Tabla 1 al 331_2026.pdf, pagina 79",5200231
79,SS,1280954,SENDERO PEATONAL CL 70 F CR 99 -46 INTERIOR 9803,5000263,LUM LED 48W ASIMÉTRICA 4000K HORIZONTAL,1,,LUM LED 48W ASIMETRICA 4000K HORIZONTAL,"Tabla 1 al 331_2026.pdf, pagina 79",5000263
80,SS,1293126,Andén DIAG 79 A CL 5 -299,5200231,"UCAP BRAZO 1"" - 0.4M - 0°",1,,BRAZO 1 - 0.4M - 0°,"Tabla 1 al 331_2026.pdf, pagina 80",5200231
80,SS,1293126,Andén DIAG 79 A CL 5 -299,5000263,LUM LED 48W ASIMÉTRICA 4000K HORIZONTAL,4,,LUM LED 48W ASIMETRICA 4000K HORIZONTAL,"Tabla 1 al 331_2026.pdf, pagina 80",5000263
80,SS,1293126,Andén DIAG 79 A CL 5 -299,5200302,UCAP POSTE CONCRETO CARABOBO 5M,3,,POSTE CONCRETO CARABOBO 5M,"Tabla 1 al 331_2026.pdf, pagina 80",5200302
80,SS,1293126,Andén DIAG 79 A CL 5 -299,5200422,CABLE FZA AL 3X6 AWG XLPE 600V 90°C ENTERRADO,71,,CABLE FZA AL 3X6 AWG XLPE 600V 90°C ENTERRADO,"Tabla 1 al 331_2026.pdf, pagina 80",5200422
80,SS,1293126,Andén DIAG 79 A CL 5 -299,5200502,UCAP CAJA CONCRETO DIRECTAMENTE ENT,3,,CAJA CONCRETO DIRECTAMENTE ENT,"Tabla 1 al 331_2026.pdf, pagina 80",5200502
80,SS,1293126,Andén DIAG 79 A CL 5 -299,5200238,BRAZO CARABOBO SENCILLO,3,,BRAZO CARABOBO SENCILLO,"Tabla 1 al 331_2026.pdf, pagina 80",5200238
81,SS,1280906,SENDERO PEATONAL VDA PAJARITO POR LA FABRICA DE VELAS DON PEDRO,5200231,"UCAP BRAZO 1"" - 0.4M - 0°",1,,BRAZO 1 - 0.4M - 0°,"Tabla 1 al 331_2026.pdf, pagina 81",5200231
81,SS,1280906,SENDERO PEATONAL VDA PAJARITO POR LA FABRICA DE VELAS DON PEDRO,5000263,LUM LED 48W ASIMÉTRICA 4000K HORIZONTAL,1,,LUM LED 48W ASIMETRICA 4000K HORIZONTAL,"Tabla 1 al 331_2026.pdf, pagina 81",5000263
82,SS,1292879,Andén CL 7 SUR CR 51-41,5200231,"UCAP BRAZO 1"" - 0.4M - 0°",1,,BRAZO 1 - 0.4M - 0°,"Tabla 1 al 331_2026.pdf, pagina 82",5200231
82,SS,1292879,Andén CL 7 SUR CR 51-41,5000263,LUM LED 48W ASIMÉTRICA 4000K HORIZONTAL,1,,LUM LED 48W ASIMETRICA 4000K HORIZONTAL,"Tabla 1 al 331_2026.pdf, pagina 82",5000263
83,SS,1280065,VIA VDA FRISOLA VIA TELEFERICO # 77 CL 120 # 228 - 77,5200232,"UCAP BRAZO 1"" - 1.5M - 52°/0°",2,,BRAZO 1 - 1.5M - 52°/0°,"Tabla 1 al 331_2026.pdf, pagina 83",5200232
83,SS,1280065,VIA VDA FRISOLA VIA TELEFERICO # 77 CL 120 # 228 - 77,5000263,LUM LED 48W ASIMÉTRICA 4000K HORIZONTAL,2,,LUM LED 48W ASIMETRICA 4000K HORIZONTAL,"Tabla 1 al 331_2026.pdf, pagina 83",5000263
83,SS,1280065,VIA VDA FRISOLA VIA TELEFERICO # 77 CL 120 # 228 - 77,5200419,UCAP POSTE PRFV 8M (ENTERRAR),2,,POSTE PRFV 8M ENTERRAR,"Tabla 1 al 331_2026.pdf, pagina 83",5200419
83,SS,1280065,VIA VDA FRISOLA VIA TELEFERICO # 77 CL 120 # 228 - 77,5200464,UCAP CABLE CU ENCAUCHETADO 3X14 CU,49,,CABLE CU ENCAUCHETADO 3X14 CU,"Tabla 1 al 331_2026.pdf, pagina 83",5200464
84,SS,1290975,Sendero Peatonal CL 58 A CR 85E -87 (INTERIOR 201),5200231,"UCAP BRAZO 1"" - 0.4M - 0°",1,,BRAZO 1 - 0.4M - 0°,"Tabla 1 al 331_2026.pdf, pagina 84",5200231
84,SS,1290975,Sendero Peatonal CL 58 A CR 85E -87 (INTERIOR 201),5000263,LUM LED 48W ASIMÉTRICA 4000K HORIZONTAL,1,,LUM LED 48W ASIMETRICA 4000K HORIZONTAL,"Tabla 1 al 331_2026.pdf, pagina 84",5000263
84,SS,1290975,Sendero Peatonal CL 58 A CR 85E -87 (INTERIOR 201),5200419,UCAP POSTE PRFV 8M (ENTERRAR),1,,POSTE PRFV 8M ENTERRAR,"Tabla 1 al 331_2026.pdf, pagina 84",5200419
84,SS,1290975,Sendero Peatonal CL 58 A CR 85E -87 (INTERIOR 201),5200464,UCAP CABLE CU ENCAUCHETADO 3X14 CU,9,,CABLE CU ENCAUCHETADO 3X14 CU,"Tabla 1 al 331_2026.pdf, pagina 84",5200464
85,SS,1292290,PLACA POLIDEPORTIVA CR80 B CL 34 C,5200421,CABLE FZA AL 3X6 AWG XLPE 600V 90°C,28,,CABLE FZA AL 3X6 AWG XLPE 600V 90°C,"Tabla 1 al 331_2026.pdf, pagina 85",5200421
85,SS,1292290,PLACA POLIDEPORTIVA CR80 B CL 34 C,5200799,CONTROL TEMPORIZADO 25 A,1,,CONTROL TEMPORIZADO 25 A,"Tabla 1 al 331_2026.pdf, pagina 85",5200799
86,SS,1292629,SENDERO PEATONAL CL 118 # 64 CC – 68,5200232,"UCAP BRAZO 1"" - 1.5M - 52°/0°",1,,BRAZO 1 - 1.5M - 52°/0°,"Tabla 1 al 331_2026.pdf, pagina 86",5200232
86,SS,1292629,SENDERO PEATONAL CL 118 # 64 CC – 68,5000263,LUM LED 48W ASIMÉTRICA 4000K HORIZONTAL,1,,LUM LED 48W ASIMETRICA 4000K HORIZONTAL,"Tabla 1 al 331_2026.pdf, pagina 86",5000263
87,SS,1159336,SENDERO PEATONAL - PARQUE INFANTIL CL 92A #67A-35_SMAP- CIL-0158-25,5000263,LUM LED 48W ASIMÉTRICA 4000K HORIZONTAL,5,,LUM LED 48W ASIMETRICA 4000K HORIZONTAL,"Tabla 1 al 331_2026.pdf, pagina 87",5000263
87,SS,1159336,SENDERO PEATONAL - PARQUE INFANTIL CL 92A #67A-35_SMAP- CIL-0158-25,5000264,"LUM LED 62,4W ASIMÉTRICA 4000K HORIZONTAL",1,,LUM LED 62 4W ASIMETRICA 4000K HORIZONTAL,"Tabla 1 al 331_2026.pdf, pagina 87",5000264
87,SS,1159336,SENDERO PEATONAL - PARQUE INFANTIL CL 92A #67A-35_SMAP- CIL-0158-25,5200302,UCAP POSTE CONCRETO CARABOBO 5M,6,,POSTE CONCRETO CARABOBO 5M,"Tabla 1 al 331_2026.pdf, pagina 87",5200302
87,SS,1159336,SENDERO PEATONAL - PARQUE INFANTIL CL 92A #67A-35_SMAP- CIL-0158-25,5200407,"UCAP TRIPLEX AL 2X4+1X4 XLP,AEREO",20,,TRIPLEX AL 2X4+1X4 XLP AEREO,"Tabla 1 al 331_2026.pdf, pagina 87",5200407
87,SS,1159336,SENDERO PEATONAL - PARQUE INFANTIL CL 92A #67A-35_SMAP- CIL-0158-25,5200411,UCAP CABLE 3X8 ENTERRADO Z.VERDE,81,,CABLE 3X8 ENTERRADO Z.VERDE,"Tabla 1 al 331_2026.pdf, pagina 87",5200411
87,SS,1159336,SENDERO PEATONAL - PARQUE INFANTIL CL 92A #67A-35_SMAP- CIL-0158-25,5200501,UCAP CAJA CONCRETO 50X50 CM,7,,CAJA CONCRETO 50X50 CM,"Tabla 1 al 331_2026.pdf, pagina 87",5200501
87,SS,1159336,SENDERO PEATONAL - PARQUE INFANTIL CL 92A #67A-35_SMAP- CIL-0158-25,5200238,BRAZO CARABOBO SENCILLO,6,,BRAZO CARABOBO SENCILLO,"Tabla 1 al 331_2026.pdf, pagina 87",5200238
88,SS,1133043,SMAP-CIL-0091-25 CL 54 A CR 81 B,5200231,"UCAP BRAZO 1"" - 0.4M - 0°",3,,BRAZO 1 - 0.4M - 0°,"Tabla 1 al 331_2026.pdf, pagina 88",5200231
88,SS,1133043,SMAP-CIL-0091-25 CL 54 A CR 81 B,5000263,LUM LED 48W ASIMÉTRICA 4000K HORIZONTAL,3,,LUM LED 48W ASIMETRICA 4000K HORIZONTAL,"Tabla 1 al 331_2026.pdf, pagina 88",5000263
89,SS,1133892,SMAP-CIL-0105-25 CL 48 E CR 103 B-84,5200232,"UCAP BRAZO 1"" - 1.5M - 52°/0°",1,,BRAZO 1 - 1.5M - 52°/0°,"Tabla 1 al 331_2026.pdf, pagina 89",5200232
89,SS,1133892,SMAP-CIL-0105-25 CL 48 E CR 103 B-84,5000263,LUM LED 48W ASIMÉTRICA 4000K HORIZONTAL,1,,LUM LED 48W ASIMETRICA 4000K HORIZONTAL,"Tabla 1 al 331_2026.pdf, pagina 89",5000263
90,SS,1221411,Vda. La Aldea Vía Palmitas CL 133 CR 193-185,5200232,"UCAP BRAZO 1"" - 1.5M - 52°/0°",1,1,BRAZO 1 - 1.5M - 52°/0°,"Tabla 1 al 331_2026.pdf, pagina 90",5200232
90,SS,1221411,Vda. La Aldea Vía Palmitas CL 133 CR 193-185,5000263,LUM LED 48W ASIMÉTRICA 4000K HORIZONTAL,1,,LUM LED 48W ASIMETRICA 4000K HORIZONTAL,"Tabla 1 al 331_2026.pdf, pagina 90",5000263
90,SS,1221411,Vda. La Aldea Vía Palmitas CL 133 CR 193-185,5200308,UCAP POSTE CONCRETO OCTOG 8M,1,,POSTE CONCRETO OCTOG 8M,"Tabla 1 al 331_2026.pdf, pagina 90",5200308
90,SS,1221411,Vda. La Aldea Vía Palmitas CL 133 CR 193-185,5200464,UCAP CABLE CU ENCAUCHETADO 3X14 CU,30,,CABLE CU ENCAUCHETADO 3X14 CU,"Tabla 1 al 331_2026.pdf, pagina 90",5200464
90,SS,1221411,Vda. La Aldea Vía Palmitas CL 133 CR 193-185,5200217,UCAP LUMINARIA 70W,,1,LUMINARIA 70W,"Tabla 1 al 331_2026.pdf, pagina 90",5200217
90,SS,1221411,Vda. La Aldea Vía Palmitas CL 133 CR 193-185,5200201,UCAP BOMBILLO 70W,,1,BOMBILLO 70W,"Tabla 1 al 331_2026.pdf, pagina 90",5200201
91,SS,1285564,Carlos E restrepo CL 57 DIAG 63AA,5200799,CONTROL TEMPORIZADO 25 A,2,,CONTROL TEMPORIZADO 25 A,"Tabla 1 al 331_2026.pdf, pagina 91",5200799
92,SS,1280964,SENDERO PEATONAL Circular 5 Carrera 66B - 179,5200799,CONTROL TEMPORIZADO 25 A,2,,CONTROL TEMPORIZADO 25 A,"Tabla 1 al 331_2026.pdf, pagina 92",5200799
93,SS,1280968,Cancha Polideportiva El Triángulo Calle 40 # 63C 65,5200464,UCAP CABLE CU ENCAUCHETADO 3X14 CU,34,,CABLE CU ENCAUCHETADO 3X14 CU,"Tabla 1 al 331_2026.pdf, pagina 93",5200464
93,SS,1280968,Cancha Polideportiva El Triángulo Calle 40 # 63C 65,5200799,CONTROL TEMPORIZADO 25 A,2,,CONTROL TEMPORIZADO 25 A,"Tabla 1 al 331_2026.pdf, pagina 93",5200799
94,SS,1280552,Cancha deportiva santa maria de la paz CR 71A CL 81,5200235,"UCAP BRAZO 1 1/2"" - 1.5M - 52°/0°",2,,BRAZO 1 1/2 - 1.5M - 52°/0°,"Tabla 1 al 331_2026.pdf, pagina 94",5200235
94,SS,1280552,Cancha deportiva santa maria de la paz CR 71A CL 81,5200241,UCAP BRAZO CURVO 3000M,,2,BRAZO CURVO 3000M,"Tabla 1 al 331_2026.pdf, pagina 94",5200241
95,SS,1285585,Sendero Peatonal CR 111B CL 34CC-84,5200231,"UCAP BRAZO 1"" - 0.4M - 0°",2,,BRAZO 1 - 0.4M - 0°,"Tabla 1 al 331_2026.pdf, pagina 95",5200231
95,SS,1285585,Sendero Peatonal CR 111B CL 34CC-84,5000263,LUM LED 48W ASIMÉTRICA 4000K HORIZONTAL,2,,LUM LED 48W ASIMETRICA 4000K HORIZONTAL,"Tabla 1 al 331_2026.pdf, pagina 95",5000263
95,SS,1285585,Sendero Peatonal CR 111B CL 34CC-84,5200419,UCAP POSTE PRFV 8M (ENTERRAR),1,,POSTE PRFV 8M ENTERRAR,"Tabla 1 al 331_2026.pdf, pagina 95",5200419
95,SS,1285585,Sendero Peatonal CR 111B CL 34CC-84,5200464,UCAP CABLE CU ENCAUCHETADO 3X14 CU,34,,CABLE CU ENCAUCHETADO 3X14 CU,"Tabla 1 al 331_2026.pdf, pagina 95",5200464
96,SS,1285885,Sendero Peatonal CL 3 A CR 80 A -26,5200232,"UCAP BRAZO 1"" - 1.5M - 52°/0°",1,,BRAZO 1 - 1.5M - 52°/0°,"Tabla 1 al 331_2026.pdf, pagina 96",5200232
96,SS,1285885,Sendero Peatonal CL 3 A CR 80 A -26,5000263,LUM LED 48W ASIMÉTRICA 4000K HORIZONTAL,1,,LUM LED 48W ASIMETRICA 4000K HORIZONTAL,"Tabla 1 al 331_2026.pdf, pagina 96",5000263
96,SS,1285885,Sendero Peatonal CL 3 A CR 80 A -26,5200419,UCAP POSTE PRFV 8M (ENTERRAR),1,,POSTE PRFV 8M ENTERRAR,"Tabla 1 al 331_2026.pdf, pagina 96",5200419
96,SS,1285885,Sendero Peatonal CL 3 A CR 80 A -26,5200464,UCAP CABLE CU ENCAUCHETADO 3X14 CU,15,,CABLE CU ENCAUCHETADO 3X14 CU,"Tabla 1 al 331_2026.pdf, pagina 96",5200464
97,SS,1279840,SENDERO PEATONAL CR 90 D CL 82 -8 INTERIOR 201,5200231,"UCAP BRAZO 1"" - 0.4M - 0°",1,,BRAZO 1 - 0.4M - 0°,"Tabla 1 al 331_2026.pdf, pagina 97",5200231
97,SS,1279840,SENDERO PEATONAL CR 90 D CL 82 -8 INTERIOR 201,5000263,LUM LED 48W ASIMÉTRICA 4000K HORIZONTAL,1,,LUM LED 48W ASIMETRICA 4000K HORIZONTAL,"Tabla 1 al 331_2026.pdf, pagina 97",5000263
97,SS,1279840,SENDERO PEATONAL CR 90 D CL 82 -8 INTERIOR 201,5200464,UCAP CABLE CU ENCAUCHETADO 3X14 CU,13,,CABLE CU ENCAUCHETADO 3X14 CU,"Tabla 1 al 331_2026.pdf, pagina 97",5200464
98,SS,,Unidad Belen Rincón CR 76A CL 1C-5,5200464,UCAP CABLE CU ENCAUCHETADO 3X14 CU,34,15,CABLE CU ENCAUCHETADO 3X14 CU,"Tabla 1 al 331_2026.pdf, pagina 98",5200464
98,SS,,Unidad Belen Rincón CR 76A CL 1C-5,5200799,CONTROL TEMPORIZADO 25 A,2,,CONTROL TEMPORIZADO 25 A,"Tabla 1 al 331_2026.pdf, pagina 98",5200799
98,SS,,Unidad Belen Rincón CR 76A CL 1C-5,5200206,UCAP LUMINARIA LED 56W HORIZONTAL,,2,LUMINARIA LED 56W HORIZONTAL,"Tabla 1 al 331_2026.pdf, pagina 98",5200206
98,SS,,Unidad Belen Rincón CR 76A CL 1C-5,5200231,"UCAP BRAZO 1"" - 0.4M - 0°",,2,BRAZO 1 - 0.4M - 0°,"Tabla 1 al 331_2026.pdf, pagina 98",5200231
98,SS,,Unidad Belen Rincón CR 76A CL 1C-5,5200419,UCAP POSTE PRFV 8M (ENTERRAR),,1,POSTE PRFV 8M ENTERRAR,"Tabla 1 al 331_2026.pdf, pagina 98",5200419
99,SS,1278366,SENDERO PEATONAL CL 114 CR 81 - 34 int 103,5200231,"UCAP BRAZO 1"" - 0.4M - 0°",1,,BRAZO 1 - 0.4M - 0°,"Tabla 1 al 331_2026.pdf, pagina 99",5200231
99,SS,1278366,SENDERO PEATONAL CL 114 CR 81 - 34 int 103,5000263,LUM LED 48W ASIMÉTRICA 4000K HORIZONTAL,1,,LUM LED 48W ASIMETRICA 4000K HORIZONTAL,"Tabla 1 al 331_2026.pdf, pagina 99",5000263
99,SS,1278366,SENDERO PEATONAL CL 114 CR 81 - 34 int 103,5200464,UCAP CABLE CU ENCAUCHETADO 3X14 CU,3,,CABLE CU ENCAUCHETADO 3X14 CU,"Tabla 1 al 331_2026.pdf, pagina 99",5200464
100,SS,1067492,Via San Antonio de Prado el Chuscal Calle 24sur Carrera 94-12,5090209,PUESTA A TIERRA,17,,PUESTA A TIERRA,"Tabla 1 al 331_2026.pdf, pagina 100",5090209
100,SS,1067492,Via San Antonio de Prado el Chuscal Calle 24sur Carrera 94-12,5200232,"UCAP BRAZO 1"" - 1.5M - 52°/0°",113,,BRAZO 1 - 1.5M - 52°/0°,"Tabla 1 al 331_2026.pdf, pagina 100",5200232
100,SS,1067492,Via San Antonio de Prado el Chuscal Calle 24sur Carrera 94-12,5000264,"LUM LED 62,4W ASIMÉTRICA 4000K HORIZONTAL",113,,LUM LED 62 4W ASIMETRICA 4000K HORIZONTAL,"Tabla 1 al 331_2026.pdf, pagina 100",5000264
100,SS,1067492,Via San Antonio de Prado el Chuscal Calle 24sur Carrera 94-12,5200301,UCAP POSTE CONCRETO REDONDO 9M.,113,,POSTE CONCRETO REDONDO 9M,"Tabla 1 al 331_2026.pdf, pagina 100",5200301
100,SS,1067492,Via San Antonio de Prado el Chuscal Calle 24sur Carrera 94-12,5200407,"UCAP TRIPLEX AL 2X4+1X4 XLP,AEREO",2738,,TRIPLEX AL 2X4+1X4 XLP AEREO,"Tabla 1 al 331_2026.pdf, pagina 100",5200407
100,SS,1067492,Via San Antonio de Prado el Chuscal Calle 24sur Carrera 94-12,5200408,UCAP TRIPLEX AL 2X2+1X4 XLP AEREO,613,,TRIPLEX AL 2X2+1X4 XLP AEREO,"Tabla 1 al 331_2026.pdf, pagina 100",5200408
100,SS,1067492,Via San Antonio de Prado el Chuscal Calle 24sur Carrera 94-12,5200464,UCAP CABLE CU ENCAUCHETADO 3X14 CU,,35,CABLE CU ENCAUCHETADO 3X14 CU,"Tabla 1 al 331_2026.pdf, pagina 100",5200464
100,SS,1067492,Via San Antonio de Prado el Chuscal Calle 24sur Carrera 94-12,5120201,UCAP - VIENTO SECUNDARIO CONVENCIONAL,24,,- VIENTO SECUNDARIO CONVENCIONAL,"Tabla 1 al 331_2026.pdf, pagina 100",5120201
101,SS,1218030,Cancha de tejo San Cristóbal 1 y 2 CR 130 B CL 64,5090208,CAJA DE PASO METÁLICA,18,,CAJA DE PASO METALICA,"Tabla 1 al 331_2026.pdf, pagina 101",5090208
101,SS,1218030,Cancha de tejo San Cristóbal 1 y 2 CR 130 B CL 64,5200905,(cid:9)PROYECTOR LED 25W SIMETRICO 5000K (ACROLED),16,,CID 9 PROYECTOR LED 25W SIMETRICO 5000K ACROLED,"Tabla 1 al 331_2026.pdf, pagina 101",5200905
101,SS,1218030,Cancha de tejo San Cristóbal 1 y 2 CR 130 B CL 64,5200464,UCAP CABLE CU ENCAUCHETADO 3X14 CU,76,,CABLE CU ENCAUCHETADO 3X14 CU,"Tabla 1 al 331_2026.pdf, pagina 101",5200464
101,SS,1218030,Cancha de tejo San Cristóbal 1 y 2 CR 130 B CL 64,5200232,"UCAP BRAZO 1"" - 1.5M - 52°/0°",,1,BRAZO 1 - 1.5M - 52°/0°,"Tabla 1 al 331_2026.pdf, pagina 101",5200232
101,SS,1218030,Cancha de tejo San Cristóbal 1 y 2 CR 130 B CL 64,5200270,LUM LED (KORELED) 44W,,1,LUM LED KORELED 44W,"Tabla 1 al 331_2026.pdf, pagina 101",5200270
102,SS,1227868,VIA VEREDA TRAVESIAS Corregimiento San Cristobal,5200232,"UCAP BRAZO 1"" - 1.5M - 52°/0°",5,,BRAZO 1 - 1.5M - 52°/0°,"Tabla 1 al 331_2026.pdf, pagina 102",5200232
102,SS,1227868,VIA VEREDA TRAVESIAS Corregimiento San Cristobal,5000263,LUM LED 48W ASIMÉTRICA 4000K HORIZONTAL,5,,LUM LED 48W ASIMETRICA 4000K HORIZONTAL,"Tabla 1 al 331_2026.pdf, pagina 102",5000263
103,SS,1228651,CRA 75 #49-36 Andén Peatonal Barrio Estadio,5200231,"UCAP BRAZO 1"" - 0.4M - 0°",2,,BRAZO 1 - 0.4M - 0°,"Tabla 1 al 331_2026.pdf, pagina 103",5200231
103,SS,1228651,CRA 75 #49-36 Andén Peatonal Barrio Estadio,5000263,LUM LED 48W ASIMÉTRICA 4000K HORIZONTAL,2,,LUM LED 48W ASIMETRICA 4000K HORIZONTAL,"Tabla 1 al 331_2026.pdf, pagina 103",5000263
104,SS,1237803,SENDERO PEATONAL VEREDA EL LLANO,5200231,"UCAP BRAZO 1"" - 0.4M - 0°",2,,BRAZO 1 - 0.4M - 0°,"Tabla 1 al 331_2026.pdf, pagina 104",5200231
104,SS,1237803,SENDERO PEATONAL VEREDA EL LLANO,5000263,LUM LED 48W ASIMÉTRICA 4000K HORIZONTAL,2,,LUM LED 48W ASIMETRICA 4000K HORIZONTAL,"Tabla 1 al 331_2026.pdf, pagina 104",5000263
105,SS,1265952,VIA SMAP 0420 CL 89 ENTRE CR 75B Y CR 76,5200232,"UCAP BRAZO 1"" - 1.5M - 52°/0°",2,2,BRAZO 1 - 1.5M - 52°/0°,"Tabla 1 al 331_2026.pdf, pagina 105",5200232
105,SS,1265952,VIA SMAP 0420 CL 89 ENTRE CR 75B Y CR 76,5000263,LUM LED 48W ASIMÉTRICA 4000K HORIZONTAL,2,,LUM LED 48W ASIMETRICA 4000K HORIZONTAL,"Tabla 1 al 331_2026.pdf, pagina 105",5000263
105,SS,1265952,VIA SMAP 0420 CL 89 ENTRE CR 75B Y CR 76,5200217,UCAP LUMINARIA 70W,,2,LUMINARIA 70W,"Tabla 1 al 331_2026.pdf, pagina 105",5200217
105,SS,1265952,VIA SMAP 0420 CL 89 ENTRE CR 75B Y CR 76,5200201,UCAP BOMBILLO 70W,,2,BOMBILLO 70W,"Tabla 1 al 331_2026.pdf, pagina 105",5200201
106,SS,1272584,SENDERO PEATONAL CR 98 D CL 67 C -18,5200231,"UCAP BRAZO 1"" - 0.4M - 0°",1,,BRAZO 1 - 0.4M - 0°,"Tabla 1 al 331_2026.pdf, pagina 106",5200231
106,SS,1272584,SENDERO PEATONAL CR 98 D CL 67 C -18,5000263,LUM LED 48W ASIMÉTRICA 4000K HORIZONTAL,1,,LUM LED 48W ASIMETRICA 4000K HORIZONTAL,"Tabla 1 al 331_2026.pdf, pagina 106",5000263
106,SS,1272584,SENDERO PEATONAL CR 98 D CL 67 C -18,5200464,UCAP CABLE CU ENCAUCHETADO 3X14 CU,2,,CABLE CU ENCAUCHETADO 3X14 CU,"Tabla 1 al 331_2026.pdf, pagina 106",5200464
107,SS,1273562,Sendero Peatonal CR 94 CL 57C -65 (INTERIOR 2142),5200231,"UCAP BRAZO 1"" - 0.4M - 0°",2,,BRAZO 1 - 0.4M - 0°,"Tabla 1 al 331_2026.pdf, pagina 107",5200231
107,SS,1273562,Sendero Peatonal CR 94 CL 57C -65 (INTERIOR 2142),5000263,LUM LED 48W ASIMÉTRICA 4000K HORIZONTAL,2,,LUM LED 48W ASIMETRICA 4000K HORIZONTAL,"Tabla 1 al 331_2026.pdf, pagina 107",5000263
108,SS,1273907,Sendero Peatonal-Palo Blanco CR 84 CL 41 A SUR -92 (INTERIOR 116),5200231,"UCAP BRAZO 1"" - 0.4M - 0°",1,,BRAZO 1 - 0.4M - 0°,"Tabla 1 al 331_2026.pdf, pagina 108",5200231
108,SS,1273907,Sendero Peatonal-Palo Blanco CR 84 CL 41 A SUR -92 (INTERIOR 116),5000263,LUM LED 48W ASIMÉTRICA 4000K HORIZONTAL,1,,LUM LED 48W ASIMETRICA 4000K HORIZONTAL,"Tabla 1 al 331_2026.pdf, pagina 108",5000263
109,SS,1234,Sendero Peatonal-Buga parte alta CR 137B -15A 191,5200232,"UCAP BRAZO 1"" - 1.5M - 52°/0°",1,,BRAZO 1 - 1.5M - 52°/0°,"Tabla 1 al 331_2026.pdf, pagina 109",5200232
109,SS,1234,Sendero Peatonal-Buga parte alta CR 137B -15A 191,5000263,LUM LED 48W ASIMÉTRICA 4000K HORIZONTAL,1,,LUM LED 48W ASIMETRICA 4000K HORIZONTAL,"Tabla 1 al 331_2026.pdf, pagina 109",5000263
110,SS,1279255,Vía-vereda la Verde CL 36 D SUR CR 55 E -22 (INTERIOR 301),5200232,"UCAP BRAZO 1"" - 1.5M - 52°/0°",4,,BRAZO 1 - 1.5M - 52°/0°,"Tabla 1 al 331_2026.pdf, pagina 110",5200232
110,SS,1279255,Vía-vereda la Verde CL 36 D SUR CR 55 E -22 (INTERIOR 301),5000263,LUM LED 48W ASIMÉTRICA 4000K HORIZONTAL,4,,LUM LED 48W ASIMETRICA 4000K HORIZONTAL,"Tabla 1 al 331_2026.pdf, pagina 110",5000263
110,SS,1279255,Vía-vereda la Verde CL 36 D SUR CR 55 E -22 (INTERIOR 301),5200308,UCAP POSTE CONCRETO OCTOG 8M,4,,POSTE CONCRETO OCTOG 8M,"Tabla 1 al 331_2026.pdf, pagina 110",5200308
110,SS,1279255,Vía-vereda la Verde CL 36 D SUR CR 55 E -22 (INTERIOR 301),5200407,"UCAP TRIPLEX AL 2X4+1X4 XLP,AEREO",123,,TRIPLEX AL 2X4+1X4 XLP AEREO,"Tabla 1 al 331_2026.pdf, pagina 110",5200407
111,SS,1279979,Sendero peatonal-La Cuchilla CL 48 D CR 99 B -621,5200231,"UCAP BRAZO 1"" - 0.4M - 0°",2,,BRAZO 1 - 0.4M - 0°,"Tabla 1 al 331_2026.pdf, pagina 111",5200231
111,SS,1279979,Sendero peatonal-La Cuchilla CL 48 D CR 99 B -621,5000263,LUM LED 48W ASIMÉTRICA 4000K HORIZONTAL,2,,LUM LED 48W ASIMETRICA 4000K HORIZONTAL,"Tabla 1 al 331_2026.pdf, pagina 111",5000263
111,SS,1279979,Sendero peatonal-La Cuchilla CL 48 D CR 99 B -621,5200419,UCAP POSTE PRFV 8M (ENTERRAR),1,,POSTE PRFV 8M ENTERRAR,"Tabla 1 al 331_2026.pdf, pagina 111",5200419
111,SS,1279979,Sendero peatonal-La Cuchilla CL 48 D CR 99 B -621,5200464,UCAP CABLE CU ENCAUCHETADO 3X14 CU,16,,CABLE CU ENCAUCHETADO 3X14 CU,"Tabla 1 al 331_2026.pdf, pagina 111",5200464
112,SS,1286701,Vía CL 47A CR 95,5200231,"UCAP BRAZO 1"" - 0.4M - 0°",2,,BRAZO 1 - 0.4M - 0°,"Tabla 1 al 331_2026.pdf, pagina 112",5200231
112,SS,1286701,Vía CL 47A CR 95,5200232,"UCAP BRAZO 1"" - 1.5M - 52°/0°",1,,BRAZO 1 - 1.5M - 52°/0°,"Tabla 1 al 331_2026.pdf, pagina 112",5200232
112,SS,1286701,Vía CL 47A CR 95,5200271,LUM LED (MAXIMO M) 59.16W,1,,LUM LED MAXIMO M 59.16W,"Tabla 1 al 331_2026.pdf, pagina 112",5200271
112,SS,1286701,Vía CL 47A CR 95,5000263,LUM LED 48W ASIMÉTRICA 4000K HORIZONTAL,2,,LUM LED 48W ASIMETRICA 4000K HORIZONTAL,"Tabla 1 al 331_2026.pdf, pagina 112",5000263
112,SS,1286701,Vía CL 47A CR 95,5200308,UCAP POSTE CONCRETO OCTOG 8M,1,,POSTE CONCRETO OCTOG 8M,"Tabla 1 al 331_2026.pdf, pagina 112",5200308
112,SS,1286701,Vía CL 47A CR 95,5200464,UCAP CABLE CU ENCAUCHETADO 3X14 CU,15,,CABLE CU ENCAUCHETADO 3X14 CU,"Tabla 1 al 331_2026.pdf, pagina 112",5200464
113,SS,1199156,ZONA VERDE CR 65 CL 101,5000269,"PROYEC LED 110W TIPO V LARGA (LONG ""L"") 5000K",4,,PROYEC LED 110W TIPO V LARGA LONG L 5000K,"Tabla 1 al 331_2026.pdf, pagina 113",5000269
113,SS,1199156,ZONA VERDE CR 65 CL 101,5200127,UCAP PROY. 1000W.,,4,PROY 1000W,"Tabla 1 al 331_2026.pdf, pagina 113",5200127
113,SS,1199156,ZONA VERDE CR 65 CL 101,5200214,UCAP BOMBILLO 1000W,,4,BOMBILLO 1000W,"Tabla 1 al 331_2026.pdf, pagina 113",5200214
114,SS,1213672,SENDERO PEATONAL CR 63 # 103EE-164,5200232,"UCAP BRAZO 1"" - 1.5M - 52°/0°",3,,BRAZO 1 - 1.5M - 52°/0°,"Tabla 1 al 331_2026.pdf, pagina 114",5200232
114,SS,1213672,SENDERO PEATONAL CR 63 # 103EE-164,5000263,LUM LED 48W ASIMÉTRICA 4000K HORIZONTAL,3,,LUM LED 48W ASIMETRICA 4000K HORIZONTAL,"Tabla 1 al 331_2026.pdf, pagina 114",5000263
114,SS,1213672,SENDERO PEATONAL CR 63 # 103EE-164,5200217,UCAP LUMINARIA 70W,,3,LUMINARIA 70W,"Tabla 1 al 331_2026.pdf, pagina 114",5200217
114,SS,1213672,SENDERO PEATONAL CR 63 # 103EE-164,5200201,UCAP BOMBILLO 70W,,3,BOMBILLO 70W,"Tabla 1 al 331_2026.pdf, pagina 114",5200201
115,SS,1228322,VIA SECUNDARIA CR 73A CL 100 -15,5200232,"UCAP BRAZO 1"" - 1.5M - 52°/0°",3,1,BRAZO 1 - 1.5M - 52°/0°,"Tabla 1 al 331_2026.pdf, pagina 115",5200232
115,SS,1228322,VIA SECUNDARIA CR 73A CL 100 -15,5000264,"LUM LED 62,4W ASIMÉTRICA 4000K HORIZONTAL",3,,LUM LED 62 4W ASIMETRICA 4000K HORIZONTAL,"Tabla 1 al 331_2026.pdf, pagina 115",5000264
115,SS,1228322,VIA SECUNDARIA CR 73A CL 100 -15,5200217,UCAP LUMINARIA 70W,,1,LUMINARIA 70W,"Tabla 1 al 331_2026.pdf, pagina 115",5200217
115,SS,1228322,VIA SECUNDARIA CR 73A CL 100 -15,5200201,UCAP BOMBILLO 70W,,1,BOMBILLO 70W,"Tabla 1 al 331_2026.pdf, pagina 115",5200201
116,SS,1240530,SENDERO PEATONAL CL 95 CR 84 -17,5200231,"UCAP BRAZO 1"" - 0.4M - 0°",1,,BRAZO 1 - 0.4M - 0°,"Tabla 1 al 331_2026.pdf, pagina 116",5200231
116,SS,1240530,SENDERO PEATONAL CL 95 CR 84 -17,5000263,LUM LED 48W ASIMÉTRICA 4000K HORIZONTAL,1,,LUM LED 48W ASIMETRICA 4000K HORIZONTAL,"Tabla 1 al 331_2026.pdf, pagina 116",5000263
116,SS,1240530,SENDERO PEATONAL CL 95 CR 84 -17,5200308,UCAP POSTE CONCRETO OCTOG 8M,1,,POSTE CONCRETO OCTOG 8M,"Tabla 1 al 331_2026.pdf, pagina 116",5200308
116,SS,1240530,SENDERO PEATONAL CL 95 CR 84 -17,5200464,UCAP CABLE CU ENCAUCHETADO 3X14 CU,8,,CABLE CU ENCAUCHETADO 3X14 CU,"Tabla 1 al 331_2026.pdf, pagina 116",5200464
117,SS,1262966,Vía y Andén Cr 36 Cl 90 - 6,5200235,"UCAP BRAZO 1 1/2"" - 1.5M - 52°/0°",1,1,BRAZO 1 1/2 - 1.5M - 52°/0°,"Tabla 1 al 331_2026.pdf, pagina 117",5200235
117,SS,1262966,Vía y Andén Cr 36 Cl 90 - 6,5200272,LUM LED (SEPIALED II) 128W,1,1,LUM LED SEPIALED II 128W,"Tabla 1 al 331_2026.pdf, pagina 117",5200272
117,SS,1262966,Vía y Andén Cr 36 Cl 90 - 6,5200419,UCAP POSTE PRFV 8M (ENTERRAR),1,1,POSTE PRFV 8M ENTERRAR,"Tabla 1 al 331_2026.pdf, pagina 117",5200419
117,SS,1262966,Vía y Andén Cr 36 Cl 90 - 6,5200464,UCAP CABLE CU ENCAUCHETADO 3X14 CU,18,16,CABLE CU ENCAUCHETADO 3X14 CU,"Tabla 1 al 331_2026.pdf, pagina 117",5200464
118,SS,1080964,SMAP-0004-25-Parque Superman CR 48 CL 26 -85,5200239,UCAP BRAZO DOBLE CARABOBO,6,,BRAZO DOBLE CARABOBO,"Tabla 1 al 331_2026.pdf, pagina 118",5200239
118,SS,1080964,SMAP-0004-25-Parque Superman CR 48 CL 26 -85,5000263,LUM LED 48W ASIMÉTRICA 4000K HORIZONTAL,14,,LUM LED 48W ASIMETRICA 4000K HORIZONTAL,"Tabla 1 al 331_2026.pdf, pagina 118",5000263
118,SS,1080964,SMAP-0004-25-Parque Superman CR 48 CL 26 -85,5200302,UCAP POSTE CONCRETO CARABOBO 5M,8,,POSTE CONCRETO CARABOBO 5M,"Tabla 1 al 331_2026.pdf, pagina 118",5200302
118,SS,1080964,SMAP-0004-25-Parque Superman CR 48 CL 26 -85,5200464,UCAP CABLE CU ENCAUCHETADO 3X14 CU,110,,CABLE CU ENCAUCHETADO 3X14 CU,"Tabla 1 al 331_2026.pdf, pagina 118",5200464
118,SS,1080964,SMAP-0004-25-Parque Superman CR 48 CL 26 -85,5200502,UCAP CAJA CONCRETO DIRECTAMENTE ENT,9,,CAJA CONCRETO DIRECTAMENTE ENT,"Tabla 1 al 331_2026.pdf, pagina 118",5200502
118,SS,1080964,SMAP-0004-25-Parque Superman CR 48 CL 26 -85,5200238,BRAZO CARABOBO SENCILLO,2,,BRAZO CARABOBO SENCILLO,"Tabla 1 al 331_2026.pdf, pagina 118",5200238
119,SS,1195524,"CANCHA DE MINIFUTBOL VILLA SOFIA #2 Cl. 85 # 90-5, SMAP-CIL- 0256-25",5000269,"PROYEC LED 110W TIPO V LARGA (LONG ""L"") 5000K",4,,PROYEC LED 110W TIPO V LARGA LONG L 5000K,"Tabla 1 al 331_2026.pdf, pagina 119",5000269
119,SS,1195524,"CANCHA DE MINIFUTBOL VILLA SOFIA #2 Cl. 85 # 90-5, SMAP-CIL- 0256-25",5200419,UCAP POSTE PRFV 8M (ENTERRAR),2,,POSTE PRFV 8M ENTERRAR,"Tabla 1 al 331_2026.pdf, pagina 119",5200419
119,SS,1195524,"CANCHA DE MINIFUTBOL VILLA SOFIA #2 Cl. 85 # 90-5, SMAP-CIL- 0256-25",5200235,"UCAP BRAZO 1 1/2"" - 1.5M - 52°/0°",,2,BRAZO 1 1/2 - 1.5M - 52°/0°,"Tabla 1 al 331_2026.pdf, pagina 119",5200235
119,SS,1195524,"CANCHA DE MINIFUTBOL VILLA SOFIA #2 Cl. 85 # 90-5, SMAP-CIL- 0256-25",5200272,LUM LED (SEPIALED II) 128W,,2,LUM LED SEPIALED II 128W,"Tabla 1 al 331_2026.pdf, pagina 119",5200272
119,SS,1195524,"CANCHA DE MINIFUTBOL VILLA SOFIA #2 Cl. 85 # 90-5, SMAP-CIL- 0256-25",5200306,UCAP POSTE MADERA REDONDO DE 8M,,2,POSTE MADERA REDONDO DE 8M,"Tabla 1 al 331_2026.pdf, pagina 119",5200306
120,SS,1257586,Sendero Cl 90 C Cr 24 C - 32 Int 9901,5200231,"UCAP BRAZO 1"" - 0.4M - 0°",2,,BRAZO 1 - 0.4M - 0°,"Tabla 1 al 331_2026.pdf, pagina 120",5200231
120,SS,1257586,Sendero Cl 90 C Cr 24 C - 32 Int 9901,5000263,LUM LED 48W ASIMÉTRICA 4000K HORIZONTAL,2,,LUM LED 48W ASIMETRICA 4000K HORIZONTAL,"Tabla 1 al 331_2026.pdf, pagina 120",5000263
121,SS,1265120,Andén Cr 34 Cl 57 B - 38,5200231,"UCAP BRAZO 1"" - 0.4M - 0°",2,,BRAZO 1 - 0.4M - 0°,"Tabla 1 al 331_2026.pdf, pagina 121",5200231
121,SS,1265120,Andén Cr 34 Cl 57 B - 38,5000263,LUM LED 48W ASIMÉTRICA 4000K HORIZONTAL,2,,LUM LED 48W ASIMETRICA 4000K HORIZONTAL,"Tabla 1 al 331_2026.pdf, pagina 121",5000263
122,SS,1265941,SMAP-CIL-0417-26 CR 52 CL 29 D,5090208,CAJA DE PASO METÁLICA,3,,CAJA DE PASO METALICA,"Tabla 1 al 331_2026.pdf, pagina 122",5090208
122,SS,1265941,SMAP-CIL-0417-26 CR 52 CL 29 D,5200469,PROYECTOR LED ACROLED 32W 120-277VCA ASIMETRICO 5000K,2,,PROYECTOR LED ACROLED 32W 120-277VCA ASIMETRICO 5000K,"Tabla 1 al 331_2026.pdf, pagina 122",5200469
122,SS,1265941,SMAP-CIL-0417-26 CR 52 CL 29 D,5200464,UCAP CABLE CU ENCAUCHETADO 3X14 CU,23,,CABLE CU ENCAUCHETADO 3X14 CU,"Tabla 1 al 331_2026.pdf, pagina 122",5200464
122,SS,1265941,SMAP-CIL-0417-26 CR 52 CL 29 D,5200218,UCAP LUMINARIA 150W,,2,LUMINARIA 150W,"Tabla 1 al 331_2026.pdf, pagina 122",5200218
122,SS,1265941,SMAP-CIL-0417-26 CR 52 CL 29 D,5200202,UCAP BOMBILLO 150W,,2,BOMBILLO 150W,"Tabla 1 al 331_2026.pdf, pagina 122",5200202
122,SS,1265941,SMAP-CIL-0417-26 CR 52 CL 29 D,5200410,UCAP DUPLEX CU 14 AWG-THW 300V,,20,DUPLEX CU 14 AWG-THW 300V,"Tabla 1 al 331_2026.pdf, pagina 122",5200410
123,SS,1265946,SMAP-CIL-0418-26 CL 29 entre CR 78 y CR 76,5200231,"UCAP BRAZO 1"" - 0.4M - 0°",2,,BRAZO 1 - 0.4M - 0°,"Tabla 1 al 331_2026.pdf, pagina 123",5200231
123,SS,1265946,SMAP-CIL-0418-26 CL 29 entre CR 78 y CR 76,5000263,LUM LED 48W ASIMÉTRICA 4000K HORIZONTAL,2,,LUM LED 48W ASIMETRICA 4000K HORIZONTAL,"Tabla 1 al 331_2026.pdf, pagina 123",5000263
123,SS,1265946,SMAP-CIL-0418-26 CL 29 entre CR 78 y CR 76,5200464,UCAP CABLE CU ENCAUCHETADO 3X14 CU,13,,CABLE CU ENCAUCHETADO 3X14 CU,"Tabla 1 al 331_2026.pdf, pagina 123",5200464
124,SS,1265975,Sendero Cl 40 Cr 34 - 1 Int 114,5200232,"UCAP BRAZO 1"" - 1.5M - 52°/0°",1,1,BRAZO 1 - 1.5M - 52°/0°,"Tabla 1 al 331_2026.pdf, pagina 124",5200232
124,SS,1265975,Sendero Cl 40 Cr 34 - 1 Int 114,5000263,LUM LED 48W ASIMÉTRICA 4000K HORIZONTAL,1,,LUM LED 48W ASIMETRICA 4000K HORIZONTAL,"Tabla 1 al 331_2026.pdf, pagina 124",5000263
124,SS,1265975,Sendero Cl 40 Cr 34 - 1 Int 114,5200217,UCAP LUMINARIA 70W,,1,LUMINARIA 70W,"Tabla 1 al 331_2026.pdf, pagina 124",5200217
124,SS,1265975,Sendero Cl 40 Cr 34 - 1 Int 114,5200201,UCAP BOMBILLO 70W,,1,BOMBILLO 70W,"Tabla 1 al 331_2026.pdf, pagina 124",5200201
125,SS,1265975,Callejón Cl 36 B Cr 33 B - 50 Int 304,5200231,"UCAP BRAZO 1"" - 0.4M - 0°",1,1,BRAZO 1 - 0.4M - 0°,"Tabla 1 al 331_2026.pdf, pagina 125",5200231
125,SS,1265975,Callejón Cl 36 B Cr 33 B - 50 Int 304,5000263,LUM LED 48W ASIMÉTRICA 4000K HORIZONTAL,1,,LUM LED 48W ASIMETRICA 4000K HORIZONTAL,"Tabla 1 al 331_2026.pdf, pagina 125",5000263
125,SS,1265975,Callejón Cl 36 B Cr 33 B - 50 Int 304,5200464,UCAP CABLE CU ENCAUCHETADO 3X14 CU,18,,CABLE CU ENCAUCHETADO 3X14 CU,"Tabla 1 al 331_2026.pdf, pagina 125",5200464
125,SS,1265975,Callejón Cl 36 B Cr 33 B - 50 Int 304,5200217,UCAP LUMINARIA 70W,,1,LUMINARIA 70W,"Tabla 1 al 331_2026.pdf, pagina 125",5200217
125,SS,1265975,Callejón Cl 36 B Cr 33 B - 50 Int 304,5200201,UCAP BOMBILLO 70W,,1,BOMBILLO 70W,"Tabla 1 al 331_2026.pdf, pagina 125",5200201
125,SS,1265975,Callejón Cl 36 B Cr 33 B - 50 Int 304,5200410,UCAP DUPLEX CU 14 AWG-THW 300V,,18,DUPLEX CU 14 AWG-THW 300V,"Tabla 1 al 331_2026.pdf, pagina 125",5200410
126,SS,1266688,Sendero Peatonal CL 20 C CR 83 -97 (INTERIOR 114),5200231,"UCAP BRAZO 1"" - 0.4M - 0°",1,,BRAZO 1 - 0.4M - 0°,"Tabla 1 al 331_2026.pdf, pagina 126",5200231
126,SS,1266688,Sendero Peatonal CL 20 C CR 83 -97 (INTERIOR 114),5000263,LUM LED 48W ASIMÉTRICA 4000K HORIZONTAL,1,,LUM LED 48W ASIMETRICA 4000K HORIZONTAL,"Tabla 1 al 331_2026.pdf, pagina 126",5000263
126,SS,1266688,Sendero Peatonal CL 20 C CR 83 -97 (INTERIOR 114),5200464,UCAP CABLE CU ENCAUCHETADO 3X14 CU,13,,CABLE CU ENCAUCHETADO 3X14 CU,"Tabla 1 al 331_2026.pdf, pagina 126",5200464
127,SS,1269412,Sendero Cl 71 B Cr 24 BB - 26,5200231,"UCAP BRAZO 1"" - 0.4M - 0°",2,,BRAZO 1 - 0.4M - 0°,"Tabla 1 al 331_2026.pdf, pagina 127",5200231
127,SS,1269412,Sendero Cl 71 B Cr 24 BB - 26,5000263,LUM LED 48W ASIMÉTRICA 4000K HORIZONTAL,2,,LUM LED 48W ASIMETRICA 4000K HORIZONTAL,"Tabla 1 al 331_2026.pdf, pagina 127",5000263
127,SS,1269412,Sendero Cl 71 B Cr 24 BB - 26,5200464,UCAP CABLE CU ENCAUCHETADO 3X14 CU,15,,CABLE CU ENCAUCHETADO 3X14 CU,"Tabla 1 al 331_2026.pdf, pagina 127",5200464
128,SS,1270451,Cancha Polideportiva Cr 62 Cl 80 C,5200235,"UCAP BRAZO 1 1/2"" - 1.5M - 52°/0°",2,4,BRAZO 1 1/2 - 1.5M - 52°/0°,"Tabla 1 al 331_2026.pdf, pagina 128",5200235
128,SS,1270451,Cancha Polideportiva Cr 62 Cl 80 C,5000266,LUM LED 176W ASIMÉTRICA 4000K HORIZONTAL,2,,LUM LED 176W ASIMETRICA 4000K HORIZONTAL,"Tabla 1 al 331_2026.pdf, pagina 128",5000266
128,SS,1270451,Cancha Polideportiva Cr 62 Cl 80 C,5200329,UCAP POSTE PRFV 10M - 6 PG (ENTERRAR),2,,POSTE PRFV 10M - 6 PG ENTERRAR,"Tabla 1 al 331_2026.pdf, pagina 128",5200329
128,SS,1270451,Cancha Polideportiva Cr 62 Cl 80 C,5200421,CABLE FZA AL 3X6 AWG XLPE 600V 90°C,14,,CABLE FZA AL 3X6 AWG XLPE 600V 90°C,"Tabla 1 al 331_2026.pdf, pagina 128",5200421
128,SS,1270451,Cancha Polideportiva Cr 62 Cl 80 C,5200464,UCAP CABLE CU ENCAUCHETADO 3X14 CU,20,,CABLE CU ENCAUCHETADO 3X14 CU,"Tabla 1 al 331_2026.pdf, pagina 128",5200464
128,SS,1270451,Cancha Polideportiva Cr 62 Cl 80 C,5200503,"UCAP CANAL ANDEN TUBERIA PVC 2""",10,,CANAL ANDEN TUBERIA PVC 2,"Tabla 1 al 331_2026.pdf, pagina 128",5200503
128,SS,1270451,Cancha Polideportiva Cr 62 Cl 80 C,5200799,CONTROL TEMPORIZADO 25 A,1,,CONTROL TEMPORIZADO 25 A,"Tabla 1 al 331_2026.pdf, pagina 128",5200799
128,SS,1270451,Cancha Polideportiva Cr 62 Cl 80 C,5200219,UCAP LUMINARIA 250W,,4,LUMINARIA 250W,"Tabla 1 al 331_2026.pdf, pagina 128",5200219
128,SS,1270451,Cancha Polideportiva Cr 62 Cl 80 C,5200203,UCAP BOMBILLO 250W,,4,BOMBILLO 250W,"Tabla 1 al 331_2026.pdf, pagina 128",5200203
128,SS,1270451,Cancha Polideportiva Cr 62 Cl 80 C,5200316,UCAP POSTE METÁLICO REDONDO 12M,,3,POSTE METALICO REDONDO 12M,"Tabla 1 al 331_2026.pdf, pagina 128",5200316
129,SS,1272759,Sendero Cl 93 DD Cr 21 D - 94 Int 110,5200231,"UCAP BRAZO 1"" - 0.4M - 0°",1,,BRAZO 1 - 0.4M - 0°,"Tabla 1 al 331_2026.pdf, pagina 129",5200231
129,SS,1272759,Sendero Cl 93 DD Cr 21 D - 94 Int 110,5000263,LUM LED 48W ASIMÉTRICA 4000K HORIZONTAL,1,,LUM LED 48W ASIMETRICA 4000K HORIZONTAL,"Tabla 1 al 331_2026.pdf, pagina 129",5000263
129,SS,1272759,Sendero Cl 93 DD Cr 21 D - 94 Int 110,5200464,UCAP CABLE CU ENCAUCHETADO 3X14 CU,19,,CABLE CU ENCAUCHETADO 3X14 CU,"Tabla 1 al 331_2026.pdf, pagina 129",5200464
130,SS,1276186,Sendero Cl 81A Cr 23 C -34 Int 105,5200231,"UCAP BRAZO 1"" - 0.4M - 0°",3,,BRAZO 1 - 0.4M - 0°,"Tabla 1 al 331_2026.pdf, pagina 130",5200231
130,SS,1276186,Sendero Cl 81A Cr 23 C -34 Int 105,5200232,"UCAP BRAZO 1"" - 1.5M - 52°/0°",1,,BRAZO 1 - 1.5M - 52°/0°,"Tabla 1 al 331_2026.pdf, pagina 130",5200232
130,SS,1276186,Sendero Cl 81A Cr 23 C -34 Int 105,5000263,LUM LED 48W ASIMÉTRICA 4000K HORIZONTAL,4,,LUM LED 48W ASIMETRICA 4000K HORIZONTAL,"Tabla 1 al 331_2026.pdf, pagina 130",5000263
130,SS,1276186,Sendero Cl 81A Cr 23 C -34 Int 105,5200419,UCAP POSTE PRFV 8M (ENTERRAR),1,,POSTE PRFV 8M ENTERRAR,"Tabla 1 al 331_2026.pdf, pagina 130",5200419
130,SS,1276186,Sendero Cl 81A Cr 23 C -34 Int 105,5200464,UCAP CABLE CU ENCAUCHETADO 3X14 CU,8,,CABLE CU ENCAUCHETADO 3X14 CU,"Tabla 1 al 331_2026.pdf, pagina 130",5200464
131,SS,1279880,Sendero Cr 24 Cl 72 - 164 Int 101,5200231,"UCAP BRAZO 1"" - 0.4M - 0°",2,,BRAZO 1 - 0.4M - 0°,"Tabla 1 al 331_2026.pdf, pagina 131",5200231
131,SS,1279880,Sendero Cr 24 Cl 72 - 164 Int 101,5000263,LUM LED 48W ASIMÉTRICA 4000K HORIZONTAL,2,,LUM LED 48W ASIMETRICA 4000K HORIZONTAL,"Tabla 1 al 331_2026.pdf, pagina 131",5000263
132,SS,1282130,Sendero Peatonal CL 34 C CR 118 -481 (INTERIOR 1111),5200231,"UCAP BRAZO 1"" - 0.4M - 0°",2,,BRAZO 1 - 0.4M - 0°,"Tabla 1 al 331_2026.pdf, pagina 132",5200231
132,SS,1282130,Sendero Peatonal CL 34 C CR 118 -481 (INTERIOR 1111),5000263,LUM LED 48W ASIMÉTRICA 4000K HORIZONTAL,2,,LUM LED 48W ASIMETRICA 4000K HORIZONTAL,"Tabla 1 al 331_2026.pdf, pagina 132",5000263
133,SS,1283401,Sendero CL 54 AA CR 7 A ESTE - 14 INT 120,5200231,"UCAP BRAZO 1"" - 0.4M - 0°",2,1,BRAZO 1 - 0.4M - 0°,"Tabla 1 al 331_2026.pdf, pagina 133",5200231
133,SS,1283401,Sendero CL 54 AA CR 7 A ESTE - 14 INT 120,5200270,LUM LED (KORELED) 44W,1,1,LUM LED KORELED 44W,"Tabla 1 al 331_2026.pdf, pagina 133",5200270
133,SS,1283401,Sendero CL 54 AA CR 7 A ESTE - 14 INT 120,5000263,LUM LED 48W ASIMÉTRICA 4000K HORIZONTAL,1,,LUM LED 48W ASIMETRICA 4000K HORIZONTAL,"Tabla 1 al 331_2026.pdf, pagina 133",5000263
133,SS,1283401,Sendero CL 54 AA CR 7 A ESTE - 14 INT 120,5200464,UCAP CABLE CU ENCAUCHETADO 3X14 CU,27,,CABLE CU ENCAUCHETADO 3X14 CU,"Tabla 1 al 331_2026.pdf, pagina 133",5200464
133,SS,1283401,Sendero CL 54 AA CR 7 A ESTE - 14 INT 120,5200410,UCAP DUPLEX CU 14 AWG-THW 300V,,12,DUPLEX CU 14 AWG-THW 300V,"Tabla 1 al 331_2026.pdf, pagina 133",5200410
134,SS,1285552,Zona Verde Cr 21 Cl 36,5200217,UCAP LUMINARIA 70W,,1,LUMINARIA 70W,"Tabla 1 al 331_2026.pdf, pagina 134",5200217
134,SS,1285552,Zona Verde Cr 21 Cl 36,5200201,UCAP BOMBILLO 70W,,1,BOMBILLO 70W,"Tabla 1 al 331_2026.pdf, pagina 134",5200201
134,SS,1285552,Zona Verde Cr 21 Cl 36,5200232,"UCAP BRAZO 1"" - 1.5M - 52°/0°",,1,BRAZO 1 - 1.5M - 52°/0°,"Tabla 1 al 331_2026.pdf, pagina 134",5200232
135,SS,1285998,Sendero Peatonal CR 101 B CL 31 B -87 (INTERIOR 106),5200231,"UCAP BRAZO 1"" - 0.4M - 0°",1,,BRAZO 1 - 0.4M - 0°,"Tabla 1 al 331_2026.pdf, pagina 135",5200231
135,SS,1285998,Sendero Peatonal CR 101 B CL 31 B -87 (INTERIOR 106),5000263,LUM LED 48W ASIMÉTRICA 4000K HORIZONTAL,1,,LUM LED 48W ASIMETRICA 4000K HORIZONTAL,"Tabla 1 al 331_2026.pdf, pagina 135",5000263
135,SS,1285998,Sendero Peatonal CR 101 B CL 31 B -87 (INTERIOR 106),5200464,UCAP CABLE CU ENCAUCHETADO 3X14 CU,15,,CABLE CU ENCAUCHETADO 3X14 CU,"Tabla 1 al 331_2026.pdf, pagina 135",5200464
136,SS,1292603,Sendero Cr 22 A Cl 84 - 50,5200231,"UCAP BRAZO 1"" - 0.4M - 0°",2,,BRAZO 1 - 0.4M - 0°,"Tabla 1 al 331_2026.pdf, pagina 136",5200231
136,SS,1292603,Sendero Cr 22 A Cl 84 - 50,5000263,LUM LED 48W ASIMÉTRICA 4000K HORIZONTAL,2,,LUM LED 48W ASIMETRICA 4000K HORIZONTAL,"Tabla 1 al 331_2026.pdf, pagina 136",5000263
137,SS,1311547,BOSTON CL 58 CR 39,5200464,UCAP CABLE CU ENCAUCHETADO 3X14 CU,15,,CABLE CU ENCAUCHETADO 3X14 CU,"Tabla 1 al 331_2026.pdf, pagina 137",5200464
138,SN,1051788,PARQUE CR 83 CL 97 - 59 INT 191,5200270,LUM LED (KORELED) 44W,2,,LUM LED KORELED 44W,"Tabla 1 al 331_2026.pdf, pagina 138",5200270
138,SN,1051788,PARQUE CR 83 CL 97 - 59 INT 191,5200232,"BR 1"" - 1.5M - 52°/0°",2,,BR 1 - 1.5M - 52°/0°,"Tabla 1 al 331_2026.pdf, pagina 138",5200232
138,SN,1051788,PARQUE CR 83 CL 97 - 59 INT 191,5200419,POST PRFV 8M 510KGF,1,,POST PRFV 8M 510KGF,"Tabla 1 al 331_2026.pdf, pagina 138",5200419
138,SN,1051788,PARQUE CR 83 CL 97 - 59 INT 191,5200464,CABL CU 3X14 (ENCAU),15,,CABL CU 3X14 ENCAU,"Tabla 1 al 331_2026.pdf, pagina 138",5200464
139,SN,1054097,Palmitas Sector Central RURAL_PALMITAS-VEREDA LA POTRERA,5200270,LUM LED (KORELED) 44W,2,,LUM LED KORELED 44W,"Tabla 1 al 331_2026.pdf, pagina 139",5200270
139,SN,1054097,Palmitas Sector Central RURAL_PALMITAS-VEREDA LA POTRERA,5200231,"BR 1"" - 0.4M - 0°",1,,BR 1 - 0.4M - 0°,"Tabla 1 al 331_2026.pdf, pagina 139",5200231
139,SN,1054097,Palmitas Sector Central RURAL_PALMITAS-VEREDA LA POTRERA,5200232,"BR 1"" - 1.5M - 52°/0°",1,,BR 1 - 1.5M - 52°/0°,"Tabla 1 al 331_2026.pdf, pagina 139",5200232
139,SN,1054097,Palmitas Sector Central RURAL_PALMITAS-VEREDA LA POTRERA,211333,"COLLARIN 180MM 7"" DOS SALIDAS",2,,COLLARIN 180MM 7 DOS SALIDAS,"Tabla 1 al 331_2026.pdf, pagina 139",211333
140,SN,1055686,CR 100A CL 47E-15 CR 100A CL 47E-15,5200293,LUM LED (OMEGA II) 64.5W,1,,LUM LED OMEGA II 64.5W,"Tabla 1 al 331_2026.pdf, pagina 140",5200293
140,SN,1055686,CR 100A CL 47E-15 CR 100A CL 47E-15,5200232,"BR 1"" - 1.5M - 52°/0°",1,,BR 1 - 1.5M - 52°/0°,"Tabla 1 al 331_2026.pdf, pagina 140",5200232
140,SN,1055686,CR 100A CL 47E-15 CR 100A CL 47E-15,5200308,POST CONC 8M 510KGF OCT,1,,POST CONC 8M 510KGF OCT,"Tabla 1 al 331_2026.pdf, pagina 140",5200308
140,SN,1055686,CR 100A CL 47E-15 CR 100A CL 47E-15,5200402,ADECUACION SEC RA4-003 TERMINAL,1,,ADECUACION SEC RA4-003 TERMINAL,"Tabla 1 al 331_2026.pdf, pagina 140",5200402
140,SN,1055686,CR 100A CL 47E-15 CR 100A CL 47E-15,5200464,CABL CU 3X14 (ENCAU),18,,CABL CU 3X14 ENCAU,"Tabla 1 al 331_2026.pdf, pagina 140",5200464
141,SN,1055695,CL 34 CR 118 -285 INT 166,5200270,LUM LED (KORELED) 44W,2,,LUM LED KORELED 44W,"Tabla 1 al 331_2026.pdf, pagina 141",5200270
141,SN,1055695,CL 34 CR 118 -285 INT 166,5200231,"BR 1"" - 0.4M - 0°",2,,BR 1 - 0.4M - 0°,"Tabla 1 al 331_2026.pdf, pagina 141",5200231
141,SN,1055695,CL 34 CR 118 -285 INT 166,5200419,POST PRFV 8M 510KGF,1,,POST PRFV 8M 510KGF,"Tabla 1 al 331_2026.pdf, pagina 141",5200419
141,SN,1055695,CL 34 CR 118 -285 INT 166,5200402,ADECUACION SEC RA4-003 TERMINAL,1,,ADECUACION SEC RA4-003 TERMINAL,"Tabla 1 al 331_2026.pdf, pagina 141",5200402
141,SN,1055695,CL 34 CR 118 -285 INT 166,5200464,CABL CU 3X14 (ENCAU),25,,CABL CU 3X14 ENCAU,"Tabla 1 al 331_2026.pdf, pagina 141",5200464
142,SN,1056115,SENDERO PEATONAL CL 49 CR 99 E 91 INT 130,5200270,LUM LED ( KORALED ) 44 W,1,,LUM LED KORALED 44 W,"Tabla 1 al 331_2026.pdf, pagina 142",5200270
142,SN,1056115,SENDERO PEATONAL CL 49 CR 99 E 91 INT 130,5200232,"BRAZO 1"" 1.5M - 52/0º",1,,BRAZO 1 1.5M - 52/0º,"Tabla 1 al 331_2026.pdf, pagina 142",5200232
143,SN,1059366,Barrio Naranjal CL 45A CR65-0,5200293,LUM LED (OMEGA II) 64.5W,1,,LUM LED OMEGA II 64.5W,"Tabla 1 al 331_2026.pdf, pagina 143",5200293
143,SN,1059366,Barrio Naranjal CL 45A CR65-0,5200232,"BR 1"" - 1.5M - 52°/0°",1,,BR 1 - 1.5M - 52°/0°,"Tabla 1 al 331_2026.pdf, pagina 143",5200232
143,SN,1059366,Barrio Naranjal CL 45A CR65-0,5200241,BR CURVO 3000M,1,,BR CURVO 3000M,"Tabla 1 al 331_2026.pdf, pagina 143",5200241
143,SN,1059366,Barrio Naranjal CL 45A CR65-0,R5200235,"RET - BR 1 1/2"" - 1.5M - 52°/0°",,1,RET - BR 1 1/2 - 1.5M - 52°/0°,"Tabla 1 al 331_2026.pdf, pagina 143",R5200235
144,SN,1059396,Suramericana CR 65 Entre CL 49B-CL 50,5200270,LUM LED (KORELED) 44W,1,,LUM LED KORELED 44W,"Tabla 1 al 331_2026.pdf, pagina 144",5200270
144,SN,1059396,Suramericana CR 65 Entre CL 49B-CL 50,5200238,BRAZO SENCILLO CARABOBO,1,,BRAZO SENCILLO CARABOBO,"Tabla 1 al 331_2026.pdf, pagina 144",5200238
144,SN,1059396,Suramericana CR 65 Entre CL 49B-CL 50,215795,SOPORTE BASE BRAZO CARABOBO,1,,SOPORTE BASE BRAZO CARABOBO,"Tabla 1 al 331_2026.pdf, pagina 144",215795
145,SN,1059541,Via Secundaria CL 61 AA CR 103 D -63 (INTERIOR 107 ),5200270,LUM LED (KORELED) 44W,3,,LUM LED KORELED 44W,"Tabla 1 al 331_2026.pdf, pagina 145",5200270
145,SN,1059541,Via Secundaria CL 61 AA CR 103 D -63 (INTERIOR 107 ),5200231,"BR 1"" - 0.4M - 0°",2,,BR 1 - 0.4M - 0°,"Tabla 1 al 331_2026.pdf, pagina 145",5200231
145,SN,1059541,Via Secundaria CL 61 AA CR 103 D -63 (INTERIOR 107 ),5200232,"BR 1"" - 1.5M - 52°/0°",1,,BR 1 - 1.5M - 52°/0°,"Tabla 1 al 331_2026.pdf, pagina 145",5200232
146,SN,1060341,CR 90A CL 45 – 102,5200270,LUM LED (KORELED) 44W,1,,LUM LED KORELED 44W,"Tabla 1 al 331_2026.pdf, pagina 146",5200270
146,SN,1060341,CR 90A CL 45 – 102,5200232,"BR 1"" - 1.5M - 52°/0°",1,,BR 1 - 1.5M - 52°/0°,"Tabla 1 al 331_2026.pdf, pagina 146",5200232
146,SN,1060341,CR 90A CL 45 – 102,5200308,POST CONC 8M 510KGF OCT,1,,POST CONC 8M 510KGF OCT,"Tabla 1 al 331_2026.pdf, pagina 146",5200308
146,SN,1060341,CR 90A CL 45 – 102,5200464,CABL CU 3X14 (ENCAU),20,,CABL CU 3X14 ENCAU,"Tabla 1 al 331_2026.pdf, pagina 146",5200464
147,SN,1062214,PARQUE CL 101 A CR 72 - 23,5200271,LUM LED (MAXIMO M) 59.16W,1,,LUM LED MAXIMO M 59.16W,"Tabla 1 al 331_2026.pdf, pagina 147",5200271
147,SN,1062214,PARQUE CL 101 A CR 72 - 23,5200232,"BR 1"" - 1.5M - 52°/0°",1,,BR 1 - 1.5M - 52°/0°,"Tabla 1 al 331_2026.pdf, pagina 147",5200232
148,SN,1065020,El Picacho CRA 83 CL 97-13 INT 202,5200270,LUM LED (KORELED) 44W,1,,LUM LED KORELED 44W,"Tabla 1 al 331_2026.pdf, pagina 148",5200270
148,SN,1065020,El Picacho CRA 83 CL 97-13 INT 202,5200231,"BR 1"" - 0.4M - 0°",1,,BR 1 - 0.4M - 0°,"Tabla 1 al 331_2026.pdf, pagina 148",5200231
148,SN,1065020,El Picacho CRA 83 CL 97-13 INT 202,5200464,CABL CU 3X14 (ENCAU),40,,CABL CU 3X14 ENCAU,"Tabla 1 al 331_2026.pdf, pagina 148",5200464
149,SN,1065212,SENDERO PEATONAL CL 48DD CR99-35,5200231,"BR 1"" - 0.4M - 0°",1,,BR 1 - 0.4M - 0°,"Tabla 1 al 331_2026.pdf, pagina 149",5200231
149,SN,1065212,SENDERO PEATONAL CL 48DD CR99-35,5200270,LUM LED (KORELED) 44W,1,,LUM LED KORELED 44W,"Tabla 1 al 331_2026.pdf, pagina 149",5200270
150,SN,1065673,Barrio Lopez De Mesa CR 70 CL 81 -158,5200270,LUM LED (KORELED) 44W,1,,LUM LED KORELED 44W,"Tabla 1 al 331_2026.pdf, pagina 150",5200270
150,SN,1065673,Barrio Lopez De Mesa CR 70 CL 81 -158,5200231,"BR 1"" - 0.4M - 0°",1,,BR 1 - 0.4M - 0°,"Tabla 1 al 331_2026.pdf, pagina 150",5200231
150,SN,1065673,Barrio Lopez De Mesa CR 70 CL 81 -158,5200464,CABL CU 3X14 (ENCAU),25,,CABL CU 3X14 ENCAU,"Tabla 1 al 331_2026.pdf, pagina 150",5200464
151,SN,1066397,SENDERO PEATONAL CL 71 CR 48 A 19,5200270,LUM LED (KORELED) 44W,1,,LUM LED KORELED 44W,"Tabla 1 al 331_2026.pdf, pagina 151",5200270
151,SN,1066397,SENDERO PEATONAL CL 71 CR 48 A 19,5200231,"BR 1"" - 0.4M - 0°",1,,BR 1 - 0.4M - 0°,"Tabla 1 al 331_2026.pdf, pagina 151",5200231
152,SN,1069760,ANDEN CR 38 CL 10 A - 04,5200270,LUM LED (KORELED) 44W,1,,LUM LED KORELED 44W,"Tabla 1 al 331_2026.pdf, pagina 152",5200270
152,SN,1069760,ANDEN CR 38 CL 10 A - 04,5200231,"BR 1"" - 0.4M - 0°",1,,BR 1 - 0.4M - 0°,"Tabla 1 al 331_2026.pdf, pagina 152",5200231
153,SN,1069764,ANDEN CL 10 CR 43 D - 60,5200270,LUM LED (KORELED) 44W,1,,LUM LED KORELED 44W,"Tabla 1 al 331_2026.pdf, pagina 153",5200270
153,SN,1069764,ANDEN CL 10 CR 43 D - 60,5200231,"BR 1"" - 0.4M - 0°",1,,BR 1 - 0.4M - 0°,"Tabla 1 al 331_2026.pdf, pagina 153",5200231
153,SN,1069764,ANDEN CL 10 CR 43 D - 60,5200308,POST CONC 8M 510KGF OCT,1,,POST CONC 8M 510KGF OCT,"Tabla 1 al 331_2026.pdf, pagina 153",5200308
153,SN,1069764,ANDEN CL 10 CR 43 D - 60,5200464,CABL CU 3X14 (ENCAU),11,,CABL CU 3X14 ENCAU,"Tabla 1 al 331_2026.pdf, pagina 153",5200464
154,SN,1072654,"SENDERO PEATONAL CR50D CL 84-92 INT 208, Aranjuez",5200270,LUM LED (KORELED) 44W,2,,LUM LED KORELED 44W,"Tabla 1 al 331_2026.pdf, pagina 154",5200270
154,SN,1072654,"SENDERO PEATONAL CR50D CL 84-92 INT 208, Aranjuez",5200231,"BR 1"" - 0.4M - 0°",2,,BR 1 - 0.4M - 0°,"Tabla 1 al 331_2026.pdf, pagina 154",5200231
154,SN,1072654,"SENDERO PEATONAL CR50D CL 84-92 INT 208, Aranjuez",5200419,POST PRFV 8M 510KGF,1,,POST PRFV 8M 510KGF,"Tabla 1 al 331_2026.pdf, pagina 154",5200419
154,SN,1072654,"SENDERO PEATONAL CR50D CL 84-92 INT 208, Aranjuez",R5200217,RET - LUM 70W,,2,RET - LUM 70W,"Tabla 1 al 331_2026.pdf, pagina 154",R5200217
154,SN,1072654,"SENDERO PEATONAL CR50D CL 84-92 INT 208, Aranjuez",R5200201,RET - BOMB 70W,,2,RET - BOMB 70W,"Tabla 1 al 331_2026.pdf, pagina 154",R5200201
154,SN,1072654,"SENDERO PEATONAL CR50D CL 84-92 INT 208, Aranjuez",R5200232,"RET - BR 1"" - 1.5M - 52°/0°",,2,RET - BR 1 - 1.5M - 52°/0°,"Tabla 1 al 331_2026.pdf, pagina 154",R5200232
154,SN,1072654,"SENDERO PEATONAL CR50D CL 84-92 INT 208, Aranjuez",R5200306,RET - DE POSTE MADERA 8M,,1,RET - DE POSTE MADERA 8M,"Tabla 1 al 331_2026.pdf, pagina 154",R5200306
155,SN,1073351,SENDERO PEATONAL CL 100B CR 30EE-14,5200270,LUM LED (KORELED) 44W,1,,LUM LED KORELED 44W,"Tabla 1 al 331_2026.pdf, pagina 155",5200270
155,SN,1073351,SENDERO PEATONAL CL 100B CR 30EE-14,5200231,"BR 1"" - 0.4M - 0°",1,,BR 1 - 0.4M - 0°,"Tabla 1 al 331_2026.pdf, pagina 155",5200231
155,SN,1073351,SENDERO PEATONAL CL 100B CR 30EE-14,5200464,CABL CU 3X14 (ENCAU),40,,CABL CU 3X14 ENCAU,"Tabla 1 al 331_2026.pdf, pagina 155",5200464
156,SN,1073867,ANDEN CR 78 A CL 49 AA - 36,5200270,LUM LED (KORELED) 44W,1,,LUM LED KORELED 44W,"Tabla 1 al 331_2026.pdf, pagina 156",5200270
156,SN,1073867,ANDEN CR 78 A CL 49 AA - 36,5200231,"BR 1"" - 0.4M - 0°",1,,BR 1 - 0.4M - 0°,"Tabla 1 al 331_2026.pdf, pagina 156",5200231
156,SN,1073867,ANDEN CR 78 A CL 49 AA - 36,5200419,POST PRFV 8M 510KGF,1,,POST PRFV 8M 510KGF,"Tabla 1 al 331_2026.pdf, pagina 156",5200419
156,SN,1073867,ANDEN CR 78 A CL 49 AA - 36,5200464,CABL CU 3X14 (ENCAU),18,,CABL CU 3X14 ENCAU,"Tabla 1 al 331_2026.pdf, pagina 156",5200464
157,SN,1074054,CR 17 CL 57A-87,5200270,LUM LED (KORELED) 44W,1,,LUM LED KORELED 44W,"Tabla 1 al 331_2026.pdf, pagina 157",5200270
157,SN,1074054,CR 17 CL 57A-87,5200231,"BR 1"" - 0.4M - 0°",1,,BR 1 - 0.4M - 0°,"Tabla 1 al 331_2026.pdf, pagina 157",5200231
158,SN,1074281,SENDERO PEATONAL CR 53 CL 67,5200206,LUM LED ROY ALPHA (OMEGA II) 56W SMD,2,,LUM LED ROY ALPHA OMEGA II 56W SMD,"Tabla 1 al 331_2026.pdf, pagina 158",5200206
158,SN,1074281,SENDERO PEATONAL CR 53 CL 67,,CONCERTINA ADOSADA AL BRAZO,10,,CONCERTINA ADOSADA AL BRAZO,"Tabla 1 al 331_2026.pdf, pagina 158",SIN CODIGO|CONCERTINA ADOSADA AL BRAZO
159,SN,1074638,SENDERO PEATONAL CR 28 CL 107 - 301 (INT 114 ),5200270,LUM LED (KORELED) 44W,1,,LUM LED KORELED 44W,"Tabla 1 al 331_2026.pdf, pagina 159",5200270
159,SN,1074638,SENDERO PEATONAL CR 28 CL 107 - 301 (INT 114 ),5200464,Cable Cu encauchetado 3X14 AWG,30,,CABLE CU ENCAUCHETADO 3X14 AWG,"Tabla 1 al 331_2026.pdf, pagina 159",5200464
159,SN,1074638,SENDERO PEATONAL CR 28 CL 107 - 301 (INT 114 ),5200231,"BRAZO 1"" - 0.4m - 0°",1,,BRAZO 1 - 0.4M - 0°,"Tabla 1 al 331_2026.pdf, pagina 159",5200231
160,SN,1076554,SENDERO PEATONAL CR 23- CL 102B- 33-INT 1267,5200270,LUM LED (KORELED) 44W,2,,LUM LED KORELED 44W,"Tabla 1 al 331_2026.pdf, pagina 160",5200270
160,SN,1076554,SENDERO PEATONAL CR 23- CL 102B- 33-INT 1267,5200231,"BRAZO 1"" - 0.4m - 0°",2,,BRAZO 1 - 0.4M - 0°,"Tabla 1 al 331_2026.pdf, pagina 160",5200231
160,SN,1076554,SENDERO PEATONAL CR 23- CL 102B- 33-INT 1267,5200402,ADECUACION SEC RA4-003 TERMINAL,1,,ADECUACION SEC RA4-003 TERMINAL,"Tabla 1 al 331_2026.pdf, pagina 160",5200402
161,SN,1076688,VIA - ANDEN CL 66 CR 48 A - 15,5200270,LUM LED (KORELED) 44W,1,,LUM LED KORELED 44W,"Tabla 1 al 331_2026.pdf, pagina 161",5200270
161,SN,1076688,VIA - ANDEN CL 66 CR 48 A - 15,5200231,"BR 1"" - 0.4M - 0°",1,,BR 1 - 0.4M - 0°,"Tabla 1 al 331_2026.pdf, pagina 161",5200231
161,SN,1076688,VIA - ANDEN CL 66 CR 48 A - 15,5200241,BR CURVO 3000M,1,,BR CURVO 3000M,"Tabla 1 al 331_2026.pdf, pagina 161",5200241
161,SN,1076688,VIA - ANDEN CL 66 CR 48 A - 15,5200235,"BR 1 1/2"" - 1.5M - 52°/0°",,1,BR 1 1/2 - 1.5M - 52°/0°,"Tabla 1 al 331_2026.pdf, pagina 161",5200235
162,SN,1078154,Sendero peatonal CR 21 A Cl 56 A 59,5200270,LUM LED (KORELED) 44W,1,,LUM LED KORELED 44W,"Tabla 1 al 331_2026.pdf, pagina 162",5200270
162,SN,1078154,Sendero peatonal CR 21 A Cl 56 A 59,5200231,"BRAZO 1"" - 0.4m - 0°",1,,BRAZO 1 - 0.4M - 0°,"Tabla 1 al 331_2026.pdf, pagina 162",5200231
163,SS,670209,"SENDERO PEATONAL, VRD NARANJAL",5200270,LUM LED (KORELED) 44W,1,,LUM LED KORELED 44W,"Tabla 1 al 331_2026.pdf, pagina 163",5200270
163,SS,670209,"SENDERO PEATONAL, VRD NARANJAL",5200231,"BRAZO 1"" - 0.4m - 0°",1,,BRAZO 1 - 0.4M - 0°,"Tabla 1 al 331_2026.pdf, pagina 163",5200231
163,SS,670209,"SENDERO PEATONAL, VRD NARANJAL",5200419,Poste PRFV 8m (Enterrar),1,,POSTE PRFV 8M ENTERRAR,"Tabla 1 al 331_2026.pdf, pagina 163",5200419
163,SS,670209,"SENDERO PEATONAL, VRD NARANJAL",5200464,Cable Cu encauchetado 3X14 AWG,25,,CABLE CU ENCAUCHETADO 3X14 AWG,"Tabla 1 al 331_2026.pdf, pagina 163",5200464
164,SN,1078271,SENDERO PEATONAL- CL 102- CR 29-13-INT 107,5200270,LUM LED (KORELED) 44W,1,,LUM LED KORELED 44W,"Tabla 1 al 331_2026.pdf, pagina 164",5200270
164,SN,1078271,SENDERO PEATONAL- CL 102- CR 29-13-INT 107,5200231,"BRAZO 1"" - 0.4m - 0°",1,,BRAZO 1 - 0.4M - 0°,"Tabla 1 al 331_2026.pdf, pagina 164",5200231
164,SN,1078271,SENDERO PEATONAL- CL 102- CR 29-13-INT 107,5200402,ADECUACION SEC RA4-003 TERMINAL,1,,ADECUACION SEC RA4-003 TERMINAL,"Tabla 1 al 331_2026.pdf, pagina 164",5200402
165,SN,1078276,VÍA-ANDENES CR 51 D ENTRE CL 68 Y 67,5200293,LUM LED (OMEGA II) 64.5W,19,,LUM LED OMEGA II 64.5W,"Tabla 1 al 331_2026.pdf, pagina 165",5200293
165,SN,1078276,VÍA-ANDENES CR 51 D ENTRE CL 68 Y 67,5200224,LUM LED (LTALED) 74W,,19,LUM LED LTALED 74W,"Tabla 1 al 331_2026.pdf, pagina 165",5200224
166,SN,1081621,ARANJUEZ CR 50A CL 89A-10,5200270,LUM LED (KORELED) 44W,3,,LUM LED KORELED 44W,"Tabla 1 al 331_2026.pdf, pagina 166",5200270
166,SN,1081621,ARANJUEZ CR 50A CL 89A-10,5200231,"BR 1"" - 0.4M - 0°",3,,BR 1 - 0.4M - 0°,"Tabla 1 al 331_2026.pdf, pagina 166",5200231
166,SN,1081621,ARANJUEZ CR 50A CL 89A-10,5200241,BR CURVO 3000M,2,,BR CURVO 3000M,"Tabla 1 al 331_2026.pdf, pagina 166",5200241
167,SN,1081931,CR 89 CL 68 A -122,5200206,LUM LED ROY ALPHA (OMEGA II) 56W SMD,1,,LUM LED ROY ALPHA OMEGA II 56W SMD,"Tabla 1 al 331_2026.pdf, pagina 167",5200206
167,SN,1081931,CR 89 CL 68 A -122,5200232,"BR 1"" - 1.5M - 52°/0°",1,,BR 1 - 1.5M - 52°/0°,"Tabla 1 al 331_2026.pdf, pagina 167",5200232
167,SN,1081931,CR 89 CL 68 A -122,5200464,CABL CU 3X14 (ENCAU),19,,CABL CU 3X14 ENCAU,"Tabla 1 al 331_2026.pdf, pagina 167",5200464
168,SN,1082486,SENDERO PEATONAL CL 32 A CR 69- 17,5200270,LUM LED (KORALED )44 W,1,,LUM LED KORALED 44 W,"Tabla 1 al 331_2026.pdf, pagina 168",5200270
168,SN,1082486,SENDERO PEATONAL CL 32 A CR 69- 17,5200231,"BRAZO 1""-400/0º",1,,BRAZO 1 -400/0º,"Tabla 1 al 331_2026.pdf, pagina 168",5200231
168,SN,1082486,SENDERO PEATONAL CL 32 A CR 69- 17,5200464,CABLE CU ENCAUCHETADO 3X14 AWG,13,,CABLE CU ENCAUCHETADO 3X14 AWG,"Tabla 1 al 331_2026.pdf, pagina 168",5200464
168,SN,1082486,SENDERO PEATONAL CL 32 A CR 69- 17,R5200201,RET - BOMBILLA VAPOR DE SODIO 70W E27 TUBULAR CLARA,,1,RET - BOMBILLA VAPOR DE SODIO 70W E27 TUBULAR CLARA,"Tabla 1 al 331_2026.pdf, pagina 168",R5200201
168,SN,1082486,SENDERO PEATONAL CL 32 A CR 69- 17,R5200231,"RETIRADO - BRAZO 1"" AV400MM/H400MM 52º 0º",,1,RETIRADO - BRAZO 1 AV400MM/H400MM 52º 0º,"Tabla 1 al 331_2026.pdf, pagina 168",R5200231
168,SN,1082486,SENDERO PEATONAL CL 32 A CR 69- 17,R5200217,RET - LUMINARIA SODIO 70W 240VCA HOR CE BAL REACTOR,,1,RET - LUMINARIA SODIO 70W 240VCA HOR CE BAL REACTOR,"Tabla 1 al 331_2026.pdf, pagina 168",R5200217
169,SN,1082567,SENDERO PEATONAL CL 108 A CR 46-22,5200270,LUM LED (KORELED) 44W,1,,LUM LED KORELED 44W,"Tabla 1 al 331_2026.pdf, pagina 169",5200270
169,SN,1082567,SENDERO PEATONAL CL 108 A CR 46-22,5200231,"BR 1"" - 0.4M - 0°",1,,BR 1 - 0.4M - 0°,"Tabla 1 al 331_2026.pdf, pagina 169",5200231
170,SN,1082892,SENDERO PEATONAL CL 48 BB # 122 -10 INT 126,5200270,LUM LED (KORELED) 44W,2,,LUM LED KORELED 44W,"Tabla 1 al 331_2026.pdf, pagina 170",5200270
170,SN,1082892,SENDERO PEATONAL CL 48 BB # 122 -10 INT 126,5200231,"BR 1"" - 0.4M - 0°",2,,BR 1 - 0.4M - 0°,"Tabla 1 al 331_2026.pdf, pagina 170",5200231
171,SN,1084383,SENDERO PEATONAL CL 64 B CR 94 C 16,5200270,LUM LED (KORELED) 44W,1,,LUM LED KORELED 44W,"Tabla 1 al 331_2026.pdf, pagina 171",5200270
171,SN,1084383,SENDERO PEATONAL CL 64 B CR 94 C 16,5200232,"BR 1"" - 1.5M - 52°/0°",1,,BR 1 - 1.5M - 52°/0°,"Tabla 1 al 331_2026.pdf, pagina 171",5200232
172,SN,1085243,SENDERO PEATONAL CALLE 55F N° 3 21 (INT 324),5200270,LUM LED (KORELED) 44W,2,,LUM LED KORELED 44W,"Tabla 1 al 331_2026.pdf, pagina 172",5200270
172,SN,1085243,SENDERO PEATONAL CALLE 55F N° 3 21 (INT 324),5200231,"BR 1"" - 0.4M - 0°",2,,BR 1 - 0.4M - 0°,"Tabla 1 al 331_2026.pdf, pagina 172",5200231
172,SN,1085243,SENDERO PEATONAL CALLE 55F N° 3 21 (INT 324),5200464,Cable Cu encauchetado 3X14 AWG,30,,CABLE CU ENCAUCHETADO 3X14 AWG,"Tabla 1 al 331_2026.pdf, pagina 172",5200464
173,SN,1085412,CL 55 A CR 125 A - 96 INT 105,5200270,LUM LED (KORELED) 44W,1,,LUM LED KORELED 44W,"Tabla 1 al 331_2026.pdf, pagina 173",5200270
173,SN,1085412,CL 55 A CR 125 A - 96 INT 105,5200231,"BR 1"" - 0.4M - 0°",1,1,BR 1 - 0.4M - 0°,"Tabla 1 al 331_2026.pdf, pagina 173",5200231
173,SN,1085412,CL 55 A CR 125 A - 96 INT 105,R5200217,RET - LUM 70W,,1,RET - LUM 70W,"Tabla 1 al 331_2026.pdf, pagina 173",R5200217
173,SN,1085412,CL 55 A CR 125 A - 96 INT 105,R5200201,RET - BOMB 70W,,1,RET - BOMB 70W,"Tabla 1 al 331_2026.pdf, pagina 173",R5200201
174,SN,1097288,Mejora iluminación escalas Cl 102 A Cr 22 A - 72 Int 145,5200270,LUM LED (KORELED) 44W,2,,LUM LED KORELED 44W,"Tabla 1 al 331_2026.pdf, pagina 174",5200270
174,SN,1097288,Mejora iluminación escalas Cl 102 A Cr 22 A - 72 Int 145,5200419,POST PRFV 8M 510KGF,1,,POST PRFV 8M 510KGF,"Tabla 1 al 331_2026.pdf, pagina 174",5200419
174,SN,1097288,Mejora iluminación escalas Cl 102 A Cr 22 A - 72 Int 145,5200464,CABL CU 3X14 (ENCAU),50,,CABL CU 3X14 ENCAU,"Tabla 1 al 331_2026.pdf, pagina 174",5200464
174,SN,1097288,Mejora iluminación escalas Cl 102 A Cr 22 A - 72 Int 145,5200231,"BR 1"" - 0.4M - 0°",2,,BR 1 - 0.4M - 0°,"Tabla 1 al 331_2026.pdf, pagina 174",5200231
175,SS,1299554,Sendero Peatonal CR 74 CL 37 SUR -58,5200231,"UCAP BRAZO 1"" - 0.4M - 0°",1,,BRAZO 1 - 0.4M - 0°,"Tabla 1 al 331_2026.pdf, pagina 175",5200231
175,SS,1299554,Sendero Peatonal CR 74 CL 37 SUR -58,5000263,LUM LED 48W ASIMÉTRICA 4000K HORIZONTAL,1,,LUM LED 48W ASIMETRICA 4000K HORIZONTAL,"Tabla 1 al 331_2026.pdf, pagina 175",5000263
175,SS,1299554,Sendero Peatonal CR 74 CL 37 SUR -58,5200419,UCAP POSTE PRFV 8M (ENTERRAR),1,,POSTE PRFV 8M ENTERRAR,"Tabla 1 al 331_2026.pdf, pagina 175",5200419
175,SS,1299554,Sendero Peatonal CR 74 CL 37 SUR -58,5200464,UCAP CABLE CU ENCAUCHETADO 3X14 CU,15,,CABLE CU ENCAUCHETADO 3X14 CU,"Tabla 1 al 331_2026.pdf, pagina 175",5200464
176,SS,1114450,Puente Peatonal Cl 2B CR 81A-49,5200231,"UCAP BRAZO 1"" - 0.4M - 0°",1,,BRAZO 1 - 0.4M - 0°,"Tabla 1 al 331_2026.pdf, pagina 176",5200231
176,SS,1114450,Puente Peatonal Cl 2B CR 81A-49,5200293,LUM LED (OMEGA II) 64.5W,1,,LUM LED OMEGA II 64.5W,"Tabla 1 al 331_2026.pdf, pagina 176",5200293
176,SS,1114450,Puente Peatonal Cl 2B CR 81A-49,5200419,UCAP POSTE PRFV 8M (ENTERRAR),1,,POSTE PRFV 8M ENTERRAR,"Tabla 1 al 331_2026.pdf, pagina 176",5200419
176,SS,1114450,Puente Peatonal Cl 2B CR 81A-49,5200464,UCAP CABLE CU ENCAUCHETADO 3X14 CU,12,,CABLE CU ENCAUCHETADO 3X14 CU,"Tabla 1 al 331_2026.pdf, pagina 176",5200464
177,SS,1313469,GOLONDRINAS CL 65 CR 18 B -156 INTERIRO (154),5200231,"UCAP BRAZO 1"" - 0.4M - 0°",1,,BRAZO 1 - 0.4M - 0°,"Tabla 1 al 331_2026.pdf, pagina 177",5200231
177,SS,1313469,GOLONDRINAS CL 65 CR 18 B -156 INTERIRO (154),5000263,LUM LED 48W ASIMÉTRICA 4000K HORIZONTAL,1,,LUM LED 48W ASIMETRICA 4000K HORIZONTAL,"Tabla 1 al 331_2026.pdf, pagina 177",5000263
177,SS,1313469,GOLONDRINAS CL 65 CR 18 B -156 INTERIRO (154),5200464,UCAP CABLE CU ENCAUCHETADO 3X14 CU,3,,CABLE CU ENCAUCHETADO 3X14 CU,"Tabla 1 al 331_2026.pdf, pagina 177",5200464
178,SS,1318182,Sendero Cl 102 Cr 43 B - 5,5200231,"UCAP BRAZO 1"" - 0.4M - 0°",1,,BRAZO 1 - 0.4M - 0°,"Tabla 1 al 331_2026.pdf, pagina 178",5200231
178,SS,1318182,Sendero Cl 102 Cr 43 B - 5,5200232,"UCAP BRAZO 1"" - 1.5M - 52°/0°",1,1,BRAZO 1 - 1.5M - 52°/0°,"Tabla 1 al 331_2026.pdf, pagina 178",5200232
178,SS,1318182,Sendero Cl 102 Cr 43 B - 5,5200270,LUM LED (KORELED) 44W,1,1,LUM LED KORELED 44W,"Tabla 1 al 331_2026.pdf, pagina 178",5200270
178,SS,1318182,Sendero Cl 102 Cr 43 B - 5,5000263,LUM LED 48W ASIMÉTRICA 4000K HORIZONTAL,1,,LUM LED 48W ASIMETRICA 4000K HORIZONTAL,"Tabla 1 al 331_2026.pdf, pagina 178",5000263
178,SS,1318182,Sendero Cl 102 Cr 43 B - 5,5200419,UCAP POSTE PRFV 8M (ENTERRAR),1,,POSTE PRFV 8M ENTERRAR,"Tabla 1 al 331_2026.pdf, pagina 178",5200419
178,SS,1318182,Sendero Cl 102 Cr 43 B - 5,5200464,UCAP CABLE CU ENCAUCHETADO 3X14 CU,10,,CABLE CU ENCAUCHETADO 3X14 CU,"Tabla 1 al 331_2026.pdf, pagina 178",5200464
179,SS,1331968,Andén Cr 77 A Cl 45 FF - 55,5200231,"UCAP BRAZO 1"" - 0.4M - 0°",3,,BRAZO 1 - 0.4M - 0°,"Tabla 1 al 331_2026.pdf, pagina 179",5200231
179,SS,1331968,Andén Cr 77 A Cl 45 FF - 55,5000263,LUM LED 48W ASIMÉTRICA 4000K HORIZONTAL,3,,LUM LED 48W ASIMETRICA 4000K HORIZONTAL,"Tabla 1 al 331_2026.pdf, pagina 179",5000263
179,SS,1331968,Andén Cr 77 A Cl 45 FF - 55,5200419,UCAP POSTE PRFV 8M (ENTERRAR),3,,POSTE PRFV 8M ENTERRAR,"Tabla 1 al 331_2026.pdf, pagina 179",5200419
179,SS,1331968,Andén Cr 77 A Cl 45 FF - 55,5200464,UCAP CABLE CU ENCAUCHETADO 3X14 CU,54,,CABLE CU ENCAUCHETADO 3X14 CU,"Tabla 1 al 331_2026.pdf, pagina 179",5200464
180,SS,1330499,Vía CL 31 C CR 89 C -62,5200232,"UCAP BRAZO 1"" - 1.5M - 52°/0°",1,,BRAZO 1 - 1.5M - 52°/0°,"Tabla 1 al 331_2026.pdf, pagina 180",5200232
180,SS,1330499,Vía CL 31 C CR 89 C -62,5000264,"LUM LED 62,4W ASIMÉTRICA 4000K HORIZONTAL",2,,LUM LED 62 4W ASIMETRICA 4000K HORIZONTAL,"Tabla 1 al 331_2026.pdf, pagina 180",5000264
180,SS,1330499,Vía CL 31 C CR 89 C -62,5200308,UCAP POSTE CONCRETO OCTOG 8M,1,,POSTE CONCRETO OCTOG 8M,"Tabla 1 al 331_2026.pdf, pagina 180",5200308
180,SS,1330499,Vía CL 31 C CR 89 C -62,5200464,UCAP CABLE CU ENCAUCHETADO 3X14 CU,20,,CABLE CU ENCAUCHETADO 3X14 CU,"Tabla 1 al 331_2026.pdf, pagina 180",5200464
180,SS,1330499,Vía CL 31 C CR 89 C -62,5200270,LUM LED (KORELED) 44W,,1,LUM LED KORELED 44W,"Tabla 1 al 331_2026.pdf, pagina 180",5200270
181,SS,1330456,ENCISO CR 22 B CL 59 A - 54,5200232,"UCAP BRAZO 1"" - 1.5M - 52°/0°",1,,BRAZO 1 - 1.5M - 52°/0°,"Tabla 1 al 331_2026.pdf, pagina 181",5200232
181,SS,1330456,ENCISO CR 22 B CL 59 A - 54,5200231,"UCAP BRAZO 1"" - 0.4M - 0°",,1,BRAZO 1 - 0.4M - 0°,"Tabla 1 al 331_2026.pdf, pagina 181",5200231
182,SS,1326502,Sendero Peatonal CR 120 D CL 39 FD -22 (INTERIOR 142 ),5200231,"UCAP BRAZO 1"" - 0.4M - 0°",1,,BRAZO 1 - 0.4M - 0°,"Tabla 1 al 331_2026.pdf, pagina 182",5200231
182,SS,1326502,Sendero Peatonal CR 120 D CL 39 FD -22 (INTERIOR 142 ),5000263,LUM LED 48W ASIMÉTRICA 4000K HORIZONTAL,1,,LUM LED 48W ASIMETRICA 4000K HORIZONTAL,"Tabla 1 al 331_2026.pdf, pagina 182",5000263
183,SS,1322959,ANDEN - SMAP-CIV-058-26 CL 104 CR 70,5200231,"UCAP BRAZO 1"" - 0.4M - 0°",1,,BRAZO 1 - 0.4M - 0°,"Tabla 1 al 331_2026.pdf, pagina 183",5200231
183,SS,1322959,ANDEN - SMAP-CIV-058-26 CL 104 CR 70,5000263,LUM LED 48W ASIMÉTRICA 4000K HORIZONTAL,1,,LUM LED 48W ASIMETRICA 4000K HORIZONTAL,"Tabla 1 al 331_2026.pdf, pagina 183",5000263
184,SS,1321663,SMAP-CIV-076-26 CL 63 CR 108 BB 160,5200232,"UCAP BRAZO 1"" - 1.5M - 52°/0°",3,,BRAZO 1 - 1.5M - 52°/0°,"Tabla 1 al 331_2026.pdf, pagina 184",5200232
184,SS,1321663,SMAP-CIV-076-26 CL 63 CR 108 BB 160,5000263,LUM LED 48W ASIMÉTRICA 4000K HORIZONTAL,3,,LUM LED 48W ASIMETRICA 4000K HORIZONTAL,"Tabla 1 al 331_2026.pdf, pagina 184",5000263
184,SS,1321663,SMAP-CIV-076-26 CL 63 CR 108 BB 160,5200419,UCAP POSTE PRFV 8M (ENTERRAR),2,,POSTE PRFV 8M ENTERRAR,"Tabla 1 al 331_2026.pdf, pagina 184",5200419
184,SS,1321663,SMAP-CIV-076-26 CL 63 CR 108 BB 160,5200464,UCAP CABLE CU ENCAUCHETADO 3X14 CU,75,,CABLE CU ENCAUCHETADO 3X14 CU,"Tabla 1 al 331_2026.pdf, pagina 184",5200464
185,SS,1221406,SMAP-CIL-0328-25 CL 42 C # 63 C - 97,5200220,UCAP LUMINARIA 400W,,1,LUMINARIA 400W,"Tabla 1 al 331_2026.pdf, pagina 185",5200220
185,SS,1221406,SMAP-CIL-0328-25 CL 42 C # 63 C - 97,5200204,UCAP BOMBILLO 400W,,1,BOMBILLO 400W,"Tabla 1 al 331_2026.pdf, pagina 185",5200204
185,SS,1221406,SMAP-CIL-0328-25 CL 42 C # 63 C - 97,5200241,UCAP BRAZO CURVO 3000M,,1,BRAZO CURVO 3000M,"Tabla 1 al 331_2026.pdf, pagina 185",5200241
185,SS,1221406,SMAP-CIL-0328-25 CL 42 C # 63 C - 97,5200316,UCAP POSTE METÁLICO REDONDO 12M,,1,POSTE METALICO REDONDO 12M,"Tabla 1 al 331_2026.pdf, pagina 185",5200316
186,SS,1227029,Sendero Cl 80 F Cr 88 A - 65,5200232,"UCAP BRAZO 1"" - 1.5M - 52°/0°",1,,BRAZO 1 - 1.5M - 52°/0°,"Tabla 1 al 331_2026.pdf, pagina 186",5200232
186,SS,1227029,Sendero Cl 80 F Cr 88 A - 65,5000263,LUM LED 48W ASIMÉTRICA 4000K HORIZONTAL,1,,LUM LED 48W ASIMETRICA 4000K HORIZONTAL,"Tabla 1 al 331_2026.pdf, pagina 186",5000263
186,SS,1227029,Sendero Cl 80 F Cr 88 A - 65,5200464,UCAP CABLE CU ENCAUCHETADO 3X14 CU,15,,CABLE CU ENCAUCHETADO 3X14 CU,"Tabla 1 al 331_2026.pdf, pagina 186",5200464
187,SS,1332239,SMAP-CIV-109-26 CR 69 C CL 30-51,5200231,"UCAP BRAZO 1"" - 0.4M - 0°",2,,BRAZO 1 - 0.4M - 0°,"Tabla 1 al 331_2026.pdf, pagina 187",5200231
187,SS,1332239,SMAP-CIV-109-26 CR 69 C CL 30-51,5000263,LUM LED 48W ASIMÉTRICA 4000K HORIZONTAL,2,,LUM LED 48W ASIMETRICA 4000K HORIZONTAL,"Tabla 1 al 331_2026.pdf, pagina 187",5000263
188,SS,1332251,SMAP-CIV-117-26 CL 7 entre CR 45 y CR 46,5200231,"UCAP BRAZO 1"" - 0.4M - 0°",4,,BRAZO 1 - 0.4M - 0°,"Tabla 1 al 331_2026.pdf, pagina 188",5200231
188,SS,1332251,SMAP-CIV-117-26 CL 7 entre CR 45 y CR 46,5000263,LUM LED 48W ASIMÉTRICA 4000K HORIZONTAL,4,,LUM LED 48W ASIMETRICA 4000K HORIZONTAL,"Tabla 1 al 331_2026.pdf, pagina 188",5000263
188,SS,1332251,SMAP-CIV-117-26 CL 7 entre CR 45 y CR 46,5200464,UCAP CABLE CU ENCAUCHETADO 3X14 CU,18,,CABLE CU ENCAUCHETADO 3X14 CU,"Tabla 1 al 331_2026.pdf, pagina 188",5200464
189,SS,1133147,Sendero Cl 53 Cr 78 - 151,5200231,"UCAP BRAZO 1"" - 0.4M - 0°",2,1,BRAZO 1 - 0.4M - 0°,"Tabla 1 al 331_2026.pdf, pagina 189",5200231
189,SS,1133147,Sendero Cl 53 Cr 78 - 151,5200270,LUM LED (KORELED) 44W,1,1,LUM LED KORELED 44W,"Tabla 1 al 331_2026.pdf, pagina 189",5200270
189,SS,1133147,Sendero Cl 53 Cr 78 - 151,5000263,LUM LED 48W ASIMÉTRICA 4000K HORIZONTAL,1,,LUM LED 48W ASIMETRICA 4000K HORIZONTAL,"Tabla 1 al 331_2026.pdf, pagina 189",5000263
189,SS,1133147,Sendero Cl 53 Cr 78 - 151,5200308,UCAP POSTE CONCRETO OCTOG 8M,1,,POSTE CONCRETO OCTOG 8M,"Tabla 1 al 331_2026.pdf, pagina 189",5200308
190,SS,1231032,Cancha de fútbol en grama sintética Villa Laura CL 34F CR 106,5000269,"PROYEC LED 110W TIPO V LARGA (LONG ""L"") 5000K",10,,PROYEC LED 110W TIPO V LARGA LONG L 5000K,"Tabla 1 al 331_2026.pdf, pagina 190",5000269
190,SS,1231032,Cancha de fútbol en grama sintética Villa Laura CL 34F CR 106,5200127,UCAP PROY. 1000W.,,14,PROY 1000W,"Tabla 1 al 331_2026.pdf, pagina 190",5200127
190,SS,1231032,Cancha de fútbol en grama sintética Villa Laura CL 34F CR 106,5200214,UCAP BOMBILLO 1000W,,14,BOMBILLO 1000W,"Tabla 1 al 331_2026.pdf, pagina 190",5200214
191,SS,1332324,SMAP-CIV-106-26 CR 80 CL 79 C 24,5200231,"UCAP BRAZO 1"" - 0.4M - 0°",3,1,BRAZO 1 - 0.4M - 0°,"Tabla 1 al 331_2026.pdf, pagina 191",5200231
191,SS,1332324,SMAP-CIV-106-26 CR 80 CL 79 C 24,5000263,LUM LED 48W ASIMÉTRICA 4000K HORIZONTAL,2,,LUM LED 48W ASIMETRICA 4000K HORIZONTAL,"Tabla 1 al 331_2026.pdf, pagina 191",5000263
191,SS,1332324,SMAP-CIV-106-26 CR 80 CL 79 C 24,5200407,"UCAP TRIPLEX AL 2X4+1X4 XLP,AEREO",40,,TRIPLEX AL 2X4+1X4 XLP AEREO,"Tabla 1 al 331_2026.pdf, pagina 191",5200407
191,SS,1332324,SMAP-CIV-106-26 CR 80 CL 79 C 24,5200419,UCAP POSTE PRFV 8M (ENTERRAR),3,,POSTE PRFV 8M ENTERRAR,"Tabla 1 al 331_2026.pdf, pagina 191",5200419
191,SS,1332324,SMAP-CIV-106-26 CR 80 CL 79 C 24,5200464,UCAP CABLE CU ENCAUCHETADO 3X14 CU,4,,CABLE CU ENCAUCHETADO 3X14 CU,"Tabla 1 al 331_2026.pdf, pagina 191",5200464
191,SS,1332324,SMAP-CIV-106-26 CR 80 CL 79 C 24,5200270,LUM LED 44W ASIMÉTRICA 4000K HORIZONTAL,1,1,LUM LED 44W ASIMETRICA 4000K HORIZONTAL,"Tabla 1 al 331_2026.pdf, pagina 191",5200270
192,SS,1332332,SMAP-CIV-107-26 CL 79 CR 72B,5000263,LUM LED 48W ASIMÉTRICA 4000K HORIZONTAL,1,,LUM LED 48W ASIMETRICA 4000K HORIZONTAL,"Tabla 1 al 331_2026.pdf, pagina 192",5000263
192,SS,1332332,SMAP-CIV-107-26 CL 79 CR 72B,5200302,UCAP POSTE CONCRETO CARABOBO 5M,1,,POSTE CONCRETO CARABOBO 5M,"Tabla 1 al 331_2026.pdf, pagina 192",5200302
192,SS,1332332,SMAP-CIV-107-26 CL 79 CR 72B,5200422,CABLE FZA AL 3X6 AWG XLPE 600V 90°C ENTERRADO,5,,CABLE FZA AL 3X6 AWG XLPE 600V 90°C ENTERRADO,"Tabla 1 al 331_2026.pdf, pagina 192",5200422
192,SS,1332332,SMAP-CIV-107-26 CL 79 CR 72B,5200501,UCAP CAJA CONCRETO 50X50 CM,1,,CAJA CONCRETO 50X50 CM,"Tabla 1 al 331_2026.pdf, pagina 192",5200501
192,SS,1332332,SMAP-CIV-107-26 CL 79 CR 72B,5200238,BRAZO CARABOBO SENCILLO,1,,BRAZO CARABOBO SENCILLO,"Tabla 1 al 331_2026.pdf, pagina 192",5200238
193,SS,1332341,SMAP-CIV-108-26 CL 78B CR 72 A 110,5200231,"UCAP BRAZO 1"" - 0.4M - 0°",1,,BRAZO 1 - 0.4M - 0°,"Tabla 1 al 331_2026.pdf, pagina 193",5200231
193,SS,1332341,SMAP-CIV-108-26 CL 78B CR 72 A 110,5000263,LUM LED 48W ASIMÉTRICA 4000K HORIZONTAL,1,,LUM LED 48W ASIMETRICA 4000K HORIZONTAL,"Tabla 1 al 331_2026.pdf, pagina 193",5000263
193,SS,1332341,SMAP-CIV-108-26 CL 78B CR 72 A 110,5200217,UCAP LUMINARIA 70W,,1,LUMINARIA 70W,"Tabla 1 al 331_2026.pdf, pagina 193",5200217
193,SS,1332341,SMAP-CIV-108-26 CL 78B CR 72 A 110,5200201,UCAP BOMBILLO 70W,,1,BOMBILLO 70W,"Tabla 1 al 331_2026.pdf, pagina 193",5200201
193,SS,1332341,SMAP-CIV-108-26 CL 78B CR 72 A 110,5200238,UCAP BRAZO SENCILLO CARABOBO,,1,BRAZO SENCILLO CARABOBO,"Tabla 1 al 331_2026.pdf, pagina 193",5200238
194,SS,1333678,Sendero Cr 24 B Cl 101 AB - 32 Int 130,5200231,"UCAP BRAZO 1"" - 0.4M - 0°",2,,BRAZO 1 - 0.4M - 0°,"Tabla 1 al 331_2026.pdf, pagina 194",5200231
194,SS,1333678,Sendero Cr 24 B Cl 101 AB - 32 Int 130,5000263,LUM LED 48W ASIMÉTRICA 4000K HORIZONTAL,2,,LUM LED 48W ASIMETRICA 4000K HORIZONTAL,"Tabla 1 al 331_2026.pdf, pagina 194",5000263
194,SS,1333678,Sendero Cr 24 B Cl 101 AB - 32 Int 130,5200464,UCAP CABLE CU ENCAUCHETADO 3X14 CU,34,,CABLE CU ENCAUCHETADO 3X14 CU,"Tabla 1 al 331_2026.pdf, pagina 194",5200464
195,SS,1339969,Sendero Peatonal CL 49 CR 99 F -155 (INTERIOR 120),5200231,"UCAP BRAZO 1"" - 0.4M - 0°",2,,BRAZO 1 - 0.4M - 0°,"Tabla 1 al 331_2026.pdf, pagina 195",5200231
195,SS,1339969,Sendero Peatonal CL 49 CR 99 F -155 (INTERIOR 120),5000263,LUM LED 48W ASIMÉTRICA 4000K HORIZONTAL,2,,LUM LED 48W ASIMETRICA 4000K HORIZONTAL,"Tabla 1 al 331_2026.pdf, pagina 195",5000263
196,SS,1340685,LA SIERRA CR 1 B CL 53 C - 4,5200231,"UCAP BRAZO 1"" - 0.4M - 0°",1,,BRAZO 1 - 0.4M - 0°,"Tabla 1 al 331_2026.pdf, pagina 196",5200231
196,SS,1340685,LA SIERRA CR 1 B CL 53 C - 4,5000263,LUM LED 48W ASIMÉTRICA 4000K HORIZONTAL,1,,LUM LED 48W ASIMETRICA 4000K HORIZONTAL,"Tabla 1 al 331_2026.pdf, pagina 196",5000263
197,SS,1342853,Andén CL 31 CR 85 -10,5200231,"UCAP BRAZO 1"" - 0.4M - 0°",4,,BRAZO 1 - 0.4M - 0°,"Tabla 1 al 331_2026.pdf, pagina 197",5200231
197,SS,1342853,Andén CL 31 CR 85 -10,5000263,LUM LED 48W ASIMÉTRICA 4000K HORIZONTAL,4,,LUM LED 48W ASIMETRICA 4000K HORIZONTAL,"Tabla 1 al 331_2026.pdf, pagina 197",5000263
197,SS,1342853,Andén CL 31 CR 85 -10,5200464,UCAP CABLE CU ENCAUCHETADO 3X14 CU,21,,CABLE CU ENCAUCHETADO 3X14 CU,"Tabla 1 al 331_2026.pdf, pagina 197",5200464
198,SS,1322966,VIA SMAP-CIV-064-26 CL 76 CR 87 A - 13,5200232,"UCAP BRAZO 1"" - 1.5M - 52°/0°",1,,BRAZO 1 - 1.5M - 52°/0°,"Tabla 1 al 331_2026.pdf, pagina 198",5200232
198,SS,1322966,VIA SMAP-CIV-064-26 CL 76 CR 87 A - 13,5000263,LUM LED 48W ASIMÉTRICA 4000K HORIZONTAL,1,,LUM LED 48W ASIMETRICA 4000K HORIZONTAL,"Tabla 1 al 331_2026.pdf, pagina 198",5000263
198,SS,1322966,VIA SMAP-CIV-064-26 CL 76 CR 87 A - 13,5200301,UCAP POSTE CONCRETO REDONDO 9M.,1,,POSTE CONCRETO REDONDO 9M,"Tabla 1 al 331_2026.pdf, pagina 198",5200301
198,SS,1322966,VIA SMAP-CIV-064-26 CL 76 CR 87 A - 13,5200464,UCAP CABLE CU ENCAUCHETADO 3X14 CU,8,,CABLE CU ENCAUCHETADO 3X14 CU,"Tabla 1 al 331_2026.pdf, pagina 198",5200464
199,SS,1323002,Senderos peatonales SMAP-CIV-075-26 CL 63B CR 105 D 51,5020117,UCAP POSTE PRFV 9M (ENTERRAR),7,,POSTE PRFV 9M ENTERRAR,"Tabla 1 al 331_2026.pdf, pagina 199",5020117
199,SS,1323002,Senderos peatonales SMAP-CIV-075-26 CL 63B CR 105 D 51,5090209,PUESTA A TIERRA,1,,PUESTA A TIERRA,"Tabla 1 al 331_2026.pdf, pagina 199",5090209
199,SS,1323002,Senderos peatonales SMAP-CIV-075-26 CL 63B CR 105 D 51,5200232,"UCAP BRAZO 1"" - 1.5M - 52°/0°",7,,BRAZO 1 - 1.5M - 52°/0°,"Tabla 1 al 331_2026.pdf, pagina 199",5200232
199,SS,1323002,Senderos peatonales SMAP-CIV-075-26 CL 63B CR 105 D 51,5000263,LUM LED 48W ASIMÉTRICA 4000K HORIZONTAL,7,,LUM LED 48W ASIMETRICA 4000K HORIZONTAL,"Tabla 1 al 331_2026.pdf, pagina 199",5000263
199,SS,1323002,Senderos peatonales SMAP-CIV-075-26 CL 63B CR 105 D 51,5200422,CABLE FZA AL 3X6 AWG XLPE 600V 90°C ENTERRADO,15,,CABLE FZA AL 3X6 AWG XLPE 600V 90°C ENTERRADO,"Tabla 1 al 331_2026.pdf, pagina 199",5200422
199,SS,1323002,Senderos peatonales SMAP-CIV-075-26 CL 63B CR 105 D 51,5200464,UCAP CABLE CU ENCAUCHETADO 3X14 CU,75,,CABLE CU ENCAUCHETADO 3X14 CU,"Tabla 1 al 331_2026.pdf, pagina 199",5200464
199,SS,1323002,Senderos peatonales SMAP-CIV-075-26 CL 63B CR 105 D 51,5200501,UCAP CAJA CONCRETO 50X50 CM,7,,CAJA CONCRETO 50X50 CM,"Tabla 1 al 331_2026.pdf, pagina 199",5200501
200,SS,1330324,V{ia M4 y Andén Cl 48 B Cr 67 - 53,5200232,"UCAP BRAZO 1"" - 1.5M - 52°/0°",1,,BRAZO 1 - 1.5M - 52°/0°,"Tabla 1 al 331_2026.pdf, pagina 200",5200232
200,SS,1330324,V{ia M4 y Andén Cl 48 B Cr 67 - 53,5000263,LUM LED 48W ASIMÉTRICA 4000K HORIZONTAL,1,,LUM LED 48W ASIMETRICA 4000K HORIZONTAL,"Tabla 1 al 331_2026.pdf, pagina 200",5000263
200,SS,1330324,V{ia M4 y Andén Cl 48 B Cr 67 - 53,5200419,UCAP POSTE PRFV 8M (ENTERRAR),1,,POSTE PRFV 8M ENTERRAR,"Tabla 1 al 331_2026.pdf, pagina 200",5200419
200,SS,1330324,V{ia M4 y Andén Cl 48 B Cr 67 - 53,5200464,UCAP CABLE CU ENCAUCHETADO 3X14 CU,19,,CABLE CU ENCAUCHETADO 3X14 CU,"Tabla 1 al 331_2026.pdf, pagina 200",5200464
201,SS,1332216,SMAP-CIV-098-26 CR 43A CL 31,5000263,LUM LED 48W ASIMÉTRICA 4000K HORIZONTAL,1,,LUM LED 48W ASIMETRICA 4000K HORIZONTAL,"Tabla 1 al 331_2026.pdf, pagina 201",5000263
201,SS,1332216,SMAP-CIV-098-26 CR 43A CL 31,5200217,UCAP LUMINARIA 70W,,1,LUMINARIA 70W,"Tabla 1 al 331_2026.pdf, pagina 201",5200217
201,SS,1332216,SMAP-CIV-098-26 CR 43A CL 31,5200201,UCAP BOMBILLO 70W,,1,BOMBILLO 70W,"Tabla 1 al 331_2026.pdf, pagina 201",5200201
202,SS,1332226,SMAP-CIV-099-26 CR 43 A CL 38-72,5200232,"UCAP BRAZO 1"" - 1.5M - 52°/0°",2,,BRAZO 1 - 1.5M - 52°/0°,"Tabla 1 al 331_2026.pdf, pagina 202",5200232
202,SS,1332226,SMAP-CIV-099-26 CR 43 A CL 38-72,5200293,LUM LED (OMEGA II) 64.5W,2,,LUM LED OMEGA II 64.5W,"Tabla 1 al 331_2026.pdf, pagina 202",5200293
202,SS,1332226,SMAP-CIV-099-26 CR 43 A CL 38-72,5200217,UCAP LUMINARIA 70W,,2,LUMINARIA 70W,"Tabla 1 al 331_2026.pdf, pagina 202",5200217
202,SS,1332226,SMAP-CIV-099-26 CR 43 A CL 38-72,5200201,UCAP BOMBILLO 70W,,2,BOMBILLO 70W,"Tabla 1 al 331_2026.pdf, pagina 202",5200201
202,SS,1332226,SMAP-CIV-099-26 CR 43 A CL 38-72,5200236,"UCAP BRAZO 1 1/2"" - 1.5M - 52°/20°",,2,BRAZO 1 1/2 - 1.5M - 52°/20°,"Tabla 1 al 331_2026.pdf, pagina 202",5200236
203,SS,1332357,Plazoleta Cl 82 A Cr 53 A,5200232,"UCAP BRAZO 1"" - 1.5M - 52°/0°",2,,BRAZO 1 - 1.5M - 52°/0°,"Tabla 1 al 331_2026.pdf, pagina 203",5200232
203,SS,1332357,Plazoleta Cl 82 A Cr 53 A,5000263,LUM LED 48W ASIMÉTRICA 4000K HORIZONTAL,2,,LUM LED 48W ASIMETRICA 4000K HORIZONTAL,"Tabla 1 al 331_2026.pdf, pagina 203",5000263
203,SS,1332357,Plazoleta Cl 82 A Cr 53 A,5200419,UCAP POSTE PRFV 8M (ENTERRAR),1,,POSTE PRFV 8M ENTERRAR,"Tabla 1 al 331_2026.pdf, pagina 203",5200419
203,SS,1332357,Plazoleta Cl 82 A Cr 53 A,5200464,UCAP CABLE CU ENCAUCHETADO 3X14 CU,40,,CABLE CU ENCAUCHETADO 3X14 CU,"Tabla 1 al 331_2026.pdf, pagina 203",5200464
204,SS,1332362,Placa Polideportiva Cr 50 A Cl 97,5200232,"UCAP BRAZO 1"" - 1.5M - 52°/0°",2,2,BRAZO 1 - 1.5M - 52°/0°,"Tabla 1 al 331_2026.pdf, pagina 204",5200232
204,SS,1332362,Placa Polideportiva Cr 50 A Cl 97,5200235,"UCAP BRAZO 1 1/2"" - 1.5M - 52°/0°",2,2,BRAZO 1 1/2 - 1.5M - 52°/0°,"Tabla 1 al 331_2026.pdf, pagina 204",5200235
204,SS,1332362,Placa Polideportiva Cr 50 A Cl 97,5200270,LUM LED (KORELED) 44W,2,2,LUM LED KORELED 44W,"Tabla 1 al 331_2026.pdf, pagina 204",5200270
204,SS,1332362,Placa Polideportiva Cr 50 A Cl 97,5200272,LUM LED (SEPIALED II) 128W,2,2,LUM LED SEPIALED II 128W,"Tabla 1 al 331_2026.pdf, pagina 204",5200272
204,SS,1332362,Placa Polideportiva Cr 50 A Cl 97,5200419,UCAP POSTE PRFV 8M (ENTERRAR),3,,POSTE PRFV 8M ENTERRAR,"Tabla 1 al 331_2026.pdf, pagina 204",5200419
204,SS,1332362,Placa Polideportiva Cr 50 A Cl 97,5200464,UCAP CABLE CU ENCAUCHETADO 3X14 CU,37,,CABLE CU ENCAUCHETADO 3X14 CU,"Tabla 1 al 331_2026.pdf, pagina 204",5200464
204,SS,1332362,Placa Polideportiva Cr 50 A Cl 97,5200308,UCAP POSTE CONCRETO OCTOG 8M,,2,POSTE CONCRETO OCTOG 8M,"Tabla 1 al 331_2026.pdf, pagina 204",5200308
204,SS,1332362,Placa Polideportiva Cr 50 A Cl 97,5200410,UCAP DUPLEX CU 14 AWG-THW 300V,,20,DUPLEX CU 14 AWG-THW 300V,"Tabla 1 al 331_2026.pdf, pagina 204",5200410
205,SS,1332417,Sendero Peatonal-El Vergel CR 76 CL 45 SUR -27 (INTERIOR 101),5200231,"UCAP BRAZO 1"" - 0.4M - 0°",2,,BRAZO 1 - 0.4M - 0°,"Tabla 1 al 331_2026.pdf, pagina 205",5200231
205,SS,1332417,Sendero Peatonal-El Vergel CR 76 CL 45 SUR -27 (INTERIOR 101),5000263,LUM LED 48W ASIMÉTRICA 4000K HORIZONTAL,2,,LUM LED 48W ASIMETRICA 4000K HORIZONTAL,"Tabla 1 al 331_2026.pdf, pagina 205",5000263
205,SS,1332417,Sendero Peatonal-El Vergel CR 76 CL 45 SUR -27 (INTERIOR 101),5200464,UCAP CABLE CU ENCAUCHETADO 3X14 CU,14,,CABLE CU ENCAUCHETADO 3X14 CU,"Tabla 1 al 331_2026.pdf, pagina 205",5200464
206,SS,1332503,BARRIO COLON CR 46 CL 41,5200231,"UCAP BRAZO 1"" - 0.4M - 0°",2,1,BRAZO 1 - 0.4M - 0°,"Tabla 1 al 331_2026.pdf, pagina 206",5200231
206,SS,1332503,BARRIO COLON CR 46 CL 41,5000263,LUM LED 48W ASIMÉTRICA 4000K HORIZONTAL,2,,LUM LED 48W ASIMETRICA 4000K HORIZONTAL,"Tabla 1 al 331_2026.pdf, pagina 206",5000263
206,SS,1332503,BARRIO COLON CR 46 CL 41,5200217,UCAP LUMINARIA 70W,,1,LUMINARIA 70W,"Tabla 1 al 331_2026.pdf, pagina 206",5200217
206,SS,1332503,BARRIO COLON CR 46 CL 41,5200201,UCAP BOMBILLO 70W,,1,BOMBILLO 70W,"Tabla 1 al 331_2026.pdf, pagina 206",5200201
207,SS,1333262,Sendero Peatonal-Villa Cafe CL 27 A CR 89 C -2,5200231,"UCAP BRAZO 1"" - 0.4M - 0°",1,,BRAZO 1 - 0.4M - 0°,"Tabla 1 al 331_2026.pdf, pagina 207",5200231
207,SS,1333262,Sendero Peatonal-Villa Cafe CL 27 A CR 89 C -2,5000263,LUM LED 48W ASIMÉTRICA 4000K HORIZONTAL,1,,LUM LED 48W ASIMETRICA 4000K HORIZONTAL,"Tabla 1 al 331_2026.pdf, pagina 207",5000263
208,SS,1334836,Graderias Cr 36 a Cl 69,5200231,"UCAP BRAZO 1"" - 0.4M - 0°",1,,BRAZO 1 - 0.4M - 0°,"Tabla 1 al 331_2026.pdf, pagina 208",5200231
208,SS,1334836,Graderias Cr 36 a Cl 69,5000263,LUM LED 48W ASIMÉTRICA 4000K HORIZONTAL,1,,LUM LED 48W ASIMETRICA 4000K HORIZONTAL,"Tabla 1 al 331_2026.pdf, pagina 208",5000263
208,SS,1334836,Graderias Cr 36 a Cl 69,5200464,UCAP CABLE CU ENCAUCHETADO 3X14 CU,18,,CABLE CU ENCAUCHETADO 3X14 CU,"Tabla 1 al 331_2026.pdf, pagina 208",5200464
209,SS,1332390,Vía M4 Cl 49 AA Cr 77 C,5200231,"UCAP BRAZO 1"" - 0.4M - 0°",2,,BRAZO 1 - 0.4M - 0°,"Tabla 1 al 331_2026.pdf, pagina 209",5200231
209,SS,1332390,Vía M4 Cl 49 AA Cr 77 C,5200232,"UCAP BRAZO 1"" - 1.5M - 52°/0°",2,2,BRAZO 1 - 1.5M - 52°/0°,"Tabla 1 al 331_2026.pdf, pagina 209",5200232
209,SS,1332390,Vía M4 Cl 49 AA Cr 77 C,5200270,LUM LED (KORELED) 44W,2,2,LUM LED KORELED 44W,"Tabla 1 al 331_2026.pdf, pagina 209",5200270
209,SS,1332390,Vía M4 Cl 49 AA Cr 77 C,5000263,LUM LED 48W ASIMÉTRICA 4000K HORIZONTAL,2,,LUM LED 48W ASIMETRICA 4000K HORIZONTAL,"Tabla 1 al 331_2026.pdf, pagina 209",5000263
209,SS,1332390,Vía M4 Cl 49 AA Cr 77 C,5200308,UCAP POSTE CONCRETO OCTOG 8M,1,,POSTE CONCRETO OCTOG 8M,"Tabla 1 al 331_2026.pdf, pagina 209",5200308
209,SS,1332390,Vía M4 Cl 49 AA Cr 77 C,5200464,UCAP CABLE CU ENCAUCHETADO 3X14 CU,19,,CABLE CU ENCAUCHETADO 3X14 CU,"Tabla 1 al 331_2026.pdf, pagina 209",5200464
210,SS,1332395,SMAP-CIV-119-26 Cl 80 Cr 45,5200232,"UCAP BRAZO 1"" - 1.5M - 52°/0°",1,,BRAZO 1 - 1.5M - 52°/0°,"Tabla 1 al 331_2026.pdf, pagina 210",5200232
210,SS,1332395,SMAP-CIV-119-26 Cl 80 Cr 45,5200235,"UCAP BRAZO 1 1/2"" - 1.5M - 52°/0°",1,,BRAZO 1 1/2 - 1.5M - 52°/0°,"Tabla 1 al 331_2026.pdf, pagina 210",5200235
210,SS,1332395,SMAP-CIV-119-26 Cl 80 Cr 45,5000263,LUM LED 48W ASIMÉTRICA 4000K HORIZONTAL,1,,LUM LED 48W ASIMETRICA 4000K HORIZONTAL,"Tabla 1 al 331_2026.pdf, pagina 210",5000263
210,SS,1332395,SMAP-CIV-119-26 Cl 80 Cr 45,5000265,LUM LED 130W ASIMÉTRICA 4000K HORIZONTAL,1,,LUM LED 130W ASIMETRICA 4000K HORIZONTAL,"Tabla 1 al 331_2026.pdf, pagina 210",5000265
211,SS,1336353,VIA RURAL RURAL_146015116000000000_RURAL_PALMITAS,5200232,"UCAP BRAZO 1"" - 1.5M - 52°/0°",2,,BRAZO 1 - 1.5M - 52°/0°,"Tabla 1 al 331_2026.pdf, pagina 211",5200232
211,SS,1336353,VIA RURAL RURAL_146015116000000000_RURAL_PALMITAS,5000263,LUM LED 48W ASIMÉTRICA 4000K HORIZONTAL,2,,LUM LED 48W ASIMETRICA 4000K HORIZONTAL,"Tabla 1 al 331_2026.pdf, pagina 211",5000263
211,SS,1336353,VIA RURAL RURAL_146015116000000000_RURAL_PALMITAS,5200407,"UCAP TRIPLEX AL 2X4+1X4 XLP,AEREO",40,,TRIPLEX AL 2X4+1X4 XLP AEREO,"Tabla 1 al 331_2026.pdf, pagina 211",5200407
211,SS,1336353,VIA RURAL RURAL_146015116000000000_RURAL_PALMITAS,5200419,UCAP POSTE PRFV 8M (ENTERRAR),1,,POSTE PRFV 8M ENTERRAR,"Tabla 1 al 331_2026.pdf, pagina 211",5200419
212,SS,1345605,Sendero Peatonal CL 39 AB CR 118-50 (INTERIOR 106),5200231,"UCAP BRAZO 1"" - 0.4M - 0°",1,,BRAZO 1 - 0.4M - 0°,"Tabla 1 al 331_2026.pdf, pagina 212",5200231
212,SS,1345605,Sendero Peatonal CL 39 AB CR 118-50 (INTERIOR 106),5000263,LUM LED 48W ASIMÉTRICA 4000K HORIZONTAL,1,,LUM LED 48W ASIMETRICA 4000K HORIZONTAL,"Tabla 1 al 331_2026.pdf, pagina 212",5000263
213,SS,1343492,SMAP-CIV-124-26 CR 76 ENTRE CL 33 Y CL 35,5200207,UCAP LUMINARIA LED 110W HORIZONTAL,1,1,LUMINARIA LED 110W HORIZONTAL,"Tabla 1 al 331_2026.pdf, pagina 213",5200207
213,SS,1343492,SMAP-CIV-124-26 CR 76 ENTRE CL 33 Y CL 35,5200231,"UCAP BRAZO 1"" - 0.4M - 0°",1,,BRAZO 1 - 0.4M - 0°,"Tabla 1 al 331_2026.pdf, pagina 213",5200231
213,SS,1343492,SMAP-CIV-124-26 CR 76 ENTRE CL 33 Y CL 35,5200235,"UCAP BRAZO 1 1/2"" - 1.5M - 52°/0°",1,1,BRAZO 1 1/2 - 1.5M - 52°/0°,"Tabla 1 al 331_2026.pdf, pagina 213",5200235
213,SS,1343492,SMAP-CIV-124-26 CR 76 ENTRE CL 33 Y CL 35,5200241,UCAP BRAZO CURVO 3000M,1,,BRAZO CURVO 3000M,"Tabla 1 al 331_2026.pdf, pagina 213",5200241
213,SS,1343492,SMAP-CIV-124-26 CR 76 ENTRE CL 33 Y CL 35,5000263,LUM LED 48W ASIMÉTRICA 4000K HORIZONTAL,1,,LUM LED 48W ASIMETRICA 4000K HORIZONTAL,"Tabla 1 al 331_2026.pdf, pagina 213",5000263
213,SS,1343492,SMAP-CIV-124-26 CR 76 ENTRE CL 33 Y CL 35,5000265,LUM LED 130W ASIMÉTRICA 4000K HORIZONTAL,1,,LUM LED 130W ASIMETRICA 4000K HORIZONTAL,"Tabla 1 al 331_2026.pdf, pagina 213",5000265
213,SS,1343492,SMAP-CIV-124-26 CR 76 ENTRE CL 33 Y CL 35,5200301,UCAP POSTE CONCRETO REDONDO 9M.,1,,POSTE CONCRETO REDONDO 9M,"Tabla 1 al 331_2026.pdf, pagina 213",5200301
213,SS,1343492,SMAP-CIV-124-26 CR 76 ENTRE CL 33 Y CL 35,5200464,UCAP CABLE CU ENCAUCHETADO 3X14 CU,15,,CABLE CU ENCAUCHETADO 3X14 CU,"Tabla 1 al 331_2026.pdf, pagina 213",5200464
214,SS,1343948,Sendero Cl 124 Cr 42 E - 88 Int 101,5200231,"UCAP BRAZO 1"" - 0.4M - 0°",1,,BRAZO 1 - 0.4M - 0°,"Tabla 1 al 331_2026.pdf, pagina 214",5200231
214,SS,1343948,Sendero Cl 124 Cr 42 E - 88 Int 101,5000263,LUM LED 48W ASIMÉTRICA 4000K HORIZONTAL,1,,LUM LED 48W ASIMETRICA 4000K HORIZONTAL,"Tabla 1 al 331_2026.pdf, pagina 214",5000263
214,SS,1343948,Sendero Cl 124 Cr 42 E - 88 Int 101,5200464,UCAP CABLE CU ENCAUCHETADO 3X14 CU,15,,CABLE CU ENCAUCHETADO 3X14 CU,"Tabla 1 al 331_2026.pdf, pagina 214",5200464
215,SS,1346461,Callejón Cr 50 Cl 76 - 17 Int 111,5200231,"UCAP BRAZO 1"" - 0.4M - 0°",1,,BRAZO 1 - 0.4M - 0°,"Tabla 1 al 331_2026.pdf, pagina 215",5200231
215,SS,1346461,Callejón Cr 50 Cl 76 - 17 Int 111,5000263,LUM LED 48W ASIMÉTRICA 4000K HORIZONTAL,1,,LUM LED 48W ASIMETRICA 4000K HORIZONTAL,"Tabla 1 al 331_2026.pdf, pagina 215",5000263
215,SS,1346461,Callejón Cr 50 Cl 76 - 17 Int 111,5200464,UCAP CABLE CU ENCAUCHETADO 3X14 CU,33,,CABLE CU ENCAUCHETADO 3X14 CU,"Tabla 1 al 331_2026.pdf, pagina 215",5200464
216,SS,1349096,Andén Cr 77 C Cl 48 - 37,5200231,"UCAP BRAZO 1"" - 0.4M - 0°",2,,BRAZO 1 - 0.4M - 0°,"Tabla 1 al 331_2026.pdf, pagina 216",5200231
216,SS,1349096,Andén Cr 77 C Cl 48 - 37,5000263,LUM LED 48W ASIMÉTRICA 4000K HORIZONTAL,2,,LUM LED 48W ASIMETRICA 4000K HORIZONTAL,"Tabla 1 al 331_2026.pdf, pagina 216",5000263
216,SS,1349096,Andén Cr 77 C Cl 48 - 37,5200419,UCAP POSTE PRFV 8M (ENTERRAR),1,,POSTE PRFV 8M ENTERRAR,"Tabla 1 al 331_2026.pdf, pagina 216",5200419
216,SS,1349096,Andén Cr 77 C Cl 48 - 37,5200464,UCAP CABLE CU ENCAUCHETADO 3X14 CU,21,,CABLE CU ENCAUCHETADO 3X14 CU,"Tabla 1 al 331_2026.pdf, pagina 216",5200464
217,SS,1345681,Vía y andén - Eduardo santos CL 43 BB CR 120 B -93 (INTERIOR 1199),5200231,"UCAP BRAZO 1"" - 0.4M - 0°",1,,BRAZO 1 - 0.4M - 0°,"Tabla 1 al 331_2026.pdf, pagina 217",5200231
217,SS,1345681,Vía y andén - Eduardo santos CL 43 BB CR 120 B -93 (INTERIOR 1199),5200232,"UCAP BRAZO 1"" - 1.5M - 52°/0°",1,,BRAZO 1 - 1.5M - 52°/0°,"Tabla 1 al 331_2026.pdf, pagina 217",5200232
217,SS,1345681,Vía y andén - Eduardo santos CL 43 BB CR 120 B -93 (INTERIOR 1199),5000264,"LUM LED 62,4W ASIMÉTRICA 4000K HORIZONTAL",2,,LUM LED 62 4W ASIMETRICA 4000K HORIZONTAL,"Tabla 1 al 331_2026.pdf, pagina 217",5000264
217,SS,1345681,Vía y andén - Eduardo santos CL 43 BB CR 120 B -93 (INTERIOR 1199),5200419,UCAP POSTE PRFV 8M (ENTERRAR),2,,POSTE PRFV 8M ENTERRAR,"Tabla 1 al 331_2026.pdf, pagina 217",5200419
217,SS,1345681,Vía y andén - Eduardo santos CL 43 BB CR 120 B -93 (INTERIOR 1199),5200464,UCAP CABLE CU ENCAUCHETADO 3X14 CU,38,,CABLE CU ENCAUCHETADO 3X14 CU,"Tabla 1 al 331_2026.pdf, pagina 217",5200464
218,SS,1346671,Vía - La Perla CL 18 CR 13 -245,5200232,"UCAP BRAZO 1"" - 1.5M - 52°/0°",1,,BRAZO 1 - 1.5M - 52°/0°,"Tabla 1 al 331_2026.pdf, pagina 218",5200232
218,SS,1346671,Vía - La Perla CL 18 CR 13 -245,5000264,"LUM LED 62,4W ASIMÉTRICA 4000K HORIZONTAL",1,,LUM LED 62 4W ASIMETRICA 4000K HORIZONTAL,"Tabla 1 al 331_2026.pdf, pagina 218",5000264
219,SS,1347139,Andén CL 32 C CR 78 -70,5200231,"UCAP BRAZO 1"" - 0.4M - 0°",1,,BRAZO 1 - 0.4M - 0°,"Tabla 1 al 331_2026.pdf, pagina 219",5200231
219,SS,1347139,Andén CL 32 C CR 78 -70,5000263,LUM LED 48W ASIMÉTRICA 4000K HORIZONTAL,1,,LUM LED 48W ASIMETRICA 4000K HORIZONTAL,"Tabla 1 al 331_2026.pdf, pagina 219",5000263
220,SS,1349091,LA ASOMADERA #1 CL 31 CR 30 - 13,5200231,"UCAP BRAZO 1"" - 0.4M - 0°",1,,BRAZO 1 - 0.4M - 0°,"Tabla 1 al 331_2026.pdf, pagina 220",5200231
220,SS,1349091,LA ASOMADERA #1 CL 31 CR 30 - 13,5000263,LUM LED 48W ASIMÉTRICA 4000K HORIZONTAL,1,,LUM LED 48W ASIMETRICA 4000K HORIZONTAL,"Tabla 1 al 331_2026.pdf, pagina 220",5000263
220,SS,1349091,LA ASOMADERA #1 CL 31 CR 30 - 13,5200217,UCAP LUMINARIA 70W,,1,LUMINARIA 70W,"Tabla 1 al 331_2026.pdf, pagina 220",5200217
220,SS,1349091,LA ASOMADERA #1 CL 31 CR 30 - 13,5200201,UCAP BOMBILLO 70W,,1,BOMBILLO 70W,"Tabla 1 al 331_2026.pdf, pagina 220",5200201
220,SS,1349091,LA ASOMADERA #1 CL 31 CR 30 - 13,5200232,"UCAP BRAZO 1"" - 1.5M - 52°/0°",,1,BRAZO 1 - 1.5M - 52°/0°,"Tabla 1 al 331_2026.pdf, pagina 220",5200232
221,SS,1333078,Guayabal CL 7 SUR CR 50 FF -70,5200231,"UCAP BRAZO 1"" - 0.4M - 0°",2,,BRAZO 1 - 0.4M - 0°,"Tabla 1 al 331_2026.pdf, pagina 221",5200231
221,SS,1333078,Guayabal CL 7 SUR CR 50 FF -70,5200241,UCAP BRAZO CURVO 3000M,2,,BRAZO CURVO 3000M,"Tabla 1 al 331_2026.pdf, pagina 221",5200241
221,SS,1333078,Guayabal CL 7 SUR CR 50 FF -70,5000263,LUM LED 48W ASIMÉTRICA 4000K HORIZONTAL,2,,LUM LED 48W ASIMETRICA 4000K HORIZONTAL,"Tabla 1 al 331_2026.pdf, pagina 221",5000263
221,SS,1333078,Guayabal CL 7 SUR CR 50 FF -70,5200407,"UCAP TRIPLEX AL 2X4+1X4 XLP,AEREO",98,75,TRIPLEX AL 2X4+1X4 XLP AEREO,"Tabla 1 al 331_2026.pdf, pagina 221",5200407
221,SS,1333078,Guayabal CL 7 SUR CR 50 FF -70,5200232,"UCAP BRAZO 1"" - 1.5M - 52°/0°",,3,BRAZO 1 - 1.5M - 52°/0°,"Tabla 1 al 331_2026.pdf, pagina 221",5200232
221,SS,1333078,Guayabal CL 7 SUR CR 50 FF -70,5200308,UCAP POSTE CONCRETO OCTOG 8M,,1,POSTE CONCRETO OCTOG 8M,"Tabla 1 al 331_2026.pdf, pagina 221",5200308
221,SS,1333078,Guayabal CL 7 SUR CR 50 FF -70,5200464,UCAP CABLE CU ENCAUCHETADO 3X14 CU,,55,CABLE CU ENCAUCHETADO 3X14 CU,"Tabla 1 al 331_2026.pdf, pagina 221",5200464
221,SS,1333078,Guayabal CL 7 SUR CR 50 FF -70,5200271,LUM LED (MAXIMO M) 59.16W,2,3,LUM LED MAXIMO M 59.16W,"Tabla 1 al 331_2026.pdf, pagina 221",5200271
222,SN,1040081,PARQUE INFANTIL -SENDERO CR 86 A CL 40,5200419,POST PRFV 8M 510KGF,2,,POST PRFV 8M 510KGF,"Tabla 1 al 331_2026.pdf, pagina 222",5200419
222,SN,1040081,PARQUE INFANTIL -SENDERO CR 86 A CL 40,5200293,LUM LED (OMEGA II) 64.5W,2,,LUM LED OMEGA II 64.5W,"Tabla 1 al 331_2026.pdf, pagina 222",5200293
222,SN,1040081,PARQUE INFANTIL -SENDERO CR 86 A CL 40,5200270,LUM LED (KORELED) 44W,1,,LUM LED KORELED 44W,"Tabla 1 al 331_2026.pdf, pagina 222",5200270
222,SN,1040081,PARQUE INFANTIL -SENDERO CR 86 A CL 40,5200232,"BR 1"" - 1.5M - 52°/0°",3,,BR 1 - 1.5M - 52°/0°,"Tabla 1 al 331_2026.pdf, pagina 222",5200232
222,SN,1040081,PARQUE INFANTIL -SENDERO CR 86 A CL 40,5200464,CABL CU 3X14 (ENCAU),24,,CABL CU 3X14 ENCAU,"Tabla 1 al 331_2026.pdf, pagina 222",5200464
223,SN,690278,SENDERO CR 46 CL 107 A - 28 INT 109,5200270,LUM LED (KORELED) 44W,1,,LUM LED KORELED 44W,"Tabla 1 al 331_2026.pdf, pagina 223",5200270
223,SN,690278,SENDERO CR 46 CL 107 A - 28 INT 109,5200232,"BR 1"" - 1.5M - 52°/0°",1,,BR 1 - 1.5M - 52°/0°,"Tabla 1 al 331_2026.pdf, pagina 223",5200232
224,SS,727121,"SENDERO PEATONAL, CL 43 CR 29 - 27",5200270,LUM LED (KORELED) 44W,1,,LUM LED KORELED 44W,"Tabla 1 al 331_2026.pdf, pagina 224",5200270
224,SS,727121,"SENDERO PEATONAL, CL 43 CR 29 - 27",5200231,"BRAZO 1"" - 0.4m - 0°",1,,BRAZO 1 - 0.4M - 0°,"Tabla 1 al 331_2026.pdf, pagina 224",5200231
225,SS,1150413,ANDEN SMAP-CIL-0142-25 CR 41 CL 44 - 19,5200231,"UCAP BRAZO 1"" - 0.4M - 0°",1,,BRAZO 1 - 0.4M - 0°,"Tabla 1 al 331_2026.pdf, pagina 225",5200231
225,SS,1150413,ANDEN SMAP-CIL-0142-25 CR 41 CL 44 - 19,5200270,LUM LED (KORELED) 44W,1,,LUM LED KORELED 44W,"Tabla 1 al 331_2026.pdf, pagina 225",5200270
225,SS,1150413,ANDEN SMAP-CIL-0142-25 CR 41 CL 44 - 19,5200219,LUMINARIA 250W,,1,LUMINARIA 250W,"Tabla 1 al 331_2026.pdf, pagina 225",5200219
225,SS,1150413,ANDEN SMAP-CIL-0142-25 CR 41 CL 44 - 19,5200203,BOMBILLA Na 250W,,1,BOMBILLA NA 250W,"Tabla 1 al 331_2026.pdf, pagina 225",5200203
225,SS,1150413,ANDEN SMAP-CIL-0142-25 CR 41 CL 44 - 19,5200236,"BRAZO 1 1/2"" - 1.5M - 52°/20°",,1,BRAZO 1 1/2 - 1.5M - 52°/20°,"Tabla 1 al 331_2026.pdf, pagina 225",5200236
226,SS,1249219,Vía y Andén Cr 15 A Cl 10 A - 3,5200232,"UCAP BRAZO 1"" - 1.5M - 52°/0°",2,1,BRAZO 1 - 1.5M - 52°/0°,"Tabla 1 al 331_2026.pdf, pagina 226",5200232
226,SS,1249219,Vía y Andén Cr 15 A Cl 10 A - 3,5200270,LUM LED (KORELED) 44W,2,,LUM LED KORELED 44W,"Tabla 1 al 331_2026.pdf, pagina 226",5200270
226,SS,1249219,Vía y Andén Cr 15 A Cl 10 A - 3,5200308,UCAP POSTE CONCRETO OCTOG 8M,1,,POSTE CONCRETO OCTOG 8M,"Tabla 1 al 331_2026.pdf, pagina 226",5200308
226,SS,1249219,Vía y Andén Cr 15 A Cl 10 A - 3,5200464,UCAP CABLE CU ENCAUCHETADO 3X14 CU,18,,CABLE CU ENCAUCHETADO 3X14 CU,"Tabla 1 al 331_2026.pdf, pagina 226",5200464
226,SS,1249219,Vía y Andén Cr 15 A Cl 10 A - 3,5200217,UCAP LUMINARIA 70W,,1,LUMINARIA 70W,"Tabla 1 al 331_2026.pdf, pagina 226",5200217
226,SS,1249219,Vía y Andén Cr 15 A Cl 10 A - 3,5200201,UCAP BOMBILLO 70W,,1,BOMBILLO 70W,"Tabla 1 al 331_2026.pdf, pagina 226",5200201
227,SS,1252580,VIA SMAP-CIL-0403-25 CL 106 CR 68 A - 92,5200232,"UCAP BRAZO 1"" - 1.5M - 52°/0°",1,1,BRAZO 1 - 1.5M - 52°/0°,"Tabla 1 al 331_2026.pdf, pagina 227",5200232
227,SS,1252580,VIA SMAP-CIL-0403-25 CL 106 CR 68 A - 92,5000263,LUM LED 48W ASIMÉTRICA 4000K HORIZONTAL,1,,LUM LED 48W ASIMETRICA 4000K HORIZONTAL,"Tabla 1 al 331_2026.pdf, pagina 227",5000263
227,SS,1252580,VIA SMAP-CIL-0403-25 CL 106 CR 68 A - 92,5200217,UCAP LUMINARIA 70W,,1,LUMINARIA 70W,"Tabla 1 al 331_2026.pdf, pagina 227",5200217
227,SS,1252580,VIA SMAP-CIL-0403-25 CL 106 CR 68 A - 92,5200201,UCAP BOMBILLO 70W,,1,BOMBILLO 70W,"Tabla 1 al 331_2026.pdf, pagina 227",5200201
228,SS,1285743,Parque Parque de Santa Elena,5200239,UCAP BRAZO DOBLE CARABOBO,1,,BRAZO DOBLE CARABOBO,"Tabla 1 al 331_2026.pdf, pagina 228",5200239
228,SS,1285743,Parque Parque de Santa Elena,5000263,LUM LED 48W ASIMÉTRICA 4000K HORIZONTAL,2,,LUM LED 48W ASIMETRICA 4000K HORIZONTAL,"Tabla 1 al 331_2026.pdf, pagina 228",5000263
228,SS,1285743,Parque Parque de Santa Elena,5200302,UCAP POSTE CONCRETO CARABOBO 5M,1,,POSTE CONCRETO CARABOBO 5M,"Tabla 1 al 331_2026.pdf, pagina 228",5200302
228,SS,1285743,Parque Parque de Santa Elena,5200421,CABLE FZA AL 3X6 AWG XLPE 600V 90°C,5,,CABLE FZA AL 3X6 AWG XLPE 600V 90°C,"Tabla 1 al 331_2026.pdf, pagina 228",5200421
228,SS,1285743,Parque Parque de Santa Elena,5200501,UCAP CAJA CONCRETO 50X50 CM,1,,CAJA CONCRETO 50X50 CM,"Tabla 1 al 331_2026.pdf, pagina 228",5200501
228,SS,1285743,Parque Parque de Santa Elena,5200222,UCAP LUMINARIA LED 40W,,2,LUMINARIA LED 40W,"Tabla 1 al 331_2026.pdf, pagina 228",5200222
228,SS,1285743,Parque Parque de Santa Elena,5200230,UCAP BRAZO DOBLE BAILARINA,,1,BRAZO DOBLE BAILARINA,"Tabla 1 al 331_2026.pdf, pagina 228",5200230
228,SS,1285743,Parque Parque de Santa Elena,5200303,UCAP POSTE CONCRETO TIPO METRO 5M,,1,POSTE CONCRETO TIPO METRO 5M,"Tabla 1 al 331_2026.pdf, pagina 228",5200303
229,SS,1288300,SENDERO PEATONAL CL 12 C SUR # 39-153,5000263,LUM LED 48W ASIMÉTRICA 4000K HORIZONTAL,8,,LUM LED 48W ASIMETRICA 4000K HORIZONTAL,"Tabla 1 al 331_2026.pdf, pagina 229",5000263
229,SS,1288300,SENDERO PEATONAL CL 12 C SUR # 39-153,5200302,UCAP POSTE CONCRETO CARABOBO 5M,8,,POSTE CONCRETO CARABOBO 5M,"Tabla 1 al 331_2026.pdf, pagina 229",5200302
229,SS,1288300,SENDERO PEATONAL CL 12 C SUR # 39-153,5200421,CABLE FZA AL 3X6 AWG XLPE 600V 90°C,156,,CABLE FZA AL 3X6 AWG XLPE 600V 90°C,"Tabla 1 al 331_2026.pdf, pagina 229",5200421
229,SS,1288300,SENDERO PEATONAL CL 12 C SUR # 39-153,5200464,UCAP CABLE CU ENCAUCHETADO 3X14 CU,40,,CABLE CU ENCAUCHETADO 3X14 CU,"Tabla 1 al 331_2026.pdf, pagina 229",5200464
229,SS,1288300,SENDERO PEATONAL CL 12 C SUR # 39-153,5200501,UCAP CAJA CONCRETO 50X50 CM,8,,CAJA CONCRETO 50X50 CM,"Tabla 1 al 331_2026.pdf, pagina 229",5200501
229,SS,1288300,SENDERO PEATONAL CL 12 C SUR # 39-153,5200238,BRAZO CARABOBO SENCILLO,8,,BRAZO CARABOBO SENCILLO,"Tabla 1 al 331_2026.pdf, pagina 229",5200238
229,SS,1288300,SENDERO PEATONAL CL 12 C SUR # 39-153,5200206,UCAP LUMINARIA LED 56W HORIZONTAL,,1,LUMINARIA LED 56W HORIZONTAL,"Tabla 1 al 331_2026.pdf, pagina 229",5200206
229,SS,1288300,SENDERO PEATONAL CL 12 C SUR # 39-153,5200232,"UCAP BRAZO 1"" - 1.5M - 52°/0°",,1,BRAZO 1 - 1.5M - 52°/0°,"Tabla 1 al 331_2026.pdf, pagina 229",5200232
230,SS,1080964,SMAP-0004-25-Parque Superman CR 48 CL 26 -85,5200239,UCAP BRAZO DOBLE CARABOBO,6,,BRAZO DOBLE CARABOBO,"Tabla 1 al 331_2026.pdf, pagina 230",5200239
230,SS,1080964,SMAP-0004-25-Parque Superman CR 48 CL 26 -85,5000263,LUM LED 48W ASIMÉTRICA 4000K HORIZONTAL,14,,LUM LED 48W ASIMETRICA 4000K HORIZONTAL,"Tabla 1 al 331_2026.pdf, pagina 230",5000263
230,SS,1080964,SMAP-0004-25-Parque Superman CR 48 CL 26 -85,5200302,UCAP POSTE CONCRETO CARABOBO 5M,8,,POSTE CONCRETO CARABOBO 5M,"Tabla 1 al 331_2026.pdf, pagina 230",5200302
230,SS,1080964,SMAP-0004-25-Parque Superman CR 48 CL 26 -85,5200464,UCAP CABLE CU ENCAUCHETADO 3X14 CU,110,,CABLE CU ENCAUCHETADO 3X14 CU,"Tabla 1 al 331_2026.pdf, pagina 230",5200464
230,SS,1080964,SMAP-0004-25-Parque Superman CR 48 CL 26 -85,5200502,UCAP CAJA CONCRETO DIRECTAMENTE ENT,9,,CAJA CONCRETO DIRECTAMENTE ENT,"Tabla 1 al 331_2026.pdf, pagina 230",5200502
230,SS,1080964,SMAP-0004-25-Parque Superman CR 48 CL 26 -85,5200238,BRAZO CARABOBO SENCILLO,2,,BRAZO CARABOBO SENCILLO,"Tabla 1 al 331_2026.pdf, pagina 230",5200238
231,SS,1285558,Sendero Cl 35 Cr 19A,5200231,"UCAP BRAZO 1"" - 0.4M - 0°",1,1,BRAZO 1 - 0.4M - 0°,"Tabla 1 al 331_2026.pdf, pagina 231",5200231
231,SS,1285558,Sendero Cl 35 Cr 19A,5000263,LUM LED 48W ASIMÉTRICA 4000K HORIZONTAL,1,,LUM LED 48W ASIMETRICA 4000K HORIZONTAL,"Tabla 1 al 331_2026.pdf, pagina 231",5000263
231,SS,1285558,Sendero Cl 35 Cr 19A,5200419,UCAP POSTE PRFV 8M (ENTERRAR),1,,POSTE PRFV 8M ENTERRAR,"Tabla 1 al 331_2026.pdf, pagina 231",5200419
231,SS,1285558,Sendero Cl 35 Cr 19A,5200464,UCAP CABLE CU ENCAUCHETADO 3X14 CU,4,,CABLE CU ENCAUCHETADO 3X14 CU,"Tabla 1 al 331_2026.pdf, pagina 231",5200464
231,SS,1285558,Sendero Cl 35 Cr 19A,5200217,UCAP LUMINARIA 70W,,1,LUMINARIA 70W,"Tabla 1 al 331_2026.pdf, pagina 231",5200217
231,SS,1285558,Sendero Cl 35 Cr 19A,5200201,UCAP BOMBILLO 70W,,1,BOMBILLO 70W,"Tabla 1 al 331_2026.pdf, pagina 231",5200201
232,SS,1293438,Vía M4 Cl 69 Entre Cr 27 y Cr 28,5200231,"UCAP BRAZO 1"" - 0.4M - 0°",1,,BRAZO 1 - 0.4M - 0°,"Tabla 1 al 331_2026.pdf, pagina 232",5200231
232,SS,1293438,Vía M4 Cl 69 Entre Cr 27 y Cr 28,5200235,"UCAP BRAZO 1 1/2"" - 1.5M - 52°/0°",3,2,BRAZO 1 1/2 - 1.5M - 52°/0°,"Tabla 1 al 331_2026.pdf, pagina 232",5200235
232,SS,1293438,Vía M4 Cl 69 Entre Cr 27 y Cr 28,5200237,UCAP BRAZO CURVO - 1.5M - 0°,1,,BRAZO CURVO - 1.5M - 0°,"Tabla 1 al 331_2026.pdf, pagina 232",5200237
232,SS,1293438,Vía M4 Cl 69 Entre Cr 27 y Cr 28,5000263,LUM LED 48W ASIMÉTRICA 4000K HORIZONTAL,1,,LUM LED 48W ASIMETRICA 4000K HORIZONTAL,"Tabla 1 al 331_2026.pdf, pagina 232",5000263
232,SS,1293438,Vía M4 Cl 69 Entre Cr 27 y Cr 28,5000264,"LUM LED 62,4W ASIMÉTRICA 4000K HORIZONTAL",4,,LUM LED 62 4W ASIMETRICA 4000K HORIZONTAL,"Tabla 1 al 331_2026.pdf, pagina 232",5000264
232,SS,1293438,Vía M4 Cl 69 Entre Cr 27 y Cr 28,5200419,UCAP POSTE PRFV 8M (ENTERRAR),1,,POSTE PRFV 8M ENTERRAR,"Tabla 1 al 331_2026.pdf, pagina 232",5200419
232,SS,1293438,Vía M4 Cl 69 Entre Cr 27 y Cr 28,5200238,UCAP BRAZO SENCILLO CARABOBO,,1,BRAZO SENCILLO CARABOBO,"Tabla 1 al 331_2026.pdf, pagina 232",5200238
232,SS,1293438,Vía M4 Cl 69 Entre Cr 27 y Cr 28,5200302,UCAP POSTE CONCRETO CARABOBO 5M,,1,POSTE CONCRETO CARABOBO 5M,"Tabla 1 al 331_2026.pdf, pagina 232",5200302
232,SS,1293438,Vía M4 Cl 69 Entre Cr 27 y Cr 28,,RET LUMINARIA 53W,,2,RET LUMINARIA 53W,"Tabla 1 al 331_2026.pdf, pagina 232",SIN CODIGO|RET LUMINARIA 53W
233,SS,1291475,Via M4 y anden CR 31A # 11-125,5200231,"UCAP BRAZO 1"" - 0.4M - 0°",2,,BRAZO 1 - 0.4M - 0°,"Tabla 1 al 331_2026.pdf, pagina 233",5200231
233,SS,1291475,Via M4 y anden CR 31A # 11-125,5200241,UCAP BRAZO CURVO 3000M,3,,BRAZO CURVO 3000M,"Tabla 1 al 331_2026.pdf, pagina 233",5200241
233,SS,1291475,Via M4 y anden CR 31A # 11-125,5000263,LUM LED 48W ASIMÉTRICA 4000K HORIZONTAL,2,,LUM LED 48W ASIMETRICA 4000K HORIZONTAL,"Tabla 1 al 331_2026.pdf, pagina 233",5000263
233,SS,1291475,Via M4 y anden CR 31A # 11-125,5200293,LUM LED (OMEGA II ) 64.5W,3,1,LUM LED OMEGA II 64.5W,"Tabla 1 al 331_2026.pdf, pagina 233",5200293
233,SS,1291475,Via M4 y anden CR 31A # 11-125,5200232,"UCAP BRAZO 1"" - 1.5M - 52°/0°",,1,BRAZO 1 - 1.5M - 52°/0°,"Tabla 1 al 331_2026.pdf, pagina 233",5200232
234,SS,1285589,Escalas Cl 35 Cr 17,5200231,"UCAP BRAZO 1"" - 0.4M - 0°",1,,BRAZO 1 - 0.4M - 0°,"Tabla 1 al 331_2026.pdf, pagina 234",5200231
234,SS,1285589,Escalas Cl 35 Cr 17,5000263,LUM LED 48W ASIMÉTRICA 4000K HORIZONTAL,1,,LUM LED 48W ASIMETRICA 4000K HORIZONTAL,"Tabla 1 al 331_2026.pdf, pagina 234",5000263
234,SS,1285589,Escalas Cl 35 Cr 17,5200419,UCAP POSTE PRFV 8M (ENTERRAR),1,,POSTE PRFV 8M ENTERRAR,"Tabla 1 al 331_2026.pdf, pagina 234",5200419
234,SS,1285589,Escalas Cl 35 Cr 17,5200464,UCAP CABLE CU ENCAUCHETADO 3X14 CU,6,,CABLE CU ENCAUCHETADO 3X14 CU,"Tabla 1 al 331_2026.pdf, pagina 234",5200464
234,SS,1285589,Escalas Cl 35 Cr 17,5200217,UCAP LUMINARIA 70W,,1,LUMINARIA 70W,"Tabla 1 al 331_2026.pdf, pagina 234",5200217
234,SS,1285589,Escalas Cl 35 Cr 17,5200201,UCAP BOMBILLO 70W,,1,BOMBILLO 70W,"Tabla 1 al 331_2026.pdf, pagina 234",5200201
234,SS,1285589,Escalas Cl 35 Cr 17,5200232,"UCAP BRAZO 1"" - 1.5M - 52°/0°",,1,BRAZO 1 - 1.5M - 52°/0°,"Tabla 1 al 331_2026.pdf, pagina 234",5200232
235,SS,1285599,Sendero Cl 43 E Cr 10,5200232,"UCAP BRAZO 1"" - 1.5M - 52°/0°",1,2,BRAZO 1 - 1.5M - 52°/0°,"Tabla 1 al 331_2026.pdf, pagina 235",5200232
235,SS,1285599,Sendero Cl 43 E Cr 10,5000263,LUM LED 48W ASIMÉTRICA 4000K HORIZONTAL,1,,LUM LED 48W ASIMETRICA 4000K HORIZONTAL,"Tabla 1 al 331_2026.pdf, pagina 235",5000263
235,SS,1285599,Sendero Cl 43 E Cr 10,5200464,UCAP CABLE CU ENCAUCHETADO 3X14 CU,17,,CABLE CU ENCAUCHETADO 3X14 CU,"Tabla 1 al 331_2026.pdf, pagina 235",5200464
235,SS,1285599,Sendero Cl 43 E Cr 10,5200217,UCAP LUMINARIA 70W,,2,LUMINARIA 70W,"Tabla 1 al 331_2026.pdf, pagina 235",5200217
235,SS,1285599,Sendero Cl 43 E Cr 10,5200201,UCAP BOMBILLO 70W,,2,BOMBILLO 70W,"Tabla 1 al 331_2026.pdf, pagina 235",5200201
235,SS,1285599,Sendero Cl 43 E Cr 10,5200410,UCAP DUPLEX CU 14 AWG-THW 300V,,15,DUPLEX CU 14 AWG-THW 300V,"Tabla 1 al 331_2026.pdf, pagina 235",5200410
236,SS,1285605,Vía M4 Cl 43 D Cr 8,5200232,"UCAP BRAZO 1"" - 1.5M - 52°/0°",1,1,BRAZO 1 - 1.5M - 52°/0°,"Tabla 1 al 331_2026.pdf, pagina 236",5200232
236,SS,1285605,Vía M4 Cl 43 D Cr 8,5000263,LUM LED 48W ASIMÉTRICA 4000K HORIZONTAL,1,,LUM LED 48W ASIMETRICA 4000K HORIZONTAL,"Tabla 1 al 331_2026.pdf, pagina 236",5000263
236,SS,1285605,Vía M4 Cl 43 D Cr 8,5200217,UCAP LUMINARIA 70W,,1,LUMINARIA 70W,"Tabla 1 al 331_2026.pdf, pagina 236",5200217
236,SS,1285605,Vía M4 Cl 43 D Cr 8,5200201,UCAP BOMBILLO 70W,,1,BOMBILLO 70W,"Tabla 1 al 331_2026.pdf, pagina 236",5200201
237,SS,1285611,Sendero Cl 43 A Cr 15 CC - 26,5200231,"UCAP BRAZO 1"" - 0.4M - 0°",1,,BRAZO 1 - 0.4M - 0°,"Tabla 1 al 331_2026.pdf, pagina 237",5200231
237,SS,1285611,Sendero Cl 43 A Cr 15 CC - 26,5000263,LUM LED 48W ASIMÉTRICA 4000K HORIZONTAL,1,,LUM LED 48W ASIMETRICA 4000K HORIZONTAL,"Tabla 1 al 331_2026.pdf, pagina 237",5000263
237,SS,1285611,Sendero Cl 43 A Cr 15 CC - 26,5200217,UCAP LUMINARIA 70W,,2,LUMINARIA 70W,"Tabla 1 al 331_2026.pdf, pagina 237",5200217
237,SS,1285611,Sendero Cl 43 A Cr 15 CC - 26,5200201,UCAP BOMBILLO 70W,,2,BOMBILLO 70W,"Tabla 1 al 331_2026.pdf, pagina 237",5200201
237,SS,1285611,Sendero Cl 43 A Cr 15 CC - 26,5200232,"UCAP BRAZO 1"" - 1.5M - 52°/0°",,2,BRAZO 1 - 1.5M - 52°/0°,"Tabla 1 al 331_2026.pdf, pagina 237",5200232
238,SS,1285616,Sendero Cl 45 Cr 12,5200231,"UCAP BRAZO 1"" - 0.4M - 0°",1,,BRAZO 1 - 0.4M - 0°,"Tabla 1 al 331_2026.pdf, pagina 238",5200231
238,SS,1285616,Sendero Cl 45 Cr 12,5000263,LUM LED 48W ASIMÉTRICA 4000K HORIZONTAL,1,,LUM LED 48W ASIMETRICA 4000K HORIZONTAL,"Tabla 1 al 331_2026.pdf, pagina 238",5000263
238,SS,1285616,Sendero Cl 45 Cr 12,5200217,UCAP LUMINARIA 70W,,1,LUMINARIA 70W,"Tabla 1 al 331_2026.pdf, pagina 238",5200217
238,SS,1285616,Sendero Cl 45 Cr 12,5200201,UCAP BOMBILLO 70W,,1,BOMBILLO 70W,"Tabla 1 al 331_2026.pdf, pagina 238",5200201
238,SS,1285616,Sendero Cl 45 Cr 12,5200232,"UCAP BRAZO 1"" - 1.5M - 52°/0°",,1,BRAZO 1 - 1.5M - 52°/0°,"Tabla 1 al 331_2026.pdf, pagina 238",5200232
239,SS,1284839,Sendero Peatonal Cr 26 C Cl 100 - 68 Int 114,5200231,"UCAP BRAZO 1"" - 0.4M - 0°",2,,BRAZO 1 - 0.4M - 0°,"Tabla 1 al 331_2026.pdf, pagina 239",5200231
239,SS,1284839,Sendero Peatonal Cr 26 C Cl 100 - 68 Int 114,5000263,LUM LED 48W ASIMÉTRICA 4000K HORIZONTAL,2,,LUM LED 48W ASIMETRICA 4000K HORIZONTAL,"Tabla 1 al 331_2026.pdf, pagina 239",5000263
240,SS,1284733,Sendero Cr 36 A Cl 69 - 104,5200222,UCAP LUMINARIA LED 40W,,1,LUMINARIA LED 40W,"Tabla 1 al 331_2026.pdf, pagina 240",5200222
240,SS,1284733,Sendero Cr 36 A Cl 69 - 104,5200239,UCAP BRAZO DOBLE CARABOBO,,1,BRAZO DOBLE CARABOBO,"Tabla 1 al 331_2026.pdf, pagina 240",5200239
240,SS,1284733,Sendero Cr 36 A Cl 69 - 104,5200270,LUM LED (KORELED) 44W,,1,LUM LED KORELED 44W,"Tabla 1 al 331_2026.pdf, pagina 240",5200270
240,SS,1284733,Sendero Cr 36 A Cl 69 - 104,5200303,UCAP POSTE CONCRETO TIPO METRO 5M,,1,POSTE CONCRETO TIPO METRO 5M,"Tabla 1 al 331_2026.pdf, pagina 240",5200303
241,SS,1277038,ANDEN SUR CL 64 CR 50A - 43,5200231,"UCAP BRAZO 1"" - 0.4M - 0°",1,,BRAZO 1 - 0.4M - 0°,"Tabla 1 al 331_2026.pdf, pagina 241",5200231
241,SS,1277038,ANDEN SUR CL 64 CR 50A - 43,5000263,LUM LED 48W ASIMÉTRICA 4000K HORIZONTAL,1,,LUM LED 48W ASIMETRICA 4000K HORIZONTAL,"Tabla 1 al 331_2026.pdf, pagina 241",5000263
242,SS,1238953,SMAP-CIL-0366-25 CL 23 CR 41-70,5200231,"UCAP BRAZO 1"" - 0.4M - 0°",1,,BRAZO 1 - 0.4M - 0°,"Tabla 1 al 331_2026.pdf, pagina 242",5200231
242,SS,1238953,SMAP-CIL-0366-25 CL 23 CR 41-70,5200270,LUM LED (KORELED) 44W,1,,LUM LED KORELED 44W,"Tabla 1 al 331_2026.pdf, pagina 242",5200270
243,SS,1265993,SMAP-CIL-0430-26 CR 48 CL 4 SUR,5200235,"UCAP BRAZO 1 1/2"" - 1.5M - 52°/0°",2,,BRAZO 1 1/2 - 1.5M - 52°/0°,"Tabla 1 al 331_2026.pdf, pagina 243",5200235
243,SS,1265993,SMAP-CIL-0430-26 CR 48 CL 4 SUR,5000265,LUM LED 130W ASIMÉTRICA 4000K HORIZONTAL,2,,LUM LED 130W ASIMETRICA 4000K HORIZONTAL,"Tabla 1 al 331_2026.pdf, pagina 243",5000265
243,SS,1265993,SMAP-CIL-0430-26 CR 48 CL 4 SUR,5200219,UCAP LUMINARIA 250W,,2,LUMINARIA 250W,"Tabla 1 al 331_2026.pdf, pagina 243",5200219
243,SS,1265993,SMAP-CIL-0430-26 CR 48 CL 4 SUR,5200203,UCAP BOMBILLO 250W,,2,BOMBILLO 250W,"Tabla 1 al 331_2026.pdf, pagina 243",5200203
243,SS,1265993,SMAP-CIL-0430-26 CR 48 CL 4 SUR,5200233,"UCAP BRAZO 1"" - 1.5M - 52°/20°",,2,BRAZO 1 - 1.5M - 52°/20°,"Tabla 1 al 331_2026.pdf, pagina 243",5200233
244,SS,1280822,Sendero Cl 101 AC Cr 25 - 11 Inr 107,5200231,"UCAP BRAZO 1"" - 0.4M - 0°",3,,BRAZO 1 - 0.4M - 0°,"Tabla 1 al 331_2026.pdf, pagina 244",5200231
244,SS,1280822,Sendero Cl 101 AC Cr 25 - 11 Inr 107,5000263,LUM LED 48W ASIMÉTRICA 4000K HORIZONTAL,3,,LUM LED 48W ASIMETRICA 4000K HORIZONTAL,"Tabla 1 al 331_2026.pdf, pagina 244",5000263
245,SS,1280895,Andén Cl 41 Cr 28 - 39,5200231,"UCAP BRAZO 1"" - 0.4M - 0°",3,,BRAZO 1 - 0.4M - 0°,"Tabla 1 al 331_2026.pdf, pagina 245",5200231
245,SS,1280895,Andén Cl 41 Cr 28 - 39,5000263,LUM LED 48W ASIMÉTRICA 4000K HORIZONTAL,3,,LUM LED 48W ASIMETRICA 4000K HORIZONTAL,"Tabla 1 al 331_2026.pdf, pagina 245",5000263
245,SS,1280895,Andén Cl 41 Cr 28 - 39,5200308,UCAP POSTE CONCRETO OCTOG 8M,2,,POSTE CONCRETO OCTOG 8M,"Tabla 1 al 331_2026.pdf, pagina 245",5200308
245,SS,1280895,Andén Cl 41 Cr 28 - 39,5200464,UCAP CABLE CU ENCAUCHETADO 3X14 CU,24,,CABLE CU ENCAUCHETADO 3X14 CU,"Tabla 1 al 331_2026.pdf, pagina 245",5200464
246,SN,1038221,SMAP 0163-25 CR 49 A CL 107 - 160,5200270,LUM LED (KORELED) 44W,1,,LUM LED KORELED 44W,"Tabla 1 al 331_2026.pdf, pagina 246",5200270
246,SN,1038221,SMAP 0163-25 CR 49 A CL 107 - 160,5200232,"BR 1"" - 1.5M - 52°/0°",1,,BR 1 - 1.5M - 52°/0°,"Tabla 1 al 331_2026.pdf, pagina 246",5200232
246,SN,1038221,SMAP 0163-25 CR 49 A CL 107 - 160,5200311,POST PRFV 12M 350KGF AP,2,,POST PRFV 12M 350KGF AP,"Tabla 1 al 331_2026.pdf, pagina 246",5200311
246,SN,1038221,SMAP 0163-25 CR 49 A CL 107 - 160,5200464,CABL CU 3X14 (ENCAU),40,21,CABL CU 3X14 ENCAU,"Tabla 1 al 331_2026.pdf, pagina 246",5200464
246,SN,1038221,SMAP 0163-25 CR 49 A CL 107 - 160,5200220,UCAP LUMINARIA 400W,,2,LUMINARIA 400W,"Tabla 1 al 331_2026.pdf, pagina 246",5200220
246,SN,1038221,SMAP 0163-25 CR 49 A CL 107 - 160,5200204,UCAP BOMBILLO 400W,,2,BOMBILLO 400W,"Tabla 1 al 331_2026.pdf, pagina 246",5200204
246,SN,1038221,SMAP 0163-25 CR 49 A CL 107 - 160,5200236,"BR 1 1/2"" - 1.5M - 52°/20°",,2,BR 1 1/2 - 1.5M - 52°/20°,"Tabla 1 al 331_2026.pdf, pagina 246",5200236
246,SN,1038221,SMAP 0163-25 CR 49 A CL 107 - 160,5200410,UCAP DUPLEX CU 14 AWG-THW 300V,,16,DUPLEX CU 14 AWG-THW 300V,"Tabla 1 al 331_2026.pdf, pagina 246",5200410
246,SN,1038221,SMAP 0163-25 CR 49 A CL 107 - 160,,PROYECTOR 110W TIPO V LARGA 5000K,4,,PROYECTOR 110W TIPO V LARGA 5000K,"Tabla 1 al 331_2026.pdf, pagina 246",SIN CODIGO|PROYECTOR 110W TIPO V LARGA 5000K
246,SN,1038221,SMAP 0163-25 CR 49 A CL 107 - 160,5200307,Poste madera redondo de 12m,,2,POSTE MADERA REDONDO DE 12M,"Tabla 1 al 331_2026.pdf, pagina 246",5200307
247,SS,1174450,Sendero CL 97 CR 84 - 72 int 137,5200231,"UCAP BRAZO 1"" - 0.4M - 0°",1,,BRAZO 1 - 0.4M - 0°,"Tabla 1 al 331_2026.pdf, pagina 247",5200231
247,SS,1174450,Sendero CL 97 CR 84 - 72 int 137,5000263,LUM LED 48W ASIMÉTRICA 4000K HORIZONTAL,1,,LUM LED 48W ASIMETRICA 4000K HORIZONTAL,"Tabla 1 al 331_2026.pdf, pagina 247",5000263
247,SS,1174450,Sendero CL 97 CR 84 - 72 int 137,5200419,UCAP POSTE PRFV 8M (ENTERRAR),1,,POSTE PRFV 8M ENTERRAR,"Tabla 1 al 331_2026.pdf, pagina 247",5200419
247,SS,1174450,Sendero CL 97 CR 84 - 72 int 137,5200464,UCAP CABLE CU ENCAUCHETADO 3X14 CU,22,,CABLE CU ENCAUCHETADO 3X14 CU,"Tabla 1 al 331_2026.pdf, pagina 247",5200464
248,SS,1252574,Via y andenes SMAP-CIL-0402-25 CR 74A CL 103C-17,5200232,"UCAP BRAZO 1"" - 1.5M - 52°/0°",2,1,BRAZO 1 - 1.5M - 52°/0°,"Tabla 1 al 331_2026.pdf, pagina 248",5200232
248,SS,1252574,Via y andenes SMAP-CIL-0402-25 CR 74A CL 103C-17,5000263,LUM LED 48W ASIMÉTRICA 4000K HORIZONTAL,2,,LUM LED 48W ASIMETRICA 4000K HORIZONTAL,"Tabla 1 al 331_2026.pdf, pagina 248",5000263
248,SS,1252574,Via y andenes SMAP-CIL-0402-25 CR 74A CL 103C-17,5200217,UCAP LUMINARIA 70W,,1,LUMINARIA 70W,"Tabla 1 al 331_2026.pdf, pagina 248",5200217
248,SS,1252574,Via y andenes SMAP-CIL-0402-25 CR 74A CL 103C-17,5200201,UCAP BOMBILLO 70W,,1,BOMBILLO 70W,"Tabla 1 al 331_2026.pdf, pagina 248",5200201
249,SS,1252599,PARQUE SMAP-CIL-0413-25 CL 101 AA - CR 72 - 12,5200235,"UCAP BRAZO 1 1/2"" - 1.5M - 52°/0°",2,3,BRAZO 1 1/2 - 1.5M - 52°/0°,"Tabla 1 al 331_2026.pdf, pagina 249",5200235
249,SS,1252599,PARQUE SMAP-CIL-0413-25 CL 101 AA - CR 72 - 12,5000265,LUM LED 130W ASIMÉTRICA 4000K HORIZONTAL,2,,LUM LED 130W ASIMETRICA 4000K HORIZONTAL,"Tabla 1 al 331_2026.pdf, pagina 249",5000265
249,SS,1252599,PARQUE SMAP-CIL-0413-25 CL 101 AA - CR 72 - 12,5200464,UCAP CABLE CU ENCAUCHETADO 3X14 CU,22,,CABLE CU ENCAUCHETADO 3X14 CU,"Tabla 1 al 331_2026.pdf, pagina 249",5200464
249,SS,1252599,PARQUE SMAP-CIL-0413-25 CL 101 AA - CR 72 - 12,5200218,UCAP LUMINARIA 150W,,1,LUMINARIA 150W,"Tabla 1 al 331_2026.pdf, pagina 249",5200218
249,SS,1252599,PARQUE SMAP-CIL-0413-25 CL 101 AA - CR 72 - 12,5200202,UCAP BOMBILLO 150W,,1,BOMBILLO 150W,"Tabla 1 al 331_2026.pdf, pagina 249",5200202
249,SS,1252599,PARQUE SMAP-CIL-0413-25 CL 101 AA - CR 72 - 12,5200219,UCAP LUMINARIA 250W,,2,LUMINARIA 250W,"Tabla 1 al 331_2026.pdf, pagina 249",5200219
249,SS,1252599,PARQUE SMAP-CIL-0413-25 CL 101 AA - CR 72 - 12,5200203,UCAP BOMBILLO 250W,,2,BOMBILLO 250W,"Tabla 1 al 331_2026.pdf, pagina 249",5200203
249,SS,1252599,PARQUE SMAP-CIL-0413-25 CL 101 AA - CR 72 - 12,5200308,UCAP POSTE CONCRETO OCTOG 8M,,1,POSTE CONCRETO OCTOG 8M,"Tabla 1 al 331_2026.pdf, pagina 249",5200308
249,SS,1252599,PARQUE SMAP-CIL-0413-25 CL 101 AA - CR 72 - 12,5200410,UCAP DUPLEX CU 14 AWG-THW 300V,,20,DUPLEX CU 14 AWG-THW 300V,"Tabla 1 al 331_2026.pdf, pagina 249",5200410
250,SS,1257270,Sendero Peatonal CR 78 A CL 91 B -3,5200231,"UCAP BRAZO 1"" - 0.4M - 0°",1,,BRAZO 1 - 0.4M - 0°,"Tabla 1 al 331_2026.pdf, pagina 250",5200231
250,SS,1257270,Sendero Peatonal CR 78 A CL 91 B -3,5000263,LUM LED 48W ASIMÉTRICA 4000K HORIZONTAL,1,,LUM LED 48W ASIMETRICA 4000K HORIZONTAL,"Tabla 1 al 331_2026.pdf, pagina 250",5000263
250,SS,1257270,Sendero Peatonal CR 78 A CL 91 B -3,5200464,UCAP CABLE CU ENCAUCHETADO 3X14 CU,13,,CABLE CU ENCAUCHETADO 3X14 CU,"Tabla 1 al 331_2026.pdf, pagina 250",5200464
251,SS,1257982,SENDERO PEATONAL VEREDA TRAVESIAS CR 149 63 -209 (0130),5200231,"UCAP BRAZO 1"" - 0.4M - 0°",2,,BRAZO 1 - 0.4M - 0°,"Tabla 1 al 331_2026.pdf, pagina 251",5200231
251,SS,1257982,SENDERO PEATONAL VEREDA TRAVESIAS CR 149 63 -209 (0130),5000263,LUM LED 48W ASIMÉTRICA 4000K HORIZONTAL,2,,LUM LED 48W ASIMETRICA 4000K HORIZONTAL,"Tabla 1 al 331_2026.pdf, pagina 251",5000263
251,SS,1257982,SENDERO PEATONAL VEREDA TRAVESIAS CR 149 63 -209 (0130),5200464,UCAP CABLE CU ENCAUCHETADO 3X14 CU,3,,CABLE CU ENCAUCHETADO 3X14 CU,"Tabla 1 al 331_2026.pdf, pagina 251",5200464
252,SS,1266049,SENDERO PEATONAL CR 64 BB POR CL 114,5200231,"UCAP BRAZO 1"" - 0.4M - 0°",1,,BRAZO 1 - 0.4M - 0°,"Tabla 1 al 331_2026.pdf, pagina 252",5200231
252,SS,1266049,SENDERO PEATONAL CR 64 BB POR CL 114,5000263,LUM LED 48W ASIMÉTRICA 4000K HORIZONTAL,1,,LUM LED 48W ASIMETRICA 4000K HORIZONTAL,"Tabla 1 al 331_2026.pdf, pagina 252",5000263
252,SS,1266049,SENDERO PEATONAL CR 64 BB POR CL 114,5200419,UCAP POSTE PRFV 8M (ENTERRAR),1,,POSTE PRFV 8M ENTERRAR,"Tabla 1 al 331_2026.pdf, pagina 252",5200419
252,SS,1266049,SENDERO PEATONAL CR 64 BB POR CL 114,5200464,UCAP CABLE CU ENCAUCHETADO 3X14 CU,18,,CABLE CU ENCAUCHETADO 3X14 CU,"Tabla 1 al 331_2026.pdf, pagina 252",5200464
253,SS,1043651,Sendero Cl 126 Cr 43 C - 58,5200231,"UCAP BRAZO 1"" - 0.4M - 0°",2,,BRAZO 1 - 0.4M - 0°,"Tabla 1 al 331_2026.pdf, pagina 253",5200231
253,SS,1043651,Sendero Cl 126 Cr 43 C - 58,5200232,"UCAP BRAZO 1"" - 1.5M - 52°/0°",1,,BRAZO 1 - 1.5M - 52°/0°,"Tabla 1 al 331_2026.pdf, pagina 253",5200232
253,SS,1043651,Sendero Cl 126 Cr 43 C - 58,5000263,LUM LED 48W ASIMÉTRICA 4000K HORIZONTAL,3,,LUM LED 48W ASIMETRICA 4000K HORIZONTAL,"Tabla 1 al 331_2026.pdf, pagina 253",5000263
254,SS,1097021,Sendero Cr 31 Cl 70 - 28 Int 118,5200231,"UCAP BRAZO 1"" - 0.4M - 0°",2,,BRAZO 1 - 0.4M - 0°,"Tabla 1 al 331_2026.pdf, pagina 254",5200231
254,SS,1097021,Sendero Cr 31 Cl 70 - 28 Int 118,5000263,LUM LED 48W ASIMÉTRICA 4000K HORIZONTAL,2,,LUM LED 48W ASIMETRICA 4000K HORIZONTAL,"Tabla 1 al 331_2026.pdf, pagina 254",5000263
254,SS,1097021,Sendero Cr 31 Cl 70 - 28 Int 118,5200217,UCAP LUMINARIA 70W,,1,LUMINARIA 70W,"Tabla 1 al 331_2026.pdf, pagina 254",5200217
254,SS,1097021,Sendero Cr 31 Cl 70 - 28 Int 118,5200201,UCAP BOMBILLO 70W,,1,BOMBILLO 70W,"Tabla 1 al 331_2026.pdf, pagina 254",5200201
254,SS,1097021,Sendero Cr 31 Cl 70 - 28 Int 118,5200232,"UCAP BRAZO 1"" - 1.5M - 52°/0°",,1,BRAZO 1 - 1.5M - 52°/0°,"Tabla 1 al 331_2026.pdf, pagina 254",5200232
255,SS,1097740,Sendero CR 24 BD CL 71 - 112,5200232,"UCAP BRAZO 1"" - 1.5M - 52°/0°",2,,BRAZO 1 - 1.5M - 52°/0°,"Tabla 1 al 331_2026.pdf, pagina 255",5200232
255,SS,1097740,Sendero CR 24 BD CL 71 - 112,5000263,LUM LED 48W ASIMÉTRICA 4000K HORIZONTAL,2,,LUM LED 48W ASIMETRICA 4000K HORIZONTAL,"Tabla 1 al 331_2026.pdf, pagina 255",5000263
255,SS,1097740,Sendero CR 24 BD CL 71 - 112,5200464,UCAP CABLE CU ENCAUCHETADO 3X14 CU,18,,CABLE CU ENCAUCHETADO 3X14 CU,"Tabla 1 al 331_2026.pdf, pagina 255",5200464
256,SS,1121511,SENDERO PEATONAL CR 97 BB CL 64 -90,5200231,"UCAP BRAZO 1"" - 0.4M - 0°",4,,BRAZO 1 - 0.4M - 0°,"Tabla 1 al 331_2026.pdf, pagina 256",5200231
256,SS,1121511,SENDERO PEATONAL CR 97 BB CL 64 -90,5000263,LUM LED 48W ASIMÉTRICA 4000K HORIZONTAL,4,,LUM LED 48W ASIMETRICA 4000K HORIZONTAL,"Tabla 1 al 331_2026.pdf, pagina 256",5000263
256,SS,1121511,SENDERO PEATONAL CR 97 BB CL 64 -90,5200419,UCAP POSTE PRFV 8M (ENTERRAR),2,,POSTE PRFV 8M ENTERRAR,"Tabla 1 al 331_2026.pdf, pagina 256",5200419
256,SS,1121511,SENDERO PEATONAL CR 97 BB CL 64 -90,5200464,UCAP CABLE CU ENCAUCHETADO 3X14 CU,30,,CABLE CU ENCAUCHETADO 3X14 CU,"Tabla 1 al 331_2026.pdf, pagina 256",5200464
256,SS,1121511,SENDERO PEATONAL CR 97 BB CL 64 -90,5200217,UCAP LUMINARIA 70W,,2,LUMINARIA 70W,"Tabla 1 al 331_2026.pdf, pagina 256",5200217
256,SS,1121511,SENDERO PEATONAL CR 97 BB CL 64 -90,5200201,UCAP BOMBILLO 70W,,2,BOMBILLO 70W,"Tabla 1 al 331_2026.pdf, pagina 256",5200201
256,SS,1121511,SENDERO PEATONAL CR 97 BB CL 64 -90,5200232,"UCAP BRAZO 1"" - 1.5M - 52°/0°",,2,BRAZO 1 - 1.5M - 52°/0°,"Tabla 1 al 331_2026.pdf, pagina 256",5200232
256,SS,1121511,SENDERO PEATONAL CR 97 BB CL 64 -90,5200306,UCAP POSTE MADERA REDONDO DE 8M,,1,POSTE MADERA REDONDO DE 8M,"Tabla 1 al 331_2026.pdf, pagina 256",5200306
256,SS,1121511,SENDERO PEATONAL CR 97 BB CL 64 -90,5200410,UCAP DUPLEX CU 14 AWG-THW 300V,,38,DUPLEX CU 14 AWG-THW 300V,"Tabla 1 al 331_2026.pdf, pagina 256",5200410
257,SS,1150422,SMAP-0143-25 Cl 51 b Cr 28 - 3,5200231,"UCAP BRAZO 1"" - 0.4M - 0°",1,1,BRAZO 1 - 0.4M - 0°,"Tabla 1 al 331_2026.pdf, pagina 257",5200231
257,SS,1150422,SMAP-0143-25 Cl 51 b Cr 28 - 3,5000263,LUM LED 48W ASIMÉTRICA 4000K HORIZONTAL,1,,LUM LED 48W ASIMETRICA 4000K HORIZONTAL,"Tabla 1 al 331_2026.pdf, pagina 257",5000263
257,SS,1150422,SMAP-0143-25 Cl 51 b Cr 28 - 3,5200217,UCAP LUMINARIA 70W,,1,LUMINARIA 70W,"Tabla 1 al 331_2026.pdf, pagina 257",5200217
257,SS,1150422,SMAP-0143-25 Cl 51 b Cr 28 - 3,5200201,UCAP BOMBILLO 70W,,1,BOMBILLO 70W,"Tabla 1 al 331_2026.pdf, pagina 257",5200201
258,SS,1168992,Sendero Cr 25 C Cl 55 B - 10 Int 156,5200231,"UCAP BRAZO 1"" - 0.4M - 0°",2,,BRAZO 1 - 0.4M - 0°,"Tabla 1 al 331_2026.pdf, pagina 258",5200231
258,SS,1168992,Sendero Cr 25 C Cl 55 B - 10 Int 156,5200232,"UCAP BRAZO 1"" - 1.5M - 52°/0°",1,,BRAZO 1 - 1.5M - 52°/0°,"Tabla 1 al 331_2026.pdf, pagina 258",5200232
258,SS,1168992,Sendero Cr 25 C Cl 55 B - 10 Int 156,5000263,LUM LED 48W ASIMÉTRICA 4000K HORIZONTAL,3,,LUM LED 48W ASIMETRICA 4000K HORIZONTAL,"Tabla 1 al 331_2026.pdf, pagina 258",5000263
258,SS,1168992,Sendero Cr 25 C Cl 55 B - 10 Int 156,5200419,UCAP POSTE PRFV 8M (ENTERRAR),2,,POSTE PRFV 8M ENTERRAR,"Tabla 1 al 331_2026.pdf, pagina 258",5200419
258,SS,1168992,Sendero Cr 25 C Cl 55 B - 10 Int 156,5200464,UCAP CABLE CU ENCAUCHETADO 3X14 CU,38,,CABLE CU ENCAUCHETADO 3X14 CU,"Tabla 1 al 331_2026.pdf, pagina 258",5200464
259,SS,1191074,Vía Cr 13 Cl 19 sur - 599,5200232,"UCAP BRAZO 1"" - 1.5M - 52°/0°",2,,BRAZO 1 - 1.5M - 52°/0°,"Tabla 1 al 331_2026.pdf, pagina 259",5200232
259,SS,1191074,Vía Cr 13 Cl 19 sur - 599,5000263,LUM LED 48W ASIMÉTRICA 4000K HORIZONTAL,2,,LUM LED 48W ASIMETRICA 4000K HORIZONTAL,"Tabla 1 al 331_2026.pdf, pagina 259",5000263
259,SS,1191074,Vía Cr 13 Cl 19 sur - 599,5200419,UCAP POSTE PRFV 8M (ENTERRAR),1,,POSTE PRFV 8M ENTERRAR,"Tabla 1 al 331_2026.pdf, pagina 259",5200419
260,SS,1195586,SMP-CIL-0260-25 CL 85 A CR 67 A - 136,5200232,"UCAP BRAZO 1"" - 1.5M - 52°/0°",1,,BRAZO 1 - 1.5M - 52°/0°,"Tabla 1 al 331_2026.pdf, pagina 260",5200232
260,SS,1195586,SMP-CIL-0260-25 CL 85 A CR 67 A - 136,5000263,LUM LED 48W ASIMÉTRICA 4000K HORIZONTAL,1,,LUM LED 48W ASIMETRICA 4000K HORIZONTAL,"Tabla 1 al 331_2026.pdf, pagina 260",5000263
260,SS,1195586,SMP-CIL-0260-25 CL 85 A CR 67 A - 136,5200464,UCAP CABLE CU ENCAUCHETADO 3X14 CU,4,,CABLE CU ENCAUCHETADO 3X14 CU,"Tabla 1 al 331_2026.pdf, pagina 260",5200464
260,SS,1195586,SMP-CIL-0260-25 CL 85 A CR 67 A - 136,5200217,UCAP LUMINARIA 70W,,1,LUMINARIA 70W,"Tabla 1 al 331_2026.pdf, pagina 260",5200217
260,SS,1195586,SMP-CIL-0260-25 CL 85 A CR 67 A - 136,5200201,UCAP BOMBILLO 70W,,1,BOMBILLO 70W,"Tabla 1 al 331_2026.pdf, pagina 260",5200201
260,SS,1195586,SMP-CIL-0260-25 CL 85 A CR 67 A - 136,5200231,"UCAP BRAZO 1"" - 0.4M - 0°",,1,BRAZO 1 - 0.4M - 0°,"Tabla 1 al 331_2026.pdf, pagina 260",5200231
261,SS,1206410,SENDERO PEATONAL SMAP-CIL-0294-25 CL 64 BG CR 106 -57,5200232,"UCAP BRAZO 1"" - 1.5M - 52°/0°",2,1,BRAZO 1 - 1.5M - 52°/0°,"Tabla 1 al 331_2026.pdf, pagina 261",5200232
261,SS,1206410,SENDERO PEATONAL SMAP-CIL-0294-25 CL 64 BG CR 106 -57,5000263,LUM LED 48W ASIMÉTRICA 4000K HORIZONTAL,1,,LUM LED 48W ASIMETRICA 4000K HORIZONTAL,"Tabla 1 al 331_2026.pdf, pagina 261",5000263
261,SS,1206410,SENDERO PEATONAL SMAP-CIL-0294-25 CL 64 BG CR 106 -57,5200419,UCAP POSTE PRFV 8M (ENTERRAR),2,,POSTE PRFV 8M ENTERRAR,"Tabla 1 al 331_2026.pdf, pagina 261",5200419
261,SS,1206410,SENDERO PEATONAL SMAP-CIL-0294-25 CL 64 BG CR 106 -57,5200464,UCAP CABLE CU ENCAUCHETADO 3X14 CU,41,,CABLE CU ENCAUCHETADO 3X14 CU,"Tabla 1 al 331_2026.pdf, pagina 261",5200464
261,SS,1206410,SENDERO PEATONAL SMAP-CIL-0294-25 CL 64 BG CR 106 -57,5200270,UCAP LUM LED (KORELED) 44W,1,1,LUM LED KORELED 44W,"Tabla 1 al 331_2026.pdf, pagina 261",5200270
262,SS,1216801,Vía Cr 32 A Cl 31 - 59,5200232,"UCAP BRAZO 1"" - 1.5M - 52°/0°",1,,BRAZO 1 - 1.5M - 52°/0°,"Tabla 1 al 331_2026.pdf, pagina 262",5200232
262,SS,1216801,Vía Cr 32 A Cl 31 - 59,5000263,LUM LED 48W ASIMÉTRICA 4000K HORIZONTAL,1,,LUM LED 48W ASIMETRICA 4000K HORIZONTAL,"Tabla 1 al 331_2026.pdf, pagina 262",5000263
263,SS,1216887,SENDERO PEATONAL CL 62 AA CR 96 - 98,5200231,"UCAP BRAZO 1"" - 0.4M - 0°",3,,BRAZO 1 - 0.4M - 0°,"Tabla 1 al 331_2026.pdf, pagina 263",5200231
263,SS,1216887,SENDERO PEATONAL CL 62 AA CR 96 - 98,5000263,LUM LED 48W ASIMÉTRICA 4000K HORIZONTAL,3,,LUM LED 48W ASIMETRICA 4000K HORIZONTAL,"Tabla 1 al 331_2026.pdf, pagina 263",5000263
263,SS,1216887,SENDERO PEATONAL CL 62 AA CR 96 - 98,5200407,"UCAP TRIPLEX AL 2X4+1X4 XLP,AEREO",30,,TRIPLEX AL 2X4+1X4 XLP AEREO,"Tabla 1 al 331_2026.pdf, pagina 263",5200407
263,SS,1216887,SENDERO PEATONAL CL 62 AA CR 96 - 98,5200419,UCAP POSTE PRFV 8M (ENTERRAR),2,,POSTE PRFV 8M ENTERRAR,"Tabla 1 al 331_2026.pdf, pagina 263",5200419
264,SS,1256321,Puente Peatonal Colgante CR 131 POR CL 61,5200232,"UCAP BRAZO 1"" - 1.5M - 52°/0°",1,,BRAZO 1 - 1.5M - 52°/0°,"Tabla 1 al 331_2026.pdf, pagina 264",5200232
264,SS,1256321,Puente Peatonal Colgante CR 131 POR CL 61,5200235,"UCAP BRAZO 1 1/2"" - 1.5M - 52°/0°",2,2,BRAZO 1 1/2 - 1.5M - 52°/0°,"Tabla 1 al 331_2026.pdf, pagina 264",5200235
264,SS,1256321,Puente Peatonal Colgante CR 131 POR CL 61,5000263,LUM LED 48W ASIMÉTRICA 4000K HORIZONTAL,1,,LUM LED 48W ASIMETRICA 4000K HORIZONTAL,"Tabla 1 al 331_2026.pdf, pagina 264",5000263
264,SS,1256321,Puente Peatonal Colgante CR 131 POR CL 61,5000269,"PROYEC LED 110W TIPO V LARGA (LONG ""L"") 5000K",2,,PROYEC LED 110W TIPO V LARGA LONG L 5000K,"Tabla 1 al 331_2026.pdf, pagina 264",5000269
264,SS,1256321,Puente Peatonal Colgante CR 131 POR CL 61,5200293,LUM LED (OMEGA II) 64.5W,2,,LUM LED OMEGA II 64.5W,"Tabla 1 al 331_2026.pdf, pagina 264",5200293
264,SS,1256321,Puente Peatonal Colgante CR 131 POR CL 61,5200275,PROYEC LED (AREALED II) 140W V-CORTA,2,,PROYEC LED AREALED II 140W V-CORTA,"Tabla 1 al 331_2026.pdf, pagina 264",5200275
264,SS,1256321,Puente Peatonal Colgante CR 131 POR CL 61,5200464,UCAP CABLE CU ENCAUCHETADO 3X14 CU,8,,CABLE CU ENCAUCHETADO 3X14 CU,"Tabla 1 al 331_2026.pdf, pagina 264",5200464
264,SS,1256321,Puente Peatonal Colgante CR 131 POR CL 61,5200129,UCAP PROY. 400W.,,2,PROY 400W,"Tabla 1 al 331_2026.pdf, pagina 264",5200129
264,SS,1256321,Puente Peatonal Colgante CR 131 POR CL 61,5200213,BOMBILLA MH 400W,,2,BOMBILLA MH 400W,"Tabla 1 al 331_2026.pdf, pagina 264",5200213
264,SS,1256321,Puente Peatonal Colgante CR 131 POR CL 61,5200219,UCAP LUMINARIA 250W,,2,LUMINARIA 250W,"Tabla 1 al 331_2026.pdf, pagina 264",5200219
264,SS,1256321,Puente Peatonal Colgante CR 131 POR CL 61,5200203,UCAP BOMBILLO 250W,,2,BOMBILLO 250W,"Tabla 1 al 331_2026.pdf, pagina 264",5200203
265,SS,1283861,Vía-20 de Julio CL 39C CR 110,5200232,"UCAP BRAZO 1"" - 1.5M - 52°/0°",1,,BRAZO 1 - 1.5M - 52°/0°,"Tabla 1 al 331_2026.pdf, pagina 265",5200232
265,SS,1283861,Vía-20 de Julio CL 39C CR 110,5200293,LUM LED (OMEGA II) 64.5W,3,,LUM LED OMEGA II 64.5W,"Tabla 1 al 331_2026.pdf, pagina 265",5200293
265,SS,1283861,Vía-20 de Julio CL 39C CR 110,5200308,UCAP POSTE CONCRETO OCTOG 8M,1,,POSTE CONCRETO OCTOG 8M,"Tabla 1 al 331_2026.pdf, pagina 265",5200308
265,SS,1283861,Vía-20 de Julio CL 39C CR 110,5200464,UCAP CABLE CU ENCAUCHETADO 3X14 CU,20,,CABLE CU ENCAUCHETADO 3X14 CU,"Tabla 1 al 331_2026.pdf, pagina 265",5200464
265,SS,1283861,Vía-20 de Julio CL 39C CR 110,5200270,LUM LED (KORELED) 44W,,2,LUM LED KORELED 44W,"Tabla 1 al 331_2026.pdf, pagina 265",5200270
266,SS,1249245,SMAP-0397-25 CR 43 A CL 9 SUR,5200232,"UCAP BRAZO 1"" - 1.5M - 52°/0°",1,1,BRAZO 1 - 1.5M - 52°/0°,"Tabla 1 al 331_2026.pdf, pagina 266",5200232
266,SS,1249245,SMAP-0397-25 CR 43 A CL 9 SUR,5200239,UCAP BRAZO DOBLE CARABOBO,1,1,BRAZO DOBLE CARABOBO,"Tabla 1 al 331_2026.pdf, pagina 266",5200239
266,SS,1249245,SMAP-0397-25 CR 43 A CL 9 SUR,5200241,UCAP BRAZO CURVO 3000M,1,,BRAZO CURVO 3000M,"Tabla 1 al 331_2026.pdf, pagina 266",5200241
266,SS,1249245,SMAP-0397-25 CR 43 A CL 9 SUR,5200270,LUM LED (KORELED) 44W,2,,LUM LED KORELED 44W,"Tabla 1 al 331_2026.pdf, pagina 266",5200270
266,SS,1249245,SMAP-0397-25 CR 43 A CL 9 SUR,5200272,LUM LED (SEPIALED II) 128W,2,,LUM LED SEPIALED II 128W,"Tabla 1 al 331_2026.pdf, pagina 266",5200272
266,SS,1249245,SMAP-0397-25 CR 43 A CL 9 SUR,5200217,UCAP LUMINARIA 70W,,3,LUMINARIA 70W,"Tabla 1 al 331_2026.pdf, pagina 266",5200217
266,SS,1249245,SMAP-0397-25 CR 43 A CL 9 SUR,5200201,UCAP BOMBILLO 70W,,3,BOMBILLO 70W,"Tabla 1 al 331_2026.pdf, pagina 266",5200201
266,SS,1249245,SMAP-0397-25 CR 43 A CL 9 SUR,5200218,UCAP LUMINARIA 150W,,1,LUMINARIA 150W,"Tabla 1 al 331_2026.pdf, pagina 266",5200218
266,SS,1249245,SMAP-0397-25 CR 43 A CL 9 SUR,5200202,UCAP BOMBILLO 150W,,1,BOMBILLO 150W,"Tabla 1 al 331_2026.pdf, pagina 266",5200202
266,SS,1249245,SMAP-0397-25 CR 43 A CL 9 SUR,5200219,UCAP LUMINARIA 250W,,1,LUMINARIA 250W,"Tabla 1 al 331_2026.pdf, pagina 266",5200219
266,SS,1249245,SMAP-0397-25 CR 43 A CL 9 SUR,5200203,UCAP BOMBILLO 250W,,1,BOMBILLO 250W,"Tabla 1 al 331_2026.pdf, pagina 266",5200203
266,SS,1249245,SMAP-0397-25 CR 43 A CL 9 SUR,5200235,"UCAP BRAZO 1 1/2"" - 1.5M - 52°/0°",,1,BRAZO 1 1/2 - 1.5M - 52°/0°,"Tabla 1 al 331_2026.pdf, pagina 266",5200235
266,SS,1249245,SMAP-0397-25 CR 43 A CL 9 SUR,5200238,UCAP BRAZO SENCILLO CARABOBO,,1,BRAZO SENCILLO CARABOBO,"Tabla 1 al 331_2026.pdf, pagina 266",5200238
266,SS,1249245,SMAP-0397-25 CR 43 A CL 9 SUR,5200302,UCAP POSTE CONCRETO CARABOBO 5M,,1,POSTE CONCRETO CARABOBO 5M,"Tabla 1 al 331_2026.pdf, pagina 266",5200302
267,SS,987641,"Sendero Peatonal, CL 27 CR 41-86",5000263,LUM LED 48W ASIMÉTRICA 4000K HORIZONTAL,11,,LUM LED 48W ASIMETRICA 4000K HORIZONTAL,"Tabla 1 al 331_2026.pdf, pagina 267",5000263
267,SS,987641,"Sendero Peatonal, CL 27 CR 41-86",5200502,UCAP CAJA CONCRETO DIRECTAMENTE ENT,3,3,CAJA CONCRETO DIRECTAMENTE ENT,"Tabla 1 al 331_2026.pdf, pagina 267",5200502
267,SS,987641,"Sendero Peatonal, CL 27 CR 41-86",5200238,BRAZO SENCILLO CARABOBO,1,1,BRAZO SENCILLO CARABOBO,"Tabla 1 al 331_2026.pdf, pagina 267",5200238
267,SS,987641,"Sendero Peatonal, CL 27 CR 41-86",,LUM LED AMERICAN ELECTRIC 37 W,,11,LUM LED AMERICAN ELECTRIC 37 W,"Tabla 1 al 331_2026.pdf, pagina 267",SIN CODIGO|LUM LED AMERICAN ELECTRIC 37 W
268,SS,1041668,Plazoleta y Andén Cr 62 Cl 80 C - 102 Int 116,5000263,LUM LED 48W ASIMÉTRICA 4000K HORIZONTAL,1,,LUM LED 48W ASIMETRICA 4000K HORIZONTAL,"Tabla 1 al 331_2026.pdf, pagina 268",5000263
268,SS,1041668,Plazoleta y Andén Cr 62 Cl 80 C - 102 Int 116,5200302,UCAP POSTE CONCRETO CARABOBO 5M,6,5,POSTE CONCRETO CARABOBO 5M,"Tabla 1 al 331_2026.pdf, pagina 268",5200302
268,SS,1041668,Plazoleta y Andén Cr 62 Cl 80 C - 102 Int 116,5200421,CABLE FZA AL 3X6 AWG XLPE 600V 90°C,133,,CABLE FZA AL 3X6 AWG XLPE 600V 90°C,"Tabla 1 al 331_2026.pdf, pagina 268",5200421
268,SS,1041668,Plazoleta y Andén Cr 62 Cl 80 C - 102 Int 116,5200464,UCAP CABLE CU ENCAUCHETADO 3X14 CU,36,,CABLE CU ENCAUCHETADO 3X14 CU,"Tabla 1 al 331_2026.pdf, pagina 268",5200464
268,SS,1041668,Plazoleta y Andén Cr 62 Cl 80 C - 102 Int 116,5200502,UCAP CAJA CONCRETO DIRECTAMENTE ENT,7,,CAJA CONCRETO DIRECTAMENTE ENT,"Tabla 1 al 331_2026.pdf, pagina 268",5200502
268,SS,1041668,Plazoleta y Andén Cr 62 Cl 80 C - 102 Int 116,5200503,"UCAP CANAL ANDEN TUBERIA PVC 2""",66,,CANAL ANDEN TUBERIA PVC 2,"Tabla 1 al 331_2026.pdf, pagina 268",5200503
268,SS,1041668,Plazoleta y Andén Cr 62 Cl 80 C - 102 Int 116,5200238,UCAP BRAZO SENCILLO CARABOBO,3,5,BRAZO SENCILLO CARABOBO,"Tabla 1 al 331_2026.pdf, pagina 268",5200238
268,SS,1041668,Plazoleta y Andén Cr 62 Cl 80 C - 102 Int 116,5200270,LUM LED (KORELED) 44W,,5,LUM LED KORELED 44W,"Tabla 1 al 331_2026.pdf, pagina 268",5200270
269,SS,1052703,ANDEN CR 65 E CL 32 D -59,5200231,"UCAP BRAZO 1"" - 0.4M - 0°",2,,BRAZO 1 - 0.4M - 0°,"Tabla 1 al 331_2026.pdf, pagina 269",5200231
269,SS,1052703,ANDEN CR 65 E CL 32 D -59,5000263,LUM LED 48W ASIMÉTRICA 4000K HORIZONTAL,2,,LUM LED 48W ASIMETRICA 4000K HORIZONTAL,"Tabla 1 al 331_2026.pdf, pagina 269",5000263
269,SS,1052703,ANDEN CR 65 E CL 32 D -59,5200419,UCAP POSTE PRFV 8M (ENTERRAR),1,,POSTE PRFV 8M ENTERRAR,"Tabla 1 al 331_2026.pdf, pagina 269",5200419
269,SS,1052703,ANDEN CR 65 E CL 32 D -59,5200464,UCAP CABLE CU ENCAUCHETADO 3X14 CU,12,,CABLE CU ENCAUCHETADO 3X14 CU,"Tabla 1 al 331_2026.pdf, pagina 269",5200464
270,SS,1074641,RURAL_116005355205000101 RURAL_116005355205000101,5200231,"UCAP BRAZO 1"" - 0.4M - 0°",3,,BRAZO 1 - 0.4M - 0°,"Tabla 1 al 331_2026.pdf, pagina 270",5200231
270,SS,1074641,RURAL_116005355205000101 RURAL_116005355205000101,5200232,"UCAP BRAZO 1"" - 1.5M - 52°/0°",1,,BRAZO 1 - 1.5M - 52°/0°,"Tabla 1 al 331_2026.pdf, pagina 270",5200232
270,SS,1074641,RURAL_116005355205000101 RURAL_116005355205000101,5000263,LUM LED 48W ASIMÉTRICA 4000K HORIZONTAL,4,,LUM LED 48W ASIMETRICA 4000K HORIZONTAL,"Tabla 1 al 331_2026.pdf, pagina 270",5000263
271,SS,1097805,SENDERO PEATONAL CR 91 CL 35 C-08,5200231,"UCAP BRAZO 1"" - 0.4M - 0°",1,,BRAZO 1 - 0.4M - 0°,"Tabla 1 al 331_2026.pdf, pagina 271",5200231
271,SS,1097805,SENDERO PEATONAL CR 91 CL 35 C-08,5000263,LUM LED 48W ASIMÉTRICA 4000K HORIZONTAL,1,,LUM LED 48W ASIMETRICA 4000K HORIZONTAL,"Tabla 1 al 331_2026.pdf, pagina 271",5000263
272,SS,1106390,Sendero peatonal-Parque lineal-El Tesoro CR 15 CL7A-49,5000263,LUM LED 48W ASIMÉTRICA 4000K HORIZONTAL,9,,LUM LED 48W ASIMETRICA 4000K HORIZONTAL,"Tabla 1 al 331_2026.pdf, pagina 272",5000263
272,SS,1106390,Sendero peatonal-Parque lineal-El Tesoro CR 15 CL7A-49,5200238,BRAZO CARABOBO SENCILLO,2,,BRAZO CARABOBO SENCILLO,"Tabla 1 al 331_2026.pdf, pagina 272",5200238
272,SS,1106390,Sendero peatonal-Parque lineal-El Tesoro CR 15 CL7A-49,5200239,UCAP BRAZO DOBLE CARABOBO,,2,BRAZO DOBLE CARABOBO,"Tabla 1 al 331_2026.pdf, pagina 272",5200239
272,SS,1106390,Sendero peatonal-Parque lineal-El Tesoro CR 15 CL7A-49,,RET LUM 30W SCHEREDER,,11,RET LUM 30W SCHEREDER,"Tabla 1 al 331_2026.pdf, pagina 272",SIN CODIGO|RET LUM 30W SCHEREDER
273,SS,1179901,SMAP-0213-25 CR 90 A # 48 D – 28 (Parque),5200231,"UCAP BRAZO 1"" - 0.4M - 0°",1,,BRAZO 1 - 0.4M - 0°,"Tabla 1 al 331_2026.pdf, pagina 273",5200231
273,SS,1179901,SMAP-0213-25 CR 90 A # 48 D – 28 (Parque),5000263,LUM LED 48W ASIMÉTRICA 4000K HORIZONTAL,1,,LUM LED 48W ASIMETRICA 4000K HORIZONTAL,"Tabla 1 al 331_2026.pdf, pagina 273",5000263
273,SS,1179901,SMAP-0213-25 CR 90 A # 48 D – 28 (Parque),5200308,UCAP POSTE CONCRETO OCTOG 8M,1,,POSTE CONCRETO OCTOG 8M,"Tabla 1 al 331_2026.pdf, pagina 273",5200308
273,SS,1179901,SMAP-0213-25 CR 90 A # 48 D – 28 (Parque),5200464,UCAP CABLE CU ENCAUCHETADO 3X14 CU,11,,CABLE CU ENCAUCHETADO 3X14 CU,"Tabla 1 al 331_2026.pdf, pagina 273",5200464
273,SS,1179901,SMAP-0213-25 CR 90 A # 48 D – 28 (Parque),5200217,UCAP LUMINARIA 70W,,1,LUMINARIA 70W,"Tabla 1 al 331_2026.pdf, pagina 273",5200217
273,SS,1179901,SMAP-0213-25 CR 90 A # 48 D – 28 (Parque),5200201,UCAP BOMBILLO 70W,,1,BOMBILLO 70W,"Tabla 1 al 331_2026.pdf, pagina 273",5200201
273,SS,1179901,SMAP-0213-25 CR 90 A # 48 D – 28 (Parque),5200233,"UCAP BRAZO 1"" - 1.5M - 52°/20°",,1,BRAZO 1 - 1.5M - 52°/20°,"Tabla 1 al 331_2026.pdf, pagina 273",5200233
274,SS,1217385,Vía Cr 43 B Cl 108 A - 64,5200232,"UCAP BRAZO 1"" - 1.5M - 52°/0°",1,,BRAZO 1 - 1.5M - 52°/0°,"Tabla 1 al 331_2026.pdf, pagina 274",5200232
274,SS,1217385,Vía Cr 43 B Cl 108 A - 64,5000263,LUM LED 48W ASIMÉTRICA 4000K HORIZONTAL,1,,LUM LED 48W ASIMETRICA 4000K HORIZONTAL,"Tabla 1 al 331_2026.pdf, pagina 274",5000263
275,SS,1218480,Sendero Cr 22 B Cl 90 A - 55 Int 118,5200231,"UCAP BRAZO 1"" - 0.4M - 0°",2,,BRAZO 1 - 0.4M - 0°,"Tabla 1 al 331_2026.pdf, pagina 275",5200231
275,SS,1218480,Sendero Cr 22 B Cl 90 A - 55 Int 118,5000263,LUM LED 48W ASIMÉTRICA 4000K HORIZONTAL,2,,LUM LED 48W ASIMETRICA 4000K HORIZONTAL,"Tabla 1 al 331_2026.pdf, pagina 275",5000263
276,SS,1219248,Sendero Santa Elena Vereda El Placer,5200232,"UCAP BRAZO 1"" - 1.5M - 52°/0°",6,,BRAZO 1 - 1.5M - 52°/0°,"Tabla 1 al 331_2026.pdf, pagina 276",5200232
276,SS,1219248,Sendero Santa Elena Vereda El Placer,5000263,LUM LED 48W ASIMÉTRICA 4000K HORIZONTAL,6,,LUM LED 48W ASIMETRICA 4000K HORIZONTAL,"Tabla 1 al 331_2026.pdf, pagina 276",5000263
276,SS,1219248,Sendero Santa Elena Vereda El Placer,5200407,"UCAP TRIPLEX AL 2X4+1X4 XLP,AEREO",118,,TRIPLEX AL 2X4+1X4 XLP AEREO,"Tabla 1 al 331_2026.pdf, pagina 276",5200407
276,SS,1219248,Sendero Santa Elena Vereda El Placer,5200419,UCAP POSTE PRFV 8M (ENTERRAR),5,,POSTE PRFV 8M ENTERRAR,"Tabla 1 al 331_2026.pdf, pagina 276",5200419
277,SS,1219453,Gimnasio Cr 45 A Cl 88,5200232,"UCAP BRAZO 1"" - 1.5M - 52°/0°",2,,BRAZO 1 - 1.5M - 52°/0°,"Tabla 1 al 331_2026.pdf, pagina 277",5200232
277,SS,1219453,Gimnasio Cr 45 A Cl 88,5000263,LUM LED 48W ASIMÉTRICA 4000K HORIZONTAL,2,,LUM LED 48W ASIMETRICA 4000K HORIZONTAL,"Tabla 1 al 331_2026.pdf, pagina 277",5000263
277,SS,1219453,Gimnasio Cr 45 A Cl 88,5200419,UCAP POSTE PRFV 8M (ENTERRAR),2,,POSTE PRFV 8M ENTERRAR,"Tabla 1 al 331_2026.pdf, pagina 277",5200419
277,SS,1219453,Gimnasio Cr 45 A Cl 88,5200464,UCAP CABLE CU ENCAUCHETADO 3X14 CU,35,,CABLE CU ENCAUCHETADO 3X14 CU,"Tabla 1 al 331_2026.pdf, pagina 277",5200464
278,SS,1220964,Puente Peatonal Cl 105 A Cr 63,5000263,LUM LED 48W ASIMÉTRICA 4000K HORIZONTAL,6,,LUM LED 48W ASIMETRICA 4000K HORIZONTAL,"Tabla 1 al 331_2026.pdf, pagina 278",5000263
278,SS,1220964,Puente Peatonal Cl 105 A Cr 63,5200217,UCAP LUMINARIA 70W,,6,LUMINARIA 70W,"Tabla 1 al 331_2026.pdf, pagina 278",5200217
278,SS,1220964,Puente Peatonal Cl 105 A Cr 63,5200201,UCAP BOMBILLO 70W,,6,BOMBILLO 70W,"Tabla 1 al 331_2026.pdf, pagina 278",5200201
279,SS,1221326,SMAP-0318-25 Cr 48 A Este Cl 7 - 111,5200232,"UCAP BRAZO 1"" - 1.5M - 52°/0°",1,1,BRAZO 1 - 1.5M - 52°/0°,"Tabla 1 al 331_2026.pdf, pagina 279",5200232
279,SS,1221326,SMAP-0318-25 Cr 48 A Este Cl 7 - 111,5000263,LUM LED 48W ASIMÉTRICA 4000K HORIZONTAL,1,,LUM LED 48W ASIMETRICA 4000K HORIZONTAL,"Tabla 1 al 331_2026.pdf, pagina 279",5000263
279,SS,1221326,SMAP-0318-25 Cr 48 A Este Cl 7 - 111,5200217,UCAP LUMINARIA 70W,,1,LUMINARIA 70W,"Tabla 1 al 331_2026.pdf, pagina 279",5200217
279,SS,1221326,SMAP-0318-25 Cr 48 A Este Cl 7 - 111,5200201,UCAP BOMBILLO 70W,,1,BOMBILLO 70W,"Tabla 1 al 331_2026.pdf, pagina 279",5200201
280,SS,1222147,Sendero Cr 39 A Cl 63 A - 38,5200231,"UCAP BRAZO 1"" - 0.4M - 0°",1,,BRAZO 1 - 0.4M - 0°,"Tabla 1 al 331_2026.pdf, pagina 280",5200231
280,SS,1222147,Sendero Cr 39 A Cl 63 A - 38,5000263,LUM LED 48W ASIMÉTRICA 4000K HORIZONTAL,1,,LUM LED 48W ASIMETRICA 4000K HORIZONTAL,"Tabla 1 al 331_2026.pdf, pagina 280",5000263
281,SS,1222278,Sendero Cl 56 A Cr 3 - 39,5200231,"UCAP BRAZO 1"" - 0.4M - 0°",1,,BRAZO 1 - 0.4M - 0°,"Tabla 1 al 331_2026.pdf, pagina 281",5200231
281,SS,1222278,Sendero Cl 56 A Cr 3 - 39,5000263,LUM LED 48W ASIMÉTRICA 4000K HORIZONTAL,1,,LUM LED 48W ASIMETRICA 4000K HORIZONTAL,"Tabla 1 al 331_2026.pdf, pagina 281",5000263
282,SS,1066808,SENDERO PEATONAL - VIA CR 63 A POR CL 45 A,5200231,"UCAP BRAZO 1"" - 0.4M - 0°",2,,BRAZO 1 - 0.4M - 0°,"Tabla 1 al 331_2026.pdf, pagina 282",5200231
282,SS,1066808,SENDERO PEATONAL - VIA CR 63 A POR CL 45 A,5200235,"UCAP BRAZO 1 1/2"" - 1.5M - 52°/0°",1,,BRAZO 1 1/2 - 1.5M - 52°/0°,"Tabla 1 al 331_2026.pdf, pagina 282",5200235
282,SS,1066808,SENDERO PEATONAL - VIA CR 63 A POR CL 45 A,5000263,LUM LED 48W ASIMÉTRICA 4000K HORIZONTAL,2,,LUM LED 48W ASIMETRICA 4000K HORIZONTAL,"Tabla 1 al 331_2026.pdf, pagina 282",5000263
282,SS,1066808,SENDERO PEATONAL - VIA CR 63 A POR CL 45 A,5000265,LUM LED 130W ASIMÉTRICA 4000K HORIZONTAL,1,,LUM LED 130W ASIMETRICA 4000K HORIZONTAL,"Tabla 1 al 331_2026.pdf, pagina 282",5000265
282,SS,1066808,SENDERO PEATONAL - VIA CR 63 A POR CL 45 A,5200301,UCAP POSTE CONCRETO REDONDO 9M.,1,,POSTE CONCRETO REDONDO 9M,"Tabla 1 al 331_2026.pdf, pagina 282",5200301
282,SS,1066808,SENDERO PEATONAL - VIA CR 63 A POR CL 45 A,5200407,"UCAP TRIPLEX AL 2X4+1X4 XLP,AEREO",27,,TRIPLEX AL 2X4+1X4 XLP AEREO,"Tabla 1 al 331_2026.pdf, pagina 282",5200407
282,SS,1066808,SENDERO PEATONAL - VIA CR 63 A POR CL 45 A,5200419,UCAP POSTE PRFV 8M (ENTERRAR),2,,POSTE PRFV 8M ENTERRAR,"Tabla 1 al 331_2026.pdf, pagina 282",5200419
282,SS,1066808,SENDERO PEATONAL - VIA CR 63 A POR CL 45 A,5200464,UCAP CABLE CU ENCAUCHETADO 3X14 CU,22,,CABLE CU ENCAUCHETADO 3X14 CU,"Tabla 1 al 331_2026.pdf, pagina 282",5200464
283,SS,1239010,CR 150 D CL 98 AB -101 San Cristobal,5200232,"UCAP BRAZO 1"" - 1.5M - 52°/0°",22,8,BRAZO 1 - 1.5M - 52°/0°,"Tabla 1 al 331_2026.pdf, pagina 283",5200232
283,SS,1239010,CR 150 D CL 98 AB -101 San Cristobal,5000263,LUM LED 48W ASIMÉTRICA 4000K HORIZONTAL,22,,LUM LED 48W ASIMETRICA 4000K HORIZONTAL,"Tabla 1 al 331_2026.pdf, pagina 283",5000263
283,SS,1239010,CR 150 D CL 98 AB -101 San Cristobal,5200407,"UCAP TRIPLEX AL 2X4+1X4 XLP,AEREO",209,,TRIPLEX AL 2X4+1X4 XLP AEREO,"Tabla 1 al 331_2026.pdf, pagina 283",5200407
283,SS,1239010,CR 150 D CL 98 AB -101 San Cristobal,5200419,UCAP POSTE PRFV 8M (ENTERRAR),7,,POSTE PRFV 8M ENTERRAR,"Tabla 1 al 331_2026.pdf, pagina 283",5200419
283,SS,1239010,CR 150 D CL 98 AB -101 San Cristobal,5200217,UCAP LUMINARIA 70W,,8,LUMINARIA 70W,"Tabla 1 al 331_2026.pdf, pagina 283",5200217
283,SS,1239010,CR 150 D CL 98 AB -101 San Cristobal,5200201,UCAP BOMBILLO 70W,,8,BOMBILLO 70W,"Tabla 1 al 331_2026.pdf, pagina 283",5200201
284,SS,1269462,Cancha Cl 83 B Cr 25 C - 6,5200419,UCAP POSTE PRFV 8M (ENTERRAR),1,,POSTE PRFV 8M ENTERRAR,"Tabla 1 al 331_2026.pdf, pagina 284",5200419
284,SS,1269462,Cancha Cl 83 B Cr 25 C - 6,5200464,UCAP CABLE CU ENCAUCHETADO 3X14 CU,55,,CABLE CU ENCAUCHETADO 3X14 CU,"Tabla 1 al 331_2026.pdf, pagina 284",5200464
284,SS,1269462,Cancha Cl 83 B Cr 25 C - 6,5200403,"PROYEC LED 168W TIPO V MEDIA (MEDIUM ""M"") 5000K",1,,PROYEC LED 168W TIPO V MEDIA MEDIUM M 5000K,"Tabla 1 al 331_2026.pdf, pagina 284",5200403
284,SS,1269462,Cancha Cl 83 B Cr 25 C - 6,5200410,UCAP DUPLEX CU 14 AWG-THW 300V,,32,DUPLEX CU 14 AWG-THW 300V,"Tabla 1 al 331_2026.pdf, pagina 284",5200410
285,SS,1291405,Sendero peatonal CL 65 A x CR 97,5200231,"UCAP BRAZO 1"" - 0.4M - 0°",2,,BRAZO 1 - 0.4M - 0°,"Tabla 1 al 331_2026.pdf, pagina 285",5200231
285,SS,1291405,Sendero peatonal CL 65 A x CR 97,5000263,LUM LED 48W ASIMÉTRICA 4000K HORIZONTAL,2,,LUM LED 48W ASIMETRICA 4000K HORIZONTAL,"Tabla 1 al 331_2026.pdf, pagina 285",5000263
285,SS,1291405,Sendero peatonal CL 65 A x CR 97,5200419,UCAP POSTE PRFV 8M (ENTERRAR),1,,POSTE PRFV 8M ENTERRAR,"Tabla 1 al 331_2026.pdf, pagina 285",5200419
285,SS,1291405,Sendero peatonal CL 65 A x CR 97,5200464,UCAP CABLE CU ENCAUCHETADO 3X14 CU,15,,CABLE CU ENCAUCHETADO 3X14 CU,"Tabla 1 al 331_2026.pdf, pagina 285",5200464
286,SS,1296170,Sendero Peatonal Cr 30 B Cl 79 AA - 30 Int 201,5200231,"UCAP BRAZO 1"" - 0.4M - 0°",1,,BRAZO 1 - 0.4M - 0°,"Tabla 1 al 331_2026.pdf, pagina 286",5200231
286,SS,1296170,Sendero Peatonal Cr 30 B Cl 79 AA - 30 Int 201,5000263,LUM LED 48W ASIMÉTRICA 4000K HORIZONTAL,1,,LUM LED 48W ASIMETRICA 4000K HORIZONTAL,"Tabla 1 al 331_2026.pdf, pagina 286",5000263
286,SS,1296170,Sendero Peatonal Cr 30 B Cl 79 AA - 30 Int 201,5200464,UCAP CABLE CU ENCAUCHETADO 3X14 CU,10,,CABLE CU ENCAUCHETADO 3X14 CU,"Tabla 1 al 331_2026.pdf, pagina 286",5200464
287,SS,1298508,Sendero Cr 77 B Cl 48 B - 217,5200231,"UCAP BRAZO 1"" - 0.4M - 0°",1,,BRAZO 1 - 0.4M - 0°,"Tabla 1 al 331_2026.pdf, pagina 287",5200231
287,SS,1298508,Sendero Cr 77 B Cl 48 B - 217,5000263,LUM LED 48W ASIMÉTRICA 4000K HORIZONTAL,1,,LUM LED 48W ASIMETRICA 4000K HORIZONTAL,"Tabla 1 al 331_2026.pdf, pagina 287",5000263
288,SS,1298846,EL SALVADOR CR 33 CL 38-66 INTERIOR 101,5200231,"UCAP BRAZO 1"" - 0.4M - 0°",1,,BRAZO 1 - 0.4M - 0°,"Tabla 1 al 331_2026.pdf, pagina 288",5200231
288,SS,1298846,EL SALVADOR CR 33 CL 38-66 INTERIOR 101,5000263,LUM LED 48W ASIMÉTRICA 4000K HORIZONTAL,1,,LUM LED 48W ASIMETRICA 4000K HORIZONTAL,"Tabla 1 al 331_2026.pdf, pagina 288",5000263
289,SS,1299583,Sendero peatonal CL 55HA # 7-60,5200231,"UCAP BRAZO 1"" - 0.4M - 0°",1,,BRAZO 1 - 0.4M - 0°,"Tabla 1 al 331_2026.pdf, pagina 289",5200231
289,SS,1299583,Sendero peatonal CL 55HA # 7-60,5200232,"UCAP BRAZO 1"" - 1.5M - 52°/0°",1,1,BRAZO 1 - 1.5M - 52°/0°,"Tabla 1 al 331_2026.pdf, pagina 289",5200232
289,SS,1299583,Sendero peatonal CL 55HA # 7-60,5000263,LUM LED 48W ASIMÉTRICA 4000K HORIZONTAL,3,,LUM LED 48W ASIMETRICA 4000K HORIZONTAL,"Tabla 1 al 331_2026.pdf, pagina 289",5000263
289,SS,1299583,Sendero peatonal CL 55HA # 7-60,5200464,UCAP CABLE CU ENCAUCHETADO 3X14 CU,27,,CABLE CU ENCAUCHETADO 3X14 CU,"Tabla 1 al 331_2026.pdf, pagina 289",5200464
289,SS,1299583,Sendero peatonal CL 55HA # 7-60,5200270,LUM LED (KORELED) 44W,,1,LUM LED KORELED 44W,"Tabla 1 al 331_2026.pdf, pagina 289",5200270
290,SS,1307059,VILLATINA CR 17 # 53-23,5200231,"UCAP BRAZO 1"" - 0.4M - 0°",1,,BRAZO 1 - 0.4M - 0°,"Tabla 1 al 331_2026.pdf, pagina 290",5200231
290,SS,1307059,VILLATINA CR 17 # 53-23,5000263,LUM LED 48W ASIMÉTRICA 4000K HORIZONTAL,1,,LUM LED 48W ASIMETRICA 4000K HORIZONTAL,"Tabla 1 al 331_2026.pdf, pagina 290",5000263
291,SS,1308225,BOSTON CR 37 CL 54-30,5200231,"UCAP BRAZO 1"" - 0.4M - 0°",1,,BRAZO 1 - 0.4M - 0°,"Tabla 1 al 331_2026.pdf, pagina 291",5200231
291,SS,1308225,BOSTON CR 37 CL 54-30,5200232,"UCAP BRAZO 1"" - 1.5M - 52°/0°",2,,BRAZO 1 - 1.5M - 52°/0°,"Tabla 1 al 331_2026.pdf, pagina 291",5200232
291,SS,1308225,BOSTON CR 37 CL 54-30,5000263,LUM LED 48W ASIMÉTRICA 4000K HORIZONTAL,3,,LUM LED 48W ASIMETRICA 4000K HORIZONTAL,"Tabla 1 al 331_2026.pdf, pagina 291",5000263
292,SS,1308569,Sendero Peatonal CL 18 D CR 89 -11 (INTER 1040),5200232,"UCAP BRAZO 1"" - 1.5M - 52°/0°",1,,BRAZO 1 - 1.5M - 52°/0°,"Tabla 1 al 331_2026.pdf, pagina 292",5200232
292,SS,1308569,Sendero Peatonal CL 18 D CR 89 -11 (INTER 1040),5000263,LUM LED 48W ASIMÉTRICA 4000K HORIZONTAL,1,,LUM LED 48W ASIMETRICA 4000K HORIZONTAL,"Tabla 1 al 331_2026.pdf, pagina 292",5000263
292,SS,1308569,Sendero Peatonal CL 18 D CR 89 -11 (INTER 1040),5200464,UCAP CABLE CU ENCAUCHETADO 3X14 CU,10,,CABLE CU ENCAUCHETADO 3X14 CU,"Tabla 1 al 331_2026.pdf, pagina 292",5200464
293,SS,1309950,Ingreso I.E la independencia CL 39C CR 109-24,5200235,"UCAP BRAZO 1 1/2"" - 1.5M - 52°/0°",1,,BRAZO 1 1/2 - 1.5M - 52°/0°,"Tabla 1 al 331_2026.pdf, pagina 293",5200235
293,SS,1309950,Ingreso I.E la independencia CL 39C CR 109-24,5200241,UCAP BRAZO CURVO 3000M,1,,BRAZO CURVO 3000M,"Tabla 1 al 331_2026.pdf, pagina 293",5200241
293,SS,1309950,Ingreso I.E la independencia CL 39C CR 109-24,5000265,LUM LED 130W ASIMÉTRICA 4000K HORIZONTAL,2,,LUM LED 130W ASIMETRICA 4000K HORIZONTAL,"Tabla 1 al 331_2026.pdf, pagina 293",5000265
293,SS,1309950,Ingreso I.E la independencia CL 39C CR 109-24,5200419,UCAP POSTE PRFV 8M (ENTERRAR),2,,POSTE PRFV 8M ENTERRAR,"Tabla 1 al 331_2026.pdf, pagina 293",5200419
293,SS,1309950,Ingreso I.E la independencia CL 39C CR 109-24,5200422,CABLE FZA AL 3X6 AWG XLPE 600V 90°C ENTERRADO,17,,CABLE FZA AL 3X6 AWG XLPE 600V 90°C ENTERRADO,"Tabla 1 al 331_2026.pdf, pagina 293",5200422
293,SS,1309950,Ingreso I.E la independencia CL 39C CR 109-24,5200464,UCAP CABLE CU ENCAUCHETADO 3X14 CU,29,,CABLE CU ENCAUCHETADO 3X14 CU,"Tabla 1 al 331_2026.pdf, pagina 293",5200464
293,SS,1309950,Ingreso I.E la independencia CL 39C CR 109-24,5200502,UCAP CAJA CONCRETO DIRECTAMENTE ENT,1,,CAJA CONCRETO DIRECTAMENTE ENT,"Tabla 1 al 331_2026.pdf, pagina 293",5200502
294,SS,1310300,POBLADO CL 15D SUR # 32B-22,5200232,"UCAP BRAZO 1"" - 1.5M - 52°/0°",3,,BRAZO 1 - 1.5M - 52°/0°,"Tabla 1 al 331_2026.pdf, pagina 294",5200232
294,SS,1310300,POBLADO CL 15D SUR # 32B-22,5000263,LUM LED 48W ASIMÉTRICA 4000K HORIZONTAL,3,,LUM LED 48W ASIMETRICA 4000K HORIZONTAL,"Tabla 1 al 331_2026.pdf, pagina 294",5000263
295,SS,1306920,Sendero Peatonal CL 64 BB CR 105 A -151 INTERIOR 1,5020117,UCAP POSTE PRFV 9M (ENTERRAR),2,,POSTE PRFV 9M ENTERRAR,"Tabla 1 al 331_2026.pdf, pagina 295",5020117
295,SS,1306920,Sendero Peatonal CL 64 BB CR 105 A -151 INTERIOR 1,5200231,"UCAP BRAZO 1"" - 0.4M - 0°",2,,BRAZO 1 - 0.4M - 0°,"Tabla 1 al 331_2026.pdf, pagina 295",5200231
295,SS,1306920,Sendero Peatonal CL 64 BB CR 105 A -151 INTERIOR 1,5000263,LUM LED 48W ASIMÉTRICA 4000K HORIZONTAL,2,,LUM LED 48W ASIMETRICA 4000K HORIZONTAL,"Tabla 1 al 331_2026.pdf, pagina 295",5000263
295,SS,1306920,Sendero Peatonal CL 64 BB CR 105 A -151 INTERIOR 1,5200407,"UCAP TRIPLEX AL 2X4+1X4 XLP,AEREO",24,,TRIPLEX AL 2X4+1X4 XLP AEREO,"Tabla 1 al 331_2026.pdf, pagina 295",5200407
296,SS,1310260,Sendero Cr 70 Cl 48 - 423,5200270,LUM LED (KORELED) 44W,1,1,LUM LED KORELED 44W,"Tabla 1 al 331_2026.pdf, pagina 296",5200270
296,SS,1310260,Sendero Cr 70 Cl 48 - 423,5200238,BRAZO CARABOBO SENCILLO,1,,BRAZO CARABOBO SENCILLO,"Tabla 1 al 331_2026.pdf, pagina 296",5200238
296,SS,1310260,Sendero Cr 70 Cl 48 - 423,5200217,UCAP LUMINARIA 70W,,1,LUMINARIA 70W,"Tabla 1 al 331_2026.pdf, pagina 296",5200217
296,SS,1310260,Sendero Cr 70 Cl 48 - 423,5200201,UCAP BOMBILLO 70W,,1,BOMBILLO 70W,"Tabla 1 al 331_2026.pdf, pagina 296",5200201
296,SS,1310260,Sendero Cr 70 Cl 48 - 423,5200239,UCAP BRAZO DOBLE CARABOBO,,1,BRAZO DOBLE CARABOBO,"Tabla 1 al 331_2026.pdf, pagina 296",5200239
297,SS,1310331,Vía M4 Cl 49 Cr 36 - 120,5200235,"UCAP BRAZO 1 1/2"" - 1.5M - 52°/0°",1,1,BRAZO 1 1/2 - 1.5M - 52°/0°,"Tabla 1 al 331_2026.pdf, pagina 297",5200235
297,SS,1310331,Vía M4 Cl 49 Cr 36 - 120,5000265,LUM LED 130W ASIMÉTRICA 4000K HORIZONTAL,1,,LUM LED 130W ASIMETRICA 4000K HORIZONTAL,"Tabla 1 al 331_2026.pdf, pagina 297",5000265
297,SS,1310331,Vía M4 Cl 49 Cr 36 - 120,5200219,UCAP LUMINARIA 250W,,1,LUMINARIA 250W,"Tabla 1 al 331_2026.pdf, pagina 297",5200219
297,SS,1310331,Vía M4 Cl 49 Cr 36 - 120,5200203,UCAP BOMBILLO 250W,,1,BOMBILLO 250W,"Tabla 1 al 331_2026.pdf, pagina 297",5200203
298,SS,1310341,PERPETUO SOCORRO CL 34 CR 43A,5200235,"UCAP BRAZO 1 1/2"" - 1.5M - 52°/0°",1,,BRAZO 1 1/2 - 1.5M - 52°/0°,"Tabla 1 al 331_2026.pdf, pagina 298",5200235
298,SS,1310341,PERPETUO SOCORRO CL 34 CR 43A,5000265,LUM LED 130W ASIMÉTRICA 4000K HORIZONTAL,1,,LUM LED 130W ASIMETRICA 4000K HORIZONTAL,"Tabla 1 al 331_2026.pdf, pagina 298",5000265
298,SS,1310341,PERPETUO SOCORRO CL 34 CR 43A,5200464,UCAP CABLE CU ENCAUCHETADO 3X14 CU,10,,CABLE CU ENCAUCHETADO 3X14 CU,"Tabla 1 al 331_2026.pdf, pagina 298",5200464
298,SS,1310341,PERPETUO SOCORRO CL 34 CR 43A,5200219,UCAP LUMINARIA 250W,,1,LUMINARIA 250W,"Tabla 1 al 331_2026.pdf, pagina 298",5200219
298,SS,1310341,PERPETUO SOCORRO CL 34 CR 43A,5200203,UCAP BOMBILLO 250W,,1,BOMBILLO 250W,"Tabla 1 al 331_2026.pdf, pagina 298",5200203
298,SS,1310341,PERPETUO SOCORRO CL 34 CR 43A,5200236,"UCAP BRAZO 1 1/2"" - 1.5M - 52°/20°",,1,BRAZO 1 1/2 - 1.5M - 52°/20°,"Tabla 1 al 331_2026.pdf, pagina 298",5200236
299,SS,1311431,SMAP-CIV-028-26 CR 82 CL 20 A -04,5200231,"UCAP BRAZO 1"" - 0.4M - 0°",3,,BRAZO 1 - 0.4M - 0°,"Tabla 1 al 331_2026.pdf, pagina 299",5200231
299,SS,1311431,SMAP-CIV-028-26 CR 82 CL 20 A -04,5200241,UCAP BRAZO CURVO 3000M,4,,BRAZO CURVO 3000M,"Tabla 1 al 331_2026.pdf, pagina 299",5200241
299,SS,1311431,SMAP-CIV-028-26 CR 82 CL 20 A -04,5000263,LUM LED 48W ASIMÉTRICA 4000K HORIZONTAL,3,,LUM LED 48W ASIMETRICA 4000K HORIZONTAL,"Tabla 1 al 331_2026.pdf, pagina 299",5000263
299,SS,1311431,SMAP-CIV-028-26 CR 82 CL 20 A -04,5200293,LUM LED (OMEGA II) 64.5W,4,,LUM LED OMEGA II 64.5W,"Tabla 1 al 331_2026.pdf, pagina 299",5200293
299,SS,1311431,SMAP-CIV-028-26 CR 82 CL 20 A -04,5200232,"UCAP BRAZO 1"" - 1.5M - 52°/0°",,4,BRAZO 1 - 1.5M - 52°/0°,"Tabla 1 al 331_2026.pdf, pagina 299",5200232
299,SS,1311431,SMAP-CIV-028-26 CR 82 CL 20 A -04,5200270,LUM LED (KORELED) 44W,,4,LUM LED KORELED 44W,"Tabla 1 al 331_2026.pdf, pagina 299",5200270
300,SS,1311437,SMAP-CIV-040-26 CR 30 CL 5 F -185,5200207,UCAP LUMINARIA LED 110W HORIZONTAL,3,,LUMINARIA LED 110W HORIZONTAL,"Tabla 1 al 331_2026.pdf, pagina 300",5200207
300,SS,1311437,SMAP-CIV-040-26 CR 30 CL 5 F -185,5200235,"UCAP BRAZO 1 1/2"" - 1.5M - 52°/0°",3,,BRAZO 1 1/2 - 1.5M - 52°/0°,"Tabla 1 al 331_2026.pdf, pagina 300",5200235
300,SS,1311437,SMAP-CIV-040-26 CR 30 CL 5 F -185,5200394,"UCAP POSTE DE FIBRA 7,5 M ANCLAJE",2,,POSTE DE FIBRA 7 5 M ANCLAJE,"Tabla 1 al 331_2026.pdf, pagina 300",5200394
300,SS,1311437,SMAP-CIV-040-26 CR 30 CL 5 F -185,5200419,UCAP POSTE PRFV 8M (ENTERRAR),1,,POSTE PRFV 8M ENTERRAR,"Tabla 1 al 331_2026.pdf, pagina 300",5200419
300,SS,1311437,SMAP-CIV-040-26 CR 30 CL 5 F -185,5200464,UCAP CABLE CU ENCAUCHETADO 3X14 CU,61,,CABLE CU ENCAUCHETADO 3X14 CU,"Tabla 1 al 331_2026.pdf, pagina 300",5200464
301,SS,1311450,SMAP-CIV-053-26 CL 32 EE CR 76 -127,5200231,"UCAP BRAZO 1"" - 0.4M - 0°",1,,BRAZO 1 - 0.4M - 0°,"Tabla 1 al 331_2026.pdf, pagina 301",5200231
301,SS,1311450,SMAP-CIV-053-26 CL 32 EE CR 76 -127,5000263,LUM LED 48W ASIMÉTRICA 4000K HORIZONTAL,3,,LUM LED 48W ASIMETRICA 4000K HORIZONTAL,"Tabla 1 al 331_2026.pdf, pagina 301",5000263
301,SS,1311450,SMAP-CIV-053-26 CL 32 EE CR 76 -127,5200302,UCAP POSTE CONCRETO CARABOBO 5M,2,,POSTE CONCRETO CARABOBO 5M,"Tabla 1 al 331_2026.pdf, pagina 301",5200302
301,SS,1311450,SMAP-CIV-053-26 CL 32 EE CR 76 -127,5200422,CABLE FZA AL 3X6 AWG XLPE 600V 90°C ENTERRADO,22,,CABLE FZA AL 3X6 AWG XLPE 600V 90°C ENTERRADO,"Tabla 1 al 331_2026.pdf, pagina 301",5200422
301,SS,1311450,SMAP-CIV-053-26 CL 32 EE CR 76 -127,5200502,UCAP CAJA CONCRETO DIRECTAMENTE ENT,2,,CAJA CONCRETO DIRECTAMENTE ENT,"Tabla 1 al 331_2026.pdf, pagina 301",5200502
301,SS,1311450,SMAP-CIV-053-26 CL 32 EE CR 76 -127,5200238,BRAZO CARABOBO SENCILLO,2,,BRAZO CARABOBO SENCILLO,"Tabla 1 al 331_2026.pdf, pagina 301",5200238
302,SS,1311451,SMAP-CIV-054-26 CL 41 CR 88,5200231,"UCAP BRAZO 1"" - 0.4M - 0°",1,,BRAZO 1 - 0.4M - 0°,"Tabla 1 al 331_2026.pdf, pagina 302",5200231
302,SS,1311451,SMAP-CIV-054-26 CL 41 CR 88,5200232,"UCAP BRAZO 1"" - 1.5M - 52°/0°",1,,BRAZO 1 - 1.5M - 52°/0°,"Tabla 1 al 331_2026.pdf, pagina 302",5200232
302,SS,1311451,SMAP-CIV-054-26 CL 41 CR 88,5000263,LUM LED 48W ASIMÉTRICA 4000K HORIZONTAL,2,,LUM LED 48W ASIMETRICA 4000K HORIZONTAL,"Tabla 1 al 331_2026.pdf, pagina 302",5000263
303,SS,1311536,BOMBONA # 1 CR 44 # 47-79,5000263,LUM LED 48W ASIMÉTRICA 4000K HORIZONTAL,1,,LUM LED 48W ASIMETRICA 4000K HORIZONTAL,"Tabla 1 al 331_2026.pdf, pagina 303",5000263
303,SS,1311536,BOMBONA # 1 CR 44 # 47-79,5200238,BRAZO CARABOBO SENCILLO,1,,BRAZO CARABOBO SENCILLO,"Tabla 1 al 331_2026.pdf, pagina 303",5200238
303,SS,1311536,BOMBONA # 1 CR 44 # 47-79,5200217,UCAP LUMINARIA 70W,,2,LUMINARIA 70W,"Tabla 1 al 331_2026.pdf, pagina 303",5200217
303,SS,1311536,BOMBONA # 1 CR 44 # 47-79,5200201,UCAP BOMBILLO 70W,,2,BOMBILLO 70W,"Tabla 1 al 331_2026.pdf, pagina 303",5200201
303,SS,1311536,BOMBONA # 1 CR 44 # 47-79,5200230,UCAP BRAZO DOBLE BAILARINA,,1,BRAZO DOBLE BAILARINA,"Tabla 1 al 331_2026.pdf, pagina 303",5200230
304,SS,1317699,Pista de patinaje-Estación San Javier Cl 44 # 95-88,5200231,"UCAP BRAZO 1"" - 0.4M - 0°",6,,BRAZO 1 - 0.4M - 0°,"Tabla 1 al 331_2026.pdf, pagina 304",5200231
304,SS,1317699,Pista de patinaje-Estación San Javier Cl 44 # 95-88,5000265,LUM LED 130W ASIMÉTRICA 4000K HORIZONTAL,6,,LUM LED 130W ASIMETRICA 4000K HORIZONTAL,"Tabla 1 al 331_2026.pdf, pagina 304",5000265
304,SS,1317699,Pista de patinaje-Estación San Javier Cl 44 # 95-88,5200293,LUM LED (OMEGA II) 64.5W,2,,LUM LED OMEGA II 64.5W,"Tabla 1 al 331_2026.pdf, pagina 304",5200293
304,SS,1317699,Pista de patinaje-Estación San Javier Cl 44 # 95-88,5200419,UCAP POSTE PRFV 8M (ENTERRAR),2,,POSTE PRFV 8M ENTERRAR,"Tabla 1 al 331_2026.pdf, pagina 304",5200419
304,SS,1317699,Pista de patinaje-Estación San Javier Cl 44 # 95-88,5200422,CABLE FZA AL 3X6 AWG XLPE 600V 90°C ENTERRADO,4,,CABLE FZA AL 3X6 AWG XLPE 600V 90°C ENTERRADO,"Tabla 1 al 331_2026.pdf, pagina 304",5200422
304,SS,1317699,Pista de patinaje-Estación San Javier Cl 44 # 95-88,5200501,UCAP CAJA CONCRETO 50X50 CM,1,,CAJA CONCRETO 50X50 CM,"Tabla 1 al 331_2026.pdf, pagina 304",5200501
304,SS,1317699,Pista de patinaje-Estación San Javier Cl 44 # 95-88,5200238,UCAP BRAZO SENCILLO CARABOBO,2,1,BRAZO SENCILLO CARABOBO,"Tabla 1 al 331_2026.pdf, pagina 304",5200238
304,SS,1317699,Pista de patinaje-Estación San Javier Cl 44 # 95-88,5200239,UCAP BRAZO DOBLE CARABOBO,,2,BRAZO DOBLE CARABOBO,"Tabla 1 al 331_2026.pdf, pagina 304",5200239
304,SS,1317699,Pista de patinaje-Estación San Javier Cl 44 # 95-88,5200270,LUM LED (KORELED) 44W,,5,LUM LED KORELED 44W,"Tabla 1 al 331_2026.pdf, pagina 304",5200270
304,SS,1317699,Pista de patinaje-Estación San Javier Cl 44 # 95-88,5200302,UCAP POSTE CONCRETO CARABOBO 5M,,1,POSTE CONCRETO CARABOBO 5M,"Tabla 1 al 331_2026.pdf, pagina 304",5200302
305,SS,1319125,Cancha Futbol Sala Cl 48 Cr 70 - 180,5000269,"PROYEC LED 110W TIPO V LARGA (LONG ""L"") 5000K",8,,PROYEC LED 110W TIPO V LARGA LONG L 5000K,"Tabla 1 al 331_2026.pdf, pagina 305",5000269
305,SS,1319125,Cancha Futbol Sala Cl 48 Cr 70 - 180,5200407,"UCAP TRIPLEX AL 2X4+1X4 XLP,AEREO",67,,TRIPLEX AL 2X4+1X4 XLP AEREO,"Tabla 1 al 331_2026.pdf, pagina 305",5200407
305,SS,1319125,Cancha Futbol Sala Cl 48 Cr 70 - 180,5200464,UCAP CABLE CU ENCAUCHETADO 3X14 CU,1,,CABLE CU ENCAUCHETADO 3X14 CU,"Tabla 1 al 331_2026.pdf, pagina 305",5200464
305,SS,1319125,Cancha Futbol Sala Cl 48 Cr 70 - 180,5200799,CONTROL TEMPORIZADO 25 A,1,,CONTROL TEMPORIZADO 25 A,"Tabla 1 al 331_2026.pdf, pagina 305",5200799
305,SS,1319125,Cancha Futbol Sala Cl 48 Cr 70 - 180,5200221,UCAP LUMINARIA 1000W,,4,LUMINARIA 1000W,"Tabla 1 al 331_2026.pdf, pagina 305",5200221
305,SS,1319125,Cancha Futbol Sala Cl 48 Cr 70 - 180,5200214,UCAP BOMBILLO 1000W,,4,BOMBILLO 1000W,"Tabla 1 al 331_2026.pdf, pagina 305",5200214
306,SS,1304128,Sendero Peatonal CR 91 CL 83 -16 INTERIOR 201,5200231,"UCAP BRAZO 1"" - 0.4M - 0°",1,,BRAZO 1 - 0.4M - 0°,"Tabla 1 al 331_2026.pdf, pagina 306",5200231
306,SS,1304128,Sendero Peatonal CR 91 CL 83 -16 INTERIOR 201,5000263,LUM LED 48W ASIMÉTRICA 4000K HORIZONTAL,1,,LUM LED 48W ASIMETRICA 4000K HORIZONTAL,"Tabla 1 al 331_2026.pdf, pagina 306",5000263
306,SS,1304128,Sendero Peatonal CR 91 CL 83 -16 INTERIOR 201,5200419,UCAP POSTE PRFV 8M (ENTERRAR),1,,POSTE PRFV 8M ENTERRAR,"Tabla 1 al 331_2026.pdf, pagina 306",5200419
306,SS,1304128,Sendero Peatonal CR 91 CL 83 -16 INTERIOR 201,5200464,UCAP CABLE CU ENCAUCHETADO 3X14 CU,14,,CABLE CU ENCAUCHETADO 3X14 CU,"Tabla 1 al 331_2026.pdf, pagina 306",5200464
307,SS,1304980,Cancha de rugby - Unidad Deportiva René Higuita Castilla CR 69 - CL 101,5000269,"PROYEC LED 110W TIPO V LARGA (LONG ""L"") 5000K",24,,PROYEC LED 110W TIPO V LARGA LONG L 5000K,"Tabla 1 al 331_2026.pdf, pagina 307",5000269
307,SS,1304980,Cancha de rugby - Unidad Deportiva René Higuita Castilla CR 69 - CL 101,5200275,PROYEC LED (AREALED II) 140W V-CORTA,24,,PROYEC LED AREALED II 140W V-CORTA,"Tabla 1 al 331_2026.pdf, pagina 307",5200275
307,SS,1304980,Cancha de rugby - Unidad Deportiva René Higuita Castilla CR 69 - CL 101,5200127,UCAP PROY. 1000W.,,48,PROY 1000W,"Tabla 1 al 331_2026.pdf, pagina 307",5200127
307,SS,1304980,Cancha de rugby - Unidad Deportiva René Higuita Castilla CR 69 - CL 101,5200214,UCAP BOMBILLO 1000W,,48,BOMBILLO 1000W,"Tabla 1 al 331_2026.pdf, pagina 307",5200214
307,SS,1304980,Cancha de rugby - Unidad Deportiva René Higuita Castilla CR 69 - CL 101,5200276,PROYEC LED (AREALED II) 212W V-MEDIA,,2,PROYEC LED AREALED II 212W V-MEDIA,"Tabla 1 al 331_2026.pdf, pagina 307",5200276
307,SS,1304980,Cancha de rugby - Unidad Deportiva René Higuita Castilla CR 69 - CL 101,,CRUCETA METALICA 1500MM,4,8,CRUCETA METALICA 1500MM,"Tabla 1 al 331_2026.pdf, pagina 307",SIN CODIGO|CRUCETA METALICA 1500MM
307,SS,1304980,Cancha de rugby - Unidad Deportiva René Higuita Castilla CR 69 - CL 101,,CRUCETA METALICA 2400MM,12,8,CRUCETA METALICA 2400MM,"Tabla 1 al 331_2026.pdf, pagina 307",SIN CODIGO|CRUCETA METALICA 2400MM
307,SS,1304980,Cancha de rugby - Unidad Deportiva René Higuita Castilla CR 69 - CL 101,,FOTOCONTROL IND. 105-305V LARGA VIDA,2,,FOTOCONTROL IND 105-305V LARGA VIDA,"Tabla 1 al 331_2026.pdf, pagina 307",SIN CODIGO|FOTOCONTROL IND 105-305V LARGA VIDA
308,SS,1306966,Sendero Cr 30 Cl 86 - 70 Int 117,5200231,"UCAP BRAZO 1"" - 0.4M - 0°",1,,BRAZO 1 - 0.4M - 0°,"Tabla 1 al 331_2026.pdf, pagina 308",5200231
308,SS,1306966,Sendero Cr 30 Cl 86 - 70 Int 117,5000263,LUM LED 48W ASIMÉTRICA 4000K HORIZONTAL,1,,LUM LED 48W ASIMETRICA 4000K HORIZONTAL,"Tabla 1 al 331_2026.pdf, pagina 308",5000263
309,SS,1310143,SMAP-CIV-004-26 CL 11 B Sur CR 44 -95,5200231,"UCAP BRAZO 1"" - 0.4M - 0°",1,,BRAZO 1 - 0.4M - 0°,"Tabla 1 al 331_2026.pdf, pagina 309",5200231
309,SS,1310143,SMAP-CIV-004-26 CL 11 B Sur CR 44 -95,5000263,LUM LED 48W ASIMÉTRICA 4000K HORIZONTAL,3,,LUM LED 48W ASIMETRICA 4000K HORIZONTAL,"Tabla 1 al 331_2026.pdf, pagina 309",5000263
309,SS,1310143,SMAP-CIV-004-26 CL 11 B Sur CR 44 -95,5200302,UCAP POSTE CONCRETO CARABOBO 5M,2,,POSTE CONCRETO CARABOBO 5M,"Tabla 1 al 331_2026.pdf, pagina 309",5200302
309,SS,1310143,SMAP-CIV-004-26 CL 11 B Sur CR 44 -95,5200419,UCAP POSTE PRFV 8M (ENTERRAR),1,,POSTE PRFV 8M ENTERRAR,"Tabla 1 al 331_2026.pdf, pagina 309",5200419
309,SS,1310143,SMAP-CIV-004-26 CL 11 B Sur CR 44 -95,5200422,CABLE FZA AL 3X6 AWG XLPE 600V 90°C ENTERRADO,36,,CABLE FZA AL 3X6 AWG XLPE 600V 90°C ENTERRADO,"Tabla 1 al 331_2026.pdf, pagina 309",5200422
309,SS,1310143,SMAP-CIV-004-26 CL 11 B Sur CR 44 -95,5200464,UCAP CABLE CU ENCAUCHETADO 3X14 CU,18,,CABLE CU ENCAUCHETADO 3X14 CU,"Tabla 1 al 331_2026.pdf, pagina 309",5200464
309,SS,1310143,SMAP-CIV-004-26 CL 11 B Sur CR 44 -95,5200502,UCAP CAJA CONCRETO DIRECTAMENTE ENT,2,,CAJA CONCRETO DIRECTAMENTE ENT,"Tabla 1 al 331_2026.pdf, pagina 309",5200502
309,SS,1310143,SMAP-CIV-004-26 CL 11 B Sur CR 44 -95,5200238,BRAZO CARABOBO SENCILLO,2,,BRAZO CARABOBO SENCILLO,"Tabla 1 al 331_2026.pdf, pagina 309",5200238
310,SS,1310148,SMAP-CIV-007-26 CL 8 CR 35 - 37,5200231,"UCAP BRAZO 1"" - 0.4M - 0°",3,,BRAZO 1 - 0.4M - 0°,"Tabla 1 al 331_2026.pdf, pagina 310",5200231
310,SS,1310148,SMAP-CIV-007-26 CL 8 CR 35 - 37,5000263,LUM LED 48W ASIMÉTRICA 4000K HORIZONTAL,3,,LUM LED 48W ASIMETRICA 4000K HORIZONTAL,"Tabla 1 al 331_2026.pdf, pagina 310",5000263
311,SS,1310158,SMAP-CIV-008-26 CL 7 CR 36 - 20 INT 4007,5200232,"UCAP BRAZO 1"" - 1.5M - 52°/0°",1,,BRAZO 1 - 1.5M - 52°/0°,"Tabla 1 al 331_2026.pdf, pagina 311",5200232
311,SS,1310158,SMAP-CIV-008-26 CL 7 CR 36 - 20 INT 4007,5000263,LUM LED 48W ASIMÉTRICA 4000K HORIZONTAL,1,,LUM LED 48W ASIMETRICA 4000K HORIZONTAL,"Tabla 1 al 331_2026.pdf, pagina 311",5000263
311,SS,1310158,SMAP-CIV-008-26 CL 7 CR 36 - 20 INT 4007,5200464,UCAP CABLE CU ENCAUCHETADO 3X14 CU,15,,CABLE CU ENCAUCHETADO 3X14 CU,"Tabla 1 al 331_2026.pdf, pagina 311",5200464
312,SS,1249245,SMAP-0397-25 CR 43 A CL 9 SUR,5200232,"UCAP BRAZO 1"" - 1.5M - 52°/0°",1,1,BRAZO 1 - 1.5M - 52°/0°,"Tabla 1 al 331_2026.pdf, pagina 312",5200232
312,SS,1249245,SMAP-0397-25 CR 43 A CL 9 SUR,5200239,UCAP BRAZO DOBLE CARABOBO,1,1,BRAZO DOBLE CARABOBO,"Tabla 1 al 331_2026.pdf, pagina 312",5200239
312,SS,1249245,SMAP-0397-25 CR 43 A CL 9 SUR,5200241,UCAP BRAZO CURVO 3000M,1,,BRAZO CURVO 3000M,"Tabla 1 al 331_2026.pdf, pagina 312",5200241
312,SS,1249245,SMAP-0397-25 CR 43 A CL 9 SUR,5200270,LUM LED (KORELED) 44W,2,,LUM LED KORELED 44W,"Tabla 1 al 331_2026.pdf, pagina 312",5200270
312,SS,1249245,SMAP-0397-25 CR 43 A CL 9 SUR,5200272,LUM LED (SEPIALED II) 128W,2,,LUM LED SEPIALED II 128W,"Tabla 1 al 331_2026.pdf, pagina 312",5200272
312,SS,1249245,SMAP-0397-25 CR 43 A CL 9 SUR,5200217,UCAP LUMINARIA 70W,,3,LUMINARIA 70W,"Tabla 1 al 331_2026.pdf, pagina 312",5200217
312,SS,1249245,SMAP-0397-25 CR 43 A CL 9 SUR,5200201,UCAP BOMBILLO 70W,,3,BOMBILLO 70W,"Tabla 1 al 331_2026.pdf, pagina 312",5200201
312,SS,1249245,SMAP-0397-25 CR 43 A CL 9 SUR,5200218,UCAP LUMINARIA 150W,,1,LUMINARIA 150W,"Tabla 1 al 331_2026.pdf, pagina 312",5200218
312,SS,1249245,SMAP-0397-25 CR 43 A CL 9 SUR,5200202,UCAP BOMBILLO 150W,,1,BOMBILLO 150W,"Tabla 1 al 331_2026.pdf, pagina 312",5200202
312,SS,1249245,SMAP-0397-25 CR 43 A CL 9 SUR,5200219,UCAP LUMINARIA 250W,,1,LUMINARIA 250W,"Tabla 1 al 331_2026.pdf, pagina 312",5200219
312,SS,1249245,SMAP-0397-25 CR 43 A CL 9 SUR,5200203,UCAP BOMBILLO 250W,,1,BOMBILLO 250W,"Tabla 1 al 331_2026.pdf, pagina 312",5200203
312,SS,1249245,SMAP-0397-25 CR 43 A CL 9 SUR,5200235,"UCAP BRAZO 1 1/2"" - 1.5M - 52°/0°",,1,BRAZO 1 1/2 - 1.5M - 52°/0°,"Tabla 1 al 331_2026.pdf, pagina 312",5200235
312,SS,1249245,SMAP-0397-25 CR 43 A CL 9 SUR,5200238,UCAP BRAZO SENCILLO CARABOBO,,1,BRAZO SENCILLO CARABOBO,"Tabla 1 al 331_2026.pdf, pagina 312",5200238
312,SS,1249245,SMAP-0397-25 CR 43 A CL 9 SUR,5200302,UCAP POSTE CONCRETO CARABOBO 5M,,1,POSTE CONCRETO CARABOBO 5M,"Tabla 1 al 331_2026.pdf, pagina 312",5200302
313,SS,1305686,Puente Peatonal madera CL 63 AD CR 117 F -19 interior 101,5200232,"UCAP BRAZO 1"" - 1.5M - 52°/0°",1,,BRAZO 1 - 1.5M - 52°/0°,"Tabla 1 al 331_2026.pdf, pagina 313",5200232
313,SS,1305686,Puente Peatonal madera CL 63 AD CR 117 F -19 interior 101,5000263,LUM LED 48W ASIMÉTRICA 4000K HORIZONTAL,1,,LUM LED 48W ASIMETRICA 4000K HORIZONTAL,"Tabla 1 al 331_2026.pdf, pagina 313",5000263
313,SS,1305686,Puente Peatonal madera CL 63 AD CR 117 F -19 interior 101,5200419,UCAP POSTE PRFV 8M (ENTERRAR),2,,POSTE PRFV 8M ENTERRAR,"Tabla 1 al 331_2026.pdf, pagina 313",5200419
313,SS,1305686,Puente Peatonal madera CL 63 AD CR 117 F -19 interior 101,5200464,UCAP CABLE CU ENCAUCHETADO 3X14 CU,28,15,CABLE CU ENCAUCHETADO 3X14 CU,"Tabla 1 al 331_2026.pdf, pagina 313",5200464
313,SS,1305686,Puente Peatonal madera CL 63 AD CR 117 F -19 interior 101,5200306,UCAP POSTE MADERA REDONDO DE 8M,,1,POSTE MADERA REDONDO DE 8M,"Tabla 1 al 331_2026.pdf, pagina 313",5200306
313,SS,1305686,Puente Peatonal madera CL 63 AD CR 117 F -19 interior 101,5200270,UCAP LUM LED (KORELED) 44W,1,1,LUM LED KORELED 44W,"Tabla 1 al 331_2026.pdf, pagina 313",5200270
314,SS,1311483,Sendero Cr 51 D Cl 82 C - 55,5200231,"UCAP BRAZO 1"" - 0.4M - 0°",1,1,BRAZO 1 - 0.4M - 0°,"Tabla 1 al 331_2026.pdf, pagina 314",5200231
314,SS,1311483,Sendero Cr 51 D Cl 82 C - 55,5000263,LUM LED 48W ASIMÉTRICA 4000K HORIZONTAL,1,,LUM LED 48W ASIMETRICA 4000K HORIZONTAL,"Tabla 1 al 331_2026.pdf, pagina 314",5000263
314,SS,1311483,Sendero Cr 51 D Cl 82 C - 55,5200217,UCAP LUMINARIA 70W,,1,LUMINARIA 70W,"Tabla 1 al 331_2026.pdf, pagina 314",5200217
314,SS,1311483,Sendero Cr 51 D Cl 82 C - 55,5200201,UCAP BOMBILLO 70W,,1,BOMBILLO 70W,"Tabla 1 al 331_2026.pdf, pagina 314",5200201
315,SS,1311495,Vía M3 Cr 48 A Cl 85 - 166,5200235,"UCAP BRAZO 1 1/2"" - 1.5M - 52°/0°",1,,BRAZO 1 1/2 - 1.5M - 52°/0°,"Tabla 1 al 331_2026.pdf, pagina 315",5200235
315,SS,1311495,Vía M3 Cr 48 A Cl 85 - 166,5000264,"LUM LED 62,4W ASIMÉTRICA 4000K HORIZONTAL",1,,LUM LED 62 4W ASIMETRICA 4000K HORIZONTAL,"Tabla 1 al 331_2026.pdf, pagina 315",5000264
315,SS,1311495,Vía M3 Cr 48 A Cl 85 - 166,5200217,UCAP LUMINARIA 70W,,1,LUMINARIA 70W,"Tabla 1 al 331_2026.pdf, pagina 315",5200217
315,SS,1311495,Vía M3 Cr 48 A Cl 85 - 166,5200201,UCAP BOMBILLO 70W,,1,BOMBILLO 70W,"Tabla 1 al 331_2026.pdf, pagina 315",5200201
315,SS,1311495,Vía M3 Cr 48 A Cl 85 - 166,5200232,"UCAP BRAZO 1"" - 1.5M - 52°/0°",,1,BRAZO 1 - 1.5M - 52°/0°,"Tabla 1 al 331_2026.pdf, pagina 315",5200232
316,SS,1311499,Andén Cr 67 B Cl 51 A - 23,5200231,"UCAP BRAZO 1"" - 0.4M - 0°",2,,BRAZO 1 - 0.4M - 0°,"Tabla 1 al 331_2026.pdf, pagina 316",5200231
316,SS,1311499,Andén Cr 67 B Cl 51 A - 23,5000263,LUM LED 48W ASIMÉTRICA 4000K HORIZONTAL,2,,LUM LED 48W ASIMETRICA 4000K HORIZONTAL,"Tabla 1 al 331_2026.pdf, pagina 316",5000263
316,SS,1311499,Andén Cr 67 B Cl 51 A - 23,5200308,UCAP POSTE CONCRETO OCTOG 8M,1,,POSTE CONCRETO OCTOG 8M,"Tabla 1 al 331_2026.pdf, pagina 316",5200308
316,SS,1311499,Andén Cr 67 B Cl 51 A - 23,5200464,UCAP CABLE CU ENCAUCHETADO 3X14 CU,12,,CABLE CU ENCAUCHETADO 3X14 CU,"Tabla 1 al 331_2026.pdf, pagina 316",5200464
317,SS,1311508,Vía M4 Cr 51 A Cl 120 - 34,5200232,"UCAP BRAZO 1"" - 1.5M - 52°/0°",1,1,BRAZO 1 - 1.5M - 52°/0°,"Tabla 1 al 331_2026.pdf, pagina 317",5200232
317,SS,1311508,Vía M4 Cr 51 A Cl 120 - 34,5000263,LUM LED 48W ASIMÉTRICA 4000K HORIZONTAL,1,,LUM LED 48W ASIMETRICA 4000K HORIZONTAL,"Tabla 1 al 331_2026.pdf, pagina 317",5000263
317,SS,1311508,Vía M4 Cr 51 A Cl 120 - 34,5200217,UCAP LUMINARIA 70W,,1,LUMINARIA 70W,"Tabla 1 al 331_2026.pdf, pagina 317",5200217
317,SS,1311508,Vía M4 Cr 51 A Cl 120 - 34,5200201,UCAP BOMBILLO 70W,,1,BOMBILLO 70W,"Tabla 1 al 331_2026.pdf, pagina 317",5200201
318,SS,1311515,SMAP-CIV-45-26 CR 40 CL 21,5200218,UCAP LUMINARIA 150W,,1,LUMINARIA 150W,"Tabla 1 al 331_2026.pdf, pagina 318",5200218
318,SS,1311515,SMAP-CIV-45-26 CR 40 CL 21,5200202,UCAP BOMBILLO 150W,,1,BOMBILLO 150W,"Tabla 1 al 331_2026.pdf, pagina 318",5200202
318,SS,1311515,SMAP-CIV-45-26 CR 40 CL 21,5200235,"UCAP BRAZO 1 1/2"" - 1.5M - 52°/0°",,1,BRAZO 1 1/2 - 1.5M - 52°/0°,"Tabla 1 al 331_2026.pdf, pagina 318",5200235
319,SS,1311687,Vía Cr 23 Cl 102 A 49 Int 103,5200231,"UCAP BRAZO 1"" - 0.4M - 0°",1,,BRAZO 1 - 0.4M - 0°,"Tabla 1 al 331_2026.pdf, pagina 319",5200231
319,SS,1311687,Vía Cr 23 Cl 102 A 49 Int 103,5000263,LUM LED 48W ASIMÉTRICA 4000K HORIZONTAL,1,,LUM LED 48W ASIMETRICA 4000K HORIZONTAL,"Tabla 1 al 331_2026.pdf, pagina 319",5000263
320,SS,1313168,Andén-La Palma CR 83 CL 29,5000263,LUM LED 48W ASIMÉTRICA 4000K HORIZONTAL,2,,LUM LED 48W ASIMETRICA 4000K HORIZONTAL,"Tabla 1 al 331_2026.pdf, pagina 320",5000263
320,SS,1313168,Andén-La Palma CR 83 CL 29,5200302,UCAP POSTE CONCRETO CARABOBO 5M,2,,POSTE CONCRETO CARABOBO 5M,"Tabla 1 al 331_2026.pdf, pagina 320",5200302
320,SS,1313168,Andén-La Palma CR 83 CL 29,5200422,CABLE FZA AL 3X6 AWG XLPE 600V 90°C ENTERRADO,29,,CABLE FZA AL 3X6 AWG XLPE 600V 90°C ENTERRADO,"Tabla 1 al 331_2026.pdf, pagina 320",5200422
320,SS,1313168,Andén-La Palma CR 83 CL 29,5200502,UCAP CAJA CONCRETO DIRECTAMENTE ENT,2,,CAJA CONCRETO DIRECTAMENTE ENT,"Tabla 1 al 331_2026.pdf, pagina 320",5200502
320,SS,1313168,Andén-La Palma CR 83 CL 29,5200238,BRAZO CARABOBO SENCILLO,2,,BRAZO CARABOBO SENCILLO,"Tabla 1 al 331_2026.pdf, pagina 320",5200238
320,SS,1313168,Andén-La Palma CR 83 CL 29,5200222,UCAP LUMINARIA LED 40W,,1,LUMINARIA LED 40W,"Tabla 1 al 331_2026.pdf, pagina 320",5200222
320,SS,1313168,Andén-La Palma CR 83 CL 29,5200232,"UCAP BRAZO 1"" - 1.5M - 52°/0°",,1,BRAZO 1 - 1.5M - 52°/0°,"Tabla 1 al 331_2026.pdf, pagina 320",5200232
321,SS,1318342,Sendero Peatonal CR 82 CL 36 SUR -59 (INTERIOR 137),5200231,"UCAP BRAZO 1"" - 0.4M - 0°",1,,BRAZO 1 - 0.4M - 0°,"Tabla 1 al 331_2026.pdf, pagina 321",5200231
321,SS,1318342,Sendero Peatonal CR 82 CL 36 SUR -59 (INTERIOR 137),5000263,LUM LED 48W ASIMÉTRICA 4000K HORIZONTAL,1,,LUM LED 48W ASIMETRICA 4000K HORIZONTAL,"Tabla 1 al 331_2026.pdf, pagina 321",5000263
322,SS,1319334,Sendero Cr 1 A Este Cl 47 C - 32 Int 101,5200231,"UCAP BRAZO 1"" - 0.4M - 0°",1,,BRAZO 1 - 0.4M - 0°,"Tabla 1 al 331_2026.pdf, pagina 322",5200231
322,SS,1319334,Sendero Cr 1 A Este Cl 47 C - 32 Int 101,5000263,LUM LED 48W ASIMÉTRICA 4000K HORIZONTAL,1,,LUM LED 48W ASIMETRICA 4000K HORIZONTAL,"Tabla 1 al 331_2026.pdf, pagina 322",5000263
323,SS,1320698,Andén CL 11 SUR CR 50,5200231,"UCAP BRAZO 1"" - 0.4M - 0°",3,,BRAZO 1 - 0.4M - 0°,"Tabla 1 al 331_2026.pdf, pagina 323",5200231
323,SS,1320698,Andén CL 11 SUR CR 50,5000263,LUM LED 48W ASIMÉTRICA 4000K HORIZONTAL,3,,LUM LED 48W ASIMETRICA 4000K HORIZONTAL,"Tabla 1 al 331_2026.pdf, pagina 323",5000263
323,SS,1320698,Andén CL 11 SUR CR 50,5200464,UCAP CABLE CU ENCAUCHETADO 3X14 CU,16,,CABLE CU ENCAUCHETADO 3X14 CU,"Tabla 1 al 331_2026.pdf, pagina 323",5200464
324,SS,1305574,Via - Andenes CR 117 A por CL 64 via ingreso a IE Lusitania,5200235,"UCAP BRAZO 1 1/2"" - 1.5M - 52°/0°",1,,BRAZO 1 1/2 - 1.5M - 52°/0°,"Tabla 1 al 331_2026.pdf, pagina 324",5200235
324,SS,1305574,Via - Andenes CR 117 A por CL 64 via ingreso a IE Lusitania,5200293,LUM LED (OMEGA II) 64.5W,1,,LUM LED OMEGA II 64.5W,"Tabla 1 al 331_2026.pdf, pagina 324",5200293
325,SS,1310234,VIA - SMAP-CIV-034-26- CR 125 # 63A - 2,5200232,"UCAP BRAZO 1"" - 1.5M - 52°/0°",4,,BRAZO 1 - 1.5M - 52°/0°,"Tabla 1 al 331_2026.pdf, pagina 325",5200232
325,SS,1310234,VIA - SMAP-CIV-034-26- CR 125 # 63A - 2,5000263,LUM LED 48W ASIMÉTRICA 4000K HORIZONTAL,4,,LUM LED 48W ASIMETRICA 4000K HORIZONTAL,"Tabla 1 al 331_2026.pdf, pagina 325",5000263
325,SS,1310234,VIA - SMAP-CIV-034-26- CR 125 # 63A - 2,5200308,UCAP POSTE CONCRETO OCTOG 8M,2,,POSTE CONCRETO OCTOG 8M,"Tabla 1 al 331_2026.pdf, pagina 325",5200308
325,SS,1310234,VIA - SMAP-CIV-034-26- CR 125 # 63A - 2,5200407,"UCAP TRIPLEX AL 2X4+1X4 XLP,AEREO",28,,TRIPLEX AL 2X4+1X4 XLP AEREO,"Tabla 1 al 331_2026.pdf, pagina 325",5200407
325,SS,1310234,VIA - SMAP-CIV-034-26- CR 125 # 63A - 2,5200464,UCAP CABLE CU ENCAUCHETADO 3X14 CU,6,,CABLE CU ENCAUCHETADO 3X14 CU,"Tabla 1 al 331_2026.pdf, pagina 325",5200464
325,SS,1310234,VIA - SMAP-CIV-034-26- CR 125 # 63A - 2,5200217,UCAP LUMINARIA 70W,,3,LUMINARIA 70W,"Tabla 1 al 331_2026.pdf, pagina 325",5200217
325,SS,1310234,VIA - SMAP-CIV-034-26- CR 125 # 63A - 2,5200201,UCAP BOMBILLO 70W,,3,BOMBILLO 70W,"Tabla 1 al 331_2026.pdf, pagina 325",5200201
325,SS,1310234,VIA - SMAP-CIV-034-26- CR 125 # 63A - 2,5200233,"UCAP BRAZO 1"" - 1.5M - 52°/20°",,3,BRAZO 1 - 1.5M - 52°/20°,"Tabla 1 al 331_2026.pdf, pagina 325",5200233
326,SS,1310384,LA ALPUJARRA CL 44 CR 57,306685,"PROYECTOR LED 110W TIPO V LARGA (LONG ""L"") 5000K",4,,PROYECTOR LED 110W TIPO V LARGA LONG L 5000K,"Tabla 1 al 331_2026.pdf, pagina 326",306685
326,SS,1310384,LA ALPUJARRA CL 44 CR 57,5200275,PROYEC LED (AREALED II) 140W V-CORTA,2,,PROYEC LED AREALED II 140W V-CORTA,"Tabla 1 al 331_2026.pdf, pagina 326",5200275
326,SS,1310384,LA ALPUJARRA CL 44 CR 57,5200464,UCAP CABLE CU ENCAUCHETADO 3X14 CU,60,,CABLE CU ENCAUCHETADO 3X14 CU,"Tabla 1 al 331_2026.pdf, pagina 326",5200464
326,SS,1310384,LA ALPUJARRA CL 44 CR 57,5200127,Proy. 1000w.,,2,PROY 1000W,"Tabla 1 al 331_2026.pdf, pagina 326",5200127
326,SS,1310384,LA ALPUJARRA CL 44 CR 57,5200410,duplex cu 14 awg-thw 300v,,35,DUPLEX CU 14 AWG-THW 300V,"Tabla 1 al 331_2026.pdf, pagina 326",5200410
327,SS,1311443,SMAP-CIV-047-26 CL 32B CR 69,5200232,"UCAP BRAZO 1"" - 1.5M - 52°/0°",1,,BRAZO 1 - 1.5M - 52°/0°,"Tabla 1 al 331_2026.pdf, pagina 327",5200232
327,SS,1311443,SMAP-CIV-047-26 CL 32B CR 69,5000263,LUM LED 48W ASIMÉTRICA 4000K HORIZONTAL,1,,LUM LED 48W ASIMETRICA 4000K HORIZONTAL,"Tabla 1 al 331_2026.pdf, pagina 327",5000263
327,SS,1311443,SMAP-CIV-047-26 CL 32B CR 69,5200422,CABLE FZA AL 3X6 AWG XLPE 600V 90°C ENTERRADO,17,,CABLE FZA AL 3X6 AWG XLPE 600V 90°C ENTERRADO,"Tabla 1 al 331_2026.pdf, pagina 327",5200422
327,SS,1311443,SMAP-CIV-047-26 CL 32B CR 69,5200502,UCAP CAJA CONCRETO DIRECTAMENTE ENT,1,,CAJA CONCRETO DIRECTAMENTE ENT,"Tabla 1 al 331_2026.pdf, pagina 327",5200502
327,SS,1311443,SMAP-CIV-047-26 CL 32B CR 69,5200219,UCAP LUMINARIA 250W,,1,LUMINARIA 250W,"Tabla 1 al 331_2026.pdf, pagina 327",5200219
327,SS,1311443,SMAP-CIV-047-26 CL 32B CR 69,5200203,UCAP BOMBILLO 250W,,1,BOMBILLO 250W,"Tabla 1 al 331_2026.pdf, pagina 327",5200203
327,SS,1311443,SMAP-CIV-047-26 CL 32B CR 69,5200236,"UCAP BRAZO 1 1/2"" - 1.5M - 52°/20°",,1,BRAZO 1 1/2 - 1.5M - 52°/20°,"Tabla 1 al 331_2026.pdf, pagina 327",5200236
328,SS,1311459,1311459,5200235,"UCAP BRAZO 1 1/2"" - 1.5M - 52°/0°",1,,BRAZO 1 1/2 - 1.5M - 52°/0°,"Tabla 1 al 331_2026.pdf, pagina 328",5200235
328,SS,1311459,1311459,5000266,LUM LED 176W ASIMÉTRICA 4000K HORIZONTAL,1,,LUM LED 176W ASIMETRICA 4000K HORIZONTAL,"Tabla 1 al 331_2026.pdf, pagina 328",5000266
328,SS,1311459,1311459,5200419,UCAP POSTE PRFV 8M (ENTERRAR),1,,POSTE PRFV 8M ENTERRAR,"Tabla 1 al 331_2026.pdf, pagina 328",5200419
328,SS,1311459,1311459,5200464,UCAP CABLE CU ENCAUCHETADO 3X14 CU,8,,CABLE CU ENCAUCHETADO 3X14 CU,"Tabla 1 al 331_2026.pdf, pagina 328",5200464
328,SS,1311459,1311459,5200274,UCAP LUM LED (MXL) 165.3W,,1,LUM LED MXL 165.3W,"Tabla 1 al 331_2026.pdf, pagina 328",5200274
328,SS,1311459,1311459,5200241,UCAP BRAZO CURVO 3000m,,1,BRAZO CURVO 3000M,"Tabla 1 al 331_2026.pdf, pagina 328",5200241
328,SS,1311459,1311459,5200306,UCAP Poste madera redondo de 8m,,1,POSTE MADERA REDONDO DE 8M,"Tabla 1 al 331_2026.pdf, pagina 328",5200306
328,SS,1311459,1311459,5200410,UCAP DUPLEX CU 14 AWG-THW 300V,,6,DUPLEX CU 14 AWG-THW 300V,"Tabla 1 al 331_2026.pdf, pagina 328",5200410
329,SS,1314859,SENDERO CL 97 CR 42 B - 36 INT 113,5200231,"UCAP BRAZO 1"" - 0.4M - 0°",1,,BRAZO 1 - 0.4M - 0°,"Tabla 1 al 331_2026.pdf, pagina 329",5200231
329,SS,1314859,SENDERO CL 97 CR 42 B - 36 INT 113,5000263,LUM LED 48W ASIMÉTRICA 4000K HORIZONTAL,1,,LUM LED 48W ASIMETRICA 4000K HORIZONTAL,"Tabla 1 al 331_2026.pdf, pagina 329",5000263
330,SS,1318565,Andén CL 32 F CR 65 -15 (INTERIOR 201),5200231,"UCAP BRAZO 1"" - 0.4M - 0°",1,,BRAZO 1 - 0.4M - 0°,"Tabla 1 al 331_2026.pdf, pagina 330",5200231
330,SS,1318565,Andén CL 32 F CR 65 -15 (INTERIOR 201),5000263,LUM LED 48W ASIMÉTRICA 4000K HORIZONTAL,1,,LUM LED 48W ASIMETRICA 4000K HORIZONTAL,"Tabla 1 al 331_2026.pdf, pagina 330",5000263
330,SS,1318565,Andén CL 32 F CR 65 -15 (INTERIOR 201),5200419,UCAP POSTE PRFV 8M (ENTERRAR),1,,POSTE PRFV 8M ENTERRAR,"Tabla 1 al 331_2026.pdf, pagina 330",5200419
330,SS,1318565,Andén CL 32 F CR 65 -15 (INTERIOR 201),5200464,UCAP CABLE CU ENCAUCHETADO 3X14 CU,21,,CABLE CU ENCAUCHETADO 3X14 CU,"Tabla 1 al 331_2026.pdf, pagina 330",5200464
331,SS,1320686,BOMBONA CR 41 # 47,5200231,"UCAP BRAZO 1"" - 0.4M - 0°",1,,BRAZO 1 - 0.4M - 0°,"Tabla 1 al 331_2026.pdf, pagina 331",5200231
331,SS,1320686,BOMBONA CR 41 # 47,5000263,LUM LED 48W ASIMÉTRICA 4000K HORIZONTAL,1,,LUM LED 48W ASIMETRICA 4000K HORIZONTAL,"Tabla 1 al 331_2026.pdf, pagina 331",5000263
331,SS,1320686,BOMBONA CR 41 # 47,5200419,UCAP POSTE PRFV 8M (ENTERRAR),1,,POSTE PRFV 8M ENTERRAR,"Tabla 1 al 331_2026.pdf, pagina 331",5200419
331,SS,1320686,BOMBONA CR 41 # 47,5200464,UCAP CABLE CU ENCAUCHETADO 3X14 CU,7,,CABLE CU ENCAUCHETADO 3X14 CU,"Tabla 1 al 331_2026.pdf, pagina 331",5200464
